Player;Position;Age;Transfer Value;Division;Based In;Interceptions per 90;Possession Won per 90;Shots on Target Percentage;Key Tackles per 90;Conv %;Save Percentage;xGP/90;Open Play Key Passes per 90;Chances Created per 90;Pass Completion Percentage;Possession Lost per 90;xGP;Clearances per 90;Pres A/90;Pres C/90;Tackles Completed per 90;Shots From Outside The Box Per 90 minutes;Shots on Target per 90;Expected Save Percentage;Passes Attempted per 90;Progressive Passes per 90;Sprints/90;Key Passes per 90;Dribbles per 90;Tackled Completed;Open Play Crosses Completed per 90;Shot/90;Shts Blckd/90;Blk/90;Goals per 90 minutes;Dist/90;NP-xG/90;Headers Attempted per 90;xA/90;Open Play Crosses Attempted per 90;Headers Won per 90;Asts/90;Crosses Attempted per 90;Crosses Completed Ratio;Key Headers per 90;Headers Won Percentage;xG-OP;Tackles Attempted;xG/90;Goals Conceded;Minutes
Fabian Schnellhardt;DM, M (C);31;0 €;North East-South;Germany;2,4;30,2;22%;0,1;11%;0;0,0;1,2;0,5;90%;4,0;0;0,8;6,2;1,1;0,8;0,3;0,3;0;50,6;5,2;10,1;2,2;0,1;12;0,0;1,2;0,3;0,6;0,1;11,0;0,1;1,5;0,3;0,1;0,7;0,3;8,4;14;0,1;43;-0.1;16;0,1;0;1363
Tobias Schröck;D (C), DM, M (C);32;Not for Sale;Bavaria South;Germany;0,8;17,5;25%;0,0;0%;0;0,0;0,4;0,1;82%;9,1;0;0,4;0,8;0,3;0,3;0,2;0,2;0;16,4;1,6;2,3;0,5;0,0;6;0,0;0,7;0,2;0,2;0,0;3,4;0,0;1,9;0,1;0,1;1,0;0,2;0,1;0;0,3;56;-0.88;7;0,0;0;1651
Erich Berko;M/AM (RL);31;5K € - 55K €;Baden-Württemberg;Germany;1,9;6,8;38%;0,0;15%;0;0,0;1,7;0,4;89%;13,2;0;0,2;9,6;2,2;1,6;0,5;0,8;0;43,0;3,6;13,1;1,7;3,5;26;0,7;2,0;0,0;0,2;0,3;11,2;0,3;4,3;0,2;3,9;1,9;0,2;3,9;16;0,1;45;0.52;29;0,3;0;1498
Pascal Sohm;AM (RLC), ST (C);34;Not for Sale;Baden-Württemberg;Germany;2,0;6,9;41%;0,0;8%;0;0,0;1,8;0,2;89%;12,9;0;0,5;7,2;1,5;0,8;0,7;0,8;0;41,6;3,2;10,6;1,9;3,4;16;1,0;2,1;0,0;0,2;0,2;10,8;0,3;5,0;0,2;5,8;2,2;0,2;7,1;14;0,0;43;-2.13;23;0,3;0;1697
Kevin Kraus;D (C);33;0 € - 120K €;RP/Saar;Germany;2,3;25,5;11%;0,1;0%;0;0,0;0,2;0,2;88%;2,4;0;1,4;3,0;1,0;0,6;0,2;0,1;0;41,9;2,4;4,6;0,6;0,2;10;0,0;1,1;1,1;0,6;0,0;10,1;0,1;4,8;0,0;0,4;3,7;0,0;0,4;0;1,2;78;-1.7;14;0,1;0;1512
Julian von Haacke;DM, M (LC);31;Not for Sale;Hamburg;Germany;3,1;23,4;13%;0,1;4%;0;0,0;1,4;0,6;89%;3,7;0;0,7;6,0;1,7;1,1;0,4;0,2;0;45,3;5,6;8,6;1,6;0,0;20;0,0;1,3;0,2;0,4;0,1;11,2;0,1;2,6;0,3;0,2;1,2;0,4;1,5;27;0,2;47;-1.62;27;0,1;0;1701
Frederik Roslyng;D (C);19;140K € - 1,4M €;Schleswig-Holstein;Germany;3,2;27,1;7%;0,1;0%;0;0,0;0,2;0,1;88%;1,6;0;0,5;3,5;0,9;0,3;0,4;0,1;0;41,5;2,3;3,5;0,2;0,2;4;0,0;1,2;0,2;0,2;0,0;9,6;0,1;5,2;0,1;0,0;3,7;0,2;0,0;0;1,3;72;-1.17;5;0,1;0;1170
Jan-Marc Schneider;AM (LC), ST (C);31;55K € - 190K €;Schleswig-Holstein;Germany;1,1;8,8;52%;0,0;22%;0;0,0;1,2;0,6;90%;11,2;0;0,2;2,4;0,4;0,1;0,7;1,5;0;30,5;0,6;8,5;1,2;0,9;2;0,0;3,0;0,0;0,2;0,6;10,6;0,4;7,8;0,5;0,1;2,0;0,6;0,1;0;0,0;26;6.07;3;0,4;0;1943
Martin Harnik;M/AM (R), ST (C);38;14K € - 150K €;Hamburg;Germany;2,0;12,3;41%;0,0;25%;0;0,0;1,5;0,9;90%;11,0;0;0,7;10,4;2,2;1,5;1,0;1,2;0;42,3;3,5;13,0;1,5;2,9;29;0,7;2,8;0,0;0,4;0,7;10,9;0,3;3,2;0,5;4,6;1,3;0,3;4,6;14;0,0;40;8.31;40;0,3;0;1793
Nico Ochojski;D/WB (R);26;0 € - 40K €;Hessia;Germany;2,9;15,9;0%;0,2;0%;0;0,0;1,6;0,2;84%;11,5;0;1,0;8,7;2,3;2,1;0,2;0,0;0;47,8;4,9;23,4;2,1;3,0;31;0,3;0,7;0,1;0,9;0,0;13,1;0,1;2,3;0,4;2,8;1,1;0,3;6,9;13;0,1;46;-1.37;36;0,1;0;1349
Robin Becker;D (RLC), WB (RL);28;22K € - 220K €;Baden-Württemberg;Germany;3,2;17,4;26%;0,1;3%;0;0,0;1,1;0,3;84%;11,6;0;1,0;8,0;2,1;1,8;0,6;0,7;0;52,5;6,9;15,7;1,1;0,5;26;0,2;2,7;0,8;0,4;0,1;11,4;0,3;3,8;0,1;2,0;2,9;0,1;2,0;10;0,3;78;-3.92;35;0,3;0;1312
Julius Biada;M/AM (C), ST (C);33;0 €;Middle Rhine;Germany;0,0;17,0;50%;0,0;21%;0;0,0;0,4;0,5;82%;10,9;0;0,0;0,3;0,1;0,1;0,6;1,0;0;3,4;0,1;0,6;1,4;0,2;1;0,0;1,9;0,0;0,0;0,4;1,2;0,2;1,2;0,4;0,1;0,2;0,2;6,3;12;0,0;18;3.31;1;0,2;0;1596
Manfred Starke;DM, M/AM (C);34;5K € - 16K €;North East-South;Germany;1,7;25,3;45%;0,1;20%;0;0,0;1,7;0,6;87%;7,5;0;0,8;7,7;1,7;1,0;0,3;0,5;0;45,2;4,9;12,4;2,9;1,3;17;0,4;1,1;0,3;0,5;0,2;11,7;0,1;2,7;0,4;1,9;1,5;0,3;8,2;16;0,0;54;1.91;28;0,1;0;1605
Maksim Schebak;AM (RLC), ST (C);30;0 € - 55K €;Bavaria North;Germany;1,7;7,6;46%;0,0;8%;0;0,0;1,9;0,2;86%;12,8;0;0,4;7,4;2,5;1,3;0,3;0,6;0;39,4;3,3;10,0;1,9;4,2;24;2,3;1,4;0,1;0,6;0,1;11,3;0,2;4,7;0,1;7,5;2,1;0,1;8,0;29;0,1;44;-1.45;33;0,2;0;1709
Jerome Scholz;D (L);20;40K € - 140K €;North East-North;Germany;3,4;18,1;0%;0,1;0%;0;0,0;0,9;0,3;83%;12,8;0;1,2;4,4;1,1;1,5;0,1;0,0;0;50,4;4,9;10,1;0,9;1,1;21;0,3;0,1;1,0;0,9;0,0;11,1;0,0;5,7;0,3;3,2;2,6;0,4;6,4;13;0,6;46;-0.1;23;0,0;0;1255
Selim Gündüz;M (R), AM (RLC);31;1,5K € - 16K €;Hessia;Germany;1,7;6,7;40%;0,0;12%;0;0,0;2,0;0,4;89%;13,4;0;0,6;8,6;1,6;0,7;0,9;1,2;0;41,8;3,5;14,0;2,1;4,2;10;0,9;3,1;0,0;0,4;0,4;11,3;0,3;5,0;0,3;5,1;1,9;0,1;10,0;13;0,1;37;0.33;16;0,3;0;1257
Jabez Makanda;DM, M (C), AM (RC);24;28K € - 275K €;RP/Saar;Germany;2,1;13,7;25%;0,0;5%;0;0,0;0,5;0,3;88%;4,7;0;0,9;5,1;1,5;0,8;0,5;0,3;0;47,9;3,3;9,7;0,6;0,4;13;0,1;1,3;0,2;0,3;0,1;11,8;0,1;3,0;0,1;0,3;1,8;0,1;0,7;9;0,3;58;-0.81;16;0,1;0;1424
Marc Brašnić;AM (C), ST (C);29;45K € - 475K €;Middle Rhine;Germany;0,8;3,4;45%;0,0;20%;0;0,0;1,1;0,4;90%;14,2;0;0,2;1,5;0,8;0,3;0,9;1,4;0;25,6;0,4;4,2;2,1;0,4;5;0,2;3,0;0,0;0,1;0,6;9,3;0,3;10,9;0,1;0,5;3,5;0,3;7,5;14;0,0;33;4.67;6;0,3;0;1523
Patrick Koronkiewicz;D/WB/AM (R);34;Not for Sale;Lower Rhine;Germany;2,3;11,6;44%;0,1;13%;0;0,0;2,0;0,7;87%;9,7;0;0,5;8,0;1,7;1,1;0,7;1,4;0;41,4;3,5;13,7;2,0;3,4;21;1,7;3,2;0,0;0,4;0,4;11,6;0,4;5,2;0,4;6,7;1,8;0,6;7,2;23;0,0;34;-0.07;27;0,4;0;1729
Mateo Kritzer;D (C), DM, M (C);19;190K € - 1,9M €;Baden-Württemberg;Germany;2,3;16,0;30%;0,2;10%;0;0,0;0,3;0,2;90%;4,3;0;0,9;2,2;1,0;0,4;0,3;0,4;0;37,3;2,4;2,8;1,2;0,0;6;0,1;1,3;0,8;0,3;0,1;7,9;0,1;5,6;0,2;0,1;4,1;0,2;5,0;17;0,6;73;0.22;9;0,1;0;1374
Jevgēņijs Kazačoks;DM, M/AM (C);30;24K € - 80K €;North East-North;Germany;0,0;15,5;47%;0,0;24%;0;0,0;0,1;0,6;0%;12,0;0;0,0;0,0;0,0;0,0;0,4;0,5;0;0,0;0,0;0,0;0,5;0,0;0;0,0;1,0;0,0;0,0;0,2;0,0;0,1;0,0;0,1;0,0;0,0;0,1;2,7;9;0,0;0;2.87;0;0,1;0;1460
Artur Voilenko;D (RC);21;0 €;North East-South;Germany;2,3;22,6;0%;0,1;0%;0;0,0;0,2;0,2;90%;3,7;0;1,5;3,5;0,9;0,6;0,4;0,0;0;47,8;2,4;4,2;0,3;0,1;9;0,0;0,8;1,7;0,8;0,0;10,3;0,1;5,4;0,1;0,1;3,6;0,0;0,1;0;1,2;66;-1.61;9;0,1;0;1472
Leroy Zeller;GK;25;30K € - 110K €;Middle Rhine;Germany;0,0;9,0;0%;0,0;0%;70;0,1;0,1;0,0;71%;4,6;2.17;5,9;0,0;0,0;0,0;0,0;0,0;88;26,0;0,0;0,0;0,1;0,0;0;0,0;0,0;0,0;0,0;0,0;5,0;0,0;0,0;0,0;0,0;0,0;0,0;0,0;0;0,0;0;0;1;0,0;22;1642
Jannis Nikolaou;D (C), DM, M (C);32;2K € - 22K €;Lower Rhine;Germany;3,4;27,6;14%;0,0;7%;0;0,0;0,1;0,3;90%;1,5;0;1,0;2,9;0,8;0,8;0,3;0,1;0;41,5;1,5;3,5;0,1;0,0;12;0,0;0,9;0,8;0,5;0,1;10,1;0,1;6,9;0,1;0,0;4,2;0,0;0,0;0;1,1;61;-0.97;13;0,1;0;1398
Moritz Kuhn;D/WB/M (R);34;0 € - 35K €;Baden-Württemberg;Germany;3,5;19,9;22%;0,0;3%;0;0,0;0,4;0,4;90%;10,5;0;0,6;6,7;1,6;1,6;0,6;0,6;0;52,5;6,4;13,5;1,3;1,4;22;0,2;2,5;0,4;0,5;0,1;11,5;0,3;3,5;0,2;1,9;1,7;0,1;9,2;16;0,1;49;-2.7;27;0,3;0;1271
Emir Can Gencel;D (R), DM, M (C);24;20K € - 200K €;North East-North;Germany;3,0;21,5;47%;0,1;12%;0;0,0;1,0;0,2;87%;5,6;0;0,6;5,8;1,9;1,2;0,2;0,4;0;49,1;5,8;10,2;1,6;0,2;22;0,3;0,9;0,3;0,1;0,1;11,1;0,1;2,4;0,2;0,8;1,2;0,1;0,8;40;0,1;51;0.09;29;0,1;0;1716
Mirko Boland;DM, M/AM (C);38;9K € - 30K €;Schleswig-Holstein;Germany;2,8;28,0;22%;0,0;9%;0;0,0;0,8;0,8;92%;4,4;0;0,8;6,2;1,1;0,6;0,3;0,3;0;50,7;5,9;11,9;1,4;0,0;13;0,0;1,5;0,5;0,4;0,1;11,8;0,1;1,9;0,5;0,2;0,9;0,3;6,3;13;0,0;46;0.2;20;0,1;0;1935
Stefan Smarkalev;GK;18;500K € - 1,7M €;Bremen;Germany;0,0;7,1;0%;0,0;0%;93;0,3;0,1;0,0;73%;5,4;5.9;4,8;0,0;0,0;0,0;0,0;0,0;87;26,4;0,0;0,0;0,1;0,0;0;0,0;0,0;0,0;0,0;0,0;5,0;0,0;0,0;0,0;0,0;0,0;0,0;0,0;0;0,0;0;0;0;0,0;1;1560
Thomas Geyer;D (LC);34;0 € - 16K €;Baden-Württemberg;Germany;3,1;23,9;33%;0,1;11%;0;0,0;0,4;0,1;89%;4,1;0;1,0;3,4;1,1;0,8;0,2;0,2;0;45,7;3,5;6,8;0,4;0,2;14;0,0;0,5;0,8;0,6;0,1;10,5;0,1;4,9;0,2;0,4;3,2;0,3;0,4;0;0,6;66;-1.09;19;0,1;0;1651
Iker Luis Kohl;DM, M (C);22;12K € - 45K €;Westphalia;Germany;1,9;17,3;29%;0,0;21%;0;0,0;0,4;0,8;91%;5,8;0;0,5;4,2;0,9;0,8;0,6;0,3;0;38,9;2,3;7,2;0,4;0,2;9;0,0;1,2;0,0;0,2;0,3;9,7;0,2;4,7;0,3;0,0;2,2;0,3;0,0;0;0,4;46;1.11;10;0,2;0;1044
Jonathan Muiomo;M (L), AM (RL);26;0 € - 100K €;Hessia;Germany;2,7;6,1;39%;0,1;11%;0;0,0;1,2;0,6;88%;12,3;0;0,7;9,7;1,9;1,3;0,3;0,5;0;46,6;5,3;12,9;1,2;2,2;19;0,3;1,2;0,0;0,4;0,1;11,9;0,1;4,0;0,2;5,2;2,0;0,1;6,4;6;0,0;49;0.24;19;0,1;0;1357
Lio Rothenhagen;GK;19;220K € - 750K €;Schleswig-Holstein;Germany;0,0;5,2;0%;0,0;0%;59;-0,0;0,0;0,0;64%;5,7;-0.13;5,3;0,0;0,0;0,0;0,0;0,0;83;26,9;0,0;0,0;0,6;0,0;0;0,0;0,0;0,0;0,0;0,0;4,5;0,0;0,0;0,0;0,0;0,0;0,0;0,0;0;0,0;0;0;1;0,0;9;1710
Erik Herrmann;GK;21;28K € - 95K €;North East-South;Germany;0,0;8,5;0%;0,0;0%;71;0,2;0,1;0,0;68%;6,3;4.83;5,4;0,0;0,0;0,0;0,0;0,0;87;27,0;0,0;0,0;0,1;0,0;0;0,0;0,0;0,0;0,0;0,0;5,1;0,0;0,0;0,0;0,0;0,0;0,0;0,0;0;0,0;0;0;2;0,0;23;1807
Ali-Eren Ersungur;M/AM (LC);20;170K € - 1,7M €;Baden-Württemberg;Germany;0,2;12,6;36%;0,0;9%;0;0,0;0,3;0,6;94%;13,7;0;0,0;0,2;0,0;0,0;0,5;0,4;0;4,7;0,1;0,6;0,5;0,2;0;0,0;1,0;0,0;0,0;0,1;1,0;0,1;0,3;0,3;0,1;0,1;0,3;4,8;18;0,0;33;0.07;0;0,1;0;1005
Jassin Manai;D (C);19;80K € - 800K €;Baden-Württemberg;Germany;3,9;15,4;20%;0,2;13%;0;0,0;0,6;0,1;91%;4,8;0;1,1;2,9;0,6;0,5;0,6;0,4;0;42,8;1,9;5,3;0,6;0,2;8;0,1;1,9;1,1;0,9;0,2;9,7;0,2;6,8;0,1;1,0;4,8;0,1;1,0;12;0,8;70;1.11;10;0,2;0;1440
Philipp Klewin;GK;32;0 € - 65K €;North East-North;Germany;0,0;7,2;0%;0,0;0%;80;0,1;0,0;0,0;66%;6,2;2.01;5,2;0,0;0,0;0,0;0,0;0,0;89;26,9;0,0;0,0;0,0;0,0;0;0,0;0,0;0,0;0,0;0,0;5,3;0,0;0,0;0,0;0,0;0,0;0,0;0,0;0;0,0;0;0;1;0,0;11;1710
Micah Cain;M (L), AM (RL);22;0 € - 110K €;Lower Rhine;Germany;1,8;8,2;30%;0,0;0%;0;0,0;1,0;0,2;89%;16,6;0;0,5;8,4;1,8;0,8;0,8;0,4;0;45,9;2,3;12,0;1,0;3,7;12;1,2;1,3;0,0;0,3;0,0;12,2;0,1;6,0;0,2;5,4;0,7;0,4;5,4;22;0,0;12;-1.64;18;0,1;0;1403
Alexander Esswein;M/AM (RL), ST (C);35;500 € - 3,5K €;Baden-Württemberg;Germany;1,9;7,9;48%;0,1;16%;0;0,0;1,9;0,5;90%;15,7;0;0,2;7,9;2,2;1,3;0,2;1,1;0;42,0;3,1;12,1;2,7;4,2;24;1,6;2,4;0,0;0,1;0,4;11,4;0,4;5,3;0,4;6,4;2,1;0,5;9,6;22;0,2;40;0.43;29;0,4;0;1645
Alexander Bittroff;D (C);37;0 € - 14K €;North East-South;Germany;3,8;26,9;45%;0,1;27%;0;0,0;0,3;0,2;90%;2,2;0;1,3;2,7;1,1;0,7;0,2;0,4;0;41,2;2,5;3,4;0,3;0,0;10;0,0;0,8;0,8;0,8;0,2;9,5;0,1;7,3;0,1;0,1;4,9;0,2;0,1;0;1,5;66;1.9;11;0,1;0;1275
Enes Küç;M/AM (C);29;0 € - 80K €;North East-North;Germany;1,4;18,0;45%;0,1;19%;0;0,0;1,4;0,2;88%;14,8;0;0,7;3,9;0,9;0,5;0,4;1,0;0;46,1;2,1;8,8;2,6;0,8;7;0,1;2,2;0,0;0,4;0,4;12,1;0,2;5,7;0,1;0,8;1,7;0,0;4,3;18;0,0;31;3.06;9;0,2;0;1242
Tarık Kurt;AM (L), ST (C);27;0 €;Middle Rhine;Germany;1,1;3,2;48%;0,0;16%;0;0,0;1,4;0,3;90%;15,0;0;0,2;2,8;1,4;0,7;1,0;1,4;0;31,3;1,1;5,7;1,4;1,5;11;0,1;2,9;0,0;0,1;0,5;9,2;0,2;8,0;0,2;1,3;2,2;0,3;1,3;5;0,0;28;1.88;12;0,3;0;1366
Jorden Winter;AM (RC), ST (C);21;18K € - 190K €;Schleswig-Holstein;Germany;1,2;3,7;49%;0,0;22%;0;0,0;1,5;0,4;87%;14,5;0;0,4;3,6;1,4;0,7;1,0;1,6;0;32,3;1,6;7,0;1,5;1,8;9;0,6;3,3;0,0;0,1;0,7;11,0;0,3;7,6;0,2;3,0;1,8;0,1;3,0;19;0,1;24;5.5;12;0,3;0;1225
Enis Kamga;GK;18;140K € - 1,4M €;RP/Saar;Germany;0,0;5,7;0%;0,0;0%;72;-0,1;0,2;0,0;66%;7,2;-1.35;5,3;0,0;0,0;0,0;0,0;0,0;90;27,5;0,0;0,0;0,2;0,0;0;0,0;0,0;0,0;0,0;0,0;5,3;0,0;0,0;0,0;0,0;0,0;0,0;0,0;0;0,0;0;0;1;0,0;10;1095
Rinto Hanashiro;M (C), AM (LC);20;130K € - 450K €;Hessia;Germany;1,4;9,7;41%;0,1;24%;0;0,0;1,3;0,2;89%;16,1;0;0,2;2,8;0,8;0,4;0,4;0,7;0;36,2;2,1;8,4;1,3;1,1;7;0,1;1,7;0,0;0,4;0,4;10,2;0,2;2,2;0,1;0,8;0,4;0,0;0,8;14;0,0;18;4.16;8;0,2;0;1534
Wolfgang Hesl;GK;39;2K € - 6K €;Bavaria South;Germany;0,1;6,6;0%;0,0;0%;68;0,1;0,1;0,0;59%;5,1;1.18;4,2;0,0;0,0;0,0;0,0;0,0;84;24,5;0,1;0,0;0,1;0,0;0;0,0;0,0;0,0;0,0;0,0;5,2;0,0;0,0;0,0;0,0;0,0;0,0;0,0;0;0,0;0;0;0;0,0;13;1350
Yannik Bangsow;GK;27;50K € - 180K €;North East-North;Germany;0,0;5,5;0%;0,0;0%;65;-0,1;0,0;0,0;73%;5,6;-1.92;5,1;0,0;0,0;0,0;0,0;0,0;90;26,9;0,0;0,0;0,1;0,0;0;0,0;0,0;0,0;0,0;0,0;5,4;0,0;0,0;0,0;0,0;0,0;0,0;0,0;0;0,0;0;0;0;0,0;22;1890
Nico Hug;D/WB (L);27;40K € - 140K €;Baden-Württemberg;Germany;3,2;17,2;10%;0,1;0%;0;0,0;1,0;0,3;85%;11,7;0;1,0;7,0;1,5;1,3;0,1;0,1;0;56,1;6,5;14,3;1,0;1,4;23;0,3;0,6;0,7;0,6;0,0;11,5;0,0;3,9;0,1;2,7;2,7;0,1;8,1;12;0,3;69;-0.68;27;0,0;0;1595
Shean Mensah;M (L), AM (RL), ST (C);26;3,5K € - 35K €;North East-North;Germany;0,6;2,6;46%;0,0;16%;0;0,0;1,0;0,2;90%;17,5;0;0,1;2,1;0,8;0,2;0,9;1,5;0;23,6;0,6;3,7;1,0;0,7;5;0,2;3,3;0,0;0,2;0,5;9,6;0,4;9,7;0,1;0,4;2,0;0,1;0,4;50;0,0;21;2.76;5;0,4;0;1803
Marciano Aziz;AM (RLC), ST (C);24;50K € - 170K €;Middle Rhine;Germany;0,6;8,2;40%;0,0;24%;0;0,0;1,1;0,1;88%;11,7;0;0,1;1,8;0,8;0,1;0,6;0,6;0;23,7;0,6;3,6;1,8;0,7;1;0,0;1,5;0,0;0,1;0,4;9,7;0,2;10,1;0,1;0,4;1,2;0,1;0,4;0;0,1;12;3.12;3;0,2;0;1514
Tobias Weber;D (C), DM;30;70K € - 250K €;Bavaria North;Germany;3,5;21,5;22%;0,2;0%;0;0,0;0,3;0,1;87%;3,9;0;1,3;2,5;0,9;0,5;0,5;0,5;0;47,0;3,0;3,5;0,3;0,1;10;0,0;2,0;0,3;0,6;0,0;9,9;0,2;8,4;0,0;0,1;6,5;0,0;0,1;0;1,1;78;-4.44;10;0,2;0;1800
Tim Wöhrle;D (C), DM, M (C);26;7K € - 70K €;Baden-Württemberg;Germany;2,1;14,9;18%;0,2;7%;0;0,0;0,5;0,2;89%;5,8;0;0,6;5,0;1,9;1,2;0,8;0,3;0;43,4;5,0;7,8;0,5;0,2;22;0,0;1,5;0,2;0,3;0,1;10,1;0,1;3,0;0,1;0,0;2,2;0,1;0,0;0;0,4;75;0.26;25;0,1;0;1650
Fousseny Doumbia;D (LC);20;7K € - 70K €;Hessia;Germany;3,5;13,6;25%;0,1;25%;0;0,0;1,1;0,1;85%;9,0;0;0,9;6,0;1,3;1,2;0,0;0,1;0;46,2;3,2;13,1;1,1;1,0;14;0,8;0,4;0,4;1,1;0,1;11,5;0,0;6,4;0,2;4,2;4,5;0,4;4,2;18;0,4;70;0.59;16;0,0;0;1023
Albin Thaqi;D (C), DM;23;3,5K € - 35K €;Westphalia;Germany;3,1;24,4;18%;0,2;6%;0;0,0;0,3;0,1;86%;2,3;0;1,1;3,0;1,1;0,7;0,1;0,1;0;44,8;3,1;3,0;0,4;0,0;15;0,0;0,7;0,7;0,6;0,0;9,3;0,1;7,4;0,1;0,1;5,7;0,0;0,1;0;1,0;77;-1;17;0,1;0;2056
Mike Owusu;M (R), AM (RC);30;24K € - 230K €;Middle Rhine;Germany;1,9;7,5;39%;0,0;9%;0;0,0;2,0;0,5;89%;18,2;0;0,3;7,9;2,5;1,6;0,7;1,0;0;41,7;3,6;12,1;2,0;4,2;21;1,1;2,5;0,0;0,3;0,2;11,4;0,4;4,8;0,2;7,4;2,2;0,2;7,4;15;0,2;46;-1.81;26;0,4;0;1190
Janek Sternberg;D (LC), WB/M (L);33;2K € - 20K €;Schleswig-Holstein;Germany;3,1;19,3;13%;0,1;0%;0;0,0;1,7;0,3;83%;9,9;0;1,2;6,9;1,9;1,5;0,3;0,1;0;56,1;6,5;14,9;1,9;0,7;33;0,2;1,0;0,4;0,4;0,0;11,8;0,1;3,7;0,2;3,5;2,7;0,2;4,4;5;0,5;73;-2.46;40;0,1;0;2010
Okan Kurt;DM, M (C);30;26K € - 275K €;Hamburg;Germany;2,2;21,2;34%;0,1;8%;0;0,0;1,7;0,9;88%;4,1;0;1,1;5,5;1,9;0,7;0,4;0,6;0;43,9;4,9;8,7;1,7;0,1;14;0,0;1,9;0,1;0,5;0,1;10,9;0,2;2,7;0,4;0,1;2,2;0,9;1,5;13;0,2;80;-1.64;22;0,2;0;1847
Joel Gerezgiher;M (LC), AM (C);30;2,5K € - 28K €;Hessia;Germany;0,0;16,0;38%;0,0;15%;0;0,0;0,2;0,7;0%;11,8;0;0,0;0,0;0,0;0,0;0,4;0,4;0;0,0;0,0;0,0;1,4;0,0;0;0,0;1,0;0,0;0,0;0,2;0,0;0,1;0,0;0,5;0,0;0,0;0,2;6,7;17;0,0;0;-0.33;0;0,2;0;1150
Maximilian Storm;D (C), DM, M (C);26;35K € - 120K €;North East-North;Germany;2,9;17,0;17%;0,1;0%;0;0,0;0,6;0,3;87%;6,3;0;1,0;6,1;1,5;0,8;0,3;0,1;0;52,1;2,8;8,6;1,3;0,3;12;0,0;0,8;0,2;0,4;0,0;11,0;0,0;2,0;0,2;0,3;1,1;0,1;0,3;0;0,1;53;-0.62;20;0,0;0;1407
Marian Kirsch;GK;21;30K € - 300K €;Westphalia;Germany;0,0;3,8;0%;0,0;0%;66;0,0;0,0;0,0;65%;6,3;0.8;4,6;0,0;0,0;0,0;0,0;0,0;90;26,3;0,0;0,0;0,0;0,0;0;0,0;0,0;0,0;0,0;0,0;5,6;0,0;0,0;0,0;0,0;0,0;0,0;0,0;0;0,0;0;0;0;0,0;13;1679
Steffen Lang;D/WB (RL);32;0 € - 75K €;Baden-Württemberg;Germany;3,5;15,8;0%;0,1;0%;0;0,0;1,1;0,3;86%;12,1;0;0,9;9,7;2,4;2,1;0,1;0,0;0;48,5;4,9;22,6;1,1;1,8;43;0,8;0,2;0,5;0,6;0,0;12,4;0,0;3,5;0,1;6,0;1,9;0,1;6,0;14;0,1;55;-0.67;52;0,0;0;1800
Marcel Binanzer;GK;34;0 € - 35K €;Baden-Württemberg;Germany;0,0;3,0;0%;0,0;0%;70;-0,1;0,1;0,0;69%;5,0;-1.16;3,6;0,0;0,0;0,0;0,0;0,0;89;26,4;0,0;0,0;0,1;0,0;0;0,0;0,0;0,0;0,0;0,0;6,3;0,0;0,0;0,0;0,0;0,0;0,0;0,0;0;0,0;0;0;0;0,0;16;1800
Dorian Nacu;AM (C), ST (C);20;3K € - 10K €;Middle Rhine;Germany;0,9;0,9;57%;0,0;24%;0;0,0;1,1;0,1;91%;17,8;0;0,2;1,7;0,9;0,5;0,7;1,0;0;25,9;0,7;4,3;1,1;0,7;6;0,3;1,7;0,0;0,0;0,4;9,6;0,2;9,5;0,2;1,2;2,0;0,1;1,2;28;0,1;21;2.73;6;0,2;0;1093
Amid Khan Agha;DM, M/AM (C), ST (C);24;0 € - 100K €;Hessia;Germany;0,2;14,0;33%;0,0;7%;0;0,0;0,1;0,3;79%;12,3;0;0,1;0,5;0,1;0,1;0,3;0,3;0;3,3;0,4;0,6;0,1;0,0;2;0,0;1,0;0,0;0,0;0,1;0,8;0,1;0,0;0,1;0,0;0,0;0,0;0,4;16;0,0;0;-0.71;2;0,1;0;1300
Fatih Baca;D (C), DM;25;0 €;North East-North;Germany;2,8;18,1;27%;0,1;7%;0;0,0;0,4;0,2;89%;3,7;0;1,2;1,6;0,6;0,5;0,3;0,2;0;43,6;1,7;3,4;0,4;0,0;9;0,0;0,8;0,3;0,8;0,1;9,5;0,1;7,3;0,1;0,1;5,1;0,1;0,1;0;1,3;70;-0.8;10;0,1;0;1757
Davide Itter;D/WB (R);26;14K € - 140K €;Hessia;Germany;3,2;20,4;25%;0,0;14%;0;0,0;1,3;0,4;88%;10,7;0;1,1;5,6;1,8;1,4;0,6;0,4;0;55,7;7,0;14,2;2,5;0,5;24;0,5;1,7;0,9;0,4;0,2;11,1;0,2;5,4;0,2;2,5;4,2;0,2;9,3;12;0,5;77;1.05;27;0,2;0;1503
Marvin Dills;M/AM (C);18;24K € - 250K €;Hessia;Germany;1,4;11,1;50%;0,0;19%;0;0,0;1,8;0,3;92%;14,3;0;0,6;4,4;1,4;0,8;0,6;0,9;0;39,1;2,5;9,4;2,7;0,6;11;0,1;1,8;0,0;0,1;0,4;11,2;0,2;3,4;0,2;0,6;0,5;0,1;3,2;15;0,0;14;1.2;12;0,3;0;1280
Jan Wellers;D/WB (R), DM, M/AM (R);25;12K € - 120K €;Lower Rhine;Germany;1,6;18,7;34%;0,0;14%;0;0,0;1,8;0,3;89%;12,9;0;0,3;8,6;2,2;0,9;0,7;0,7;0;41,6;3,2;14,9;2,3;4,1;17;0,9;1,9;0,0;0,3;0,3;12,5;0,3;6,0;0,2;6,3;2,6;0,2;8,4;14;0,1;43;0.14;33;0,3;0;1620
İshak Doğan;D (LC), WB (L);35;0 €;Westphalia;Germany;2,7;21,2;40%;0,0;20%;0;0,0;0,7;0,2;88%;6,6;0;0,9;4,2;1,5;1,4;0,2;0,2;0;51,5;2,7;9,0;1,8;0,1;29;0,0;0,5;0,3;0,2;0,1;11,7;0,1;3,1;0,2;0,2;2,2;0,1;7,8;6;0,2;70;0.85;32;0,1;0;1871
Fiete Bock;AM (RLC);18;14K € - 150K €;North East-North;Germany;2,0;6,1;32%;0,1;16%;0;0,0;1,8;0,1;92%;11,6;0;0,9;8,4;1,8;0,9;0,6;0,7;0;43,2;3,1;8,9;1,8;4,4;11;1,7;2,1;0,0;0,4;0,3;10,6;0,3;4,4;0,2;6,0;0,8;0,2;6,0;27;0,0;17;0.62;13;0,3;0;1074
Walter Vegelin;M (L), AM (RL), ST (C);25;12K € - 120K €;Baden-Württemberg;Germany;2,7;6,0;46%;0,0;8%;0;0,0;1,4;0,2;89%;11,6;0;0,7;7,2;2,0;1,9;0,4;0,3;0;46,4;5,9;14,5;1,5;1,7;33;0,1;0,7;0,0;0,3;0,1;11,3;0,1;5,4;0,1;1,9;2,9;0,0;1,9;3;0,2;54;0.03;40;0,1;0;1581
Philipp Simon;M (RC), AM (C), ST (C);31;0 €;Middle Rhine;Germany;0,4;4,5;48%;0,0;15%;0;0,0;1,3;0,1;88%;17,9;0;0,1;2,5;1,0;0,5;0,7;1,0;0;28,4;1,3;4,5;1,6;0,7;7;0,7;2,0;0,0;0,1;0,3;10,0;0,2;10,2;0,1;1,7;2,4;0,1;3,9;20;0,1;23;1.78;8;0,2;0;1208
Kevin Lahn;M (RL), AM (R);33;0 € - 30K €;RP/Saar;Germany;1,7;7,2;60%;0,0;27%;0;0,0;1,7;1,0;87%;11,6;0;1,0;7,8;2,0;1,5;0,3;0,5;0;39,5;5,0;8,6;2,5;2,1;25;1,4;0,9;0,0;0,4;0,2;12,8;0,1;5,1;0,5;4,1;0,9;0,4;11,4;17;0,2;17;2.51;33;0,1;0;1543
Finn Stromberg;M (R), AM (RL), ST (C);24;8K € - 80K €;Middle Rhine;Germany;1,4;4,7;39%;0,1;13%;0;0,0;1,3;0,1;91%;12,9;0;0,4;5,9;1,3;0,9;0,5;0,8;0;37,8;2,6;7,2;1,4;3,3;16;0,8;2,1;0,0;0,3;0,3;10,4;0,2;6,5;0,2;4,3;1,9;0,2;6,6;15;0,1;29;0.95;20;0,2;0;1641
Mateo Kastrati;D (RL), WB/M (L);25;30K € - 100K €;North East-North;Germany;2,8;18,2;20%;0,1;20%;0;0,0;1,0;0,3;86%;9,9;0;0,9;5,3;2,3;1,6;0,1;0,1;0;54,3;6,5;11,7;1,2;0,7;30;0,6;0,5;0,5;0,7;0,1;10,9;0,0;5,1;0,1;3,2;2,7;0,1;9,5;16;0,5;53;1.28;35;0,0;0;1741
Felix Metzler;D (RC), DM, M (C);30;0 € - 50K €;Hessia;Germany;2,5;14,3;23%;0,2;3%;0;0,0;0,6;0,4;87%;12,5;0;0,4;5,2;1,3;1,0;0,5;0,4;0;45,0;4,7;9,6;0,6;0,2;18;0,1;1,6;0,4;0,2;0,1;9,3;0,2;2,9;0,2;1,0;1,7;0,2;1,0;10;0,3;59;-3.01;22;0,2;0;1700
Kristian Gaudermann;D (R), DM;30;26K € - 90K €;Hessia;Germany;2,4;15,3;18%;0,0;0%;0;0,0;0,8;0,2;89%;6,0;0;0,9;4,3;1,1;0,7;0,2;0,2;0;45,5;3,5;9,7;1,0;0,1;12;0,0;0,9;0,3;0,6;0,0;11,9;0,2;2,5;0,1;0,2;1,3;0,2;2,6;2;0,3;50;-3.19;18;0,2;0;1627
Kosuke Tsuda;M/AM (L);28;35K € - 110K €;Hessia;Germany;2,3;10,1;32%;0,1;17%;0;0,0;1,6;0,2;86%;10,9;0;0,3;8,1;1,8;1,5;0,5;0,7;0;44,2;3,4;11,8;1,6;4,0;29;1,0;2,1;0,0;0,2;0,4;11,9;0,3;4,7;0,2;5,9;1,8;0,1;6,1;16;0,0;38;1.5;33;0,3;0;1762
Ufumwen Osawe;M (L), AM (RL), ST (C);27;12K € - 120K €;Middle Rhine;Germany;2,1;5,8;41%;0,0;9%;0;0,0;1,6;0,3;89%;13,8;0;0,4;7,7;1,8;1,0;1,3;1,5;0;42,0;3,1;14,1;1,6;4,0;20;0,5;3,7;0,0;0,2;0,3;11,6;0,4;5,4;0,3;5,1;1,9;0,5;5,1;10;0,1;35;-0.61;23;0,4;0;1842
Eric Ganime;D (C), DM;28;35K € - 110K €;North East-South;Germany;2,4;17,9;13%;0,1;6%;0;0,0;0,7;0,1;88%;5,1;0;1,1;5,4;1,6;0,6;0,2;0,1;0;44,0;2,9;7,9;1,8;0,2;11;0,1;0,8;0,1;0,6;0,1;10,6;0,1;3,5;0,2;0,2;2,6;0,2;0,2;25;0,6;75;-0.24;19;0,1;0;1741
Ephraim Kalonji;ST (C);22;4K € - 40K €;Lower Rhine;Germany;0,7;3,9;36%;0,0;19%;0;0,0;1,2;0,4;87%;13,2;0;0,1;1,5;0,7;0,4;1,1;1,4;0;27,1;0,9;4,5;1,2;0,5;7;0,1;3,9;0,0;0,1;0,7;9,5;0,4;12,1;0,1;0,4;3,8;0,1;5,2;15;0,1;31;5.8;7;0,4;0;1462
Jeffrey Obst;D (RL), WB/M/AM (R);32;18K € - 60K €;Bavaria North;Germany;3,3;19,1;16%;0,0;4%;0;0,0;0,9;0,1;89%;10,4;0;0,6;5,2;1,4;0,8;0,7;0,2;0;51,1;6,1;12,2;1,1;0,9;15;1,0;1,4;0,5;0,4;0,1;11,4;0,1;5,2;0,1;2,8;3,4;0,2;9,6;18;0,2;65;-0.74;21;0,1;0;1618
Tim Winking;D (C), DM;31;2,5K € - 24K €;Lower Rhine;Germany;2,7;21,6;0%;0,2;0%;0;0,0;0,4;0,0;90%;2,3;0;1,1;2,3;1,1;0,6;0,1;0,0;0;47,2;2,5;3,0;0,4;0,1;9;0,0;0,3;0,9;0,6;0,0;9,9;0,0;6,9;0,1;0,2;5,9;0,1;0,2;0;1,3;85;-0.5;13;0,0;0;1423
Joshua Mroß;GK;29;6K € - 60K €;Westphalia;Germany;0,0;2,9;0%;0,0;0%;61;-0,0;0,1;0,0;67%;5,6;-0.58;5,7;0,0;0,0;0,0;0,0;0,0;89;26,1;0,0;0,0;0,1;0,0;1;0,0;0,0;0,0;0,0;0,0;4,5;0,0;0,0;0,0;0,0;0,0;0,0;0,0;0;0,0;0;0;1;0,0;17;1914
Felix Alschner;DM, M (C);18;350K € - 1,2M €;North East-South;Germany;2,4;23,9;7%;0,0;7%;0;0,0;0,8;0,2;89%;5,4;0;0,7;5,6;1,9;0,9;0,2;0,1;0;54,0;4,2;8,6;0,8;0,2;17;0,0;0,8;0,5;0,2;0,1;11,1;0,1;3,5;0,1;0,0;2,6;0,2;0,5;10;0,5;74;0.01;23;0,1;0;1680
Steve Tunga;DM, M/AM (C);28;3,5K € - 35K €;Westphalia;Germany;2,5;17,4;17%;0,1;8%;0;0,0;0,8;0,1;89%;4,3;0;1,5;5,0;1,5;1,1;0,1;0,1;0;58,6;3,5;8,3;1,5;0,1;20;0,1;0,7;0,2;0,7;0,1;10,9;0,1;1,9;0,1;0,2;0,5;0,1;6,9;10;0,1;26;-0.09;21;0,1;0;1597
Nils Stettin;ST (C);29;0 € - 90K €;North East-North;Germany;0,5;2,7;38%;0,0;10%;0;0,0;0,8;0,1;91%;18,4;0;0,2;1,3;0,7;0,1;1,4;1,7;0;23,8;0,3;3,6;0,8;0,6;2;0,0;4,4;0,0;0,1;0,4;9,2;0,5;10,8;0,3;0,3;4,9;0,2;0,3;0;0,1;46;-0.84;5;0,5;0;1411
Justin Lukas;D (LC), WB (L);19;55K € - 550K €;Westphalia;Germany;3,4;16,6;0%;0,0;0%;0;0,0;1,1;0,3;89%;8,3;0;1,2;5,1;1,4;0,9;0,1;0,0;0;52,1;4,9;12,1;1,9;0,6;15;0,7;0,3;0,4;0,6;0,0;11,6;0,1;5,9;0,1;2,3;4,8;0,1;8,6;14;0,4;81;-0.92;20;0,1;0;1440
Hamza Salman;M (C), AM (RLC);27;3K € - 28K €;Middle Rhine;Germany;0,0;15,8;0%;0,0;0%;0;0,0;0,3;0,6;0%;11,0;0;0,0;0,0;0,0;0,0;0,1;0,0;0;0,0;0,0;0,0;0,4;0,0;0;0,0;0,5;0,0;0,0;0,0;0,0;0,1;0,0;0,2;0,0;0,0;0,3;1,1;5;0,0;0;-0.86;0;0,1;0;1534
Monteiro;WB/M (R), AM (RL);23;0 € - 130K €;Lower Saxony;Germany;2,1;4,5;48%;0,0;17%;0;0,0;1,6;0,2;90%;15,1;0;0,8;6,7;1,4;0,9;0,5;1,1;0;43,4;3,4;9,7;1,6;4,7;12;0,9;2,2;0,0;0,3;0,4;11,7;0,2;4,1;0,1;5,6;1,2;0,1;11,0;10;0,0;30;2.32;13;0,2;0;1160
Maik Vetter;D/WB (R), DM, M (R);34;500 € - 4,5K €;Hessia;Germany;3,1;17,4;5%;0,1;0%;0;0,0;1,1;0,3;86%;13,6;0;1,1;6,4;1,8;1,8;0,5;0,1;0;54,9;6,7;13,2;2,3;0,4;34;0,4;1,2;0,8;0,4;0,0;10,2;0,2;4,4;0,2;2,8;2,4;0,2;4,8;13;0,6;54;-2.89;36;0,2;0;1673
Merlin Schlosser;D (RC), DM;23;18K € - 190K €;Middle Rhine;Germany;3,6;25,7;23%;0,1;7%;0;0,0;0,5;0,0;89%;6,6;0;1,3;2,7;1,0;0,7;0,6;0,4;0;50,2;3,9;4,7;0,5;0,0;13;0,1;1,7;1,3;0,8;0,1;9,5;0,2;5,9;0,0;0,7;4,4;0,2;1,4;4;0,5;75;-1.09;13;0,2;0;1579
Max Roscher;M (L), AM (RL), ST (C);22;0 € - 120K €;North East-South;Germany;0,9;2,5;50%;0,0;21%;0;0,0;0,8;0,2;93%;10,0;0;0,4;1,3;0,5;0,1;1,0;1,3;0;25,6;0,5;4,4;0,8;0,7;1;0,0;2,5;0,0;0,1;0,5;8,9;0,2;9,5;0,1;0,3;2,1;0,1;0,3;0;0,0;22;3.74;1;0,2;0;1218
Niklas Varelmann;D/WB (L);19;170K € - 600K €;Westphalia;Germany;3,3;15,7;44%;0,1;0%;0;0,0;1,3;0,3;86%;11,1;0;1,4;5,8;1,6;1,6;0,3;0,2;0;56,2;6,0;14,4;1,3;1,1;34;0,3;0,4;0,6;0,7;0,0;11,5;0,0;4,8;0,1;2,9;3,4;0,0;2,9;10;0,7;71;-0.56;38;0,0;0;1857
Dominik Bilogrević;D (C), DM, M (C);26;3K € - 28K €;Middle Rhine;Germany;1,6;14,4;35%;0,1;18%;0;0,0;0,4;0,1;89%;6,8;0;0,5;3,2;1,0;0,3;0,5;0,3;0;41,1;2,4;5,9;0,4;0,2;6;0,0;0,9;0,1;0,4;0,2;7,6;0,1;2,8;0,1;0,0;1,1;0,1;0,0;0;0,2;38;0.27;9;0,1;0;1676
Amer Kadrić;DM, M (RLC), AM (C);31;22K € - 80K €;North East-South;Germany;1,9;17,6;25%;0,1;0%;0;0,0;0,7;0,4;88%;6,0;0;1,1;4,7;1,2;0,8;0,1;0,2;0;45,5;3,0;8,9;0,7;0,1;14;0,0;0,7;0,0;0,5;0,0;11,3;0,1;1,4;0,3;0,1;0,7;0,2;0,1;0;0,1;50;-2.22;17;0,1;0;1539
Marcel Götz;D (RL), WB (L);29;30K € - 100K €;Bavaria North;Germany;4,2;11,7;27%;0,1;18%;0;0,0;1,5;0,5;85%;15,6;0;1,3;7,0;1,9;2,3;0,1;0,2;0;50,9;4,4;18,2;1,5;1,3;40;1,3;0,6;0,2;0,5;0,1;11,5;0,1;3,0;0,2;8,1;2,0;0,3;8,4;17;0,3;67;0.55;43;0,1;0;1550
Leon Hellwig;D (C), DM, M (C);34;0 € - 12K €;North East-South;Germany;2,9;13,9;27%;0,1;13%;0;0,0;0,3;0,3;89%;7,2;0;1,0;6,0;0,8;0,5;0,5;0,3;0;50,6;3,2;8,9;0,6;0,1;8;0,0;1,0;0,3;0,6;0,1;11,0;0,1;3,7;0,3;0,0;1,9;0,1;0,0;0;0,3;51;0.28;13;0,1;0;1388
Hakim Traoré;M (L), AM (RL);24;3K € - 30K €;Lower Saxony;Germany;1,9;8,0;29%;0,0;17%;0;0,0;1,7;0,4;89%;13,9;0;0,5;7,5;2,0;1,4;0,7;0,5;0;43,5;2,6;13,5;1,7;3,4;19;1,0;1,8;0,0;0,2;0,3;11,2;0,1;4,7;0,2;3,7;1,5;0,2;3,7;25;0,1;33;2.22;21;0,1;0;1231
Behadil Sabani;DM, M/AM (C);25;3K € - 30K €;RP/Saar;Germany;2,5;23,3;7%;0,2;7%;0;0,0;0,8;0,2;91%;5,4;0;0,8;6,1;1,8;1,2;0,1;0,1;0;47,6;5,8;8,8;0,8;0,1;20;0,0;0,9;0,2;0,2;0,1;11,5;0,1;2,2;0,1;0,0;1,1;0,1;0,0;0;0,3;50;-0.61;23;0,1;0;1542
Steffen Straub;M (RLC), AM (L);31;0 € - 75K €;RP/Saar;Germany;1,9;8,0;36%;0,1;19%;0;0,0;2,3;0,3;89%;12,0;0;0,3;8,2;2,2;1,5;0,4;0,8;0;44,3;3,9;12,2;3,7;3,9;28;1,0;2,2;0,0;0,1;0,4;11,7;0,3;3,9;0,3;5,8;1,0;0,3;8,5;14;0,0;25;2.68;34;0,3;0;1691
Marcos Álvarez;ST (C);34;0 € - 14K €;Lower Saxony;Germany;0,5;5,4;41%;0,0;7%;0;0,0;1,3;0,6;92%;13,2;0;0,4;1,4;0,5;0,2;1,2;1,5;0;25,9;0,7;4,7;2,8;0,4;2;0,3;3,6;0,0;0,0;0,3;9,1;0,4;10,0;0,3;0,4;2,3;0,4;9,7;23;0,0;23;-2.53;2;0,5;0;1012
Philipp Sonn;DM, M/AM (C);21;0 €;Baden-Württemberg;Germany;0,0;11,1;47%;0,0;0%;0;0,0;0,2;0,5;88%;15,1;0;0,0;0,1;0,0;0,0;0,1;0,4;0;0,5;0,1;0,1;0,2;0,0;0;0,0;0,9;0,0;0,0;0,0;0,1;0,1;0,0;0,1;0,0;0,0;0,2;0,8;16;0,0;0;-2.27;0;0,1;0;1440
Tolga Duran;DM, M (RC), AM (C), ST (C);30;0 € - 100K €;Hessia;Germany;1,0;4,3;48%;0,0;33%;0;0,0;1,0;0,1;88%;14,9;0;0,2;1,1;0,4;0,2;0,4;0,8;0;26,7;0,6;7,8;1,0;0,6;2;0,0;1,7;0,0;0,2;0,6;10,3;0,2;9,3;0,0;0,1;2,4;0,1;0,1;0;0,0;26;4.48;2;0,2;0;1138
Tom Müller;GK;28;0 € - 75K €;Hamburg;Germany;0,0;7,2;0%;0,0;0%;79;0,3;0,0;0,0;69%;4,0;4.11;5,0;0,0;0,0;0,0;0,0;0,0;90;27,1;0,0;0,0;0,0;0,0;0;0,0;0,0;0,0;0,0;0,0;5,9;0,0;0,0;0,0;0,0;0,0;0,0;0,0;0;0,0;0;0;0;0,0;6;1454
Julian Rüh;D (RC), DM;25;0 € - 50K €;North East-North;Germany;3,3;23,7;14%;0,1;5%;0;0,0;0,2;0,0;84%;2,9;0;1,1;2,5;0,6;0,3;0,9;0,3;0;48,8;1,9;3,1;0,3;0,1;5;0,1;2,2;0,5;0,8;0,1;9,8;0,2;6,8;0,0;0,1;5,1;0,1;0,1;100;1,5;75;-1.84;8;0,2;0;1532
Oğuzhan Kefkir;M (L), AM (RLC);34;0 € - 35K €;Westphalia;Germany;1,9;10,0;48%;0,0;8%;0;0,0;1,4;0,3;91%;11,7;0;0,7;8,6;1,6;1,1;0,3;0,6;0;46,2;2,9;13,3;2,6;3,6;23;0,9;1,2;0,0;0,3;0,1;11,1;0,1;5,2;0,1;4,4;2,1;0,3;11,3;15;0,0;40;-0.22;26;0,1;0;1827
Vico Meien;D (C), DM, M (C);27;0 € - 100K €;Baden-Württemberg;Germany;2,7;14,8;30%;0,0;10%;0;0,0;0,7;0,3;91%;5,5;0;1,1;4,5;1,4;1,1;0,3;0,2;0;46,5;2,9;8,5;1,0;0,1;17;0,1;0,6;0,1;0,4;0,1;11,2;0,1;3,9;0,0;0,2;1,9;0,1;0,2;50;0,6;49;-0.04;20;0,1;0;1447
Jannis Voß;DM, M/AM (C);27;24K € - 230K €;Schleswig-Holstein;Germany;2,5;23,8;27%;0,2;13%;0;0,0;0,7;0,3;86%;5,3;0;0,7;4,9;1,3;0,6;0,5;0,3;0;38,9;1,9;7,2;0,8;0,1;7;0,0;1,3;0,3;0,5;0,2;9,9;0,1;2,4;0,1;0,3;0,8;0,4;0,3;0;0,1;34;0.62;9;0,1;0;1076
Frederik Recktenwald;D/WB (R);22;0 €;Baden-Württemberg;Germany;3,2;10,4;20%;0,1;0%;0;0,0;1,6;0,1;87%;13,7;0;1,0;6,6;2,7;1,9;0,1;0,1;0;50,2;6,6;17,7;1,6;1,6;31;1,1;0,3;0,1;0,4;0,0;12,7;0,0;2,7;0,1;7,0;1,5;0,1;7,0;15;0,2;56;-0.2;33;0,0;0;1474
Louis Samson;D (C), DM, M (C);30;0 € - 85K €;North East-South;Germany;1,8;13,4;10%;0,1;0%;0;0,0;0,3;0,1;86%;8,2;0;0,7;2,6;0,9;0,4;0,3;0,1;0;28,4;1,5;3,7;0,3;0,1;7;0,0;1,1;0,3;0,4;0,0;6,2;0,1;2,9;0,1;0,1;1,8;0,1;0,1;0;0,4;62;-2.17;9;0,1;0;1717
Timo Hölscher;M (C), AM (RLC);25;28K € - 95K €;Lower Rhine;Germany;1,3;12,6;33%;0,0;9%;0;0,0;1,3;0,1;91%;16,4;0;0,4;3,9;1,3;0,4;0,7;0,7;0;41,3;1,5;10,9;1,3;1,4;6;0,1;2,0;0,0;0,1;0,2;12,5;0,2;4,7;0,1;0,8;1,2;0,1;0,8;14;0,0;26;-0.74;13;0,2;0;1491
Niklas Antlitz;AM (L), ST (C);26;0 € - 110K €;Baden-Württemberg;Germany;0,3;1,4;48%;0,0;17%;0;0,0;0,8;0,1;90%;14,8;0;0,0;1,6;0,7;0,2;0,7;1,4;0;25,4;0,6;3,6;0,8;0,4;3;0,1;3,0;0,0;0,1;0,5;9,0;0,3;10,3;0,0;0,9;1,9;0,1;0,9;6;0,3;19;3.56;4;0,3;0;1443
Romario Wiesweg;D (RLC);30;22K € - 75K €;Westphalia;Germany;3,8;17,9;20%;0,1;7%;0;0,0;0,4;0,1;88%;6,0;0;1,2;3,2;1,0;0,6;0,2;0,2;0;50,3;2,8;5,1;0,4;0,1;11;0,1;0,9;1,2;0,7;0,1;10,2;0,1;6,2;0,0;0,5;3,3;0,0;0,5;22;0,8;54;-0.4;17;0,1;0;1533
Luca Stellwagen;D/WB/M (L);27;20K € - 190K €;Baden-Württemberg;Germany;2,8;20,0;25%;0,1;0%;0;0,0;1,7;0,0;84%;9,8;0;1,3;7,5;2,0;2,0;0,2;0,1;0;53,3;5,1;13,6;1,7;0,8;23;0,6;0,4;0,0;0,4;0,0;11,2;0,0;4,8;0,0;2,4;3,8;0,0;2,4;25;0,4;78;-0.28;23;0,0;0;1024
Sebastian Saftig;D (C), DM, M (C);23;45K € - 150K €;RP/Saar;Germany;2,8;22,6;22%;0,1;7%;0;0,0;0,5;0,1;88%;2,2;0;1,0;2,0;0,7;0,3;0,6;0,3;0;43,7;2,4;3,1;0,5;0,1;5;0,0;1,6;1,3;0,9;0,1;9,6;0,1;6,8;0,0;0,1;5,2;0,2;0,1;0;1,0;76;-0.55;8;0,1;0;1560
Michel Ulrich;ST (C);25;6K € - 65K €;North East-North;Germany;0,7;1,4;49%;0,0;11%;0;0,0;1,0;0,1;92%;19,6;0;0,2;1,1;0,8;0,2;1,0;2,4;0;24,1;0,3;4,6;1,3;0,6;3;0,0;4,8;0,0;0,1;0,5;9,4;0,5;10,5;0,1;0,6;5,4;0,1;1,7;3;0,3;51;-0.34;4;0,5;0;1413
Luca Höcker;D/WB/M (R);18;45K € - 450K €;Bremen;Germany;3,8;21,9;17%;0,1;4%;0;0,0;1,1;0,6;85%;8,2;0;1,5;5,6;1,8;1,0;1,0;0,5;0;51,5;6,5;11,6;1,5;0,3;17;0,5;3,0;0,1;0,6;0,1;10,9;0,3;5,3;0,6;2,3;3,6;0,4;11,6;12;0,3;68;-2.6;29;0,3;0;1573
Paul Horschig;D (C), DM;25;0 € - 100K €;North East-South;Germany;3,4;18,6;31%;0,2;13%;0;0,0;0,3;0,1;91%;1,9;0;0,9;2,9;0,7;0,3;0,7;0,7;0;43,4;2,5;3,1;1,4;0,0;6;0,0;2,1;0,2;0,6;0,3;9,8;0,2;7,2;0,0;0,1;5,4;0,1;1,4;10;1,3;75;1.58;10;0,2;0;1890
Alexander Lungwitz;D (LC);25;0 € - 80K €;Bavaria South;Germany;3,3;20,5;20%;0,1;10%;0;0,0;0,3;0,1;88%;5,2;0;0,8;3,5;1,0;0,5;0,2;0,1;0;48,0;3,8;5,0;0,3;0,2;9;0,2;0,5;0,5;0,2;0,1;10,5;0,0;6,1;0,1;0,6;3,3;0,1;0,6;27;1,1;54;0.2;13;0,0;0;1644
Niko Jović;D (RL), WB/M (R);29;30K € - 110K €;RP/Saar;Germany;2,6;14,3;29%;0,1;5%;0;0,0;0,8;0,2;86%;11,4;0;0,8;4,7;1,3;1,4;0,8;0,7;0;52,0;5,3;11,9;0,8;0,4;25;0,1;2,3;0,3;0,3;0,1;11,5;0,2;4,5;0,1;1,9;3,0;0,1;1,9;5;0,3;67;-2.27;26;0,2;0;1642
Fabian Holthaus;D/WB (L), DM;30;4K € - 40K €;Westphalia;Germany;2,9;15,8;0%;0,1;0%;0;0,0;0,8;0,4;86%;8,8;0;1,3;5,8;1,8;1,8;0,2;0,0;0;51,4;4,0;12,8;0,8;0,4;23;0,6;0,4;0,8;0,3;0,0;12,1;0,0;3,2;0,2;2,1;2,0;0,2;2,1;30;0,4;61;-0.26;23;0,0;0;1140
Christopher Balkenhoff;GK;32;16K € - 60K €;Westphalia;Germany;0,0;7,1;0%;0,0;0%;71;0,4;0,0;0,0;67%;4,5;9.46;2,9;0,0;0,0;0,0;0,0;0,0;87;25,6;0,0;0,0;0,1;0,0;0;0,0;0,0;0,0;0,0;0,0;5,3;0,0;0,0;0,0;0,0;0,0;0,0;0,0;0;0,0;0;0;0;0,0;24;1980
Marcel Hilßner;M (LC), AM (RLC);30;30K € - 110K €;Lower Saxony;Germany;1,7;9,2;38%;0,0;14%;0;0,0;2,1;0,6;80%;10,7;0;0,5;10,2;1,4;1,1;0,5;0,4;0;49,0;5,3;13,4;3,7;1,5;21;1,2;1,1;0,0;0,6;0,2;12,0;0,1;4,5;0,4;5,1;1,5;0,6;12,7;14;0,2;33;1.53;25;0,1;0;1731
Erolind Krasniqi;DM, M (C), AM (RC);25;0 € - 95K €;Hamburg;Germany;2,0;16,2;36%;0,1;9%;0;0,0;1,2;0,6;88%;4,9;0;1,4;4,6;1,2;0,6;0,3;0,2;0;46,8;5,1;8,9;1,2;0,2;12;0,0;0,6;0,1;0,6;0,1;11,3;0,1;2,9;0,2;0,0;1,8;0,4;0,0;0;0,2;63;-0.24;22;0,1;0;1678
Malcolm Badu;D/WB/M (R), AM (RL);28;18K € - 180K €;Lower Saxony;Germany;2,0;12,5;41%;0,0;18%;0;0,0;1,8;0,7;89%;8,9;0;1,3;8,4;1,5;1,0;0,4;0,5;0;45,4;4,0;16,9;3,4;2,5;14;0,3;1,3;0,2;0,4;0,2;11,7;0,2;5,0;0,3;3,8;1,9;0,3;4,7;7;0,1;39;-0.02;16;0,2;0;1207
Niklas Meyer;M (R), AM (RL), ST (C);23;3K € - 30K €;RP/Saar;Germany;1,9;7,7;50%;0,0;17%;0;0,0;1,4;0,4;88%;14,0;0;0,7;7,1;1,7;1,4;0,3;0,7;0;43,3;2,8;10,4;1,4;4,6;29;1,3;1,4;0,0;0,4;0,2;11,6;0,2;5,6;0,2;5,0;1,8;0,1;5,0;26;0,0;32;0.09;32;0,2;0;1890
Christopher Kramer;AM (RL), ST (C);36;3K € - 10K €;Schleswig-Holstein;Germany;2,2;10,4;40%;0,0;13%;0;0,0;2,0;0,4;87%;13,1;0;0,4;8,4;2,0;1,2;1,1;1,4;0;42,2;3,4;14,0;2,0;3,4;26;1,0;3,4;0,0;0,2;0,4;12,0;0,4;4,9;0,3;6,4;1,9;0,2;6,4;16;0,0;38;0.04;31;0,4;0;1932
Benedikt Börner;GK;19;65K € - 650K €;Hessia;Germany;0,0;4,1;0%;0,0;0%;67;0,2;0,0;0,0;74%;6,7;4.25;5,0;0,0;0,0;0,0;0,0;0,0;86;26,5;0,0;0,0;0,0;0,0;0;0,0;0,0;0,0;0,0;0,0;5,8;0,0;0,0;0,0;0,0;0,0;0,0;0,0;0;0,0;0;0;0;0,0;13;1710
Lukas Foelsch;DM, M/AM (C);38;0 €;Westphalia;Germany;2,0;15,5;50%;0,0;10%;0;0,0;1,4;0,7;90%;6,2;0;1,1;3,4;0,9;0,9;0,5;0,4;0;46,6;5,4;8,6;2,9;0,3;10;0,0;0,9;0,0;0,4;0,1;11,1;0,1;2,9;0,2;0,0;0,9;0,1;5,6;20;0,0;30;0.32;10;0,1;0;1022
Ogechika Heil;D (R), M/AM (RL);25;6K € - 60K €;Hamburg;Germany;2,1;12,8;35%;0,0;24%;0;0,0;1,7;0,8;88%;10,6;0;0,5;7,9;1,7;0,9;0,8;0,7;0;47,6;5,1;13,6;2,4;3,0;15;0,5;2,0;0,2;0,3;0,5;11,5;0,1;4,8;0,2;3,3;1,9;0,2;4,7;11;0,0;39;5.87;19;0,1;0;1508
Nils Fischer;M (R), AM (C), ST (C);30;0 € - 80K €;Hessia;Germany;0,5;2,2;51%;0,0;13%;0;0,0;0,9;0,7;93%;16,2;0;0,1;1,4;0,6;0,3;1,2;1,9;0;24,0;0,7;3,9;0,9;0,8;4;0,1;3,7;0,0;0,1;0,5;9,9;0,4;10,6;0,3;0,7;2,3;0,2;1,2;5;0,1;22;0.47;4;0,4;0;1327
Marcel Schmidts;D (RL), WB/M (L);31;35K € - 120K €;Baden-Württemberg;Germany;4,0;20,5;20%;0,1;0%;0;0,0;1,5;0,2;85%;9,4;0;1,5;5,6;2,0;1,9;0,2;0,1;0;56,6;7,0;11,7;2,9;0,4;31;0,6;0,3;0,6;0,5;0,0;11,0;0,0;4,7;0,3;2,3;2,9;0,5;5,1;11;0,6;62;-0.27;34;0,0;0;1500
Rico Steinhauer;D (C), DM, M (C);32;0 € - 28K €;North East-North;Germany;2,0;15,3;0%;0,1;0%;0;0,0;0,9;0,1;88%;7,7;0;1,3;5,7;2,3;1,5;0,1;0,0;0;47,5;2,6;9,0;0,9;0,1;22;0,0;0,2;0,0;0,4;0,0;11,5;0,0;2,8;0,1;0,2;1,8;0,1;0,2;0;0,2;63;-0.06;25;0,0;0;1363
Oktay Dal;D (C), DM, M (C);29;2K € - 22K €;Westphalia;Germany;2,8;18,7;15%;0,1;8%;0;0,0;0,4;0,1;89%;5,3;0;1,1;3,5;1,3;0,9;0,3;0,1;0;46,3;3,3;6,4;0,4;0,1;15;0,1;0,7;0,3;0,5;0,1;10,4;0,1;4,6;0,1;0,2;2,7;0,0;0,2;33;0,6;59;-1.07;18;0,1;0;1582
Philipp Altmann;D (C);29;0 € - 90K €;Baden-Württemberg;Germany;3,3;16,9;0%;0,2;0%;0;0,0;0,2;0,2;79%;2,7;0;1,2;2,6;0,9;0,3;0,2;0,0;0;45,1;1,8;2,7;0,2;0,0;6;0,0;0,6;0,7;0,5;0,0;9,4;0,0;7,0;0,1;0,1;5,3;0,1;0,1;0;1,5;76;-0.87;11;0,0;0;1785
David Danko;DM, M/AM (C);33;0 € - 30K €;North East-North;Germany;0,0;12,1;13%;0,0;0%;0;0,0;0,0;0,1;0%;14,9;0;0,0;0,0;0,0;0,0;0,2;0,1;0;0,0;0,0;0,0;0,5;0,0;0;0,0;0,6;0,0;0,0;0,0;0,0;0,0;0,0;0,1;0,0;0,0;0,0;8,6;13;0,0;0;-0.55;0;0,0;0;1147
Josia-Levi Walther;ST (C);21;0 €;North East-South;Germany;0,8;0,8;54%;0,0;35%;0;0,0;0,9;0,1;88%;19,0;0;0,1;1,5;0,5;0,2;0,5;1,1;0;23,5;0,6;4,7;0,9;0,9;2;0,1;2,0;0,0;0,0;0,7;9,7;0,2;9,2;0,0;0,3;2,3;0,1;0,3;25;0,1;25;5.77;4;0,2;0;1164
Lukas Iksal;M/AM (L), ST (C);31;18K € - 65K €;Hessia;Germany;1,0;5,7;33%;0,1;13%;0;0,0;1,0;0,4;92%;12,3;0;0,6;6,1;1,3;0,6;0,7;0,9;0;39,5;2,5;12,1;1,0;3,5;9;1,0;2,8;0,0;0,4;0,4;11,1;0,3;6,9;0,4;4,2;2,2;0,4;4,2;23;0,0;31;0.36;12;0,3;0;1459
Joshua Jong Estrada;D/WB/M (L);19;0 €;Lower Rhine;Germany;3,1;16,8;0%;0,0;0%;0;0,0;1,6;0,3;86%;12,3;0;1,2;4,0;1,4;1,4;0,0;0,0;0;54,4;6,3;9,8;1,6;0,8;22;0,5;0,1;0,6;0,5;0,0;11,1;0,0;5,0;0,2;3,6;2,3;0,1;8,9;10;0,7;47;-0.34;23;0,0;0;1379
Serkan Durna;M (RL), AM (R);25;0 € - 85K €;Hessia;Germany;1,8;6,0;37%;0,0;16%;0;0,0;2,3;0,2;87%;15,6;0;0,5;8,5;2,2;1,1;0,8;0,8;0;42,1;3,6;14,6;2,3;4,6;22;1,1;2,2;0,0;0,2;0,4;12,1;0,2;3,5;0,2;6,3;1,1;0,1;6,3;17;0,1;30;2.22;31;0,2;0;1757
Jannes Hoffmann;D (C), DM, M (C);29;0 € - 70K €;Middle Rhine;Germany;0,8;14,1;17%;0,1;9%;0;0,0;0,5;0,9;90%;11,0;0;0,4;1,4;0,5;0,4;0,2;0,2;0;15,7;1,0;2,3;0,5;0,0;7;0,0;1,3;0,1;0,1;0,1;3,3;0,2;1,2;0,4;0,1;0,7;0,2;0,2;25;0,1;60;-0.66;8;0,2;0;1557
Lukas van Ingen;GK;21;40K € - 150K €;Westphalia;Germany;0,0;4,5;0%;0,0;0%;66;-0,0;0,0;0,0;70%;6,2;-0.19;6,2;0,0;0,0;0,0;0,0;0,0;91;25,2;0,0;0,0;0,0;0,0;0;0,0;0,0;0,0;0,0;0,0;5,9;0,0;0,0;0,0;0,0;0,0;0,0;0,0;0;0,0;0;0;2;0,0;13;1530
Jan Holldack;M (C), AM (RC);29;5K € - 55K €;Westphalia;Germany;1,7;19,2;40%;0,0;11%;0;0,0;1,8;0,2;87%;13,1;0;0,5;5,4;1,0;0,4;1,1;1,2;0;41,7;2,4;10,7;2,1;0,7;8;0,1;2,9;0,0;0,2;0,3;12,1;0,3;5,7;0,3;0,8;2,4;0,5;2,1;10;0,1;42;0.42;9;0,3;0;1684
Marcel Ziemann;D/WB (L);30;2,5K € - 24K €;North East-North;Germany;3,2;15,2;0%;0,1;0%;0;0,0;1,6;0,3;87%;11,1;0;1,6;3,9;1,2;1,2;0,1;0,0;0;55,3;6,2;14,2;1,8;0,9;24;0,5;0,2;0,6;0,6;0,0;11,7;0,0;4,0;0,1;3,5;2,0;0,0;8,1;12;0,3;49;-0.43;25;0,0;0;1800
José-Junior Matuwila;D (LC);34;500 € - 3,5K €;RP/Saar;Germany;2,9;22,5;25%;0,1;6%;0;0,0;0,3;0,1;84%;4,9;0;1,1;3,7;1,1;0,7;0,1;0,2;0;47,5;3,3;6,4;0,3;0,1;13;0,0;0,9;0,7;1,0;0,1;10,1;0,1;5,6;0,0;0,7;3,8;0,1;0,7;0;0,4;68;-0.29;18;0,1;0;1661
Mick Gudra;M (C), AM (LC), ST (C);24;24K € - 250K €;Lower Saxony;Germany;1,5;17,3;49%;0,0;15%;0;0,0;1,3;1,0;89%;13,4;0;0,6;2,8;0,6;0,4;0,8;1,2;0;41,0;1,8;8,1;2,2;1,1;6;0,1;2,4;0,0;0,2;0,4;11,9;0,2;5,3;0,4;0,6;1,0;0,5;10,8;20;0,1;19;3.29;7;0,2;0;1440
Rene Rüther;D (RC), WB (R), DM;24;55K € - 200K €;Bavaria South;Germany;3,6;15,7;43%;0,0;14%;0;0,0;1,6;0,3;85%;8,9;0;1,2;7,2;1,6;1,1;0,1;0,2;0;48,4;5,2;17,4;1,6;0,7;13;0,7;0,6;0,6;0,5;0,1;12,7;0,1;3,8;0,1;5,0;1,4;0,1;5,0;15;0,3;37;-0.75;16;0,1;0;1090
Beytullah Özer;D (L), DM;25;22K € - 75K €;Lower Saxony;Germany;3,2;17,2;20%;0,0;20%;0;0,0;1,4;0,3;86%;11,4;0;1,4;5,5;1,6;1,8;0,1;0,1;0;52,6;5,8;13,2;2,0;0,3;21;0,2;0,4;0,5;0,3;0,1;11,6;0,1;3,3;0,2;2,0;2,1;0,0;2,4;6;0,4;64;0.38;22;0,1;0;1077
Wladimir Wagner;AM (RL), ST (C);24;0 € - 80K €;Westphalia;Germany;1,6;7,7;44%;0,0;11%;0;0,0;1,2;0,3;91%;14,4;0;0,5;6,2;1,1;0,7;1,0;0,9;0;38,8;2,2;8,8;1,3;3,7;14;1,0;2,1;0,0;0,3;0,2;10,9;0,2;6,3;0,2;5,2;2,3;0,2;5,7;20;0,2;36;0.88;17;0,2;0;1899
Finn Wirlmann;D (C), DM, M (C);29;0 € - 22K €;Schleswig-Holstein;Germany;2,7;16,4;18%;0,1;4%;0;0,0;1,0;0,7;89%;5,3;0;0,7;3,7;1,6;1,1;0,6;0,3;0;46,5;5,1;9,0;1,0;0,1;19;0,1;1,6;0,0;0,5;0,1;11,4;0,2;3,1;0,3;0,2;2,1;0,5;0,2;33;0,5;67;-3.41;22;0,2;0;1599
Lewin D'Hone;M (R), AM (RL);25;0 € - 100K €;Westphalia;Germany;1,9;9,2;25%;0,1;11%;0;0,0;2,0;0,1;89%;15,9;0;0,3;7,9;2,1;1,5;0,3;0,4;0;41,6;3,7;13,1;2,0;3,7;26;1,0;1,6;0,0;0,2;0,2;11,0;0,1;3,9;0,1;5,2;0,7;0,2;5,2;19;0,1;18;0.49;28;0,1;0;1552
Michel Scharlau;D (C), DM;19;20K € - 200K €;Westphalia;Germany;3,3;17,2;33%;0,2;33%;0;0,0;0,2;0,1;84%;2,4;0;0,6;2,6;0,5;0,3;0,1;0,1;0;43,7;2,4;3,6;0,2;0,0;5;0,0;0,3;0,4;0,7;0,1;10,1;0,0;7,3;0,1;0,0;5,0;0,1;0,0;0;0,7;69;1.28;5;0,0;0;1645
Max Pfister;D (C);18;130K € - 1,3M €;Hessia;Germany;4,1;20,6;27%;0,1;13%;0;0,0;0,3;0,1;83%;2,3;0;1,0;2,7;0,6;0,4;0,3;0,3;0;43,9;1,8;3,7;0,3;0,1;6;0,0;1,0;0,4;0,6;0,1;9,7;0,1;7,5;0,1;0,1;5,7;0,1;0,1;0;1,1;76;0.34;7;0,1;0;1304
Stefan Wächter;DM, M (C), AM (LC);28;0 € - 110K €;Baden-Württemberg;Germany;1,7;16,4;42%;0,1;12%;0;0,0;1,9;0,4;91%;14,2;0;0,5;5,8;1,7;0,5;0,9;1,0;0;43,3;2,6;10,8;2,1;1,0;9;0,1;2,5;0,0;0,1;0,3;12,4;0,3;3,4;0,2;1,0;1,5;0,3;1,0;5;0,0;43;-0.33;15;0,3;0;1577
Patrick Funk;D (R), DM, M (C);35;5K € - 18K €;Baden-Württemberg;Germany;2,1;18,3;29%;0,1;0%;0;0,0;0,8;0,3;86%;6,2;0;0,9;6,7;1,3;0,9;0,3;0,2;0;51,8;4,3;11,4;1,5;0,6;16;0,4;0,8;0,1;0,3;0,0;11,9;0,1;2,9;0,3;2,3;1,3;0,2;8,6;15;0,3;47;-1.8;18;0,1;0;1671
Nico Moos;D (C);25;0 € - 75K €;Bavaria North;Germany;3,8;14,7;27%;0,1;7%;0;0,0;0,3;0,1;81%;4,9;0;0,9;2,1;0,5;0,3;0,4;0,3;0;46,6;1,7;3,5;0,3;0,0;3;0,0;1,3;0,2;0,7;0,1;9,9;0,2;6,1;0,0;0,0;4,9;0,0;0,0;0;0,5;79;-0.78;4;0,2;0;1056
Christian Schwieren;D (C), DM;22;0 €;Hessia;Germany;2,7;24,5;17%;0,0;17%;0;0,0;0,3;0,2;88%;2,5;0;0,8;3,2;1,0;0,4;0,1;0,1;0;42,4;3,1;3,4;0,4;0,1;6;0,0;0,4;0,5;0,4;0,1;9,8;0,1;6,6;0,1;0,1;4,8;0,1;0,1;0;0,9;73;0.21;9;0,1;0;1247
Finn Ludwig;GK;19;35K € - 325K €;Baden-Württemberg;Germany;0,0;3,1;0%;0,0;0%;74;0,4;0,1;0,0;64%;6,1;6.21;5,4;0,0;0,0;0,0;0,0;0,0;90;26,6;0,0;0,0;0,1;0,0;0;0,0;0,0;0,0;0,0;0,0;5,3;0,0;0,0;0,0;0,0;0,0;0,0;0,0;0;0,0;0;0;0;0,0;10;1530
Michael Fink;D (C), DM, M (C);43;0 € - 7K €;Hessia;Germany;2,7;20,9;17%;0,0;0%;0;0,0;0,5;0,2;84%;5,8;0;1,2;4,7;1,0;0,6;0,4;0,1;0;46,8;2,8;7,6;0,5;0,1;8;0,0;0,5;0,6;0,6;0,0;10,9;0,0;2,5;0,1;0,2;1,3;0,2;0,2;0;0,2;52;-0.18;12;0,0;0;1108
Raphael Araoye;D (LC);21;45K € - 425K €;Westphalia;Germany;2,9;16,8;50%;0,3;13%;0;0,0;0,5;0,0;90%;4,9;0;1,1;2,8;1,0;0,9;0,1;0,2;0;47,8;2,6;4,6;1,6;0,1;16;0,0;0,5;0,9;0,5;0,1;9,8;0,1;7,9;0,0;0,1;5,6;0,1;0,6;18;1,6;72;-0.84;17;0,1;0;1566
Kevin Manthey;ST (C);18;20K € - 190K €;Bremen;Germany;0,8;2,7;40%;0,0;16%;0;0,0;1,1;0,7;89%;14,3;0;0,1;1,6;0,5;0,1;1,2;1,8;0;24,7;0,5;3,3;1,1;0,9;2;0,0;4,4;0,0;0,1;0,7;9,8;0,5;9,9;0,3;0,5;2,3;0,5;0,5;0;0,0;23;3.64;4;0,5;0;1376
Kai Bösing;M/AM (C);31;0 € - 40K €;Middle Rhine;Germany;0,0;16,6;45%;0,0;27%;0;0,0;0,3;0,8;0%;14,4;0;0,0;0,0;0,0;0,0;0,3;0,3;0;0,0;0,0;0,0;0,3;0,0;0;0,0;0,8;0,0;0,0;0,2;0,0;0,1;0,0;0,4;0,0;0,0;0,3;2,3;5;0,0;0;1.5;0;0,1;0;1314
Michael Kobert;AM (RL), ST (C);29;28K € - 95K €;Hamburg;Germany;1,5;3,5;46%;0,0;15%;0;0,0;1,3;0,3;92%;14,2;0;0,2;4,3;1,3;0,8;1,3;1,5;0;32,3;1,5;7,2;1,3;1,7;17;0,5;3,2;0,0;0,2;0,5;10,4;0,3;8,5;0,2;2,8;1,9;0,2;2,8;17;0,0;22;3.35;18;0,3;0;1867
Lirim Mema;D (RC), WB/M (R);27;0 € - 55K €;North East-North;Germany;3,2;7,5;25%;0,0;25%;0;0,0;1,2;0,2;85%;16,6;0;1,4;7,5;1,1;0,9;0,1;0,1;0;48,0;3,9;20,9;1,2;1,3;19;1,1;0,2;0,1;0,6;0,1;12,2;0,0;3,9;0,1;7,7;1,8;0,1;7,7;14;0,5;45;0.62;19;0,0;0;1800
Alessandro Abruscia;D/WB (R), M (RC), AM (C);35;1,5K €;Baden-Württemberg;Germany;2,3;13,2;31%;0,1;23%;0;0,0;1,7;0,2;86%;15,5;0;1,2;7,5;1,2;1,1;0,3;0,2;0;45,4;3,9;19,6;1,7;1,4;19;1,2;0,7;0,3;0,4;0,2;12,8;0,1;4,3;0,2;6,8;1,7;0,4;7,3;17;0,3;40;1.76;22;0,1;0;1618
Silas Zehnder;D/WB (L);26;24K € - 85K €;Hessia;Germany;3,5;12,4;0%;0,0;0%;0;0,0;1,2;0,3;85%;14,9;0;1,7;6,0;1,7;1,1;0,1;0,0;0;56,1;5,8;10,2;1,2;1,0;17;1,1;0,3;0,5;0,6;0,0;11,2;0,0;3,3;0,2;3,2;1,7;0,2;3,2;34;0,3;51;-0.29;22;0,0;0;1342
Markus Ballmert;D/WB (R), DM, M (R);32;500 € - 6K €;Hessia;Germany;3,9;18,9;24%;0,0;9%;0;0,0;1,3;0,1;88%;10,4;0;1,0;5,9;1,7;1,4;0,9;0,5;0;53,1;5,8;14,1;2,1;0,3;21;0,4;2,2;0,2;0,4;0,2;11,3;0,3;4,8;0,2;2,6;3,7;0,3;7,8;12;0,5;76;-1.2;23;0,3;0;1355
Nedzhib Hadzha;DM, M (C);20;22K € - 220K €;Lower Rhine;Germany;2,6;20,4;15%;0,0;0%;0;0,0;1,1;0,8;87%;4,8;0;0,9;4,5;0,9;0,8;0,4;0,2;0;61,0;6,2;9,8;1,1;0,2;14;0,0;1,1;0,4;0,6;0,0;11,9;0,1;3,0;0,5;0,1;1,8;0,9;0,1;0;0,3;61;-1.74;16;0,1;0;1622
Kingsley Marcinek;D (RLC);24;3K € - 28K €;Westphalia;Germany;3,7;15,4;7%;0,0;3%;0;0,0;0,8;0,3;86%;10,9;0;0,9;3,5;0,9;1,0;0,8;0,1;0;53,6;5,8;8,9;0,8;0,3;16;0,3;1,8;0,8;0,5;0,1;9,7;0,3;5,8;0,1;2,7;3,5;0,3;2,7;9;0,8;60;-3.09;16;0,3;0;1423
Lennart Schulze-Kökelsum;GK;23;2K € - 20K €;Lower Saxony;Germany;0,0;4,6;0%;0,0;0%;68;0,1;0,1;0,0;69%;5,1;1.02;6,0;0,0;0,0;0,0;0,0;0,0;87;25,3;0,0;0,0;0,1;0,0;0;0,0;0,0;0,0;0,0;0,0;4,6;0,0;0,0;0,0;0,0;0,0;0,0;0,0;0;0,0;0;0;1;0,0;13;1429
Venis Uka;DM, M/AM (C);19;0 € - 40K €;Westphalia;Germany;0,0;16,7;46%;0,0;8%;0;0,0;0,3;0,7;0%;12,4;0;0,0;0,0;0,0;0,0;0,7;0,6;0;0,0;0,0;0,0;0,8;0,0;0;0,0;1,3;0,0;0,0;0,1;0,0;0,1;0,0;0,4;0,0;0,0;0,3;8,7;14;0,0;0;0.07;0;0,1;0;1603
Bujar Sejdija;D (R), DM, M (C);27;0 €;Hamburg;Germany;1,8;18,3;22%;0,0;6%;0;0,0;0,5;0,4;88%;8,0;0;1,0;4,2;1,0;0,6;0,7;0,3;0;46,3;3,4;10,2;0,6;0,3;13;0,0;1,5;0,6;0,4;0,1;11,4;0,2;3,7;0,2;0,5;2,0;0,0;0,5;8;0,6;54;-2.34;20;0,2;0;1972
Wessam Abdel-Ghani;D/WB (L), DM, M (L);31;14K € - 50K €;RP/Saar;Germany;3,2;13,1;0%;0,0;0%;0;0,0;1,1;0,4;85%;16,1;0;1,6;6,6;1,1;0,9;0,0;0,0;0;51,2;3,4;17,1;1,1;1,3;13;1,3;0,0;0,3;0,9;0,0;12,6;0,0;3,6;0,1;6,9;1,3;0,0;6,9;18;0,4;37;0;17;0,0;0;1271
Rudolf González;D/WB/M/AM (R);27;0 € - 65K €;Middle Rhine;Germany;3,4;11,6;22%;0,1;2%;0;0,0;0,9;0,3;86%;13,4;0;0,7;5,4;1,9;0,8;0,7;0,5;0;51,9;7,0;10,6;0,9;0,9;14;0,3;2,2;0,3;0,4;0,1;10,8;0,4;4,8;0,2;2,6;1,8;0,1;2,6;12;0,4;38;-6.32;21;0,4;0;1647
Marc Heider;AM (RL), ST (C);39;Not for Sale;Westphalia;Germany;1,3;7,1;44%;0,0;21%;0;0,0;1,7;0,3;87%;9,9;0;0,4;7,5;1,5;0,7;0,9;1,1;0;44,4;3,1;13,0;1,9;2,9;10;1,1;2,6;0,0;0,1;0,5;11,4;0,3;6,1;0,2;4,0;1,9;0,3;5,1;22;0,1;31;4.07;19;0,3;0;1350
Marcel Andrijanić;DM, M/AM (C);33;1K € - 10K €;Hamburg;Germany;2,1;26,6;21%;0,0;16%;0;0,0;1,3;0,7;85%;4,8;0;1,1;5,8;1,7;1,5;0,3;0,2;0;46,0;5,6;8,0;2,0;0,1;32;0,0;0,9;0,3;0,3;0,1;11,1;0,1;4,1;0,4;0,1;2,8;0,4;1,6;17;0,6;68;0.94;39;0,1;0;1924
Daniel Hefele;DM, M (C);24;0 € - 75K €;Lower Saxony;Germany;2,7;20,0;20%;0,0;0%;0;0,0;1,1;0,1;90%;5,0;0;1,1;4,5;1,8;1,0;0,2;0,2;0;47,6;5,8;8,5;1,1;0,2;17;0,0;0,9;0,5;0,1;0,0;11,1;0,1;3,4;0,2;0,1;2,0;0,2;0,1;0;0,8;58;-2.26;28;0,1;0;1512
Hendrik Hansen;D (C);31;4K € - 40K €;Bavaria North;Germany;3,5;26,8;14%;0,1;7%;0;0,0;0,2;0,2;90%;2,8;0;0,8;2,4;0,9;0,4;0,2;0,1;0;45,8;2,1;3,4;0,2;0,0;7;0,0;0,8;1,0;0,4;0,1;10,3;0,1;6,9;0,1;0,1;4,9;0,1;0,1;0;1,6;71;-0.42;10;0,1;0;1680
Marco Stefandl;M (R), AM (RL), ST (C);27;24K € - 250K €;Lower Saxony;Germany;1,0;5,7;35%;0,0;24%;0;0,0;1,9;0,1;89%;16,7;0;0,4;7,5;1,6;1,1;0,4;0,7;0;42,2;3,4;13,6;1,9;3,5;20;1,5;2,0;0,0;0,2;0,5;12,4;0,2;4,8;0,3;8,4;1,7;0,3;8,4;17;0,1;36;5.18;24;0,2;0;1630
Maximilian Schlegel;DM, M (LC), AM (L);28;0 € - 75K €;North East-South;Germany;1,9;10,4;50%;0,0;9%;0;0,0;1,6;0,4;91%;12,3;0;0,3;8,5;3,0;1,9;0,7;0,6;0;46,0;3,1;12,3;1,6;2,4;36;1,0;1,1;0,0;0,2;0,1;11,5;0,1;5,7;0,2;4,4;2,5;0,3;5,3;23;0,3;44;0.61;48;0,1;0;1732
Jeremiaha Maluze;D (C), DM, M (C);21;1M € - 2,5M €;Hessia;Germany;2,5;16,5;31%;0,0;15%;0;0,0;0,8;0,7;88%;5,8;0;0,6;4,9;1,7;1,3;0,1;0,3;0;45,0;3,3;8,5;0,8;0,2;19;0,0;0,9;0,0;0,3;0,1;11,5;0,1;3,5;0,3;0,1;1,9;0,5;0,1;0;0,4;55;0.11;25;0,1;0;1278
Aleksandar Bilbija;D (RLC);27;18K € - 180K €;North East-South;Germany;3,7;18,2;20%;0,1;0%;0;0,0;0,6;0,2;92%;3,4;0;1,3;2,0;0,6;0,3;0,2;0,2;0;47,4;2,2;3,9;0,6;0,1;5;0,1;0,9;0,5;0,9;0,0;9,6;0,1;6,0;0,1;0,2;3,6;0,2;1,5;8;0,3;60;-1.47;7;0,1;0;1465
Dennis Çelik;D/WB (L);19;16K € - 160K €;North East-North;Germany;3,7;13,1;50%;0,1;17%;0;0,0;1,3;0,4;86%;12,4;0;1,3;4,6;1,3;1,2;0,2;0,2;0;53,8;5,6;12,5;1,3;1,0;22;1,1;0,3;0,6;0,7;0,1;11,6;0,0;5,3;0,1;2,8;2,7;0,1;2,8;37;0,4;51;0.21;27;0,0;0;1710
Anton Kanther;D (C), DM, M (RC), AM (C);25;2,5K € - 24K €;North East-North;Germany;3,2;16,4;18%;0,1;6%;0;0,0;0,5;0,1;88%;4,2;0;0,8;4,3;1,3;1,0;0,6;0,2;0;49,5;4,6;7,3;1,7;0,2;14;0,0;1,2;0,3;0,6;0,1;11,0;0,1;3,6;0,1;0,1;2,5;0,2;0,1;0;0,1;71;-0.46;14;0,1;0;1287
Din Alajbegović;M (R), AM (RL), ST (C);24;2,5K € - 28K €;Westphalia;Germany;2,0;16,3;19%;0,1;13%;0;0,0;1,6;0,3;88%;13,8;0;0,7;7,8;1,9;0,8;0,2;0,1;0;42,0;3,1;11,4;1,6;3,7;16;1,4;0,8;0,0;0,4;0,1;11,7;0,1;5,1;0,1;5,7;2,5;0,1;6,8;20;0,1;49;0.33;22;0,1;0;1835
Derek Boakye-Osei;D (LC);19;160K € - 550K €;Hessia;Germany;3,6;13,7;19%;0,2;13%;0;0,0;0,4;0,0;87%;3,2;0;1,2;2,9;0,9;0,6;0,3;0,2;0;43,8;1,9;4,8;0,4;0,0;11;0,2;0,9;0,5;0,6;0,1;9,7;0,1;6,2;0,0;0,6;4,1;0,0;0,6;36;0,9;66;0.43;14;0,1;0;1587
Jonas Theuerzeit;M (C);23;0 € - 50K €;Lower Rhine;Germany;0,0;21,3;33%;0,0;11%;0;0,0;0,4;0,4;96%;11,4;0;0,3;0,0;0,0;0,0;0,3;0,4;0;1,3;0,0;0,0;0,9;0,0;0;0,0;1,3;0,0;0,0;0,1;0,2;0,2;0,0;0,3;0,0;0,0;0,4;0,0;0;0,0;0;-1.65;0;0,2;0;1830
Ricardo Wagner;AM (RL), ST (C);20;30K € - 325K €;Lower Saxony;Germany;2,4;6,0;49%;0,0;11%;0;0,0;1,5;0,6;93%;13,8;0;0,8;9,0;1,6;1,1;0,6;1,2;0;40,6;3,4;10,2;1,5;4,9;16;0,9;2,5;0,0;0,4;0,3;11,0;0,2;3,6;0,2;6,0;1,1;0,4;6,8;12;0,1;30;0.97;17;0,2;0;1255
Benedikt Auburger;D/WB/M/AM (R);24;18K € - 180K €;Bavaria South;Germany;5,0;17,9;30%;0,0;14%;0;0,0;1,0;0,1;87%;11,2;0;1,0;5,6;1,3;0,8;0,7;0,6;0;53,8;5,9;14,1;1,0;0,4;16;0,5;2,1;0,3;0,5;0,3;11,5;0,2;6,1;0,1;2,1;3,9;0,2;2,1;22;0,5;64;1.78;25;0,2;0;1881
Giulio Multari;DM, M (C);22;22K € - 80K €;RP/Saar;Germany;1,0;18,8;28%;0,1;17%;0;0,0;0,7;0,9;89%;9,1;0;0,4;1,5;0,5;0,3;0,1;0,4;0;19,8;2,0;3,2;0,8;0,1;4;0,0;1,3;0,0;0,1;0,2;4,5;0,3;0,6;0,4;0,0;0,3;0,3;0,6;25;0,1;50;-0.43;5;0,3;0;1211
Juri Marxen;D (RL), DM;30;2K € - 18K €;Hamburg;Germany;3,7;19,4;17%;0,0;0%;0;0,0;0,8;0,4;89%;11,8;0;1,3;4,9;0,8;0,4;0,0;0,2;0;53,1;5,8;14,0;0,8;0,2;5;0,3;1,0;0,3;1,0;0,0;11,9;0,2;5,6;0,2;2,4;3,3;0,2;3,5;11;0,2;60;-1.87;6;0,2;0;1080
Peterson Appiah;AM (RL), ST (C);28;0 €;North East-North;Germany;0,8;4,0;41%;0,0;13%;0;0,0;0,9;0,3;89%;16,0;0;0,2;3,0;0,8;0,2;0,6;0,8;0;28,1;1,0;5,6;1,2;1,7;3;0,2;2,0;0,0;0,1;0,3;10,0;0,3;7,8;0,1;2,1;3,1;0,1;3,0;12;0,0;39;-0.04;4;0,3;0;1721
Rashad Muhammed;AM (R), ST (C);32;12K € - 45K €;Baden-Württemberg;Germany;0,5;4,0;43%;0,0;17%;0;0,0;0,9;0,1;91%;14,0;0;0,2;1,6;0,8;0,1;0,6;0,7;0;24,9;0,5;4,8;1,9;0,5;1;0,1;1,5;0,0;0,1;0,2;9,3;0,2;10,8;0,0;0,3;3,3;0,0;1,6;21;0,1;30;1.65;6;0,2;0;1800
Nevio Schembri;M/AM (R);19;65K € - 220K €;Baden-Württemberg;Germany;1,5;3,2;36%;0,0;12%;0;0,0;2,2;0,3;89%;16,3;0;0,5;8,4;1,5;1,2;1,0;0,8;0;42,2;3,4;13,9;2,2;3,7;19;1,0;2,1;0,0;0,2;0,3;12,0;0,2;3,5;0,1;6,4;0,4;0,0;6,4;15;0,0;11;1.28;20;0,2;0;1398
Nico Zietsch;M/AM (C);21;0 € - 90K €;Bavaria North;Germany;1,3;12,2;41%;0,0;16%;0;0,0;1,7;0,7;88%;14,3;0;0,5;4,8;0,9;0,6;0,6;0,7;0;42,5;2,1;9,1;1,8;1,2;10;0,2;1,8;0,0;0,1;0,3;11,8;0,3;5,8;0,3;1,0;1,3;0,2;1,0;22;0,1;23;-0.8;15;0,3;0;1569
Joyce Philippe Luyeye-Nkula;M (L), AM (RL), ST (C);22;500 € - 4K €;Westphalia;Germany;1,3;4,5;37%;0,0;8%;0;0,0;1,2;0,2;93%;17,2;0;0,1;5,4;1,3;0,4;1,2;1,1;0;36,1;1,9;8,9;1,2;2,7;5;0,5;3,0;0,0;0,3;0,2;11,3;0,4;7,8;0,1;2,4;2,0;0,0;2,4;20;0,1;26;-1.57;11;0,4;0;1144
Gentrit Limani;M (C), AM (LC);25;0 € - 90K €;Hessia;Germany;1,2;17,2;36%;0,0;7%;0;0,0;1,8;0,1;92%;16,3;0;0,6;3,6;1,2;0,4;0,1;0,3;0;40,2;2,3;7,8;1,8;1,3;7;0,3;0,9;0,0;0,1;0,1;11,9;0,1;5,4;0,2;1,1;1,1;0,3;1,1;27;0,1;20;-1.34;9;0,1;0;1415
Ali Odabaş;D (LC);32;14K € - 50K €;Baden-Württemberg;Germany;4,2;16,5;22%;0,2;22%;0;0,0;0,2;0,1;87%;5,3;0;1,5;4,3;0,8;0,9;0,2;0,1;0;46,2;3,7;5,3;0,2;0,1;16;0,1;0,5;0,4;0,6;0,1;10,0;0,1;7,6;0,1;0,7;5,0;0,0;0,7;7;0,8;66;0.61;18;0,1;0;1641
Sascha Hingerl;D (C), DM, M (LC);26;16K € - 160K €;Bavaria North;Germany;1,9;18,9;14%;0,0;0%;0;0,0;0,6;0,1;87%;4,2;0;0,8;5,7;2,2;1,2;0,1;0,1;0;47,0;3,0;8,6;0,6;0,3;14;0,1;0,6;0,1;0,3;0,0;11,3;0,0;3,2;0,1;0,3;1,7;0,2;0,3;33;0,2;53;-0.5;20;0,0;0;1067
Luigi Campagna;D (C), DM, M (C);36;0 € - 2K €;Baden-Württemberg;Germany;2,9;19,8;11%;0,1;11%;0;0,0;1,1;0,7;86%;5,7;0;1,0;5,9;1,4;0,7;0,2;0,1;0;54,6;5,3;8,9;2,2;0,1;11;0,1;0,6;0,1;0,5;0,1;10,8;0,1;3,1;0,3;0,5;1,8;0,3;0,5;14;0,3;59;-0.31;20;0,1;0;1332
Angelo Langer;D (LC), WB (L);32;20K € - 70K €;Middle Rhine;Germany;3,9;17,7;9%;0,0;0%;0;0,0;1,2;0,2;84%;10,7;0;1,3;6,1;1,3;1,3;0,1;0,0;0;54,9;6,1;10,9;1,2;0,4;27;0,7;0,5;0,1;0,8;0,0;11,6;0,1;5,3;0,2;3,6;3,4;0,2;3,6;18;0,7;63;-1.1;35;0,1;0;1870
Kevin Dicklhuber;M (C), AM (RC), ST (C);36;0 € - 9K €;Baden-Württemberg;Germany;1,0;3,9;46%;0,1;19%;0;0,0;1,4;0,0;89%;19,8;0;0,2;3,5;1,2;0,8;0,5;0,8;0;31,8;1,4;7,2;1,5;1,1;12;0,2;1,7;0,0;0,1;0,3;10,4;0,2;8,6;0,1;2,1;2,3;0,0;2,1;9;0,1;27;1.61;14;0,2;0;1385
Aki Koch;GK;21;5K € - 50K €;Baden-Württemberg;Germany;0,0;2,6;0%;0,0;0%;63;-0,3;0,1;0,0;67%;9,5;-6.25;5,3;0,0;0,0;0,0;0,0;0,0;90;26,9;0,0;0,0;0,1;0,0;0;0,0;0,0;0,0;0,0;0,0;4,8;0,0;0,0;0,0;0,0;0,0;0,0;0,0;0;0,0;0;0;2;0,0;22;1710
Bennet Eickhoff;D (RC);30;4K € - 14K €;Westphalia;Germany;3,2;18,3;12%;0,0;0%;0;0,0;0,4;0,4;85%;3,4;0;1,5;2,4;1,1;0,6;0,4;0,2;0;46,5;3,5;4,1;0,4;0,0;12;0,1;1,3;0,5;0,6;0,0;9,8;0,2;7,0;0,1;0,3;4,4;0,3;0,3;16;1,0;62;-3.47;17;0,2;0;1765
Philip Hildesheim;GK;20;2K € - 20K €;Westphalia;Germany;0,0;3,5;0%;0,0;0%;67;0,1;0,0;0,0;74%;7,1;1.66;6,0;0,0;0,0;0,0;0,0;0,0;89;26,6;0,0;0,0;0,2;0,0;0;0,0;0,0;0,0;0,0;0,0;5,6;0,0;0,0;0,0;0,0;0,0;0,0;0,0;0;0,0;0;0;1;0,0;18;1800
Max Dombrowka;D (RL), DM;33;Not for Sale;Bavaria South;Germany;3,2;22,9;35%;0,2;10%;0;0,0;1,2;0,1;89%;10,0;0;1,4;6,2;1,4;1,4;0,2;0,4;0;55,1;5,9;14,4;1,5;0,4;23;0,6;1,2;0,7;0,7;0,1;11,5;0,2;5,8;0,1;2,7;4,1;0,4;4,7;18;0,9;71;-1.84;27;0,2;0;1521
James Gnagnon;D (RC), DM;17;12K € - 110K €;Westphalia;Germany;3,8;16,4;35%;0,2;6%;0;0,0;0,6;0,1;89%;3,6;0;0,9;2,1;1,1;0,3;0,3;0,4;0;47,1;2,5;4,3;1,2;0,0;4;0,3;1,2;0,6;0,6;0,1;10,2;0,2;6,2;0,1;0,4;4,6;0,1;0,4;66;1,0;74;-1.26;10;0,2;0;1308
Daniel Schwabke;GK;36;0 € - 6K €;Lower Rhine;Germany;0,0;4,0;0%;0,0;0%;72;0,1;0,1;0,0;68%;7,9;2.75;5,3;0,0;0,0;0,0;0,0;0,0;89;25,7;0,0;0,0;0,1;0,0;0;0,0;0,0;0,0;0,0;0,0;4,9;0,0;0,0;0,0;0,0;0,0;0,0;0,0;0;0,0;0;0;0;0,0;18;1980
Efe Önal;DM, M/AM (C);26;18K € - 65K €;North East-North;Germany;0,2;15,4;61%;0,0;28%;0;0,0;0,1;0,3;91%;13,1;0;0,1;0,4;0,2;0,1;0,2;0,6;0;2,8;0,5;0,4;0,1;0,0;2;0,1;0,9;0,0;0,0;0,3;0,6;0,1;0,0;0,1;0,1;0,0;0,1;0,9;5;0,0;0;2.45;2;0,1;0;1754
Monti Theiß;M (L), AM (RL);19;6K € - 65K €;Westphalia;Germany;2,0;5,4;42%;0,0;3%;0;0,0;1,9;0,5;88%;14,8;0;0,4;7,3;2,3;1,3;0,9;1,1;0;43,4;2,9;11,7;1,9;4,4;15;0,6;2,7;0,0;0,4;0,1;11,6;0,3;4,7;0,2;4,6;1,7;0,3;4,6;13;0,0;35;-2.05;17;0,3;0;1026
Miłosz Brzozowski;D/WB (L), DM, M (LC);21;14K € - 150K €;North East-North;Germany;2,9;16,4;33%;0,0;0%;0;0,0;1,6;0,2;85%;12,6;0;1,4;9,6;1,6;1,2;0,0;0,1;0;50,8;5,1;19,9;2,2;2,9;19;0,8;0,2;0,3;0,8;0,0;11,8;0,0;4,1;0,1;7,8;0,8;0,2;12,9;8;0,1;18;-0.16;24;0,0;0;1440
Nils Stendera;DM, M/AM (C);25;2K € - 20K €;Hessia;Germany;2,8;22,1;15%;0,1;8%;0;0,0;0,6;0,1;91%;4,2;0;0,9;6,1;1,3;0,6;0,3;0,1;0;52,1;5,4;8,8;0,7;0,1;12;0,0;0,6;0,2;0,4;0,0;11,1;0,1;3,0;0,1;0,0;1,8;0,1;0,0;0;0,2;60;-0.31;23;0,1;0;1875
Phil Sarrasch;D/WB/M/AM (R);24;0 € - 85K €;Lower Saxony;Germany;2,6;9,3;27%;0,0;5%;0;0,0;0,9;0,2;87%;9,2;0;0,7;6,8;1,4;0,9;0,6;0,4;0;41,9;3,5;13,8;0,9;2,1;21;1,5;1,7;0,0;0,4;0,1;12,2;0,1;4,5;0,2;5,7;2,4;0,3;5,7;25;0,2;53;-1.33;32;0,1;0;2006
Jean de Chatrié Doegl;D/WB/M/AM (R);21;12K € - 110K €;Hamburg;Germany;2,5;14,0;41%;0,0;21%;0;0,0;1,2;0,2;84%;12,7;0;0,9;5,3;0,9;0,9;0,6;0,8;0;51,1;5,7;11,0;1,5;1,0;13;0,4;2,0;0,3;0,3;0,4;10,7;0,2;5,6;0,1;2,8;3,5;0,3;7,0;9;0,5;63;2.66;13;0,2;0;1310
Bartu Silik;D (C);18;0 € - 50K €;Middle Rhine;Germany;2,9;14,3;17%;0,1;8%;0;0,0;0,2;0,1;89%;3,6;0;1,0;2,4;0,8;0,5;0,5;0,2;0;49,0;2,4;2,6;0,2;0,0;11;0,0;1,1;0,8;0,7;0,1;9,7;0,1;5,6;0,1;0,0;3,4;0,0;0,0;0;0,5;61;0.22;11;0,1;0;1973
Nico Tübing;M/AM (C);22;0 € - 55K €;Westphalia;Germany;0,0;12,0;41%;0,0;14%;0;0,0;0,2;0,3;0%;9,6;0;0,0;0,0;0,0;0,0;0,3;0,5;0;0,0;0,0;0,0;0,2;0,0;0;0,0;1,3;0,0;0,0;0,2;0,0;0,1;0,0;0,2;0,0;0,0;0,2;0,0;0;0,0;0;1.24;0;0,1;0;1580
Lars Bleker;D (RL), DM, M (C);31;14K € - 50K €;Westphalia;Germany;0,0;21,5;41%;0,0;6%;0;0,0;0,4;0,4;92%;10,1;0;0,0;0,1;0,0;0,0;0,3;0,3;0;0,5;0,0;0,2;0,4;0,0;1;0,0;0,8;0,0;0,0;0,0;0,2;0,1;0,1;0,3;0,0;0,1;0,4;0,0;100;0,0;100;-0.48;1;0,1;0;2000
Cem Dağ;D/WB/M/AM (L);22;5K € - 55K €;Lower Rhine;Germany;3,0;16,9;13%;0,0;0%;0;0,0;1,3;0,3;87%;11,1;0;1,5;6,5;1,4;1,0;0,2;0,0;0;54,8;5,9;15,1;1,3;1,0;20;0,3;0,4;0,5;0,9;0,0;12,3;0,0;3,9;0,3;3,1;2,3;0,3;3,1;11;0,2;58;-0.61;21;0,0;0;1801
Arlind Shoshi;M (RL), ST (C);28;0 € - 65K €;North East-South;Germany;0,9;2,0;46%;0,0;16%;0;0,0;0,9;0,0;89%;15,2;0;0,0;1,7;0,6;0,1;0,6;1,0;0;23,7;0,3;3,5;0,9;0,9;2;0,1;2,3;0,0;0,2;0,4;9,6;0,3;10,8;0,1;0,4;5,4;0,2;0,4;16;0,2;50;1.14;2;0,3;0;1472
Francis Ubabuike;M (L), AM (RL);31;0 € - 55K €;Baden-Württemberg;Germany;1,6;3,6;42%;0,0;21%;0;0,0;1,8;0,2;89%;20,5;0;0,4;6,7;1,8;1,2;0,4;0,6;0;42,8;3,0;11,7;1,8;3,8;20;0,5;1,5;0,0;0,2;0,3;11,3;0,2;4,9;0,2;4,8;2,1;0,1;4,8;11;0,2;42;2.22;26;0,2;0;1481
Leon Gümpel;M/AM (C), ST (C);26;0 €;North East-South;Germany;1,5;15,3;41%;0,0;9%;0;0,0;1,6;0,1;90%;16,2;0;0,6;4,1;1,1;0,2;0,6;0,6;0;40,5;2,1;7,1;1,6;0,8;3;0,1;1,4;0,0;0,1;0,1;11,7;0,2;5,0;0,1;1,2;1,9;0,1;1,4;4;0,2;38;-0.53;10;0,2;0;1448
Marcus Coffie;D (RC), DM;30;0 € - 60K €;Hamburg;Germany;2,7;19,5;13%;0,1;0%;0;0,0;0,3;0,2;88%;2,6;0;1,1;2,0;0,7;0,3;0,5;0,2;0;48,3;2,3;2,8;0,3;0,0;6;0,0;1,8;0,5;0,9;0,0;9,8;0,2;7,2;0,1;0,0;4,2;0,1;0,0;0;1,2;59;-3.67;9;0,2;0;1583
Darius Held;D (RLC), WB/M (R);27;0 €;Bavaria South;Germany;2,4;11,5;39%;0,0;14%;0;0,0;1,2;0,5;88%;9,9;0;0,6;6,5;1,2;0,7;0,6;0,7;0;47,3;4,3;12,9;1,2;1,6;14;1,0;1,9;0,1;0,3;0,3;11,8;0,2;4,4;0,3;5,0;1,9;0,3;5,0;19;0,3;44;0.36;21;0,2;0;1712
Tim Grupp;D (C), DM, M (C);30;50K € - 160K €;Baden-Württemberg;Germany;2,5;18,4;0%;0,1;0%;0;0,0;1,3;0,2;89%;7,3;0;0,7;5,2;1,2;0,9;0,3;0,0;0;38,2;4,1;8,3;2,4;0,2;16;0,1;0,5;0,3;0,2;0,0;10,0;0,0;2,2;0,1;0,3;1,4;0,3;6,6;10;0,1;63;-0.85;21;0,0;0;1571
Gordon Wild;M (R), AM (RLC), ST (C);30;2,5K € - 24K €;Lower Rhine;Germany;1,5;9,9;43%;0,0;14%;0;0,0;1,5;0,3;92%;15,1;0;0,7;4,3;1,2;0,7;0,7;0,9;0;32,6;1,8;11,2;1,5;2,6;13;0,4;2,0;0,0;0,1;0,3;10,7;0,2;7,3;0,2;2,5;2,4;0,2;2,5;17;0,1;33;0.37;17;0,2;0;1694
Leander Vochatzer;M/AM (C), ST (C);28;35K € - 350K €;Baden-Württemberg;Germany;0,1;17,6;33%;0,0;11%;0;0,0;0,5;0,4;71%;10,8;0;0,1;0,0;0,0;0,0;0,2;0,4;0;2,3;0,3;0,3;0,5;0,1;0;0,0;1,2;0,0;0,0;0,1;0,6;0,1;0,5;0,2;0,0;0,3;0,3;0,0;0;0,0;57;-0.19;0;0,1;0;1329
Eric Gründemann;GK;27;14K € - 130K €;Schleswig-Holstein;Germany;0,0;4,1;0%;0,0;0%;70;0,2;0,0;0,0;74%;5,5;3.72;5,3;0,0;0,0;0,0;0,0;0,0;90;27,1;0,0;0,0;0,2;0,0;0;0,0;0,0;0,0;0,0;0,0;4,6;0,0;0,0;0,0;0,0;0,0;0,0;0,0;0;0,0;0;0;3;0,0;9;1530
Benjamin Kindsvater;M (L), AM (RL);32;18K €;Baden-Württemberg;Germany;1,7;5,9;35%;0,0;16%;0;0,0;1,8;0,6;88%;15,8;0;0,8;8,0;2,0;1,0;0,4;0,6;0;42,3;3,4;13,1;1,8;4,1;17;1,0;1,8;0,0;0,3;0,3;11,1;0,2;3,8;0,1;6,0;0,8;0,2;6,0;17;0,0;20;2.24;26;0,2;0;1558
Ibrahim Temin;D/WB/M (L), AM (RLC);33;Not for Sale;Lower Saxony;Germany;1,3;8,7;36%;0,0;14%;0;0,0;1,9;0,1;91%;15,9;0;0,6;8,1;2,2;1,8;0,4;0,7;0;44,2;3,8;13,4;1,9;1,9;34;0,9;1,9;0,0;0,2;0,3;11,4;0,2;6,2;0,2;3,9;2,2;0,2;3,9;23;0,1;35;0.74;35;0,2;0;1669
Christoph Fenninger;AM (RC), ST (C);30;14K € - 150K €;Bavaria North;Germany;1,0;14,6;23%;0,0;6%;0;0,0;1,4;0,2;89%;15,0;0;0,2;4,1;1,1;0,3;0,6;0,4;0;38,3;1,9;10,0;1,4;0,9;7;0,3;1,8;0,0;0,1;0,1;11,9;0,2;5,1;0,0;1,4;1,4;0,0;1,4;24;0,1;28;-2.99;10;0,2;0;1800
Christopher Theisen;M (LC), AM (C);32;0 € - 75K €;RP/Saar;Germany;0,9;11,3;52%;0,0;26%;0;0,0;1,1;0,7;80%;11,7;0;0,4;3,4;1,2;0,8;0,2;0,6;0;26,6;2,9;6,9;1,3;0,7;16;0,4;1,1;0,0;0,1;0,3;6,6;0,2;2,9;0,4;1,6;0,8;0,1;2,1;26;0,0;27;2.61;17;0,2;0;1807
Edin Hyseni;M (R), AM (RL), ST (C);23;0 € - 60K €;Bavaria South;Germany;1,1;24,0;37%;0,0;10%;0;0,0;1,8;0,4;88%;9,7;0;0,2;4,7;1,2;0,8;0,7;0,7;0;44,1;2,1;8,2;2,0;2,6;12;0,9;1,9;0,0;0,1;0,2;11,7;0,2;4,8;0,2;2,4;2,1;0,3;2,4;39;0,3;43;0.21;14;0,2;0;1432
Keanu Hagley;DM, M (C);27;22K € - 80K €;Hessia;Germany;2,4;14,7;22%;0,1;11%;0;0,0;1,1;0,2;89%;6,7;0;1,1;4,3;1,3;0,6;0,1;0,1;0;48,7;3,7;9,8;1,1;0,0;9;0,0;0,6;0,2;0,5;0,1;12,1;0,1;2,6;0,2;0,2;1,4;0,2;0,2;0;0,1;54;0.15;15;0,1;0;1347
Nedim Pepić;D (L), DM, M/AM (C);28;0 € - 50K €;Baden-Württemberg;Germany;3,3;14,1;50%;0,1;0%;0;0,0;0,8;0,1;85%;11,7;0;1,0;5,2;1,1;0,5;0,1;0,2;0;41,7;4,4;8,0;0,8;0,1;8;0,2;0,4;0,4;0,6;0,0;8,9;0,1;3,1;0,0;1,3;2,2;0,1;1,3;15;0,5;71;-1.84;12;0,1;0;1311
Will Siakam;M (L), AM (RL), ST (C);30;0 € - 70K €;North East-North;Germany;2,4;5,2;46%;0,0;17%;0;0,0;0,9;0,2;82%;12,6;0;0,9;7,6;1,8;1,2;0,3;0,6;0;45,0;4,5;12,9;0,9;2,0;22;0,4;1,3;0,0;0,7;0,2;12,1;0,1;5,0;0,1;2,7;1,9;0,2;2,7;16;0,1;37;1.87;23;0,1;0;1649
Ikenna Ezeala;D/WB/M (L);24;4,5K € - 45K €;Bavaria South;Germany;4,6;14,6;25%;0,1;25%;0;0,0;1,4;0,2;82%;12,3;0;0,9;8,1;1,7;1,2;0,1;0,1;0;50,2;4,5;18,8;1,5;1,8;21;1,2;0,2;0,3;0,6;0,1;12,8;0,0;4,4;0,2;7,3;2,5;0,1;8,0;16;0,4;58;0.75;31;0,0;0;1562
Alexander Lipinski;M (L), AM (RLC);29;10K € - 40K €;Lower Rhine;Germany;1,6;5,3;52%;0,0;18%;0;0,0;1,4;0,3;88%;15,4;0;0,4;8,5;1,6;0,9;0,7;0,9;0;46,4;2,9;13,4;1,4;3,4;17;0,7;1,7;0,0;0,4;0,3;11,3;0,2;5,6;0,2;4,6;1,0;0,2;4,6;14;0,0;17;3;21;0,2;0;1752
Fabian Schäll;M/AM (R);35;0 € - 2,5K €;Bavaria North;Germany;1,7;13,5;50%;0,0;10%;0;0,0;1,9;0,4;90%;12,1;0;0,3;8,9;2,2;1,4;0,9;1,3;0;41,2;3,2;14,7;2,4;2,3;27;1,1;2,5;0,1;0,3;0,3;11,6;0,3;5,8;0,2;5,5;1,4;0,1;6,0;20;0,3;23;-0.86;33;0,3;0;1779
Elias Höftmann;GK;21;0 € - 40K €;North East-North;Germany;0,0;4,5;0%;0,0;0%;71;0,2;0,1;0,0;72%;5,8;3.24;5,6;0,0;0,0;0,0;0,0;0,0;89;25,1;0,0;0,0;0,1;0,0;0;0,0;0,0;0,0;0,0;0,0;5,2;0,0;0,0;0,0;0,0;0,0;0,0;0,0;0;0,0;0;0;3;0,0;20;1800
Nico Rinderknecht;D (C), DM, M (C);28;18K € - 65K €;Hessia;Germany;2,9;15,8;50%;0,1;9%;0;0,0;0,2;0,1;88%;4,0;0;0,9;2,7;0,8;0,5;0,4;0,6;0;40,3;2,1;2,5;0,2;0,1;8;0,0;1,3;0,7;0,3;0,1;9,0;0,1;5,6;0,1;0,0;3,8;0,1;0,0;0;0,9;67;0.22;9;0,1;0;1581
Max Mergner;DM, M (C);19;20K € - 190K €;Schleswig-Holstein;Germany;2,5;17,7;16%;0,1;5%;0;0,0;1,1;0,2;90%;5,6;0;1,6;6,5;1,2;0,7;0,4;0,2;0;53,8;3,2;9,2;1,1;0,0;9;0,2;1,5;0,1;0,7;0,1;11,6;0,1;3,7;0,1;0,2;1,8;0,2;0,2;100;0,5;48;-0.02;14;0,1;0;1170
Christian Gawe;DM, M/AM (C), ST (C);33;1K € - 9K €;North East-North;Germany;1,7;11,2;34%;0,0;9%;0;0,0;1,4;0,2;88%;24,4;0;0,4;3,2;0,9;0,5;0,5;0,6;0;40,9;1,9;10,4;1,4;1,2;9;0,3;1,7;0,0;0,3;0,2;12,2;0,1;5,3;0,1;0,9;2,1;0,2;1,4;25;0,1;39;0.37;9;0,1;0;1689
Fabio Parduhn;AM (C), ST (C);30;0 € - 75K €;Hamburg;Germany;0,3;4,0;42%;0,0;16%;0;0,0;0,8;0,2;90%;12,8;0;0,1;1,7;0,8;0,2;1,2;1,4;0;24,3;0,4;3,7;0,8;0,4;4;0,1;3,3;0,0;0,0;0,5;9,5;0,3;10,8;0,1;0,6;3,1;0,1;0,6;8;0,2;28;3.31;5;0,3;0;1733
Bilal Zabadne;GK;27;12K € - 120K €;Hessia;Germany;0,0;4,8;0%;0,0;0%;74;0,4;0,0;0,0;74%;6,2;8.15;5,7;0,0;0,0;0,0;0,0;0,0;88;25,3;0,0;0,0;0,0;0,0;0;0,0;0,0;0,0;0,0;0,0;5,1;0,0;0,0;0,0;0,0;0,0;0,0;0,0;0;0,0;0;0;0;0,0;14;1890
Ridel Monteiro;DM, M (C), AM (RC);29;2K € - 22K €;Hamburg;Germany;2,5;17,0;15%;0,1;5%;0;0,0;0,8;0,3;90%;6,1;0;0,9;4,9;1,3;1,3;0,5;0,2;0;44,8;3,3;9,4;0,8;0,4;25;0,1;1,0;0,3;0,6;0,1;11,4;0,1;2,0;0,2;0,6;1,0;0,2;0,6;16;0,0;51;-1.07;26;0,1;0;1761
Linus Meyer;M (C), AM (RLC);33;500 € - 6K €;Hamburg;Germany;1,3;21,4;50%;0,0;21%;0;0,0;1,0;0,4;87%;7,1;0;0,9;3,1;0,8;0,7;0,3;0,4;0;34,3;4,4;6,7;1,3;0,1;14;0,1;0,7;0,1;0,4;0,2;8,3;0,1;1,3;0,2;0,3;0,4;0,3;0,3;20;0,0;33;1.02;18;0,1;0;1719
Stefan Schmidt;GK;36;0 €;North East-North;Germany;0,0;3,0;0%;0,0;0%;65;-0,1;0,0;0,0;61%;7,4;-2.43;4,1;0,0;0,0;0,0;0,0;0,0;90;25,5;0,0;0,0;0,0;0,0;0;0,0;0,0;0,0;0,0;0,0;5,1;0,0;0,0;0,0;0,0;0,0;0,0;0,0;0;0,0;0;0;0;0,0;21;1710
Niklas Dörr;AM (L), ST (C);20;0 €;Baden-Württemberg;Germany;1,6;12,3;38%;0,1;13%;0;0,0;2,0;0,2;91%;14,6;0;0,4;8,9;2,3;1,5;0,8;0,8;0;45,2;4,2;12,5;2,0;3,2;29;0,7;2,0;0,0;0,1;0,3;11,7;0,2;5,7;0,3;4,7;2,0;0,3;4,7;13;0,1;35;1;36;0,2;0;1766
Hassan Ali;D (L);20;14K € - 140K €;Middle Rhine;Germany;4,1;15,1;50%;0,1;0%;0;0,0;0,5;0,2;81%;13,2;0;1,6;4,8;1,0;1,0;0,0;0,1;0;52,7;5,5;11,1;0,5;0,6;19;0,1;0,1;0,9;0,9;0,0;11,8;0,0;5,4;0,1;1,8;3,3;0,1;1,8;5;0,4;61;-0.23;24;0,0;0;1694
Nicolas Jann;M/AM (RL);33;3K € - 30K €;Baden-Württemberg;Germany;2,1;9,6;26%;0,0;10%;0;0,0;2,0;0,7;90%;12,9;0;0,2;9,2;1,9;1,5;1,0;0,8;0;44,6;3,5;14,2;3,1;3,5;31;1,0;3,0;0,0;0,1;0,3;11,7;0,3;5,6;0,4;5,0;1,2;0,3;10,5;17;0,2;21;-0.43;33;0,3;0;1854
Younes Azahaf;M (L), AM (RL);21;40K € - 375K €;Baden-Württemberg;Germany;1,8;4,5;63%;0,0;26%;0;0,0;2,2;0,2;88%;15,1;0;0,4;6,9;1,6;1,2;0,4;0,9;0;44,0;3,8;10,5;2,2;3,5;15;1,4;1,5;0,0;0,1;0,4;11,0;0,1;6,7;0,3;4,8;2,4;0,0;4,8;29;0,1;36;3.06;19;0,1;0;1169
Hendrik Mittelstädt;ST (C);26;16K € - 160K €;Hessia;Germany;0,7;2,9;48%;0,0;12%;0;0,0;0,5;0,1;87%;14,8;0;0,3;1,0;0,3;0,0;0,7;1,2;0;24,8;0,2;3,7;0,5;0,6;0;0,0;2,5;0,0;0,1;0,3;10,1;0,3;10,1;0,2;0,3;4,3;0,1;1,8;11;0,1;43;-0.42;1;0,3;0;1811
Aaron Osei Bonsu;M (R), AM (RL);20;0 € - 50K €;Westphalia;Germany;2,1;5,1;51%;0,0;14%;0;0,0;1,5;0,1;89%;13,4;0;0,8;8,4;1,5;1,0;0,5;1,1;0;42,9;2,7;11,0;1,5;4,7;16;1,1;2,2;0,0;0,3;0,3;11,7;0,2;4,3;0,1;6,6;0,8;0,0;6,6;17;0,1;18;1.54;18;0,2;0;1419
Sadrak-Kalemba Nankishi;M (R), AM (RL), ST (C);25;26K € - 90K €;Bremen;Germany;1,6;6,5;52%;0,0;10%;0;0,0;2,3;0,5;86%;10,5;0;0,5;8,0;1,9;1,3;0,7;1,1;0;38,6;5,2;13,4;2,3;2,2;18;1,9;2,1;0,0;0,2;0,2;12,9;0,3;2,9;0,3;7,1;0,0;0,4;7,1;26;0,0;0;-0.94;27;0,3;0;1239
Florian Baak;D (RC);26;14K € - 140K €;North East-North;Germany;4,0;14,8;18%;0,2;0%;0;0,0;0,3;0,0;83%;4,5;0;1,0;3,0;1,0;0,7;0,1;0,1;0;45,7;2,1;4,8;0,3;0,1;13;0,2;0,6;0,3;0,7;0,0;10,5;0,0;6,9;0,1;0,5;4,9;0,1;0,5;30;0,6;72;-0.71;13;0,0;0;1753
Malik Memišević;AM (R), ST (C);24;26K € - 90K €;Bremen;Germany;0,6;4,3;44%;0,0;13%;0;0,0;0,8;0,1;90%;14,2;0;0,3;1,4;0,3;0,1;1,4;1,9;0;23,1;0,2;3,5;0,8;0,8;2;0,1;4,3;0,0;0,1;0,5;9,0;0,4;11,0;0,2;0,2;3,7;0,2;0,2;33;0,0;34;1.41;2;0,4;0;1327
Kevin Coleman;AM (RL), ST (C);27;2,5K € - 26K €;North East-North;Germany;0,7;3,1;44%;0,0;18%;0;0,0;0,7;0,3;90%;13,9;0;0,2;1,3;0,6;0,3;0,8;1,3;0;23,7;0,5;4,7;0,7;0,5;6;0,1;2,9;0,0;0,1;0,5;9,3;0,4;9,0;0,1;0,4;2,1;0,2;0,4;12;0,0;24;2.77;9;0,4;0;1723
Karl Pischon;GK;21;0 € - 90K €;North East-South;Germany;0,0;6,2;0%;0,0;0%;65;-0,1;0,0;0,0;64%;6,4;-0.94;4,7;0,0;0,0;0,0;0,0;0,0;89;26,5;0,0;0,0;0,0;0,0;0;0,0;0,0;0,0;0,0;0,0;5,5;0,0;0,0;0,0;0,0;0,0;0,0;0,0;0;0,0;0;0;1;0,0;14;1260
Lennox Afolabi;D/WB/M (R);19;55K € - 190K €;Lower Rhine;Germany;2,7;13,4;28%;0,1;12%;0;0,0;1,1;0,3;83%;14,1;0;1,2;6,2;2,5;1,8;0,3;0,4;0;51,9;6,7;13,7;1,1;0,4;32;0,2;1,4;0,5;0,3;0,2;11,2;0,1;5,1;0,1;2,4;3,5;0,1;2,4;9;0,6;70;0.8;32;0,1;0;1579
Nico Theisinger;DM, M/AM (C);22;4K € - 40K €;RP/Saar;Germany;1,5;26,1;30%;0,0;11%;0;0,0;1,9;0,2;90%;15,4;0;0,4;4,1;1,2;0,4;0,4;0,4;0;42,2;1,9;8,1;2,4;0,5;7;0,2;1,5;0,0;0,1;0,2;11,7;0,1;6,0;0,1;1,1;2,0;0,2;1,3;16;0,1;33;0.49;9;0,1;0;1607
Pepijn Schlösser;D/WB/M (R);27;0 € - 80K €;Middle Rhine;Germany;3,1;18,3;14%;0,1;9%;0;0,0;1,0;0,3;85%;8,4;0;1,0;4,6;0,9;0,9;0,6;0,3;0;50,7;6,1;13,5;1,0;0,6;15;0,4;2,0;0,3;0,6;0,2;10,9;0,2;4,4;0,2;2,4;3,0;0,2;9,5;15;0,3;68;-1.22;19;0,2;0;1551
Metin Kizil;AM (C), ST (C);31;0 € - 60K €;Middle Rhine;Germany;0,5;4,4;47%;0,0;9%;0;0,0;0,7;0,1;92%;14,2;0;0,1;1,7;0,5;0,2;1,8;1,8;0;23,1;0,4;3,2;0,8;0,5;3;0,0;3,8;0,0;0,0;0,3;9,3;0,3;8,4;0,1;0,3;2,4;0,2;0,3;0;0,0;29;0.76;5;0,3;0;1661
Clinton Williams-Emmanuel;AM (L), ST (C);24;14K € - 150K €;Middle Rhine;Germany;0,7;2,1;66%;0,0;26%;0;0,0;0,9;0,1;87%;13,9;0;0,1;2,0;0,7;0,4;0,9;1,6;0;26,0;0,5;3,7;0,9;1,1;6;0,1;2,4;0,0;0,0;0,6;10,3;0,2;9,8;0,1;0,6;5,6;0,1;0,6;22;0,1;57;5.59;7;0,2;0;1328
Maximilian Wagner;ST (C);21;55K € - 550K €;Baden-Württemberg;Germany;1,0;2,4;49%;0,0;15%;0;0,0;0,7;0,1;88%;14,4;0;0,3;1,0;0,2;0,2;0,5;1,4;0;27,0;0,4;3,4;0,7;1,1;3;0,1;2,8;0,0;0,0;0,4;10,1;0,4;8,4;0,2;0,1;1,7;0,1;0,1;50;0,0;21;-0.19;3;0,4;0;1494
Malte Brüning;GK;21;70K € - 230K €;RP/Saar;Germany;0,0;5,7;0%;0,0;0%;66;-0,2;0,0;0,0;65%;5,8;-2.77;5,6;0,0;0,0;0,0;0,0;0,0;90;26,2;0,0;0,0;0,0;0,0;0;0,0;0,0;0,0;0,0;0,0;5,4;0,0;0,0;0,0;0,0;0,0;0,0;0,0;0;0,0;0;0;1;0,0;18;1440
Julian Wolff;D (RC), DM;33;0 € - 35K €;Lower Saxony;Germany;3,9;20,1;18%;0,1;0%;0;0,0;0,1;0,0;85%;2,6;0;1,1;3,1;0,9;0,4;0,3;0,2;0;45,5;1,8;3,3;0,2;0,0;8;0,1;1,1;0,6;0,5;0,0;9,8;0,1;7,0;0,0;0,2;5,2;0,1;0,5;18;1,3;75;-2.7;15;0,1;0;1869
Sven Kreyer;ST (C);34;0 € - 14K €;Lower Rhine;Germany;0,7;5,8;43%;0,0;14%;0;0,0;1,3;0,3;90%;12,7;0;0,1;1,9;0,5;0,3;0,9;1,5;0;27,8;0,4;4,0;1,4;0,8;3;0,0;3,5;0,0;0,3;0,5;9,4;0,4;11,4;0,2;0,3;2,7;0,3;0,3;0;0,1;24;1.17;3;0,4;0;1074
Johannes Siregar;D (RC), DM;24;0 €;Westphalia;Germany;3,1;19,3;17%;0,1;4%;0;0,0;0,6;0,1;86%;7,9;0;1,0;4,1;1,3;0,8;0,4;0,3;0;50,0;3,9;6,8;0,6;0,2;13;0,1;1,5;0,5;0,5;0,1;10,5;0,2;4,9;0,1;1,2;3,8;0,0;1,2;10;0,6;78;-1.65;13;0,2;0;1402
Firat Tuncer;D (C), DM;30;3K € - 30K €;Middle Rhine;Germany;3,3;21,6;14%;0,1;7%;0;0,0;0,2;0,0;85%;2,4;0;1,0;2,3;1,1;0,6;0,4;0,2;0;44,2;2,3;3,3;0,2;0,0;12;0,0;1,4;0,1;0,3;0,1;9,9;0,1;6,4;0,0;0,1;4,9;0,1;0,1;0;1,4;77;-0.58;16;0,1;0;1810
Fabian Scherger;GK;23;2,5K € - 26K €;Bavaria South;Germany;0,3;5,8;0%;0,0;0%;72;0,1;0,0;0,0;53%;8,2;1.38;4,7;0,0;0,0;0,0;0,0;0,0;90;27,2;0,2;0,0;0,0;0,0;0;0,0;0,0;0,0;0,0;0,0;5,2;0,0;0,0;0,0;0,0;0,0;0,0;0,0;0;0,0;0;0;0;0,0;13;1653
Onur Uzun;AM (RLC), ST (C);27;0 € - 50K €;Bremen;Germany;1,0;2,0;46%;0,0;20%;0;0,0;0,8;0,0;93%;15,1;0;0,1;1,4;0,4;0,2;0,8;1,5;0;28,1;0,3;4,4;1,2;1,0;3;0,1;3,1;0,0;0,4;0,6;9,6;0,4;9,4;0,1;0,2;2,9;0,1;0,2;33;0,1;30;3.99;3;0,4;0;1604
Davis Bautista;D (C), DM;20;22K € - 220K €;Hessia;Germany;2,8;13,9;38%;0,1;25%;0;0,0;0,4;0,1;83%;4,9;0;1,0;3,9;1,1;0,5;0,1;0,2;0;48,1;3,5;5,4;0,4;0,1;7;0,0;0,5;0,3;0,7;0,1;10,5;0,1;5,0;0,1;0,1;3,0;0,1;0,1;0;0,5;59;0.35;10;0,1;0;1360
Mick Schmetgens;D (C);18;50K € - 500K €;Bremen;Germany;3,2;26,4;3%;0,1;0%;0;0,0;0,1;0,3;89%;1,6;0;0,8;2,5;0,8;0,2;0,7;0,1;0;44,7;2,2;2,4;0,1;0,0;3;0,0;2,2;0,4;0,3;0,0;9,4;0,3;7,7;0,1;0,0;6,0;0,1;0,0;0;2,0;78;-3.71;6;0,3;0;1281
Jenno Campagne;DM, M (LC);22;0 €;Bremen;Germany;1,9;24,4;17%;0,0;7%;0;0,0;1,3;1,3;89%;4,6;0;0,8;5,2;1,1;0,8;0,4;0,3;0;60,5;5,6;10,4;2,3;0,1;14;0,0;1,7;0,3;0,2;0,1;12,1;0,1;2,1;0,5;0,4;1,2;0,8;7,6;6;0,2;58;0.05;19;0,1;0;1572
Linus Wimmer;DM, M (LC), AM (C);27;18K € - 65K €;RP/Saar;Germany;0,4;14,1;47%;0,0;18%;0;0,0;0,6;0,3;81%;13,6;0;0,1;3,0;0,7;0,6;0,4;0,7;0;13,5;1,4;3,5;0,6;0,5;7;0,0;1,4;0,0;0,2;0,2;3,6;0,2;1,1;0,1;0,3;0,4;0,2;0,4;0;0,0;36;0.89;8;0,2;0;1099
Gideon Guzy;D/WB/M (L);22;3K € - 28K €;Westphalia;Germany;3,5;16,3;33%;0,0;11%;0;0,0;1,5;0,2;86%;9,2;0;1,2;6,2;1,9;1,9;0,2;0,2;0;55,5;6,2;14,9;1,5;1,0;24;1,1;0,7;0,5;0,6;0,1;11,8;0,1;5,1;0,1;3,9;1,8;0,2;3,9;29;0,6;37;-0.24;26;0,1;0;1119
Lennart Baum;DM, M (C);19;6K € - 65K €;Bremen;Germany;2,2;20,0;11%;0,0;0%;0;0,0;1,5;0,5;87%;3,7;0;1,1;5,7;1,4;0,9;0,4;0,2;0;46,6;5,5;10,0;1,6;0,1;14;0,1;1,7;0,1;0,4;0,0;12,2;0,2;2,1;0,2;0,3;0,8;0,3;0,3;40;0,2;38;-3.7;19;0,2;0;1424
Georgios Pintidis;DM, M/AM (C);25;16K € - 150K €;Baden-Württemberg;Germany;1,9;20,4;17%;0,1;0%;0;0,0;1,4;0,7;88%;5,8;0;0,9;4,0;2,1;1,6;0,2;0,2;0;47,2;5,5;8,6;1,4;0,2;19;0,0;1,0;0,2;0,2;0,0;10,8;0,1;3,8;0,3;0,1;1,7;0,4;0,1;0;0,5;46;-1.41;19;0,1;0;1095
Hugo Luís Afonso;DM, M (C);20;100K € - 350K €;Lower Saxony;Germany;2,3;18,5;15%;0,1;8%;0;0,0;1,3;0,3;85%;5,7;0;1,2;6,2;1,3;1,1;0,4;0,2;0;48,5;5,9;8,5;1,3;0,1;12;0,1;1,2;0,2;0,4;0,1;11,5;0,1;3,5;0,2;0,4;2,6;0,6;0,4;20;0,9;73;-0.67;15;0,1;0;1017
Ilias Anan;M (L), AM (LC);29;0 € - 85K €;Westphalia;Germany;1,7;5,8;56%;0,0;24%;0;0,0;1,5;0,7;90%;14,3;0;0,4;7,8;2,0;1,2;0,4;0,9;0;42,2;3,4;13,8;1,5;3,0;25;0,7;1,6;0,0;0,4;0,4;11,8;0,2;5,1;0,5;4,8;0,9;0,3;4,8;14;0,1;18;4.27;28;0,2;0;1935
Dominik Klann;D (C), DM, M (C);26;0 € - 60K €;Lower Saxony;Germany;2,6;13,0;18%;0,1;6%;0;0,0;1,0;0,6;87%;5,2;0;0,8;3,6;1,3;1,3;0,3;0,2;0;45,9;4,9;9,5;1,0;0,1;23;0,2;0,9;0,4;0,4;0,1;11,7;0,1;3,6;0,2;0,2;2,8;0,2;0,2;75;0,3;76;-0.68;24;0,1;0;1631
Onyeka Osemene;AM (RL), ST (C);30;18K € - 65K €;RP/Saar;Germany;0,8;2,4;52%;0,0;20%;0;0,0;0,8;0,1;90%;15,0;0;0,1;1,7;0,7;0,2;0,9;1,3;0;26,6;0,5;5,3;0,8;0,7;3;0,0;2,4;0,0;0,2;0,5;9,8;0,2;10,2;0,1;0,3;4,6;0,1;1,7;6;0,1;45;5.08;4;0,2;0;1618
Philip Einsiedel;D/WB/M/AM (L);30;16K € - 55K €;North East-North;Germany;2,7;12,1;25%;0,1;25%;0;0,0;1,6;0,2;87%;13,4;0;0,9;7,3;1,9;1,4;0,1;0,1;0;48,9;4,0;19,0;1,6;2,9;27;1,6;0,2;0,3;0,4;0,1;13,1;0,0;3,8;0,1;7,2;2,0;0,1;12,1;17;0,5;51;0.4;36;0,0;0;1692
Leon Waldminghaus;D/WB (R), DM, M/AM (RC);25;0 € - 75K €;RP/Saar;Germany;1,5;11,6;37%;0,1;16%;0;0,0;1,6;0,4;90%;11,7;0;0,8;5,9;1,8;1,5;1,0;0,9;0;41,3;2,5;8,3;1,9;3,7;22;1,3;2,5;0,0;0,3;0,4;11,2;0,2;4,8;0,3;4,8;1,3;0,3;4,8;26;0,1;28;2.51;23;0,2;0;1352
Hendrik Starostzik;D (C), DM;34;0 € - 2K €;Hessia;Germany;2,8;22,9;32%;0,2;4%;0;0,0;0,5;0,2;87%;3,6;0;1,3;2,5;0,7;0,4;0,6;0,4;0;45,5;2,4;4,0;0,5;0,0;8;0,0;1,3;0,7;0,7;0,0;10,1;0,2;7,8;0,2;0,0;5,7;0,1;0,0;0;0,9;74;-2.36;9;0,2;0;1980
Alexander Götz;M (R), AM (C), ST (C);33;0 € - 30K €;Baden-Württemberg;Germany;0,9;4,7;56%;0,0;20%;0;0,0;0,7;0,2;91%;16,2;0;0,3;0,8;0,4;0,1;0,9;1,4;0;24,0;0,4;3,7;1,2;0,3;2;0,1;2,4;0,0;0,0;0,5;10,1;0,2;10,6;0,1;0,4;3,0;0,1;3,2;13;0,0;28;5.65;3;0,2;0;1853
Marvin Benjamins;WB/M/AM (L);23;0 € - 22K €;Westphalia;Germany;1,6;5,9;29%;0,0;6%;0;0,0;1,6;0,6;88%;15,3;0;0,6;7,9;1,4;1,2;1,1;0,8;0;46,4;3,2;14,2;1,9;4,1;22;0,7;2,8;0,0;0,3;0,2;11,8;0,3;5,9;0,2;3,6;1,1;0,2;6,8;16;0,2;19;-3.09;24;0,3;0;1658
Timo Nichau;M (L), AM (RLC);26;0 €;Lower Saxony;Germany;1,9;15,9;45%;0,0;9%;0;0,0;1,4;0,3;88%;18,7;0;0,6;5,6;1,6;0,8;0,2;0,2;0;46,8;3,4;15,7;1,4;1,6;18;0,7;0,5;0,2;0,2;0,0;12,4;0,1;3,7;0,1;3,9;1,5;0,0;5,8;17;0,0;40;-0.18;20;0,1;0;1913
Ryan Acar;DM, M/AM (C);19;26K € - 275K €;Westphalia;Germany;1,7;9,8;31%;0,0;13%;0;0,0;0,9;0,3;90%;13,7;0;0,6;3,5;1,0;0,7;0,5;0,6;0;42,6;1,9;8,6;1,1;0,3;13;0,0;1,8;0,2;0,3;0,2;11,5;0,2;4,5;0,1;0,6;1,7;0,1;0,6;0;0,3;38;0.36;13;0,2;0;1629
Elias Heidebrecht;M (R), AM (RL);17;18K € - 190K €;Middle Rhine;Germany;2,4;3,6;18%;0,0;0%;0;0,0;1,0;0,2;88%;16,2;0;0,7;8,8;1,7;1,5;0,3;0,2;0;45,2;3,6;8,1;1,0;2,4;18;1,9;0,9;0,0;0,5;0,0;13,4;0,1;5,0;0,1;7,0;1,3;0,2;7,0;26;0,0;26;-1.45;22;0,1;0;1050
Fabiano Krasnić;M/AM (RC);20;40K € - 400K €;Westphalia;Germany;2,2;5,5;27%;0,0;17%;0;0,0;1,4;0,4;89%;14,5;0;0,5;7,0;1,6;0,7;0,7;0,7;0;39,9;2,4;13,3;1,4;3,9;8;1,5;2,7;0,0;0,2;0,4;11,3;0,4;2,7;0,1;6,9;0,6;0,1;6,9;21;0,0;23;0.72;11;0,4;0;1017
Wal Fall;DM, M (C);33;18K € - 60K €;RP/Saar;Germany;2,5;23,1;25%;0,1;0%;0;0,0;0,6;0,2;88%;3,9;0;1,6;5,2;1,7;0,8;0,3;0,2;0;46,8;3,1;9,6;0,6;0,1;16;0,0;0,8;0,2;0,4;0,0;11,9;0,1;2,9;0,2;0,2;2,0;0,1;0,2;0;0,3;69;-2.68;28;0,1;0;1718
Rinor Rexha;M (C), AM (LC), ST (C);26;5K € - 50K €;Lower Rhine;Germany;0,9;5,1;43%;0,0;18%;0;0,0;1,2;0,1;90%;11,9;0;0,2;1,3;0,6;0,2;0,8;1,2;0;24,9;0,6;4,7;1,2;0,8;3;0,1;2,8;0,0;0,2;0,5;10,0;0,4;9,5;0,0;0,4;1,7;0,1;0,4;14;0,1;18;2.35;5;0,4;0;1557
Laurynas Kulikas;AM (RL), ST (C);31;500 € - 4K €;Schleswig-Holstein;Germany;1,9;4,1;53%;0,0;16%;0;0,0;1,5;0,1;89%;14,9;0;0,0;8,7;1,9;1,4;1,3;1,7;0;42,6;2,7;10,0;1,5;3,3;16;0,7;3,2;0,0;0,2;0,5;11,4;0,4;6,7;0,1;5,0;3,0;0,3;5,0;13;0,1;45;1.33;19;0,4;0;1053
Patrick Weimar;D (L), DM, M (C);30;24K € - 80K €;Bavaria North;Germany;3,6;19,0;17%;0,0;0%;0;0,0;0,7;0,2;88%;10,0;0;0,9;5,6;1,7;1,1;0,1;0,1;0;56,0;5,5;11,1;0,7;0,4;22;0,4;0,3;0,8;0,4;0,0;11,5;0,0;4,9;0,0;1,9;3,4;0,0;2,1;19;0,6;69;-0.61;25;0,0;0;1791
Kevin Ikpide;D (C), DM, M (C);28;0 € - 70K €;Baden-Württemberg;Germany;2,4;19,7;17%;0,1;0%;0;0,0;0,6;0,1;88%;5,3;0;1,2;4,4;1,6;1,0;0,2;0,1;0;52,1;2,9;9,2;0,6;0,0;17;0,1;0,4;0,4;0,5;0,0;11,9;0,0;3,6;0,1;0,2;1,5;0,0;0,2;33;0,4;42;-0.63;23;0,0;0;1541
Lukas Riglewski;M/AM (L), ST (C);32;0 € - 35K €;Bavaria South;Germany;0,6;3,4;53%;0,0;18%;0;0,0;1,3;0,1;86%;13,0;0;0,1;1,7;0,8;0,5;0,8;1,9;0;28,6;1,0;4,7;1,8;0,6;7;0,2;3,6;0,0;0,1;0,6;10,3;0,5;9,4;0,2;0,6;1,9;0,2;0,6;33;0,1;20;0.53;9;0,6;0;1292
Dennis Krob;M (R), ST (C);33;8K € - 28K €;RP/Saar;Germany;1,0;2,9;58%;0,0;18%;0;0,0;0,7;0,7;87%;14,9;0;0,2;1,7;0,7;0,3;1,5;2,4;0;26,8;0,5;8,6;1,4;0,7;4;0,2;4,1;0,0;0,2;0,7;9,7;0,4;10,2;0,4;0,3;1,5;0,4;8,5;10;0,1;14;3.57;7;0,4;0;1103
Martin Zurawsky;DM, M (LC), AM (C);35;0 € - 7K €;North East-South;Germany;2,9;16,7;20%;0,0;7%;0;0,0;1,1;0,9;88%;7,8;0;1,5;5,9;1,1;0,9;0,3;0,2;0;49,1;5,4;7,8;1,1;0,2;15;0,1;0,9;0,0;0,6;0,1;10,5;0,1;2,5;0,2;0,2;1,6;0,2;0,2;25;0,3;64;-0.1;18;0,1;0;1577
Justin Gerlach;D (LC);35;0 € - 6K €;North East-North;Germany;3,3;23,0;22%;0,1;11%;0;0,0;0,1;0,1;84%;2,3;0;0,7;2,8;0,9;0,1;0,3;0,2;0;44,5;2,3;3,2;0,6;0,0;2;0,0;0,9;0,9;0,4;0,1;10,0;0,1;7,2;0,1;0,0;5,6;0,0;7,3;11;1,6;77;0.14;8;0,1;0;1817
Masahiro Fujiwara;WB/M (R), AM (RL);24;18K € - 65K €;RP/Saar;Germany;2,0;7,3;32%;0,0;18%;0;0,0;1,9;0,5;91%;15,9;0;0,6;8,8;1,1;0,8;0,8;0,6;0;43,1;3,2;12,3;1,9;3,7;14;1,3;1,9;0,0;0,5;0,3;11,7;0,2;4,3;0,2;4,6;0,7;0,3;10,5;17;0,0;17;3.17;16;0,2;0;1582
Marcel Schelle;DM, M/AM (C);28;0 € - 45K €;Bavaria North;Germany;0,2;13,2;43%;0,0;14%;0;0,0;0,2;0,5;84%;12,6;0;0,1;0,4;0,0;0,1;0,3;0,4;0;6,6;0,6;0,7;0,9;0,0;1;0,0;0,9;0,0;0,0;0,1;1,0;0,1;0,3;0,4;0,0;0,1;0,2;4,7;7;0,0;50;0.48;1;0,1;0;1374
Nicolas Böhnke;D (LC);18;6K € - 60K €;Bavaria South;Germany;3,4;18,9;33%;0,1;19%;0;0,0;0,2;0,1;88%;3,7;0;1,4;3,2;0,9;0,3;0,6;0,4;0;48,9;2,6;3,5;0,2;0,1;5;0,0;1,2;0,5;0,8;0,2;10,1;0,1;5,9;0,1;0,2;4,1;0,1;0,2;0;0,9;68;2.76;7;0,1;0;1530
Abdulkadir Beyazit;AM (RL), ST (C);29;0 € - 70K €;North East-North;Germany;0,7;2,4;52%;0,0;17%;0;0,0;1,0;0,2;90%;15,6;0;0,2;1,8;1,0;0,1;0,6;0,8;0;27,3;0,8;3,8;1,0;0,7;2;0,1;1,5;0,0;0,1;0,3;9,3;0,1;10,1;0,1;0,7;1,8;0,1;0,7;9;0,1;18;2.37;3;0,1;0;1378
Kevin Nennhuber;D (LC), DM;37;0 € - 1,5K €;Hessia;Germany;3,0;20,5;20%;0,1;0%;0;0,0;0,1;0,0;84%;2,2;0;1,6;3,0;1,2;0,5;0,1;0,0;0;48,0;1,9;2,8;0,1;0,0;11;0,0;0,2;1,0;0,5;0,0;9,6;0,0;6,7;0,0;0,1;4,9;0,0;0,1;0;1,7;73;-0.66;17;0,0;0;1890
Leon Nübel;GK;21;0 € - 120K €;Westphalia;Germany;0,0;6,2;0%;0,0;0%;71;0,0;0,0;0,0;67%;6,3;1.09;5,4;0,0;0,0;0,0;0,0;0,0;89;27,4;0,0;0,0;0,1;0,0;0;0,0;0,0;0,0;0,0;0,0;4,7;0,0;0,0;0,0;0,0;0,0;0,0;0,0;0;0,0;0;0;1;0,0;17;1980
Neal Gibs;D/WB (RL);23;0 € - 20K €;RP/Saar;Germany;2,6;14,9;0%;0,0;0%;0;0,0;1,2;0,3;87%;11,8;0;0,8;5,6;1,6;1,4;0,2;0,0;0;54,3;6,0;14,4;1,2;0,9;25;0,3;0,7;0,3;0,4;0,0;11,7;0,1;5,6;0,1;3,3;3,3;0,2;3,3;8;0,8;59;-0.95;28;0,1;0;1629
Ünal Tosun;DM, M (LC), AM (C);33;0 € - 65K €;Bavaria South;Germany;2,5;19,1;44%;0,0;11%;0;0,0;1,9;0,4;89%;10,1;0;0,5;5,0;1,7;0,8;0,8;1,0;0;45,0;3,5;11,6;3,1;0,9;16;0,1;2,3;0,1;0,3;0,3;12,3;0,3;4,6;0,2;0,9;1,6;0,2;7,4;10;0,3;36;-0.04;20;0,3;0;1759
Franz Langhoff;GK;26;0 € - 55K €;Lower Rhine;Germany;0,0;8,5;0%;0,0;0%;70;0,2;0,0;0,0;69%;5,0;5.35;5,9;0,0;0,0;0,0;0,0;0,0;87;26,0;0,0;0,0;0,0;0,0;1;0,0;0,0;0,0;0,0;0,0;4,4;0,0;0,0;0,0;0,0;0,0;0,0;0,0;0;0,0;0;0;4;0,0;25;1980
Dennis Arnst;D/WB/M/AM (R);20;35K € - 110K €;RP/Saar;Germany;3,6;12,2;30%;0,1;10%;0;0,0;1,2;0,3;84%;15,6;0;1,6;3,5;1,4;1,0;0,5;0,5;0;52,7;5,6;11,7;1,2;0,3;17;0,1;1,7;0,2;0,3;0,2;11,2;0,2;4,1;0,3;2,2;2,8;0,3;2,2;2;0,4;68;-0.84;25;0,2;0;1563
Matti Kamenz;GK;27;14K € - 50K €;North East-South;Germany;0,0;4,2;0%;0,0;0%;72;-0,1;0,0;0,0;65%;7,3;-2.03;3,7;0,0;0,0;0,0;0,0;0,0;89;27,0;0,0;0,0;0,0;0,0;0;0,0;0,0;0,0;0,0;0,0;5,5;0,0;0,0;0,0;0,0;0,0;0,0;0,0;0;0,0;0;0;0;0,0;17;1890
Lenny Borges;D/WB/M (R);24;0 € - 10K €;Schleswig-Holstein;Germany;3,4;11,1;22%;0,1;7%;0;0,0;1,3;0,1;90%;10,2;0;1,2;6,4;1,7;1,0;0,8;0,6;0;50,2;5,5;11,2;1,3;0,6;19;0,7;2,5;0,1;0,4;0,2;10,7;0,2;5,5;0,2;2,9;3,3;0,6;2,9;25;0,4;61;-1.05;25;0,2;0;1629
Akim Kister;D/WB (R), DM, M (RC);19;24K € - 230K €;Middle Rhine;Germany;2,4;14,6;18%;0,0;0%;0;0,0;0,3;0,1;89%;6,1;0;0,7;5,9;1,5;1,0;0,3;0,2;0;57,3;4,2;8,6;0,3;0,3;14;0,0;1,2;0,0;0,3;0,0;11,1;0,1;2,2;0,1;0,3;0,9;0,0;1,1;6;0,1;41;-2.02;18;0,1;0;1292
Gaoussou Dabo;D (C), DM;20;150K € - 500K €;Baden-Württemberg;Germany;3,5;15,5;24%;0,1;5%;0;0,0;0,1;0,1;84%;3,0;0;1,2;3,0;0,9;0,5;0,5;0,3;0;47,8;2,4;2,7;0,1;0,0;7;0,0;1,4;1,2;0,6;0,1;9,2;0,1;7,3;0,0;0,0;5,5;0,0;0,0;0;1,2;75;-1.02;11;0,1;0;1328
Arda Halicioglu;AM (RC);19;80K € - 800K €;Bremen;Germany;1,7;6,0;46%;0,0;13%;0;0,0;1,8;0,0;87%;11,0;0;0,3;8,5;1,4;1,1;0,9;1,4;0;42,7;3,4;11,8;1,8;3,9;14;1,7;3,1;0,0;0,1;0,4;11,2;0,3;4,7;0,2;6,6;0,9;0,1;6,6;25;0,2;18;0.77;15;0,3;0;1140
Maximilian Berwein;M (L), AM (RL), ST (C);30;2K € - 20K €;Bavaria South;Germany;1,7;4,9;43%;0,0;7%;0;0,0;2,0;0,5;89%;12,1;0;0,2;8,7;2,0;1,6;1,2;1,2;0;42,1;3,9;10,8;2,0;4,2;31;1,0;2,7;0,0;0,2;0,2;11,8;0,3;5,7;0,2;5,8;1,9;0,2;5,8;16;0,1;34;-0.98;37;0,3;0;1782
Fabian Balg;DM, M (C);17;30K € - 325K €;North East-North;Germany;1,9;14,1;0%;0,0;0%;0;0,0;0,8;0,1;90%;5,5;0;1,2;5,1;1,6;1,5;0,1;0,0;0;45,9;3,2;9,7;0,8;0,1;18;0,0;0,2;0,2;0,4;0,0;11,9;0,0;1,4;0,0;0,2;0,5;0,1;0,2;0;0,1;35;-0.08;19;0,0;0;1107
Marlon Monning;D (LC);20;0 € - 85K €;Middle Rhine;Germany;3,5;14,7;18%;0,3;0%;0;0,0;0,4;0,2;86%;5,0;0;1,5;2,6;1,4;0,7;0,2;0,1;0;49,3;2,8;4,3;0,4;0,1;13;0,2;0,6;0,7;0,6;0,0;10,0;0,1;7,0;0,1;0,7;3,6;0,1;0,7;30;1,2;52;-1.09;19;0,1;0;1624
Arthur Ekallé;D/WB/M/AM (R);29;16K € - 160K €;North East-South;Germany;2,7;11,4;10%;0,1;10%;0;0,0;1,6;0,3;89%;13,3;0;1,0;7,1;1,9;1,0;0,2;0,1;0;47,5;5,9;20,2;1,6;2,1;19;0,8;0,5;0,2;0,4;0,1;13,4;0,1;3,5;0,2;7,0;1,9;0,3;7,0;11;0,4;53;-0.29;32;0,1;0;1788
Christian Derflinger;M (C), AM (RLC);31;3K € - 30K €;Baden-Württemberg;Germany;1,4;16,3;53%;0,1;22%;0;0,0;1,7;0,3;90%;13,5;0;0,4;3,5;0,7;0,3;0,4;0,9;0;41,2;2,7;6,9;2,9;1,1;6;0,2;1,7;0,0;0,2;0,4;11,8;0,1;3,7;0,2;0,9;0,6;0,1;4,3;8;0,0;18;4.35;7;0,1;0;1664
Matthias Steinborn;M (R), AM (RL), ST (C);36;0 € - 18K €;North East-South;Germany;0,6;2,6;49%;0,0;16%;0;0,0;1,4;0,3;88%;17,8;0;0,1;1,9;0,8;0,4;1,1;2,1;0;23,7;1,0;3,6;1,4;0,4;7;0,2;4,3;0,0;0,2;0,7;9,6;0,5;11,2;0,1;0,5;5,9;0,2;0,5;37;0,1;53;3.67;8;0,5;0;1585
Yasin Yilmaz;M/AM (LC);36;0 € - 6K €;Bavaria South;Germany;1,0;8,2;41%;0,0;16%;0;0,0;1,8;0,2;87%;13,1;0;0,5;9,7;2,5;1,3;0,7;0,9;0;44,4;4,2;14,6;2,5;2,5;22;0,9;2,2;0,0;0,3;0,4;11,8;0,3;5,0;0,1;3,5;1,6;0,1;8,9;14;0,1;31;0.62;33;0,3;0;1489
Raphael Akoto;D (RC), WB/M (R);26;1,5K € - 16K €;Baden-Württemberg;Germany;3,4;15,2;28%;0,1;11%;0;0,0;0,2;0,2;87%;2,5;0;1,0;1,8;0,7;0,6;0,4;0,3;0;48,2;2,3;3,3;0,2;0,0;9;0,0;1,1;0,3;0,7;0,1;9,2;0,1;5,7;0,1;0,1;3,8;0,1;0,1;0;0,6;67;0.36;10;0,1;0;1465
Daniele Gabriele;AM (RLC), ST (C);31;12K € - 130K €;Baden-Württemberg;Germany;1,5;8,0;33%;0,0;10%;0;0,0;1,8;0,4;89%;14,7;0;0,2;7,0;1,9;1,2;0,8;1,0;0;41,1;3,4;12,2;1,8;4,1;26;1,4;2,9;0,0;0,1;0,3;11,0;0,4;6,4;0,2;5,7;2,8;0,1;6,6;23;0,2;43;-1.41;33;0,4;0;1885
Jegor Jagupov;AM (L), ST (C);29;22K € - 75K €;North East-South;Germany;1,8;5,3;42%;0,0;19%;0;0,0;1,8;0,3;89%;13,5;0;0,5;7,0;1,2;0,9;0,7;1,0;0;41,4;3,6;11,3;1,8;4,1;14;1,1;2,3;0,0;0,3;0,5;11,5;0,3;6,2;0,2;5,1;2,9;0,1;5,1;21;0,0;46;3.07;16;0,3;0;1382
Sebastian Schiek;D (RL), WB/M/AM (R);35;0 € - 7K €;Baden-Württemberg;Germany;1,5;13,6;39%;0,1;25%;0;0,0;2,1;0,2;92%;15,3;0;0,4;8,6;2,5;1,5;0,5;0,6;0;42,2;3,9;12,3;2,1;3,6;29;1,2;1,5;0,0;0,2;0,4;11,5;0,2;4,9;0,2;6,1;2,5;0,2;6,1;18;0,2;50;3.51;35;0,2;0;1710
Toralf Hense;ST (C);19;3,5K € - 35K €;Hamburg;Germany;0,8;1,7;57%;0,0;20%;0;0,0;0,6;0,1;90%;18,0;0;0,1;1,4;0,4;0,1;1,5;2,0;0;23,7;0,3;3,0;0,6;1,0;1;0,0;3,5;0,0;0,0;0,7;9,7;0,3;11,4;0,1;0,3;3,0;0,1;1,0;0;0,0;26;6.3;2;0,3;0;1403
Malte Meyer;ST (C);27;50K € - 170K €;Lower Saxony;Germany;1,1;3,2;45%;0,0;17%;0;0,0;0,9;0,1;91%;13,8;0;0,2;1,3;0,5;0,1;1,0;1,7;0;23,2;0,5;4,0;0,9;0,6;2;0,1;3,7;0,0;0,0;0,6;9,7;0,4;11,0;0,0;0,2;3,4;0,0;0,2;25;0,0;31;3.66;4;0,4;0;1444
Felix Schlüsselburg;D (C), DM, M (C);24;12K € - 120K €;RP/Saar;Germany;1,3;12,5;50%;0,1;30%;0;0,0;1,0;0,2;91%;8,0;0;0,9;3,4;1,7;1,1;0,1;0,3;0;30,5;3,4;6,0;1,0;0,1;17;0,0;0,6;0,2;0,2;0,2;7,7;0,1;2,0;0,1;0,0;1,4;0,3;0,0;0;0,4;69;1.67;18;0,1;0;1435
Jonas Vogler;D (RC);29;28K € - 275K €;Baden-Württemberg;Germany;3,1;19,6;14%;0,1;5%;0;0,0;0,5;0,2;87%;2,7;0;1,2;2,4;0,6;0,1;0,3;0,2;0;42,5;2,2;4,6;0,5;0,0;2;0,0;1,4;0,3;0,7;0,1;10,4;0,1;6,1;0,1;0,1;4,3;0,1;0,1;0;0,4;71;-1.23;4;0,1;0;1439
Benjamin Kirchhoff;D (C), DM;31;0 € - 24K €;Hessia;Germany;3,1;15,2;25%;0,1;15%;0;0,0;0,1;0,3;89%;3,5;0;0,4;2,3;0,7;0,3;0,6;0,4;0;44,7;1,9;2,5;0,1;0,1;4;0,0;1,7;0,6;0,3;0,2;10,1;0,2;6,7;0,1;0,1;3,3;0,1;0,1;0;1,5;49;0.32;4;0,2;0;1082
Dominik Wüst;AM (L), ST (C);29;2K € - 18K €;Hessia;Germany;0,5;1,6;65%;0,0;23%;0;0,0;1,5;0,3;89%;17,1;0;0,2;1,6;0,8;0,2;1,0;1,8;0;28,9;1,0;4,3;1,6;0,6;3;0,2;2,8;0,0;0,0;0,6;9,2;0,3;9,4;0,0;0,4;2,3;0,1;0,4;50;0,1;25;4.78;6;0,3;0;1393
Flavio Santoro;M (C), AM (LC), ST (C);23;0 € - 60K €;Baden-Württemberg;Germany;1,0;10,9;34%;0,0;11%;0;0,0;1,1;0,2;88%;15,2;0;0,3;4,1;1,2;0,6;0,6;0,6;0;22,0;1,4;6,3;1,3;2,2;11;0,9;1,9;0,0;0,1;0,2;6,5;0,2;2,7;0,2;3,5;0,7;0,3;4,6;20;0,1;27;0.32;17;0,2;0;1689
Nico Karger;M (L), AM (RL), ST (C);32;18K € - 65K €;Bavaria South;Germany;1,5;7,9;38%;0,0;5%;0;0,0;1,3;0,4;90%;9,8;0;0,8;9,2;2,5;2,4;1,2;0,9;0;50,4;5,6;17,7;1,3;2,6;44;0,5;2,3;0,1;0,6;0,1;11,8;0,2;4,8;0,2;4,2;2,5;0,1;4,2;12;0,1;51;-1.42;47;0,2;0;1677
Houssam Arbai;D (RLC);19;0 €;Baden-Württemberg;Germany;3,8;11,4;40%;0,1;0%;0;0,0;0,3;0,2;89%;4,6;0;0,8;2,3;0,7;0,2;0,1;0,1;0;45,6;2,3;2,9;0,3;0,1;4;0,0;0,3;0,2;0,5;0,0;9,6;0,0;6,3;0,1;0,1;3,6;0,1;0,1;0;0,6;58;-0.37;4;0,0;0;1506
Claudio Heider;DM, M/AM (C);29;12K € - 130K €;Middle Rhine;Germany;0,0;16,1;60%;0,0;20%;0;0,0;0,3;0,3;0%;11,8;0;0,0;0,0;0,0;0,0;0,3;0,4;0;0,0;0,0;0,0;0,3;0,0;0;0,0;0,6;0,0;0,0;0,1;0,0;0,0;0,0;0,2;0,0;0,0;0,3;0,0;0;0,0;0;1.3;0;0,0;0;1412
Mario Szabo;D (RL), M (L);22;0 € - 95K €;Bavaria South;Germany;3,7;16,2;31%;0,3;19%;0;0,0;1,3;0,2;82%;12,3;0;1,4;5,4;1,7;1,2;0,2;0,3;0;51,0;5,0;10,7;1,6;0,9;22;0,8;0,9;1,3;0,6;0,2;11,4;0,1;5,6;0,1;2,7;2,7;0,2;3,9;23;0,5;49;1.32;27;0,1;0;1649
Alexander Moratz;D (C);26;20K € - 70K €;Bavaria North;Germany;2,8;24,4;10%;0,1;10%;0;0,0;0,3;0,0;86%;4,6;0;1,4;2,2;0,9;0,4;0,1;0,1;0;51,1;2,2;3,5;0,3;0,1;8;0,0;0,5;1,3;0,6;0,1;9,7;0,1;7,3;0,1;0,0;4,8;0,1;0,0;0;1,2;65;-0.13;9;0,1;0;1775
Daris Memovic;D (C);17;14K € - 140K €;RP/Saar;Germany;3,5;12,7;10%;0,3;0%;0;0,0;0,1;0,0;85%;4,7;0;1,2;2,3;1,2;0,8;0,5;0,1;0;48,4;2,5;2,6;0,1;0,1;12;0,0;1,3;0,9;0,8;0,0;9,3;0,1;7,2;0,0;0,1;5,4;0,0;0,1;0;0,9;75;-1.63;13;0,1;0;1422
Johannes Kerlen;D (C), DM, M (C);19;4,5K € - 45K €;Hamburg;Germany;3,2;20,6;17%;0,1;9%;0;0,0;0,2;0,1;93%;3,2;0;0,7;2,8;0,6;0,3;0,4;0,2;0;46,0;2,7;3,5;0,3;0,0;5;0,0;1,2;0,5;0,5;0,1;9,9;0,1;6,2;0,0;0,1;4,4;0,0;0,1;0;0,6;70;0.53;7;0,1;0;1666
Kelvin Lunga;M (R), AM (RL), ST (C);31;0 € - 85K €;RP/Saar;Germany;1,9;9,3;41%;0,1;18%;0;0,0;2,2;0,5;88%;12,0;0;0,4;7,9;1,7;1,0;0,8;0,9;0;41,4;3,8;12,7;3,2;3,3;17;1,4;2,3;0,0;0,1;0,4;11,1;0,3;5,7;0,3;6,6;2,3;0,1;13,6;17;0,1;40;1.05;22;0,3;0;1532
Karlis Plendišķis;D (C);31;0 €;Schleswig-Holstein;Germany;3,5;24,9;13%;0,1;7%;0;0,0;0,1;0,2;87%;3,2;0;0,8;2,6;1,0;0,5;0,4;0,4;0;46,4;2,6;2,3;0,1;0,0;8;0,0;2,7;0,5;0,3;0,2;9,9;0,4;6,2;0,1;0,0;4,7;0,0;0,0;0;0,5;77;-3.55;10;0,4;0;1498
Bruno Soares;D (C);37;0 € - 12K €;Westphalia;Germany;3,2;20,0;35%;0,0;6%;0;0,0;0,2;0,1;82%;2,7;0;0,9;1,9;0,5;0,2;0,3;0,3;0;44,3;2,8;2,8;0,2;0,0;4;0,0;1,0;0,5;1,0;0,1;9,4;0,1;7,6;0,0;0,0;6,0;0,1;0,0;0;1,2;79;-0.85;4;0,1;0;1587
Kadir Çetiner;GK;20;28K € - 100K €;Baden-Württemberg;Germany;0,0;6,1;0%;0,0;0%;64;0,1;0,0;0,0;65%;6,0;1.13;5,5;0,0;0,0;0,0;0,0;0,0;88;25,7;0,0;0,0;0,2;0,0;0;0,0;0,0;0,0;0,0;0,0;4,9;0,0;0,0;0,0;0,0;0,0;0,0;0,0;0;0,0;0;0;1;0,0;19;1830
Manuel Grünnagel;D (RL), WB/M (R);29;35K € - 110K €;RP/Saar;Germany;2,4;12,2;0%;0,0;0%;0;0,0;0,9;0,6;85%;16,7;0;0,7;7,0;1,9;1,3;0,1;0,0;0;48,8;4,6;20,6;0,9;2,0;20;1,2;0,5;0,2;0,6;0,0;12,3;0,0;4,2;0,1;7,1;2,4;0,1;7,1;16;0,4;56;-0.57;24;0,0;0;1362
Sinan Hinzmann;D/WB/M (R);19;Unknown;Hessia;Germany;2,7;9,8;24%;0,1;6%;0;0,0;0,7;0,2;87%;12,1;0;1,3;3,7;1,3;0,8;0,4;0,3;0;50,5;6,3;10,5;0,7;0,4;11;0,4;1,2;0,1;0,6;0,1;10,8;0,1;4,7;0,1;2,1;2,8;0,0;6,2;11;0,7;60;-1.73;13;0,2;0;1282
Maurice Brauns;GK;23;2K € - 20K €;Baden-Württemberg;Germany;0,0;3,0;0%;0,0;0%;68;0,0;0,0;0,0;74%;6,7;0.23;5,3;0,0;0,0;0,0;0,0;0,0;85;26,2;0,0;0,0;0,7;0,0;0;0,0;0,0;0,0;0,0;0,0;5,9;0,0;0,0;0,0;0,0;0,0;0,0;0,0;0;0,0;0;0;1;0,0;28;1830
Felix Landgraf;M/AM (RL), ST (C);22;0 € - 55K €;Bavaria North;Germany;1,5;5,8;31%;0,1;6%;0;0,0;2,2;0,4;88%;13,2;0;0,3;7,4;1,5;1,0;0,7;0,6;0;43,0;3,2;10,0;2,2;3,6;16;1,1;2,0;0,0;0,1;0,1;11,5;0,2;4,5;0,2;6,6;0,9;0,2;6,6;16;0,1;19;-2.6;20;0,3;0;1455
Nicolas Obas;D (RL);25;0 € - 60K €;RP/Saar;Germany;3,6;15,6;24%;0,0;10%;0;0,0;0,6;0,2;89%;14,1;0;1,1;3,9;1,6;1,2;0,8;0,5;0;52,4;5,3;11,1;0,6;0,6;22;0,2;2,2;0,4;0,4;0,2;11,0;0,2;3,9;0,1;2,7;2,0;0,2;2,7;7;0,3;51;-0.42;23;0,2;0;1710
Morten Wahl;M/AM (C), ST (C);26;0 € - 65K €;Hamburg;Germany;1,3;17,5;45%;0,0;18%;0;0,0;1,3;0,5;91%;11,6;0;0,3;4,0;1,0;0,7;0,9;1,0;0;40,9;1,5;10,5;1,3;0,8;16;0,1;2,3;0,0;0,3;0,4;12,1;0,3;5,9;0,2;1,0;2,0;0,2;1,0;13;0,1;34;3.17;17;0,3;0;1994
Jon Mogge;AM (R), ST (C);26;2K € - 18K €;Hessia;Germany;0,6;2,9;49%;0,0;19%;0;0,0;0,8;0,1;90%;12,2;0;0,2;1,6;0,6;0,2;1,1;1,5;0;23,6;0,4;3,8;0,8;1,0;3;0,2;3,0;0,0;0,1;0,6;9,8;0,3;9,8;0,1;0,9;2,7;0,0;0,9;18;0,1;28;4.07;5;0,3;0;1573
Yannik Schulze;D (RC), DM, M (C);30;0 € - 50K €;Lower Saxony;Germany;3,3;22,0;13%;0,1;0%;0;0,0;1,2;0,2;89%;4,5;0;1,1;5,6;1,7;1,0;0,7;0,2;0;47,5;5,6;8,9;1,2;0,2;12;0,1;1,3;0,2;0,5;0,0;11,5;0,1;2,2;0,3;0,3;1,2;0,4;0,3;25;0,4;56;-1.12;17;0,1;0;1087
Fabian Cavadias;D (RC);24;4K € - 40K €;Bavaria South;Germany;2,6;20,4;13%;0,1;5%;0;0,0;0,2;0,1;88%;3,3;0;0,8;2,8;0,9;0,4;0,6;0,3;0;43,9;2,8;2,2;0,2;0,0;7;0,0;2,3;0,4;0,4;0,1;9,3;0,3;7,0;0,1;0,0;5,5;0,1;0,0;0;1,1;77;-3.8;10;0,3;0;1584
Jonas Erwig-Drüppel;D/WB (R), M/AM (RL);34;3K € - 10K €;Westphalia;Germany;2,3;7,5;45%;0,0;14%;0;0,0;1,6;0,2;86%;13,8;0;0,6;8,7;1,6;0,9;0,3;0,6;0;37,6;3,7;16,9;1,6;2,4;15;0,5;1,2;0,0;0,6;0,2;11,9;0,1;5,3;0,3;3,7;1,3;0,5;3,7;13;0,2;24;0.76;28;0,1;0;1588
Orcun Karabel;M/AM (R);20;0 €;Bremen;Germany;1,4;8,4;34%;0,0;7%;0;0,0;1,9;0,4;91%;19,4;0;0,5;8,3;1,5;1,1;0,8;0,8;0;41,5;2,9;12,4;1,9;2,7;13;0,9;2,4;0,0;0,3;0,2;11,0;0,3;5,7;0,4;6,5;1,5;0,3;9,9;15;0,1;26;-1.03;14;0,3;0;1068
Fred MC Mensah Quarshie;AM (RL), ST (C);25;0 € - 60K €;Lower Saxony;Germany;0,7;1,6;57%;0,0;29%;0;0,0;0,8;0,1;91%;14,6;0;0,3;1,1;0,6;0,1;1,0;1,7;0;27,5;0,4;4,5;0,8;0,5;2;0,0;3,0;0,0;0,0;0,8;8,9;0,3;8,8;0,1;0,4;2,1;0,1;0,4;0;0,0;24;8.88;2;0,3;0;1487
Ramzi Ferjani;D (C), DM;24;0 € - 55K €;RP/Saar;Germany;3,1;21,2;27%;0,0;0%;0;0,0;0,8;0,2;89%;4,6;0;1,2;5,0;0,8;0,5;0,3;0,2;0;44,7;3,2;8,6;0,8;0,1;10;0,0;0,6;0,4;0,5;0,0;11,4;0,0;3,2;0,1;0,3;1,6;0,0;0,3;0;0,3;51;-1.42;14;0,1;0;1670
Niklas Rauch;D (LC), WB/M (L);29;0 € - 70K €;Lower Saxony;Germany;4,3;22,1;11%;0,0;0%;0;0,0;0,3;0,2;86%;2,3;0;0,8;2,2;0,7;0,3;0,3;0,1;0;47,7;1,9;3,3;0,3;0,0;7;0,0;0,8;0,2;0,8;0,0;9,7;0,1;5,7;0,1;0,1;3,4;0,2;0,1;0;0,4;60;-2.1;9;0,1;0;2033
Dennis Hoins;M (C), AM (RLC);33;0 € - 14K €;Lower Saxony;Germany;0,0;12,4;67%;0,0;27%;0;0,0;0,0;0,1;0%;12,6;0;0,0;0,0;0,0;0,0;0,2;0,5;0;0,0;0,0;0,0;0,0;0,0;0;0,0;0,8;0,0;0,0;0,2;0,0;0,1;0,0;0,2;0,0;0,0;0,0;0,0;0;0,0;0;2.57;0;0,1;0;1695
Nico Rieger;D/WB/M (R), AM (RC);22;0 € - 60K €;North East-South;Germany;2,2;12,7;38%;0,1;13%;0;0,0;1,9;0,5;88%;20,1;0;0,7;7,5;2,1;1,1;0,4;0,6;0;45,1;4,3;11,9;2,0;3,3;21;1,8;1,7;0,5;0,3;0,2;11,9;0,2;3,3;0,4;5,4;1,1;0,4;5,4;33;0,2;33;-0.67;34;0,2;0;1738
Flavius Botișeriu;D/WB/M (L);26;22K € - 80K €;RP/Saar;Germany;3,7;12,3;0%;0,1;0%;0;0,0;1,5;0,2;87%;12,3;0;1,2;6,9;1,7;1,5;0,0;0,0;0;54,3;5,9;13,6;1,5;1,2;20;0,1;0,4;0,5;0,4;0,0;12,0;0,1;4,9;0,1;4,2;2,2;0,1;6,9;7;0,6;45;-0.88;21;0,1;0;1234
Angelo Rinaldi;D (RC), WB (R), DM, M (R);27;12K € - 130K €;Baden-Württemberg;Germany;2,2;16,5;10%;0,0;0%;0;0,0;0,6;0,2;90%;6,6;0;1,0;4,8;1,1;0,9;0,4;0,1;0;46,8;3,4;8,5;0,6;0,4;12;0,1;0,7;0,1;0,4;0,0;11,3;0,1;3,8;0,1;0,5;2,2;0,1;0,5;14;0,4;58;-0.96;13;0,1;0;1248
Sven Höveler;D (C);33;0 € - 16K €;Hessia;Germany;3,2;16,8;13%;0,0;13%;0;0,0;0,1;0,0;90%;3,4;0;1,2;2,3;0,7;0,3;0,4;0,1;0;44,4;2,0;3,3;0,1;0,0;4;0,0;1,1;0,8;0,7;0,1;9,9;0,1;6,5;0,0;0,0;4,2;0,0;0,0;0;1,0;64;0.35;7;0,1;0;1353
André N'Diaye;M/AM (C);24;18K € - 65K €;Lower Saxony;Germany;2,2;13,8;39%;0,0;16%;0;0,0;1,5;0,8;89%;16,9;0;0,4;3,4;0,6;0,3;0,5;0,8;0;41,4;2,0;8,9;1,5;1,6;5;0,2;2,0;0,0;0,1;0,3;12,1;0,2;4,0;0,4;0,8;0,4;0,6;0,8;26;0,0;11;2.02;7;0,2;0;1703
Till Plumpe;ST (C);25;20K € - 65K €;North East-South;Germany;0,8;1,8;52%;0,0;23%;0;0,0;0,9;0,1;91%;19,0;0;0,1;1,1;0,4;0,0;0,8;1,4;0;23,9;0,4;3,7;0,9;1,1;1;0,0;2,7;0,0;0,1;0,6;9,3;0,4;10,4;0,1;0,3;2,4;0,1;0,3;14;0,0;24;5.3;3;0,4;0;1843
Aristote Lufuankenda;ST (C);25;6K € - 22K €;Westphalia;Germany;0,7;1,0;62%;0,0;23%;0;0,0;0,7;0,3;90%;16,6;0;0,5;1,0;0,5;0,0;0,8;1,3;0;23,8;0,0;3,2;0,7;0,4;0;0,2;2,2;0,0;0,3;0,5;10,6;0,2;10,1;0,2;0,3;3,2;0,1;0,3;50;0,0;31;3.66;0;0,2;0;1083
Leon Lindenthal;M/AM (L), ST (C);28;0 € - 70K €;Hessia;Germany;0,8;1,6;59%;0,0;16%;0;0,0;1,3;0,3;90%;17,7;0;0,2;1,4;0,6;0,1;0,7;1,6;0;27,9;0,7;3,7;1,3;0,5;1;0,1;2,7;0,0;0,2;0,4;10,0;0,3;11,2;0,1;0,3;3,0;0,1;0,3;16;0,3;27;3.1;2;0,3;0;1623
Kevin Birk;GK;33;8K € - 26K €;Lower Rhine;Germany;0,0;4,6;0%;0,0;0%;69;0,3;0,1;0,0;69%;6,4;4.2;5,7;0,0;0,0;0,0;0,0;0,0;89;26,2;0,0;0,0;0,1;0,0;0;0,0;0,0;0,0;0,0;0,0;4,9;0,0;0,0;0,0;0,0;0,0;0,0;0,0;0;0,0;0;0;0;0,0;12;1440
Lukas Cichos;GK;30;1,5K € - 14K €;North East-South;Germany;0,0;4,6;0%;0,0;0%;70;0,3;0,1;0,0;67%;7,8;4.59;2,9;0,0;0,0;0,0;0,0;0,0;88;26,0;0,0;0,0;0,1;0,0;0;0,0;0,0;0,0;0,0;0,0;5,1;0,0;0,0;0,0;0,0;0,0;0,0;0,0;0;0,0;0;0;2;0,0;13;1577
Tim Häußler;D (LC), WB/M (L);28;35K € - 350K €;North East-North;Germany;2,3;13,8;33%;0,1;0%;0;0,0;2,0;0,3;87%;14,0;0;1,2;9,4;2,0;1,7;0,0;0,1;0;54,4;5,6;23,2;2,2;1,9;33;1,1;0,2;0,2;0,8;0,0;11,9;0,0;4,3;0,2;7,7;3,0;0,2;8,3;13;0,6;69;-0.49;40;0,0;0;1786
Luca Ljevšić;D/WB/M/AM (R);29;20K € - 65K €;Bavaria North;Germany;2,8;8,0;32%;0,0;7%;0;0,0;2,0;0,3;87%;13,0;0;0,3;7,1;2,0;1,2;0,6;0,7;0;42,3;3,6;10,8;2,0;3,1;23;1,2;2,2;0,0;0,5;0,2;11,7;0,2;5,4;0,2;7,1;2,3;0,3;7,1;16;0,2;43;-1.01;30;0,2;0;1703
Szabolcs Szitai;D/WB (L), M (RL), AM (RLC);20;0 €;North East-South;Germany;1,8;18,4;31%;0,0;15%;0;0,0;1,6;0,2;86%;21,0;0;0,4;4,7;0,9;0,6;0,2;0,2;0;43,5;2,4;9,8;1,6;1,5;11;0,4;0,7;0,3;0,3;0,1;11,5;0,0;5,3;0,1;2,9;2,2;0,1;3,2;11;0,1;42;1.1;18;0,0;0;1693
Lamine Diop;AM (R), ST (C);30;1,5K € - 16K €;Lower Saxony;Germany;0,8;2,9;53%;0,0;21%;0;0,0;1,1;0,3;90%;13,4;0;0,2;1,5;0,5;0,3;0,9;1,3;0;24,0;0,4;3,5;1,1;0,7;5;0,0;2,4;0,0;0,1;0,5;9,8;0,2;10,1;0,2;0,2;2,8;0,2;0,2;0;0,0;28;5.74;6;0,2;0;1764
Raffael Ziegele;D (LC);19;0 €;Lower Saxony;Germany;3,1;18,6;7%;0,2;7%;0;0,0;0,3;0,1;88%;2,4;0;1,2;2,6;0,8;0,5;0,2;0,1;0;48,1;2,4;3,6;0,3;0,0;9;0,1;0,8;0,6;0,8;0,1;9,3;0,1;6,7;0,1;0,1;4,6;0,0;0,1;50;0,4;69;-0.55;10;0,1;0;1635
Paul Grzega;M (R), AM (RC), ST (C);27;18K € - 60K €;North East-South;Germany;0,9;12,5;50%;0,0;21%;0;0,0;1,3;0,1;89%;18,7;0;0,2;3,8;0,9;0,2;0,8;1,2;0;40,9;1,7;7,6;1,3;0,8;4;0,3;2,4;0,0;0,2;0,5;12,0;0,4;4,5;0,1;1,4;1,1;0,0;1,4;20;0,0;25;2.47;7;0,4;0;1605
Malcolm Phillips;D (C), DM;28;4K € - 40K €;Hessia;Germany;3,2;14,2;22%;0,3;11%;0;0,0;0,3;0,2;90%;4,1;0;1,1;3,2;1,3;0,8;0,3;0,2;0;43,5;2,6;4,8;0,3;0,0;14;0,0;1,0;0,2;0,7;0,1;10,5;0,1;4,6;0,1;0,1;2,6;0,0;0,1;0;0,4;56;-0.71;18;0,1;0;1667
Luca Krause;AM (RL), ST (C);20;0 € - 80K €;North East-South;Germany;1,7;5,3;39%;0,0;17%;0;0,0;1,5;0,2;91%;16,0;0;0,7;8,6;1,7;0,9;0,5;0,9;0;42,6;3,1;9,2;1,5;4,4;14;0,7;2,2;0,0;0,2;0,4;10,5;0,3;4,2;0,1;6,7;1,0;0,0;6,7;11;0,1;25;0.42;18;0,3;0;1470
Maximilian Bachmann;D (C);23;40K € - 150K €;Baden-Württemberg;Germany;3,4;20,3;17%;0,1;3%;0;0,0;0,1;0,3;90%;2,9;0;1,4;2,8;0,9;0,4;0,4;0,2;0;45,4;2,6;3,1;0,1;0,0;8;0,0;1,4;0,8;0,8;0,0;9,4;0,1;7,0;0,1;0,0;4,3;0,0;0,0;0;0,7;61;-1.24;12;0,1;0;1830
Arne Schütze;D (RL), DM;27;4K € - 40K €;Hessia;Germany;3,6;10,7;33%;0,1;0%;0;0,0;0,9;0,2;86%;13,8;0;1,2;4,8;1,2;1,6;0,1;0,1;0;53,0;5,8;12,1;0,9;0,1;29;0,5;0,2;0,9;0,5;0,0;11,8;0,0;3,5;0,2;2,6;1,8;0,2;4,8;14;0,6;52;-0.56;30;0,0;0;1679
Aaron Bayakala;M (R), AM (RL);20;1K € - 12K €;Westphalia;Germany;2,4;4,6;41%;0,0;11%;0;0,0;1,5;0,1;87%;16,4;0;0,3;7,7;1,6;0,9;0,4;0,8;0;40,9;3,0;8,8;1,5;4,1;13;1,4;1,9;0,0;0,2;0,2;10,5;0,2;4,6;0,1;7,7;1,7;0,1;7,7;17;0,1;37;-0.43;18;0,2;0;1260
Jannis Pläschke;D/WB (R), DM, M (R);32;0 € - 26K €;Lower Saxony;Germany;3,1;19,0;18%;0,1;18%;0;0,0;1,0;0,1;87%;9,0;0;1,3;5,3;1,4;1,0;0,1;0,1;0;52,1;6,8;10,7;1,1;0,6;15;0,5;0,8;0,5;1,0;0,1;10,4;0,1;5,2;0,1;2,2;3,1;0,1;2,9;21;0,4;60;0.6;19;0,1;0;1294
Jerome Propheter;D (C);35;0 € - 12K €;Middle Rhine;Germany;3,2;29,3;11%;0,1;0%;0;0,0;0,1;0,1;84%;2,4;0;1,5;2,4;0,8;0,4;0,3;0,1;0;43,6;2,4;3,7;0,1;0,0;8;0,0;1,1;1,4;0,5;0,0;9,7;0,1;7,2;0,1;0,1;5,3;0,1;0,1;0;1,6;73;-2.2;10;0,1;0;1607
Zubayr Amiri;M (R), AM (RL), ST (C);35;0 € - 6K €;Hessia;Germany;1,6;6,3;23%;0,0;9%;0;0,0;2,1;0,1;91%;17,1;0;0,3;7,8;1,8;1,5;0,4;0,3;0;42,1;2,9;12,4;2,3;3,4;24;0,6;1,4;0,0;0,1;0,1;11,2;0,2;5,4;0,2;6,9;2,1;0,3;7,6;9;0,2;40;-0.54;25;0,2;0;1438
Maximilian Schmidt;D (C), DM, M (RC);26;1K € - 9K €;North East-South;Germany;0,6;10,7;29%;0,0;14%;0;0,0;0,3;0,3;92%;12,7;0;0,2;0,8;0,5;0,3;0,3;0,3;0;10,9;0,9;1,4;0,3;0,1;4;0,0;1,1;0,0;0,0;0,2;2,6;0,1;0,5;0,2;0,2;0,5;0,1;0,2;0;0,1;100;0.98;5;0,1;0;1182
Mohammad Baghdadi;D/WB/M (RL);29;0 € - 65K €;Lower Saxony;Germany;3,5;12,0;30%;0,0;20%;0;0,0;0,9;0,1;87%;10,2;0;1,2;4,0;0,9;0,8;0,2;0,2;0;52,3;5,5;12,1;0,9;0,7;14;0,3;0,6;0,1;0,7;0,1;11,3;0,1;4,3;0,0;2,2;1,6;0,1;2,2;15;0,4;37;0.63;16;0,1;0;1615
Darko Ilić;D/WB (R);21;0 € - 45K €;Lower Rhine;Germany;4,2;14,5;42%;0,1;6%;0;0,0;1,3;0,6;86%;11,4;0;1,3;5,5;1,6;1,1;0,5;0,7;0;51,6;6,6;11,8;1,3;0,5;19;0,3;1,7;0,4;0,4;0,1;11,1;0,2;5,3;0,3;1,9;2,8;0,5;4,2;14;0,3;53;-1.02;23;0,2;0;1600
Jannis Rabold;D/WB (R);24;12K € - 120K €;Baden-Württemberg;Germany;2,4;13,3;20%;0,0;0%;0;0,0;1,7;0,1;88%;13,8;0;0,5;9,0;2,2;1,9;0,0;0,0;0;53,7;5,6;25,5;1,7;2,1;39;1,5;0,2;0,7;0,4;0,0;12,8;0,0;4,0;0,1;7,7;1,7;0,3;7,7;19;0,5;43;-0.28;42;0,0;0;1830
Mustafa Zekjiroski;D (LC);18;0 € - 65K €;Bavaria North;Germany;3,7;10,5;44%;0,3;11%;0;0,0;0,3;0,2;90%;4,9;0;1,1;2,7;1,2;0,8;0,2;0,3;0;51,3;2,4;3,0;0,3;0,0;9;0,0;0,8;0,5;0,6;0,1;9,8;0,1;7,1;0,1;0,1;4,8;0,1;0,1;0;0,9;67;0.32;11;0,1;0;1054
Sven Mende;DM, M (C);31;24K € - 85K €;Baden-Württemberg;Germany;2,5;20,1;31%;0,0;13%;0;0,0;0,7;0,3;84%;5,2;0;1,1;5,4;1,3;0,5;0,2;0,3;0;45,6;4,8;8,9;0,9;0,2;8;0,1;0,9;0,3;1,0;0,1;11,0;0,1;3,9;0,2;0,1;2,1;0,2;0,1;100;0,2;54;0.54;20;0,1;0;1595
Soufian Amaadacho;M (L), AM (RL), ST (C);24;0 €;Middle Rhine;Germany;1,7;2,5;35%;0,0;15%;0;0,0;1,0;0,1;90%;19,8;0;0,4;5,9;1,3;0,9;0,5;0,7;0;36,7;2,0;8,8;1,0;2,7;12;0,2;2,0;0,0;0,5;0,3;10,7;0,2;6,4;0,0;2,4;1,6;0,0;2,4;6;0,0;25;0.84;13;0,2;0;1182
Elion Haxhosaj;D/WB/M (L);20;0 € - 50K €;Bavaria South;Germany;2,3;12,7;50%;0,2;25%;0;0,0;1,7;0,3;87%;11,1;0;1,1;7,9;1,7;1,8;0,1;0,1;0;51,6;3,9;19,9;2,0;3,4;33;1,5;0,2;0,3;0,4;0,1;13,1;0,0;3,4;0,0;7,7;1,6;0,1;10,2;17;0,2;47;0.73;41;0,0;0;1620
Maximilian Reiter;D (L), DM, M (C);25;0 € - 70K €;Bavaria South;Germany;1,8;13,6;25%;0,0;17%;0;0,0;0,4;0,5;87%;8,3;0;0,6;5,1;0,9;0,5;0,2;0,2;0;38,3;2,6;8,4;0,4;0,3;10;0,0;0,6;0,1;0,4;0,1;10,1;0,1;2,7;0,3;0,1;1,5;0,2;0,4;12;0,2;57;0.55;12;0,1;0;1710
Hady El-Saleh;M (L), AM (RLC);31;0 € - 65K €;Lower Saxony;Germany;1,6;4,8;35%;0,0;10%;0;0,0;2,0;0,3;88%;18,7;0;0,4;8,5;2,5;1,6;0,6;0,7;0;43,5;3,6;11,7;2,0;3,3;26;0,9;1,9;0,0;0,1;0,2;11,6;0,2;4,8;0,1;5,3;0,5;0,1;5,3;16;0,1;11;0.01;33;0,2;0;1434
Jakob Duhme;D (LC), DM;24;0 €;Hessia;Germany;3,3;14,5;29%;0,1;29%;0;0,0;0,2;0,1;92%;4,5;0;1,3;3,1;0,8;0,6;0,2;0,1;0;49,9;2,2;5,3;0,3;0,2;10;0,2;0,4;0,6;0,7;0,1;10,3;0,1;6,1;0,0;1,2;4,0;0,0;2,0;14;1,1;65;0.92;10;0,1;0;1605
Damir Grgić;D (C), DM;33;0 € - 16K €;RP/Saar;Germany;3,5;16,3;36%;0,1;9%;0;0,0;0,3;0,1;86%;3,0;0;0,8;3,1;0,5;0,2;0,2;0,3;0;44,7;2,1;5,0;0,3;0,0;3;0,0;0,7;1,0;0,7;0,1;9,7;0,1;6,8;0,1;0,1;5,0;0,3;0,1;0;1,0;74;0.17;6;0,1;0;1417
Tom Karaçağa;M (C);19;3,5K € - 35K €;Hessia;Germany;2,9;18,5;0%;0,1;0%;0;0,0;1,6;0,1;85%;11,8;0;1,2;7,0;1,9;1,4;0,0;0,0;0;49,1;4,9;16,9;1,9;1,6;23;1,0;0,1;0,5;0,4;0,0;11,6;0,0;3,5;0,0;6,5;1,7;0,1;6,8;16;0,3;48;-0.03;25;0,0;0;1477
Giorgos Spanoudakis;DM, M (C);27;0 € - 40K €;RP/Saar;Germany;0,3;16,8;19%;0,0;10%;0;0,0;0,3;0,5;91%;12,2;0;0,2;0,6;0,1;0,1;0,3;0,2;0;6,1;0,7;1,1;1,5;0,0;1;0,0;1,1;0,1;0,1;0,1;1,1;0,1;0,2;0,3;0,0;0,1;0,3;4,6;9;0,1;50;0.06;1;0,1;0;1700
Mike Pihl;D (RL), WB/M/AM (L);32;7K € - 24K €;Westphalia;Germany;2,6;8,1;36%;0,0;5%;0;0,0;0,7;0,2;86%;13,2;0;0,7;4,7;0,7;0,6;0,5;0,6;0;47,3;4,9;11,4;0,7;1,3;13;0,5;1,8;0,2;0,5;0,1;10,9;0,2;5,2;0,1;3,4;1,9;0,2;5,4;11;0,2;37;-2.78;14;0,2;0;1991
Michele Cordi;GK;25;18K € - 60K €;Hessia;Germany;0,0;3,3;0%;0,0;0%;65;-0,0;0,0;0,0;69%;6,3;-0.23;3,8;0,0;0,0;0,0;0,0;0,0;89;27,9;0,0;0,0;0,0;0,0;0;0,0;0,0;0,0;0,0;0,0;5,4;0,0;0,0;0,0;0,0;0,0;0,0;0,0;0;0,0;0;0;2;0,0;21;1800
Brian Mukasa;DM, M (RLC), AM (C);30;8K € - 30K €;Hessia;Germany;2,0;15,3;9%;0,0;0%;0;0,0;0,7;0,3;88%;7,2;0;1,2;4,4;1,4;1,0;0,3;0,1;0;44,0;2,7;8,8;0,7;0,2;16;0,0;0,7;0,2;0,4;0,0;10,8;0,1;2,2;0,3;0,1;1,5;0,2;0,1;0;0,1;68;-1.16;19;0,1;0;1382
Irfan Brando;M (L), AM (LC);24;8K €;North East-North;Germany;1,7;4,4;40%;0,0;11%;0;0,0;1,6;0,2;89%;21,3;0;0,6;7,6;1,3;0,8;0,7;0,7;0;45,6;2,4;12,2;1,6;3,8;16;1,2;1,8;0,0;0,4;0,2;11,7;0,2;4,8;0,1;5,3;1,0;0,1;5,3;22;0,2;21;0.27;20;0,2;0;1769
Jannik Fippl;D (LC), DM;25;9K € - 30K €;Bavaria South;Germany;3,2;14,0;13%;0,1;0%;0;0,0;1,0;0,1;83%;12,0;0;1,4;2,7;0,9;1,0;0,2;0,1;0;52,9;4,9;8,6;1,0;0,1;23;0,4;0,7;0,0;0,5;0,0;11,0;0,1;5,8;0,1;1,9;3,5;0,2;1,9;19;0,7;60;-1.5;28;0,1;0;1980
Phil Kolvenbach;GK;22;1K € - 10K €;Hamburg;Germany;0,0;7,6;0%;0,0;0%;72;0,1;0,0;0,0;63%;4,8;2.67;5,1;0,0;0,0;0,0;0,0;0,0;88;26,4;0,0;0,0;0,7;0,0;0;0,0;0,0;0,0;0,0;0,0;5,3;0,0;0,0;0,0;0,0;0,0;0,0;0,0;0;0,0;0;0;2;0,0;16;1710
Sinan Ak;M (RLC), AM (L);25;0 € - 85K €;Middle Rhine;Germany;2,4;8,6;25%;0,1;8%;0;0,0;1,8;0,2;83%;11,6;0;0,5;10,8;1,8;1,2;0,4;0,2;0;47,8;4,5;12,7;1,8;2,0;16;0,8;0,9;0,0;0,2;0,1;11,8;0,1;4,4;0,3;4,0;0,5;0,5;4,0;21;0,0;12;-0.19;16;0,1;0;1176
Alexander Vogel;D (RLC);28;18K € - 60K €;North East-South;Germany;2,5;22,7;5%;0,1;5%;0;0,0;0,7;0,2;82%;10,2;0;1,1;5,4;1,2;1,0;0,2;0,1;0;49,5;5,0;11,0;0,7;0,3;18;0,1;1,1;1,6;0,8;0,1;10,2;0,1;5,6;0,2;1,9;4,5;0,2;1,9;2;0,5;80;-1.43;21;0,1;0;1699
Marius Mahle;D/WB/M/AM (L);21;0 €;Baden-Württemberg;Germany;3,3;7,4;33%;0,2;0%;0;0,0;1,4;0,1;84%;16,6;0;1,1;8,2;1,4;1,7;0,2;0,1;0;49,4;3,8;17,6;1,4;1,8;22;1,4;0,2;0,1;1,1;0,0;12,3;0,0;3,5;0,0;7,9;1,1;0,0;7,9;18;0,2;30;-0.13;23;0,0;0;1196
Marius Lackmann;D/WB/M/AM (R);26;10K € - 40K €;Westphalia;Germany;2,7;16,0;31%;0,0;7%;0;0,0;0,9;0,1;88%;11,0;0;1,5;3,8;1,3;1,1;0,7;0,6;0;53,6;5,8;9,6;1,0;0,4;24;0,4;2,0;0,8;0,4;0,1;10,5;0,3;5,5;0,1;3,2;3,9;0,0;4,7;8;0,4;71;-2.69;25;0,3;0;1890
Dominick Wasilewski;AM (L), ST (C);22;0 € - 110K €;Lower Rhine;Germany;0,8;2,5;48%;0,0;13%;0;0,0;0,9;0,3;91%;16,0;0;0,1;2,3;0,9;0,4;0,9;1,0;0;27,5;0,4;4,2;0,9;0,5;8;0,1;2,2;0,0;0,0;0,3;10,2;0,3;10,1;0,0;1,0;2,1;0,1;1,0;5;0,1;20;-0.03;8;0,3;0;1664
Yannic Voigt;D/WB/M (L), AM (LC);23;12K € - 130K €;North East-South;Germany;2,5;10,2;43%;0,1;14%;0;0,0;1,8;0,1;88%;13,4;0;0,4;7,8;2,0;1,2;0,4;1,0;0;43,5;3,8;12,8;2,2;3,1;23;0,5;2,2;0,0;0,1;0,3;11,9;0,3;4,5;0,2;3,9;1,0;0,2;7,6;13;0,1;21;1.23;31;0,3;0;1700
Yannik Seils;D (RC), DM;21;0 € - 80K €;Bavaria South;Germany;2,9;23,4;25%;0,1;0%;0;0,0;0,4;0,1;90%;4,6;0;1,2;3,5;1,1;0,4;0,1;0,1;0;43,6;2,6;4,8;0,4;0,1;7;0,0;0,5;0,9;0,5;0,0;10,2;0,1;5,8;0,1;0,1;4,0;0,1;0,4;0;0,8;69;-1.06;13;0,1;0;1528
Gökalp Kiliç;DM, M (LC), AM (C);25;0 € - 40K €;Baden-Württemberg;Germany;2,2;12,2;15%;0,1;0%;0;0,0;1,1;0,2;88%;6,6;0;1,5;4,2;1,8;1,0;0,2;0,1;0;53,0;3,7;9,1;1,1;0,1;16;0,1;0,8;0,0;0,4;0,0;11,5;0,1;2,2;0,1;0,3;1,0;0,0;0,3;20;0,2;44;-1.49;23;0,1;0;1457
Lukas Muszong;D (C), DM, M (C);30;14K € - 45K €;Lower Saxony;Germany;0,4;19,3;26%;0,0;0%;0;0,0;0,0;0,2;87%;10,9;0;0,0;0,3;0,1;0,0;0,3;0,2;0;5,9;0,2;0,5;0,0;0,0;1;0,0;0,8;0,0;0,1;0,0;1,3;0,1;0,9;0,2;0,0;0,8;0,0;0,0;0;0,1;90;-2.26;1;0,1;0;2033
Jan Mahrla;M (RL), AM (R);22;0 € - 70K €;RP/Saar;Germany;2,8;4,6;38%;0,0;21%;0;0,0;1,5;0,7;85%;13,0;0;0,8;8,2;1,7;1,4;0,5;0,7;0;45,1;3,5;14,5;1,5;2,5;26;0,7;1,8;0,0;0,3;0,4;13,3;0,3;2,8;0,6;3,8;0,4;0,6;10,5;11;0,0;15;2.11;27;0,3;0;1718
Kilian Heisterkamp;D (C);23;9K € - 30K €;Westphalia;Germany;2,8;21,7;13%;0,3;0%;0;0,0;0,4;0,0;90%;2,8;0;1,0;3,4;0,9;0,3;0,3;0,1;0;43,7;2,9;3,1;0,4;0,0;6;0,0;1,0;0,8;0,7;0,0;9,4;0,1;5,5;0,0;0,0;4,2;0,0;0,3;0;0,3;76;-3.27;12;0,1;0;2060
Philipp Hamm;D (C);21;0 €;Hessia;Germany;3,7;13,9;13%;0,2;13%;0;0,0;0,3;0,4;93%;3,8;0;1,0;2,3;1,0;0,4;0,1;0,1;0;45,7;2,8;3,6;0,3;0,0;5;0,0;0,7;0,6;0,7;0,1;9,5;0,1;6,3;0,1;0,4;4,8;0,1;0,4;0;0,6;76;-0.1;10;0,1;0;1078
Malte Höhn;D/WB (R), M (RL), AM (R);20;0 € - 100K €;Hessia;Germany;2,2;6,6;44%;0,0;14%;0;0,0;1,5;0,6;88%;17,8;0;0,4;7,8;1,4;0,8;1,0;1,1;0;41,7;2,7;9,4;2,1;4,0;14;1,2;2,4;0,0;0,2;0,3;11,1;0,2;4,0;0,3;5,8;1,0;0,2;10,0;15;0,1;25;1.55;18;0,2;0;1616
Fabian Benko;M (C), AM (RLC);27;10K € - 95K €;Bavaria South;Germany;0,9;12,2;38%;0,0;15%;0;0,0;1,2;0,7;87%;10,7;0;0,5;4,8;0,9;0,7;0,8;0,5;0;25,7;3,2;6,3;2,1;0,8;13;0,4;1,4;0,1;0,3;0,2;7,0;0,1;1,7;0,5;1,8;1,0;0,7;7,5;17;0,1;59;2.23;14;0,1;0;1668
Jason Rupp;M (L), AM (LC), ST (C);26;0 € - 80K €;North East-North;Germany;1,4;3,7;17%;0,0;13%;0;0,0;1,1;0,1;90%;18,7;0;0,7;7,7;1,9;1,3;0,5;0,3;0;42,4;2,7;9,1;1,1;3,1;19;0,8;1,6;0,0;0,5;0,2;10,4;0,2;5,0;0,0;5,5;1,1;0,0;5,5;14;0,1;21;0.39;20;0,2;0;1349
Justin Hoffmanns;D (RL);28;3,5K € - 35K €;Middle Rhine;Germany;4,1;19,1;0%;0,1;0%;0;0,0;1,1;0,3;87%;13,1;0;1,0;4,5;1,2;1,2;0,2;0,0;0;50,9;4,9;12,2;1,1;0,5;23;0,7;0,4;0,5;0,6;0,0;11,5;0,0;3,6;0,3;3,6;1,6;0,5;3,6;19;0,1;45;-0.69;24;0,0;0;1691
Lein Tairi;AM (RC), ST (C);20;0 € - 65K €;Westphalia;Germany;1,8;10,4;34%;0,0;16%;0;0,0;1,4;0,1;90%;15,3;0;0,3;5,0;1,0;0,6;0,6;0,7;0;40,5;2,0;7,7;1,4;1,7;10;0,5;2,0;0,0;0,2;0,3;11,1;0,2;5,9;0,0;3,7;2,5;0,1;3,7;13;0,0;42;2.11;11;0,2;0;1466
Nils Teixeira;D (RL), WB (R);35;1K € - 9K €;Middle Rhine;Germany;3,3;25,2;15%;0,1;5%;0;0,0;0,8;0,3;86%;9,6;0;0,9;5,9;1,7;1,2;0,4;0,3;0;48,6;5,3;14,9;0,8;0,5;26;0,1;1,9;0,6;0,4;0,1;11,7;0,3;4,3;0,1;2,8;2,3;0,2;7,3;9;0,4;52;-3.57;35;0,3;0;1906
Yannick Grieß;D (C);29;12K € - 120K €;RP/Saar;Germany;3,3;14,9;6%;0,1;3%;0;0,0;0,5;0,1;90%;5,6;0;1,3;3,4;1,3;0,5;0,3;0,1;0;48,8;2,2;5,6;0,5;0,1;11;0,0;1,5;1,0;0,5;0,0;10,4;0,2;6,1;0,0;1,6;3,5;0,0;1,6;2;0,7;57;-2.56;19;0,2;0;1967
Luca Plattenhardt;D (RL), WB/M (R);27;28K € - 275K €;Baden-Württemberg;Germany;3,6;14,3;20%;0,0;7%;0;0,0;0,8;0,3;85%;14,2;0;1,0;5,5;1,9;1,1;0,4;0,2;0;50,1;4,5;9,9;0,8;1,0;18;0,3;1,0;0,3;0,6;0,1;10,9;0,1;4,2;0,1;3,0;2,0;0,0;3,0;10;0,2;48;-0.59;28;0,1;0;1411
Iwinosa Uhuns;D/WB (R);19;12K € - 120K €;Bavaria North;Germany;2,8;12,7;13%;0,0;0%;0;0,0;1,1;0,2;86%;10,9;0;1,3;4,7;1,7;1,5;0,7;0,3;0;49,1;6,0;10,5;1,1;0,8;23;0,1;2,4;0,3;0,4;0,0;10,7;0,3;4,3;0,1;2,4;2,4;0,1;3,0;4;0,1;57;-4.42;30;0,3;0;1401
Malte Moos;D/WB (R), DM, M (R);29;4K € - 40K €;RP/Saar;Germany;3,4;19,9;11%;0,4;4%;0;0,0;1,2;0,2;83%;9,6;0;1,2;5,5;2,4;1,6;0,6;0,2;0;53,9;5,8;14,5;1,2;0,5;33;0,9;2,1;0,4;0,4;0,1;11,8;0,3;4,7;0,2;2,6;2,6;0,1;7,5;15;0,3;55;-3.55;48;0,3;0;1890
Benjamin Reitz;GK;27;1,5K € - 14K €;RP/Saar;Germany;0,0;5,3;0%;0,0;0%;64;-0,2;0,1;0,0;70%;8,2;-3.91;5,9;0,0;0,0;0,0;0,0;0,0;89;27,7;0,0;0,0;0,1;0,0;0;0,0;0,0;0,0;0,0;0,0;5,1;0,0;0,0;0,0;0,0;0,0;0,0;0,0;0;0,0;0;0;2;0,0;26;1980
Fatih Ufuk;D (C), DM, M (C);27;14K € - 140K €;Westphalia;Germany;2,8;22,6;42%;0,1;17%;0;0,0;0,9;0,2;90%;5,0;0;0,9;5,1;1,8;1,1;0,2;0,3;0;47,0;4,8;7,5;0,9;0,1;18;0,1;0,7;0,1;0,3;0,1;10,1;0,1;2,7;0,3;0,1;1,2;0,4;0,1;50;0,1;44;1.12;21;0,1;0;1452
Felix Mensing;M (RL), AM (L);24;0 € - 65K €;Westphalia;Germany;2,0;5,7;71%;0,0;57%;0;0,0;0,8;0,4;86%;13,6;0;0,8;10,3;2,3;1,3;0,1;0,3;0;45,3;4,6;19,0;0,8;1,6;25;1,4;0,4;0,0;0,7;0,2;12,9;0,1;5,1;0,1;5,2;1,0;0,1;11,2;17;0,1;19;2.97;40;0,1;0;1768
Luca Köster;D (C);20;0 € - 100K €;Lower Saxony;Germany;3,7;19,0;19%;0,1;0%;0;0,0;0,2;0,1;89%;3,1;0;1,4;2,1;0,4;0,3;0,1;0,2;0;47,7;2,2;3,0;0,2;0,0;5;0,0;0,9;1,6;0,8;0,0;9,5;0,1;7,1;0,0;0,0;5,7;0,1;0,0;0;1,6;81;-2.12;6;0,1;0;1652
Daniel Borgardt;D (C), DM, M (C);33;500 € - 4K €;Hessia;Germany;2,7;15,9;25%;0,1;0%;0;0,0;0,6;0,2;89%;5,9;0;1,5;4,6;1,0;0,7;0,2;0,1;0;47,1;2,3;9,4;0,6;0,0;13;0,0;0,4;0,2;0,7;0,0;11,6;0,0;3,2;0,1;0,1;1,6;0,2;0,1;0;0,2;51;-0.64;20;0,0;0;1736
Nikita Marusenko;D (C), DM, M (C);26;10K € - 35K €;Lower Saxony;Germany;2,7;16,6;29%;0,2;0%;0;0,0;0,8;0,2;88%;5,3;0;1,1;5,2;1,5;1,0;0,2;0,2;0;56,0;4,4;7,5;0,8;0,1;17;0,0;0,8;0,0;0,5;0,0;11,2;0,1;3,0;0,1;0,1;1,7;0,2;0,1;0;0,3;55;-1.26;20;0,1;0;1520
Nils Hühne;D (C);29;16K € - 55K €;Middle Rhine;Germany;3,2;13,6;14%;0,0;0%;0;0,0;0,1;0,1;89%;3,7;0;0,7;2,6;0,6;0,3;0,0;0,1;0;48,9;2,0;3,5;0,1;0,0;4;0,1;0,5;0,9;0,6;0,0;9,7;0,1;6,6;0,0;0,2;5,0;0,1;0,2;66;1,8;75;-0.88;4;0,1;0;1233
Ediz Medineli;M (L), AM (RLC);25;0 € - 35K €;Bavaria North;Germany;1,3;10,3;32%;0,0;25%;0;0,0;1,0;0,3;91%;18,4;0;0,4;3,3;0,6;0,2;0,6;0,5;0;39,8;1,2;10,6;1,2;1,0;3;0,2;1,5;0,0;0,3;0,4;12,0;0,2;4,3;0,2;0,7;0,6;0,2;0,7;30;0,0;13;4.13;7;0,2;0;1629
Niklas Möllers;D (C);19;70K € - 230K €;Westphalia;Germany;4,2;18,7;26%;0,0;5%;0;0,0;0,0;0,1;81%;3,0;0;0,7;2,9;0,6;0,4;0,4;0,3;0;43,4;1,8;3,6;0,0;0,0;7;0,0;1,0;0,9;0,4;0,1;9,7;0,1;6,8;0,1;0,0;5,5;0,0;0,0;0;1,5;80;-1.16;7;0,1;0;1716
Quirin Stiglbauer;DM, M/AM (C), ST (C);23;0 € - 35K €;Bavaria South;Germany;2,9;14,1;50%;0,1;21%;0;0,0;0,9;0,2;85%;7,3;0;0,9;4,2;0,8;0,5;0,1;0,5;0;58,3;4,9;9,8;1,0;0,4;7;0,1;1,0;0,1;1,1;0,2;11,3;0,1;3,7;0,1;0,1;1,9;0,2;0,1;50;0,4;50;1.01;9;0,1;0;1211
Ivan Martinović;DM, M/AM (C);21;0 € - 45K €;Bavaria South;Germany;3,2;17,5;17%;0,1;0%;0;0,0;1,2;0,5;90%;6,9;0;1,5;5,6;1,1;1,5;0,1;0,1;0;52,6;5,4;10,6;2,1;0,2;21;0,1;0,9;0,3;0,4;0,0;10,8;0,1;0,8;0,4;0,1;0,2;0,4;6,8;13;0,1;27;-1.19;23;0,1;0;1253
Hans Rathgeber;DM, M (C);22;18K € - 65K €;Bavaria South;Germany;1,9;26,4;23%;0,0;15%;0;0,0;1,6;0,5;89%;5,8;0;0,8;6,0;1,7;1,3;0,4;0,2;0;42,0;4,8;7,7;1,7;0,2;22;0,0;0,8;0,2;0,1;0,1;9,7;0,1;2,9;0,2;0,2;2,1;0,2;2,1;5;0,5;71;0.98;29;0,1;0;1508
Jan Eichmann;D (C);29;0 €;Middle Rhine;Germany;2,6;17,7;20%;0,1;0%;0;0,0;0,2;0,1;90%;3,2;0;1,3;2,6;0,7;0,2;0,2;0,2;0;49,8;2,2;2,9;0,2;0,0;4;0,0;0,8;0,2;0,9;0,0;9,9;0,1;6,1;0,0;0,0;3,7;0,1;0,0;0;0,3;61;-1.31;8;0,1;0;1723
Berat Ayyildiz;D/WB/M (L), AM (LC), ST (C);27;0 € - 100K €;Schleswig-Holstein;Germany;1,6;4,4;29%;0,0;0%;0;0,0;1,5;0,1;91%;18,7;0;0,4;6,3;1,5;1,0;0,5;0,5;0;43,1;2,6;9,1;1,5;3,5;17;1,0;1,9;0,0;0,3;0,0;11,3;0,3;5,2;0,1;5,4;1,2;0,1;5,4;19;0,1;22;-4.33;18;0,3;0;1476
Jerome Weisheit;GK;26;0 € - 65K €;Baden-Württemberg;Germany;0,0;3,0;0%;0,0;0%;66;-0,4;0,1;0,0;59%;8,8;-7.37;4,0;0,0;0,0;0,0;0,0;0,0;89;26,2;0,0;0,0;0,1;0,0;0;0,0;0,0;0,0;0,0;0,0;4,5;0,0;0,0;0,0;0,0;0,0;0,0;0,0;0;0,0;0;0;3;0,0;23;1616
Colin Raak;DM, M (RC), AM (C);25;0 € - 65K €;North East-South;Germany;2,0;9,8;13%;0,1;0%;0;0,0;0,3;0,0;87%;9,3;0;0,7;4,7;1,5;1,3;0,3;0,1;0;44,0;3,4;9,4;0,3;0,3;20;0,0;1,1;0,0;0,1;0,0;11,5;0,1;2,4;0,1;0,0;1,0;0,1;0,0;0;0,1;42;-1.18;24;0,1;0;1367
Laurel Aug;D/WB (R), DM, M (RC);29;0 € - 35K €;Hamburg;Germany;0,0;28,8;40%;0,0;15%;0;0,0;0,1;0,4;0%;13,3;0;0,0;0,0;0,0;0,0;0,5;0,6;0;0,0;0,0;0,0;0,6;0,0;0;0,0;1,5;0,0;0,0;0,2;0,0;0,1;0,0;0,2;0,0;0,0;0,1;3,4;8;0,0;0;1.21;0;0,1;0;1221
Florian Schmid;AM (RC), ST (C);25;0 € - 45K €;Bavaria South;Germany;0,6;3,1;41%;0,1;11%;0;0,0;1,4;0,1;87%;15,7;0;0,1;1,6;0,6;0,1;0,7;0,8;0;28,3;0,7;8,7;1,4;0,4;2;0,0;1,9;0,0;0,1;0,2;10,9;0,3;9,9;0,1;0,1;2,2;0,1;0,1;0;0,1;22;-1.43;4;0,3;0;1716
Aulon Shoshaj;AM (L), ST (C);20;0 €;North East-South;Germany;0,9;1,5;46%;0,0;13%;0;0,0;1,6;0,3;90%;15,5;0;0,3;1,6;0,5;0,0;0,6;0,9;0;26,2;0,6;3,7;1,7;0,6;0;0,1;2,1;0,0;0,1;0,3;9,5;0,2;10,5;0,2;0,3;2,6;0,3;0,3;25;0,2;25;0.38;1;0,2;0;1050
Marc Bölter;DM, M (C);22;2,5K € - 8K €;North East-North;Germany;1,9;16,2;0%;0,1;0%;0;0,0;0,9;0,7;90%;5,9;0;1,0;5,2;1,6;0,9;0,1;0,0;0;57,8;3,4;8,9;0,9;0,1;12;0,0;0,3;0,1;0,3;0,0;11,6;0,0;2,7;0,5;0,1;1,2;0,4;0,1;0;0,4;44;-0.27;20;0,0;0;1212
Marco Manduzio;D (L);26;0 € - 50K €;Baden-Württemberg;Germany;3,1;13,8;0%;0,0;0%;0;0,0;1,1;0,1;85%;15,2;0;1,1;8,6;1,9;1,4;0,0;0,0;0;50,6;3,8;17,2;1,1;1,1;23;1,4;0,2;0,1;0,3;0,0;12,1;0,0;4,5;0,2;8,0;3,1;0,3;8,0;18;0,6;69;-0.29;25;0,0;0;1433
Leonit Ibrahimi;D/WB/M/AM (R), ST (C);20;3,5K € - 35K €;North East-North;Germany;1,8;5,3;38%;0,0;17%;0;0,0;1,9;0,4;88%;15,4;0;0,5;7,5;1,7;1,0;0,6;0,7;0;40,1;3,2;9,6;1,9;3,6;15;1,8;1,9;0,0;0,3;0,3;10,9;0,2;4,4;0,1;8,6;1,5;0,1;8,6;20;0,1;34;1.8;20;0,2;0;1388
Heni Ben Salah;D (C);22;0 € - 70K €;Lower Rhine;Germany;3,2;13,2;7%;0,0;7%;0;0,0;0,3;0,0;91%;3,0;0;1,1;1,8;0,6;0,2;0,1;0,1;0;49,4;2,6;3,8;0,3;0,0;4;0,0;0,9;0,7;0,8;0,1;9,9;0,1;6,7;0,0;0,0;4,2;0,1;0,0;0;1,2;63;-0.81;10;0,1;0;1529
Marco Drawz;M (L), AM (RL), ST (C);26;2K € - 18K €;Schleswig-Holstein;Germany;2,0;5,4;38%;0,1;23%;0;0,0;2,0;0,3;87%;14,7;0;0,4;7,9;1,8;1,3;0,9;0,9;0;44,7;3,5;9,2;2,0;3,4;23;0,7;2,3;0,0;0,3;0,5;11,1;0,2;5,5;0,2;3,8;1,7;0,3;3,8;17;0,1;31;4.69;26;0,2;0;1583
Sebastian Hahne;ST (C);29;0 €;Lower Rhine;Germany;0,4;2,1;48%;0,0;23%;0;0,0;0,5;0,1;91%;18,2;0;0,5;1,3;0,5;0,2;0,6;1,2;0;25,7;0,3;4,1;0,5;1,1;2;0,2;2,5;0,0;0,0;0,6;9,2;0,2;9,4;0,0;0,6;2,0;0,2;0,6;28;0,0;21;4.72;3;0,2;0;1107
Aziz Alagi;D/WB/M/AM (L);19;70K € - 230K €;Hessia;Germany;2,7;6,5;44%;0,1;22%;0;0,0;1,6;0,2;88%;14,6;0;0,6;6,6;2,2;1,6;0,4;0,5;0;50,4;4,5;10,7;1,6;2,7;25;0,6;1,2;0,1;0,6;0,3;11,8;0,2;5,3;0,2;4,4;1,3;0,1;4,7;14;0,1;25;1.26;28;0,2;0;1365
Dustin Arnold;D (RC);20;3,5K € - 35K €;North East-South;Germany;3,5;15,4;10%;0,0;0%;0;0,0;0,4;0,1;90%;3,0;0;0,6;2,4;1,0;0,3;0,5;0,1;0;45,8;1,7;4,0;0,4;0,1;5;0,0;1,3;0,8;0,5;0,0;10,3;0,1;4,7;0,1;0,0;2,7;0,3;0,0;0;0,5;58;-2.27;7;0,1;0;1388
Ebrima Jobe;M (L), AM (RL), ST (C);28;0 € - 30K €;North East-North;Germany;1,1;4,8;43%;0,0;14%;0;0,0;1,4;0,1;90%;19,5;0;0,3;7,3;2,0;1,4;0,5;0,6;0;42,5;2,3;10,7;1,4;4,2;28;0,7;1,4;0,0;0,2;0,2;10,8;0,2;5,6;0,1;3,6;1,5;0,1;3,6;18;0,1;27;0.34;34;0,2;0;1789
Vincent Sadler;D (C);24;1K € - 12K €;Baden-Württemberg;Germany;3,4;12,5;0%;0,1;0%;0;0,0;0,1;0,2;85%;3,4;0;1,0;2,4;0,8;0,4;0,2;0,0;0;46,5;2,1;3,3;0,1;0,0;7;0,0;0,3;0,8;0,4;0,0;9,6;0,0;5,3;0,1;0,1;3,4;0,1;0,1;0;0,6;65;-0.46;9;0,0;0;1491
Sebastian Wilms;D (LC), DM, M (C);33;0 € - 20K €;Lower Rhine;Germany;3,1;22,4;13%;0,1;0%;0;0,0;1,2;0,3;88%;5,4;0;1,0;6,7;1,7;0,9;0,1;0,1;0;46,9;5,3;9,0;1,2;0,2;14;0,0;0,9;0,3;0,6;0,0;11,2;0,1;3,1;0,3;0,4;1,8;0,3;0,4;0;0,3;58;-1.9;21;0,1;0;1438
Luca Thissen;DM, M (C);22;1,5K € - 18K €;Lower Rhine;Germany;2,5;17,7;31%;0,1;23%;0;0,0;0,4;0,4;90%;6,3;0;0,4;4,7;2,0;0,7;0,2;0,3;0;42,9;2,9;8,6;0,4;0,4;10;0,0;1,0;0,2;0,3;0,2;10,4;0,1;3,2;0,2;0,0;1,6;0,1;0,5;0;0,4;50;1;16;0,1;0;1221
Serhat Yazgan;M (C), AM (RLC), ST (C);30;0 € - 65K €;Schleswig-Holstein;Germany;0,6;8,3;47%;0,0;18%;0;0,0;0,4;0,5;89%;12,7;0;0,3;2,2;0,4;0,3;0,3;0,7;0;12,8;0,4;3,0;0,4;1,2;4;0,1;1,4;0,0;0,1;0,3;3,6;0,1;1,4;0,2;1,9;0,4;0,0;1,9;4;0,0;31;1.49;4;0,1;0;1060
Lucas Chrubasik;AM (C), ST (C);26;20K € - 70K €;Bavaria North;Germany;0,9;3,4;39%;0,0;15%;0;0,0;0,8;0,2;91%;16,5;0;0,5;1,4;0,5;0,1;0,6;0,9;0;26,6;0,5;4,6;0,8;0,7;1;0,1;2,3;0,0;0,1;0,3;9,5;0,3;10,7;0,1;1,0;4,2;0,1;1,0;5;0,2;39;0.35;2;0,3;0;1583
Jonas Meiser;AM (R), ST (C);26;8K € - 85K €;Baden-Württemberg;Germany;0,4;2,4;50%;0,0;23%;0;0,0;1,2;0,2;89%;14,8;0;0,1;1,7;0,8;0,3;0,8;1,2;0;24,6;0,5;3,9;1,2;0,8;5;0,1;2,5;0,0;0,1;0,6;9,6;0,3;8,2;0,1;0,6;1,8;0,1;0,6;18;0,0;21;5.59;5;0,3;0;1737
Armel Gohoua;M (R), AM (RL), ST (C);24;0 € - 45K €;Hamburg;Germany;2,0;7,9;54%;0,1;8%;0;0,0;1,9;0,4;89%;14,8;0;0,5;8,1;1,6;1,0;0,6;1,1;0;42,1;3,2;9,2;1,9;4,6;18;0,7;2,1;0,0;0,2;0,2;10,8;0,3;4,8;0,1;6,7;1,9;0,0;6,7;10;0,1;38;-2.38;28;0,3;0;1694
Amin Husović;DM, M/AM (C);18;6K € - 55K €;RP/Saar;Germany;0,2;11,7;15%;0,0;15%;0;0,0;0,2;0,5;88%;15,8;0;0,1;0,1;0,0;0,0;0,1;0,1;0;3,6;0,2;0,5;0,2;0,0;0;0,0;0,9;0,0;0,1;0,1;0,8;0,1;0,1;0,2;0,0;0,1;0,2;0,0;0;0,0;100;0.18;0;0,1;0;1242
Brian Jungjohann;D (C), DM, M (C);28;0 € - 45K €;Hamburg;Germany;2,2;19,7;23%;0,1;8%;0;0,0;0,7;0,2;88%;6,4;0;1,2;5,4;1,6;0,8;0,2;0,2;0;46,8;3,1;9,5;0,7;0,1;13;0,0;0,8;0,2;0,4;0,1;11,5;0,1;2,7;0,1;0,3;1,0;0,1;0,3;0;0,2;35;-0.73;18;0,1;0;1511
Meik Kühnel;DM, M (C);30;0 € - 85K €;Middle Rhine;Germany;0,0;23,7;30%;0,0;17%;0;0,0;0,1;0,2;0%;8,9;0;0,0;0,0;0,0;0,0;0,6;0,4;0;0,0;0,0;0,0;0,4;0,0;0;0,0;1,3;0,0;0,0;0,2;0,0;0,1;0,0;0,1;0,0;0,0;0,1;0,0;0;0,0;0;1.94;0;0,1;0;1620
Eray Eren;DM, M (RC), AM (C);30;0 €;Middle Rhine;Germany;0,1;10,8;26%;0,0;13%;0;0,0;0,1;0,4;91%;15,0;0;0,1;0,4;0,0;0,0;0,4;0,3;0;1,9;0,1;0,9;0,1;0,2;0;0,0;1,3;0,0;0,1;0,2;0,5;0,1;0,1;0,2;0,3;0,1;0,1;0,3;0;0,0;100;0.97;0;0,1;0;1654
Salvatore Giambra;D/WB/M (R);21;0 € - 12K €;Middle Rhine;Germany;2,6;9,2;12%;0,1;0%;0;0,0;1,6;0,2;87%;15,7;0;0,7;6,7;1,6;1,0;0,4;0,2;0;53,0;6,2;10,0;1,6;1,0;12;0,7;1,4;0,1;0,3;0,0;10,4;0,1;4,6;0,2;3,7;2,2;0,0;5,5;17;0,3;48;-1.21;16;0,1;0;1130
Maxim Schröder;M (RL), AM (L), ST (C);22;40K € - 140K €;Lower Rhine;Germany;0,5;1,4;47%;0,0;21%;0;0,0;1,1;0,2;91%;16,2;0;0,2;1,3;0,4;0,1;1,0;1,4;0;25,1;0,4;4,3;1,1;0,6;1;0,1;3,0;0,0;0,1;0,6;9,8;0,3;8,1;0,1;0,3;1,9;0,2;0,3;16;0,0;23;5.18;2;0,3;0;1583
Hannes Graf;AM (C), ST (C);29;0 € - 30K €;North East-North;Germany;1,0;0,5;43%;0,0;12%;0;0,0;1,1;0,1;93%;24,9;0;0,0;1,3;0,7;0,1;1,0;1,5;0;23,1;0,5;4,3;1,1;0,7;1;0,0;3,5;0,0;0,2;0,4;9,4;0,3;10,8;0,2;0,3;3,2;0,2;0,3;0;0,2;30;1.53;3;0,3;0;1086
Tom Feulner;D (C), DM, M/AM (C);27;12K € - 120K €;Bavaria North;Germany;1,0;14,3;42%;0,1;25%;0;0,0;0,2;0,1;88%;9,6;0;0,3;3,6;1,2;0,6;0,3;0,3;0;41,5;2,4;6,3;0,2;0,4;11;0,1;0,7;0,0;0,3;0,2;8,5;0,1;2,6;0,1;0,1;1,0;0,1;2,3;12;0,1;38;1.3;14;0,1;0;1601
Lian Akkuş Rodríguez;M (C), AM (RLC);22;14K € - 130K €;Hessia;Germany;1,4;13,4;41%;0,0;14%;0;0,0;1,6;0,2;92%;14,4;0;0,5;3,3;0,8;0,6;1,0;1,0;0;42,1;1,9;7,1;1,6;1,0;9;0,4;2,4;0,0;0,1;0,3;11,7;0,3;4,4;0,1;1,1;0,6;0,3;1,8;21;0,1;13;0.5;11;0,3;0;1389
Arian Khodabakhshian;D (RC);24;0 €;Lower Saxony;Germany;4,3;19,0;20%;0,1;7%;0;0,0;0,3;0,5;86%;7,2;0;0,7;3,6;0,7;0,5;0,5;0,5;0;49,8;4,0;7,7;0,3;0,3;10;0,2;2,2;0,5;0,8;0,2;10,8;0,2;5,5;0,2;1,1;3,4;0,2;1,1;18;0,3;62;-1.28;12;0,2;0;1798
Levin Ramstetter;DM, M (C);23;26K € - 95K €;Bavaria South;Germany;2,2;20,1;19%;0,0;6%;0;0,0;0,9;0,2;89%;5,6;0;0,7;4,3;1,0;0,6;0,5;0,2;0;47,0;5,5;9,0;0,9;0,2;10;0,0;1,0;0,2;0,6;0,1;11,1;0,1;3,8;0,2;0,1;1,9;0,2;0,1;0;0,4;50;-0.24;13;0,1;0;1464
Justin Walker;D (RL), WB/M/AM (L);32;1K € - 8K €;Lower Rhine;Germany;2,1;7,5;33%;0,0;10%;0;0,0;1,4;0,5;90%;13,8;0;0,6;9,1;1,7;1,1;0,6;0,6;0;44,7;3,0;10,6;1,4;3,0;19;0,6;1,7;0,0;0,2;0,2;11,3;0,2;5,2;0,3;4,7;1,6;0,3;6,7;11;0,1;32;0.1;26;0,2;0;1599
Patrick Schorr;D/WB (L), DM, M (L);31;0 € - 110K €;Hessia;Germany;3,1;20,1;14%;0,0;0%;0;0,0;1,1;0,2;88%;9,4;0;1,4;4,9;1,5;1,2;0,0;0,0;0;54,2;6,4;12,9;1,1;0,6;25;0,2;0,3;0,8;0,7;0,0;11,7;0,0;4,1;0,1;1,8;2,7;0,0;1,8;10;0,3;66;-0.86;27;0,0;0;1921
Moritz Ruprecht;AM (RC), ST (C);20;0 €;North East-South;Germany;1,1;4,7;44%;0,1;21%;0;0,0;1,3;0,2;92%;16,5;0;0,3;3,3;0,8;0,4;0,8;0,9;0;30,2;1,3;5,5;1,5;1,1;7;0,2;2,1;0,0;0,2;0,4;10,2;0,2;8,1;0,2;2,5;3,0;0,3;3,3;6;0,1;37;5.13;7;0,2;0;1671
Arne Exner;GK;29;500 € - 7K €;Lower Saxony;Germany;0,0;2,9;0%;0,0;0%;70;0,2;0,1;0,0;72%;6,4;3.27;5,8;0,0;0,0;0,0;0,0;0,0;87;26,9;0,0;0,0;0,1;0,0;0;0,0;0,0;0,0;0,0;0,0;4,6;0,0;0,0;0,0;0,0;0,0;0,0;0,0;0;0,0;0;0;2;0,0;15;1481
Elias Liesche Prieto;D (RC);22;7K € - 26K €;Hessia;Germany;2,8;18,6;17%;0,0;7%;0;0,0;0,7;0,1;85%;13,8;0;0,7;5,6;1,3;0,8;0,6;0,3;0;49,6;5,7;9,6;0,7;0,4;15;0,5;1,5;0,2;0,6;0,1;10,2;0,1;5,3;0,1;2,2;4,4;0,1;2,2;20;0,8;82;-0.73;19;0,1;0;1785
Felix Thiel;GK;31;0 € - 45K €;Bavaria South;Germany;0,3;5,9;0%;0,0;0%;75;0,1;0,0;0,0;68%;8,5;2.19;4,2;0,0;0,0;0,0;0,0;0,0;88;26,4;0,3;0,0;0,5;0,0;0;0,0;0,0;0,0;0,0;0,0;5,0;0,0;0,0;0,0;0,0;0,0;0,0;0,0;0;0,0;0;0;1;0,0;23;1660
Marin Hrgota;ST (C);21;0 € - 70K €;Bavaria North;Germany;0,9;3,6;33%;0,0;10%;0;0,0;0,8;0,2;90%;13,2;0;0,3;1,3;0,5;0,1;1,3;1,2;0;28,6;0,6;7,7;0,8;0,6;2;0,1;3,6;0,1;0,3;0,4;10,0;0,4;11,4;0,1;0,3;3,1;0,0;0,4;14;0,1;27;-1.55;3;0,4;0;1787
Marvin Yüsün;AM (RL), ST (C);18;28K € - 275K €;RP/Saar;Germany;0,5;1,5;45%;0,0;15%;0;0,0;0,8;0,4;90%;15,0;0;0,2;2,6;0,6;0,2;0,8;1,4;0;26,1;0,5;4,5;0,8;0,5;3;0,1;3,1;0,0;0,0;0,5;8,7;0,3;10,0;0,1;0,7;1,5;0,0;0,7;11;0,0;15;1.77;3;0,3;0;1148
Sulo Ketola;ST (C);18;0 €;Hessia;Germany;0,7;2,2;58%;0,0;16%;0;0,0;0,8;0,6;91%;21,6;0;0,3;1,5;0,6;0,0;0,9;1,6;0;24,0;0,4;3,9;0,8;0,7;0;0,1;2,8;0,0;0,0;0,4;9,6;0,3;10,2;0,1;0,6;2,4;0,1;0,6;11;0,1;24;1.71;2;0,3;0;1423
Nikos Koliofoukas;GK;29;8K € - 26K €;Lower Saxony;Germany;0,0;5,6;0%;0,0;0%;74;-0,0;0,0;0,0;78%;6,5;-0.08;3,3;0,0;0,0;0,0;0,0;0,0;87;27,2;0,0;0,0;0,0;0,0;0;0,0;0,0;0,0;0,0;0,0;4,9;0,0;0,0;0,0;0,0;0,0;0,0;0,0;0;0,0;0;0;0;0,0;20;1800
Marvin Büyüksakarya;D (RL), WB/M (R);30;28K € - 95K €;Hamburg;Germany;3,0;12,9;29%;0,0;8%;0;0,0;0,8;0,3;84%;10,6;0;0,9;4,2;1,3;1,0;0,7;0,8;0;55,1;6,5;10,4;0,8;0,6;22;0,2;2,7;0,1;0,4;0,2;10,7;0,3;3,5;0,1;2,5;1,9;0,1;2,5;9;0,2;53;-0.65;24;0,3;0;1939
Daniel von der Bracke;D (RC), DM;33;500 € - 3,5K €;RP/Saar;Germany;2,4;19,6;14%;0,2;0%;0;0,0;0,2;0,1;91%;1,8;0;1,1;2,5;1,1;0,6;0,1;0,1;0;43,3;2,6;3,4;0,2;0,0;11;0,0;0,7;0,5;0,5;0,0;9,4;0,1;5,8;0,1;0,1;4,2;0,0;0,1;0;0,8;73;-2.47;13;0,1;0;1800
Cem Kara;M (L), AM (LC);30;3,5K €;Hessia;Germany;1,8;6,0;31%;0,0;13%;0;0,0;2,1;0,2;91%;17,0;0;0,2;7,2;1,4;1,0;0,3;0,3;0;43,6;4,0;12,2;2,1;3,2;14;1,0;1,1;0,0;0,2;0,1;11,7;0,1;4,8;0,0;4,0;0,5;0,1;4,0;25;0,0;10;-0.17;18;0,1;0;1315
Marek Bleise;D (RLC), DM;22;0 € - 70K €;Baden-Württemberg;Germany;2,3;10,7;25%;0,1;13%;0;0,0;0,8;0,4;88%;6,5;0;1,6;4,7;1,5;1,2;0,2;0,1;0;48,2;3,8;8,3;0,8;0,4;16;0,1;0,6;0,4;0,4;0,1;10,7;0,1;3,0;0,2;0,6;1,9;0,1;0,6;12;0,3;63;-0.01;21;0,1;0;1200
Mats Kaiser;DM, M (C);29;12K € - 130K €;Lower Saxony;Germany;2,6;16,2;17%;0,1;0%;0;0,0;0,8;0,2;91%;5,8;0;1,3;5,2;2,2;1,3;0,1;0,1;0;46,3;3,3;8,8;0,8;0,1;15;0,0;0,5;0,2;0,4;0,0;11,8;0,1;3,0;0,2;0,1;1,6;0,2;0,1;0;0,3;54;-0.79;15;0,1;0;1054
Laurenz Pohlmann;GK;19;0 € - 80K €;North East-North;Germany;0,0;3,3;0%;0,0;0%;67;-0,1;0,0;0,0;66%;6,2;-1.78;4,8;0,0;0,0;0,0;0,0;0,0;89;26,6;0,0;0,0;0,0;0,0;0;0,0;0,0;0,0;0,0;0,0;4,6;0,0;0,0;0,0;0,0;0,0;0,0;0,0;0;0,0;0;0;0;0,0;20;1710
Aaron Heard;M (C), AM (LC);18;0 €;Lower Saxony;Germany;0,3;13,9;50%;0,0;0%;0;0,0;0,6;0,4;92%;16,0;0;0,1;0,8;0,1;0,1;0,3;0,4;0;4,7;0,1;1,5;0,6;0,4;1;0,1;0,9;0,0;0,1;0,0;1,5;0,1;0,4;0,6;0,4;0,0;0,5;0,4;16;0,0;0;-1.3;1;0,1;0;1232
Furkan Kirçiçek;M (L), AM (RL), ST (C);29;30K € - 325K €;Bavaria South;Germany;1,8;7,2;44%;0,0;19%;0;0,0;1,8;0,3;90%;12,3;0;0,4;9,9;2,5;1,4;0,9;1,0;0;43,2;3,5;14,3;1,9;4,0;29;0,8;2,4;0,0;0,2;0,4;10,9;0,2;4,7;0,2;5,3;1,1;0,2;7,7;13;0,1;23;4.52;34;0,2;0;1817
Pascal Kühn;GK;29;0 €;North East-North;Germany;0,0;10,9;0%;0,0;0%;72;0,1;0,1;0,0;72%;5,6;2.75;5,4;0,0;0,0;0,0;0,0;0,0;87;26,3;0,0;0,0;0,5;0,0;0;0,0;0,0;0,0;0,0;0,0;5,0;0,0;0,0;0,0;0,0;0,0;0,0;0,0;0;0,0;0;0;1;0,0;35;1710
André Mandt;DM, M (RLC), AM (C);32;500 € - 7K €;Lower Rhine;Germany;0,0;13,3;27%;0,0;0%;0;0,0;0,2;0,1;0%;15,9;0;0,0;0,0;0,0;0,0;0,3;0,2;0;0,0;0,0;0,0;0,2;0,0;0;0,0;0,6;0,0;0,0;0,0;0,0;0,0;0,0;0,1;0,0;0,0;0,2;0,0;0;0,0;0;-0.8;0;0,0;0;1625
Srđan Ivković;AM (R), ST (C);33;0 € - 9K €;Bavaria South;Germany;0,6;5,1;52%;0,0;29%;0;0,0;0,8;0,1;88%;14,0;0;0,1;1,2;0,4;0,0;0,6;0,9;0;25,8;0,5;4,5;1,3;0,6;0;0,1;1,7;0,0;0,1;0,5;9,9;0,2;9,9;0,2;0,4;2,8;0,1;2,5;11;0,2;28;5.74;0;0,2;0;1625
Paul Hamella;D (C), DM;20;14K € - 45K €;North East-South;Germany;3,3;20,5;17%;0,0;17%;0;0,0;0,2;0,0;91%;4,1;0;0,8;3,1;1,0;0,6;0,0;0,1;0;45,4;2,6;5,6;0,3;0,1;7;0,1;0,5;0,8;0,6;0,1;10,7;0,1;4,8;0,0;0,1;3,3;0,0;0,1;100;0,9;69;0.23;10;0,1;0;1023
Adrian Wanner;DM, M/AM (C);25;12K € - 130K €;Westphalia;Germany;0,0;18,2;45%;0,0;30%;0;0,0;0,2;0,6;0%;11,1;0;0,0;0,0;0,0;0,0;0,2;0,5;0;0,0;0,0;0,0;0,2;0,0;0;0,0;1,0;0,0;0,0;0,3;0,0;0,1;0,0;0,2;0,0;0,0;0,2;1,7;9;0,0;0;3.68;0;0,1;0;1747
Wesley Heimann;D (R);23;0 €;Bremen;Germany;3,6;23,2;21%;0,1;2%;0;0,0;1,5;0,4;89%;10,0;0;1,5;4,7;2,0;1,2;0,8;0,7;0;50,7;6,6;10,6;1,5;0,2;16;0,5;3,3;1,3;0,2;0,1;11,2;0,4;4,2;0,1;2,5;2,9;0,3;3,3;16;0,8;70;-4.47;20;0,4;0;1166
Timo Brauer;D (R), DM, M (C);35;0 € - 12K €;Lower Rhine;Germany;2,9;20,6;17%;0,1;4%;0;0,0;0,5;0,3;88%;4,7;0;1,0;5,8;1,5;0,9;0,3;0,2;0;51,1;3,2;8,6;0,5;0,1;17;0,0;1,3;0,1;0,3;0,1;11,5;0,1;1,9;0,2;0,1;1,1;0,1;0,1;0;0,2;57;-1.43;23;0,1;0;1649
Robin Brüseke;GK;32;0 € - 40K €;Hamburg;Germany;0,0;5,3;0%;0,0;0%;70;0,2;0,0;0,0;68%;5,9;2.83;5,6;0,0;0,0;0,0;0,0;0,0;88;25,6;0,0;0,0;0,0;0,0;0;0,0;0,0;0,0;0,0;0,0;5,2;0,0;0,0;0,0;0,0;0,0;0,0;0,0;0;0,0;0;0;0;0,0;6;1170
Tom Sindermann;D (C), DM;27;0 € - 50K €;Westphalia;Germany;2,8;17,9;5%;0,1;5%;0;0,0;1,0;0,2;88%;5,4;0;1,2;5,9;1,7;1,1;0,5;0,1;0;46,7;5,2;8,9;1,0;0,2;22;0,1;1,0;0,0;0,5;0,1;11,1;0,1;1,5;0,2;0,1;0,8;0,5;0,1;50;0,1;50;-1.84;27;0,1;0;1784
Björn Lambach;D (RC), DM, M (C);34;500 € - 3K €;Schleswig-Holstein;Germany;3,1;18,4;25%;0,0;0%;0;0,0;0,7;0,8;89%;5,9;0;1,3;3,5;0,7;0,7;0,1;0,2;0;46,9;5,2;8,8;0,7;0,0;10;0,0;0,8;0,1;0,9;0,0;11,2;0,2;3,1;0,4;0,2;2,0;0,3;0,2;0;0,1;65;-2.3;12;0,2;0;1378
Drini Miftari;D (RC);21;5K € - 50K €;RP/Saar;Germany;3,1;22,3;27%;0,1;13%;0;0,0;0,3;0,2;86%;4,2;0;1,1;2,5;0,8;0,6;0,2;0,2;0;44,4;2,4;3,6;0,3;0,0;10;0,0;0,8;0,4;0,4;0,1;9,2;0,1;5,9;0,1;0,3;4,9;0,0;0,3;0;0,7;82;0.69;10;0,1;0;1607
Johannes Erlenbaur;D (C);17;22K € - 220K €;Bavaria South;Germany;4,0;9,7;8%;0,2;0%;0;0,0;0,2;0,1;89%;3,6;0;1,1;1,9;0,7;0,5;0,4;0,1;0;46,9;2,4;3,3;0,2;0,0;6;0,0;1,0;0,5;0,7;0,0;9,1;0,1;6,6;0,0;0,0;5,2;0,0;0,0;0;0,6;78;-0.95;7;0,1;0;1164
Kim Dong-Woo;M (C), AM (LC);21;0 € - 40K €;Hessia;Germany;1,7;6,4;55%;0,1;26%;0;0,0;1,7;0,6;86%;16,1;0;0,5;7,7;2,1;1,3;0,6;0,9;0;41,6;3,3;9,9;1,8;3,5;25;1,0;1,6;0,0;0,0;0,4;11,1;0,2;5,1;0,2;5,6;1,7;0,1;6,2;16;0,1;34;4.75;34;0,2;0;1754
Oskar Prokopchuk;ST (C);20;3,5K € - 35K €;RP/Saar;Germany;0,7;2,5;62%;0,0;21%;0;0,0;0,9;0,0;89%;25,5;0;0,1;1,7;0,8;0,4;0,9;1,8;0;25,3;0,4;4,2;0,9;0,6;6;0,1;2,9;0,0;0,1;0,6;9,9;0,4;11,2;0,1;0,4;2,2;0,0;0,4;20;0,1;20;3.77;6;0,4;0;1282
Tom Kunert;DM, M/AM (C);23;24K € - 85K €;Bavaria North;Germany;0,8;14,6;21%;0,0;0%;0;0,0;2,0;0,3;92%;15,7;0;0,6;3,4;0,8;0,6;0,3;0,3;0;45,9;3,3;5,9;2,0;1,0;7;0,1;1,2;0,0;0,2;0,0;11,7;0,1;3,6;0,3;1,4;0,4;0,3;1,4;6;0,0;12;-1.71;8;0,1;0;1046
Maximilian Dimitrijevski;WB (R), DM, M (C);19;30K € - 100K €;Lower Rhine;Germany;2,4;18,5;13%;0,0;0%;0;0,0;0,6;0,4;87%;4,6;0;1,0;3,7;1,2;0,6;0,1;0,1;0;49,3;6,2;10,0;0,6;0,2;7;0,1;0,7;0,3;0,6;0,0;12,2;0,1;2,2;0,2;0,4;0,8;0,3;0,4;25;0,2;36;-0.74;8;0,1;0;1022
Nyger Hunter;M (L), AM (RL), ST (C);25;12K € - 40K €;North East-South;Germany;2,2;4,3;39%;0,0;11%;0;0,0;1,2;0,1;92%;13,7;0;0,5;8,0;1,2;0,7;0,9;0,9;0;40,7;2,1;9,7;1,2;2,3;9;0,7;2,2;0,0;0,4;0,2;11,0;0,2;5,9;0,1;4,2;0,9;0,1;4,2;16;0,0;14;0.57;11;0,2;0;1155
Niklas Lübcke;GK;26;3K € - 30K €;Lower Rhine;Germany;0,0;4,8;0%;0,0;0%;72;0,1;0,0;0,0;81%;4,6;2.11;5,9;0,0;0,0;0,0;0,0;0,0;87;25,7;0,0;0,0;0,2;0,0;0;0,0;0,0;0,0;0,0;0,0;4,5;0,0;0,0;0,0;0,0;0,0;0,0;0,0;0;0,0;0;0;1;0,0;12;1530
Mike Feigenspan;M (L), AM (RL), ST (C);30;35K € - 120K €;Hessia;Germany;1,0;6,7;41%;0,0;27%;0;0,0;1,8;0,5;90%;17,1;0;0,5;8,4;1,9;1,1;0,9;0,8;0;39,3;3,0;13,6;1,8;3,3;21;0,6;1,9;0,0;0,2;0,5;12,0;0,2;5,8;0,2;3,8;1,3;0,1;3,8;14;0,1;23;6.14;24;0,2;0;1787
Maurice Merkl;GK;19;16K € - 160K €;Bavaria North;Germany;0,0;3,2;0%;0,0;0%;64;0,1;0,0;0,0;71%;5,2;1.43;4,6;0,0;0,0;0,0;0,0;0,0;91;25,2;0,0;0,0;0,0;0,0;0;0,0;0,0;0,0;0,0;0,0;5,1;0,0;0,0;0,0;0,0;0,0;0,0;0,0;0;0,0;0;0;0;0,0;10;1170
Jonas Busam;D (RC);27;16K € - 150K €;Baden-Württemberg;Germany;3,4;20,2;25%;0,1;8%;0;0,0;0,8;0,2;86%;15,1;0;0,9;5,6;1,7;0,9;0,5;0,4;0;53,0;5,3;10,8;0,8;0,3;16;0,1;1,4;0,7;0,5;0,1;10,9;0,1;5,3;0,1;2,2;3,7;0,1;2,2;5;0,7;70;-0.34;27;0,1;0;1522
Hannes Scherer;AM (RLC), ST (C);28;0 € - 100K €;Baden-Württemberg;Germany;1,1;15,5;44%;0,0;6%;0;0,0;1,7;0,2;92%;17,0;0;0,5;3,8;1,3;0,5;0,7;0,8;0;41,7;1,8;8,0;2,9;1,3;9;0,1;1,9;0,0;0,3;0,1;11,7;0,2;3,1;0,1;1,0;1,0;0,2;2,3;6;0,0;34;-2.03;12;0,2;0;1736
Patrick Krengel;D (RLC);29;12K € - 45K €;Hessia;Germany;3,1;17,2;17%;0,0;0%;0;0,0;0,8;0,4;86%;11,7;0;1,1;3,7;1,2;0,7;0,6;0,4;0;51,6;5,2;9,4;0,8;0,3;12;0,2;2,1;0,6;0,5;0,0;10,1;0,3;5,5;0,1;2,9;4,2;0,1;2,9;8;0,7;77;-4.48;16;0,3;0;1534
Georges Baya Baya;AM (RL), ST (C);24;0 € - 40K €;Westphalia;Germany;2,0;5,8;37%;0,0;17%;0;0,0;1,3;0,4;91%;16,0;0;0,6;7,3;1,5;1,0;0,7;0,9;0;40,9;2,3;12,3;1,3;4,7;23;0,8;2,4;0,0;0,4;0,4;11,6;0,3;5,1;0,2;5,1;1,9;0,2;5,1;15;0,1;38;2.5;28;0,3;0;2047
Niklas Allenfort;D (C);24;0 € - 95K €;RP/Saar;Germany;3,8;25,6;45%;0,1;9%;0;0,0;0,5;0,1;88%;3,2;0;1,0;3,1;1,1;0,7;0,2;0,3;0;49,8;2,1;4,1;0,5;0,0;13;0,1;0,6;1,6;0,7;0,1;9,6;0,1;5,3;0,1;0,1;2,6;0,1;0,1;50;0,4;48;-0.07;17;0,1;0;1638
Marcel Gottschling;D/WB/M/AM (R);31;0 € - 28K €;Lower Saxony;Germany;2,3;9,0;59%;0,2;24%;0;0,0;1,9;0,3;90%;14,8;0;0,5;8,5;2,0;1,2;0,5;1,1;0;40,5;3,8;13,1;1,9;3,4;23;1,1;1,8;0,0;0,3;0,4;11,3;0,2;5,4;0,2;5,5;2,6;0,3;5,5;19;0,1;48;4.01;31;0,2;0;1691
Benedict dos Santos;D (C), DM, M (C);27;0 € - 75K €;Baden-Württemberg;Germany;2,9;14,6;13%;0,0;0%;0;0,0;0,9;0,5;86%;5,5;0;1,0;4,2;1,4;0,8;0,5;0,1;0;59,0;5,0;8,8;0,9;0,1;13;0,0;1,0;0,1;0,4;0,0;11,1;0,1;2,1;0,3;0,2;1,2;0,3;0,2;0;0,1;56;-1.42;16;0,1;0;1387
Dylan Esmel;AM (LC), ST (C);27;8K € - 75K €;RP/Saar;Germany;0,6;3,3;57%;0,1;27%;0;0,0;1,0;0,4;90%;15,1;0;0,3;1,6;0,7;0,1;1,0;1,6;0;25,5;0,9;3,9;1,0;0,4;2;0,1;2,7;0,0;0,0;0,7;8,9;0,3;8,3;0,3;0,3;1,8;0,1;0,3;25;0,1;21;5.68;3;0,3;0;1216
Markus Baum;D (C);27;0 € - 30K €;Westphalia;Germany;3,5;23,3;29%;0,1;0%;0;0,0;0,2;0,1;85%;2,9;0;1,2;2,2;0,7;0,6;0,2;0,1;0;46,7;2,2;3,0;0,2;0,0;10;0,0;0,4;1,0;0,7;0,0;9,8;0,0;5,5;0,0;0,0;3,4;0,1;0,0;0;0,9;61;-0.42;10;0,0;0;1520
Leon Rashica;ST (C);19;0 € - 50K €;RP/Saar;Germany;0,4;0,8;34%;0,0;11%;0;0,0;1,2;0,0;90%;17,6;0;0,1;1,6;0,8;0,1;0,8;0,9;0;23,8;0,4;3,8;1,2;0,4;2;0,4;2,6;0,0;0,1;0,3;9,6;0,3;10,3;0,0;0,8;5,1;0,1;0,8;54;0,2;49;-0.12;3;0,3;0;1318
Stephan Brehmer;D (RL), WB/M (L);33;0 € - 45K €;Lower Saxony;Germany;3,4;19,8;40%;0,1;0%;0;0,0;1,3;0,2;80%;12,1;0;1,8;6,5;1,7;1,3;0,1;0,1;0;52,4;5,7;14,0;2,5;1,0;25;0,2;0,3;0,5;0,7;0,0;11,5;0,0;3,8;0,2;2,7;2,4;0,2;9,9;12;0,2;64;-0.59;30;0,0;0;1729
Sarwar Osse;M/AM (L);23;0 € - 40K €;North East-North;Germany;2,0;5,5;35%;0,1;5%;0;0,0;1,1;0,4;87%;14,2;0;0,6;10,2;1,9;1,0;0,3;0,4;0;45,5;5,0;18,9;1,1;1,9;20;0,6;1,0;0,0;0,5;0,1;12,8;0,1;5,3;0,3;5,8;0,8;0,5;5,8;10;0,2;15;-0.63;22;0,1;0;1741
Mario Baldauf;DM, M (C);27;2,5K € - 24K €;Bavaria North;Germany;1,9;16,0;11%;0,0;0%;0;0,0;0,6;0,1;89%;6,2;0;0,8;5,4;1,5;0,8;0,2;0,1;0;43,6;3,1;9,3;0,8;0,2;15;0,1;0,5;0,2;0,6;0,0;10,5;0,1;1,7;0,1;0,2;0,9;0,1;1,0;15;0,1;55;-1.32;23;0,1;0;1672
Kevin Hagemann;M (L), AM (RL), ST (C);35;0 € - 14K €;Westphalia;Germany;1,7;13,3;34%;0,0;14%;0;0,0;2,0;0,2;87%;14,8;0;0,5;8,5;2,4;1,5;0,7;0,6;0;43,2;3,5;10,1;2,7;3,1;27;0,9;1,6;0,0;0,1;0,2;11,8;0,2;4,1;0,1;5,9;0,7;0,1;12,7;11;0,1;18;1.1;40;0,2;0;1614
Marko Andrić;D (C);22;26K € - 90K €;Baden-Württemberg;Germany;3,3;26,1;13%;0,0;0%;0;0,0;0,3;0,2;88%;2,6;0;0,8;1,9;0,7;0,3;0,1;0,1;0;50,3;2,6;2,7;0,3;0,1;5;0,1;0,9;1,2;0,5;0,0;9,0;0,1;7,3;0,0;0,1;4,6;0,1;0,1;100;1,6;62;-2.02;5;0,1;0;1542
Paul Henkenjohann;M/AM (RC);20;0 €;Bremen;Germany;1,3;20,7;48%;0,0;19%;0;0,0;1,4;0,2;92%;12,1;0;0,3;3,2;0,5;0,3;0,5;1,0;0;42,1;1,8;7,7;1,4;1,2;5;0,0;2,1;0,0;0,3;0,4;11,7;0,3;4,3;0,1;0,5;0,5;0,0;0,5;0;0,0;11;2.01;6;0,3;0;1329
Paul Erevbenagie;AM (R), ST (C);18;240K € - 850K €;Bremen;Germany;1,0;4,0;51%;0,0;22%;0;0,0;1,4;1,0;88%;13,2;0;0,2;4,8;1,2;0,7;1,3;1,8;0;35,7;2,0;7,1;1,4;2,9;10;0,4;3,5;0,0;0,2;0,8;9,5;0,4;7,3;0,4;3,8;2,7;0,2;3,8;9;0,1;37;5.68;11;0,4;0;1246
Mike Jordan;D (C), DM;26;0 €;Westphalia;Germany;3,4;22,7;40%;0,1;0%;0;0,0;0,3;0,1;84%;3,3;0;1,2;2,9;1,2;0,9;0,3;0,4;0;48,9;2,6;2,9;0,3;0,0;19;0,0;0,9;0,3;0,5;0,0;9,7;0,1;6,2;0,0;0,0;4,6;0,1;0,0;0;0,5;75;-1.7;19;0,1;0;1984
Rafael Camprobin;AM (RL), ST (C);24;1,5K € - 16K €;Westphalia;Germany;0,9;4,8;37%;0,0;13%;0;0,0;0,8;0,1;87%;15,7;0;0,4;3,0;0,8;0,4;0,9;0,8;0;29,7;1,1;6,1;0,8;1,7;6;0,4;2,2;0,0;0,2;0,3;9,7;0,3;7,6;0,1;1,6;1,5;0,0;1,6;22;0,0;20;0.21;7;0,3;0;1253
Florian Gebert;ST (C);25;0 € - 40K €;Bavaria South;Germany;0,5;1,8;57%;0,0;26%;0;0,0;1,0;0,3;89%;16,0;0;0,2;1,6;0,9;0,1;0,6;1,5;0;27,8;0,5;5,4;1,0;0,2;2;0,1;2,7;0,1;0,1;0,7;10,2;0,3;9,8;0,1;0,9;4,3;0,1;0,9;12;0,1;44;6.85;4;0,3;0;1559
Amer Ammar;D (C), DM;18;18K € - 170K €;North East-South;Germany;3,1;24,5;31%;0,1;6%;0;0,0;0,2;0,0;85%;4,5;0;1,1;3,4;0,8;0,4;0,4;0,3;0;43,8;1,7;5,5;0,8;0,2;7;0,1;1,0;1,4;0,9;0,1;9,8;0,1;6,3;0,0;0,6;4,1;0,0;0,6;11;1,1;65;-0.23;9;0,1;0;1454
Noah Michel;ST (C);30;0 € - 85K €;Hessia;Germany;0,7;2,2;63%;0,0;33%;0;0,0;1,3;0,3;88%;15,5;0;0,1;1,5;0,7;0,3;0,4;1,0;0;27,7;0,7;4,3;1,3;0,8;4;0,1;1,5;0,0;0,2;0,5;10,2;0,1;10,2;0,2;0,3;1,7;0,3;0,3;20;0,1;16;6.18;6;0,1;0;1395
Jonas Seidel;AM (RL), ST (C);27;0 €;Hamburg;Germany;1,6;4,2;43%;0,0;10%;0;0,0;2,0;0,5;92%;10,8;0;0,5;6,9;2,1;1,4;0,8;1,0;0;41,9;3,1;11,9;2,0;3,5;24;1,8;2,4;0,0;0,1;0,2;11,2;0,2;3,9;0,1;7,5;0,5;0,1;7,9;24;0,1;13;0.06;32;0,2;0;1560
Franko Uzelac;D (C);31;Not for Sale;Westphalia;Germany;2,5;20,4;42%;0,1;21%;0;0,0;0,3;0,1;89%;3,0;0;1,0;3,0;1,2;0,4;0,5;0,4;0;44,6;3,2;2,4;0,3;0,1;8;0,0;1,0;0,5;0,5;0,2;10,0;0,1;6,9;0,0;0,1;5,1;0,1;0,1;0;1,4;75;2.79;11;0,1;0;1644
Tim Kaminski;D/WB/M/AM (R);26;0 € - 60K €;Lower Rhine;Germany;2,1;8,0;42%;0,0;10%;0;0,0;2,1;0,4;88%;16,7;0;0,4;8,2;1,8;1,4;0,9;1,3;0;41,6;3,3;11,6;2,1;4,2;26;1,2;3,2;0,0;0,4;0,3;10,9;0,5;4,1;0,2;7,9;1,0;0,4;8,3;14;0,1;23;-2.75;31;0,5;0;1685
Franklin Weber;D (C);24;2,5K € - 24K €;Schleswig-Holstein;Germany;3,1;17,1;38%;0,2;13%;0;0,0;0,2;0,1;86%;2,9;0;1,1;2,3;1,2;0,5;0,2;0,2;0;47,8;2,2;2,6;0,2;0,0;7;0,0;0,6;0,4;0,6;0,1;10,0;0,0;6,1;0,0;0,2;4,1;0,0;0,2;0;0,8;67;0.39;8;0,0;0;1154
Len Heinson;D/WB (L), DM, M (L);30;26K € - 90K €;Lower Rhine;Germany;3,1;17,7;0%;0,0;0%;0;0,0;0,7;0,2;84%;11,3;0;1,0;5,4;1,7;1,3;0,1;0,0;0;51,6;5,7;9,9;0,7;0,6;24;0,3;0,2;0,3;0,3;0,0;11,3;0,1;4,9;0,1;1,9;2,8;0,1;1,9;17;0,9;58;-1.1;29;0,1;0;1647
Tim Heubach;D (C);37;3,5K € - 12K €;Lower Rhine;Germany;3,6;26,3;25%;0,1;0%;0;0,0;0,1;0,0;91%;1,4;0;1,2;3,2;0,7;0,2;0,2;0,1;0;43,9;2,2;3,1;0,1;0,0;5;0,0;0,4;0,6;0,6;0,0;9,5;0,0;6,9;0,0;0,0;5,1;0,0;0,0;0;1,2;74;-0.69;9;0,0;0;1824
Bartłomiej Krysiak;D (C), DM;19;0 €;Westphalia;Germany;3,6;17,3;9%;0,1;0%;0;0,0;0,6;0,1;85%;4,6;0;1,5;3,0;1,0;0,4;0,3;0,1;0;47,8;2,9;4,4;0,7;0,0;7;0,1;0,7;0,8;0,7;0,0;9,1;0,1;6,6;0,1;0,5;5,3;0,1;0,5;25;0,7;81;-1.49;11;0,1;0;1419
Matthias Löblein;D (RC);23;0 €;Bavaria South;Germany;2,8;17,4;28%;0,1;17%;0;0,0;0,3;0,2;87%;3,5;0;0,9;1,8;0,7;0,3;0,2;0,2;0;45,8;2,1;3,0;0,3;0,0;6;0,0;0,9;0,5;0,5;0,1;10,1;0,1;5,8;0,1;0,0;3,0;0,1;0,0;0;0,4;52;0.6;11;0,1;0;1800
Etienne Nikol;M (L), AM (RL), ST (C);23;14K € - 45K €;North East-North;Germany;1,7;5,1;50%;0,1;6%;0;0,0;2,0;0,4;90%;14,9;0;0,9;7,6;1,7;1,1;0,5;0,7;0;41,3;3,4;9,8;2,0;4,2;13;0,8;1,4;0,0;0,1;0,1;11,3;0,1;4,3;0,2;4,7;1,1;0,3;5,5;14;0,0;27;-0.15;14;0,1;0;1023
Julian Pötzinger;D (R), DM;30;26K € - 90K €;Hamburg;Germany;2,9;17,4;19%;0,0;13%;0;0,0;0,8;0,3;85%;11,2;0;1,4;3,5;1,2;0,8;0,5;0,3;0;52,0;4,8;11,6;1,2;0,7;15;0,3;1,7;1,1;0,9;0,2;11,2;0,2;5,6;0,1;2,1;3,7;0,3;2,2;12;0,4;66;1.02;20;0,2;0;1659
Max Sprang;GK;25;0 €;Hamburg;Germany;0,0;8,5;0%;0,0;0%;63;-0,1;0,0;0,0;69%;6,0;-1.51;4,7;0,0;0,0;0,0;0,0;0,0;91;26,6;0,0;0,0;0,0;0,0;0;0,0;0,0;0,0;0,0;0,0;5,3;0,0;0,0;0,0;0,0;0,0;0,0;0,0;0;0,0;0;0;2;0,0;22;1288
Daniel Bux;M (LC), AM (C);26;16K €;Baden-Württemberg;Germany;1,6;11,6;38%;0,0;5%;0;0,0;1,6;0,2;91%;23,0;0;0,3;4,9;1,3;0,5;0,5;0,5;0;41,1;2,3;10,5;1,6;1,2;8;0,3;1,4;0,0;0,3;0,1;12,1;0,1;3,9;0,2;0,8;0,5;0,0;0,8;36;0,0;12;-0.54;11;0,1;0;1315
Luis Karaqi;D/WB/M (R);19;20K € - 200K €;Lower Saxony;Germany;2,8;11,9;23%;0,1;6%;0;0,0;1,4;0,3;85%;13,8;0;1,3;4,4;1,6;1,1;0,7;0,5;0;53,2;5,8;9,9;1,4;0,2;18;0,4;2,1;0,4;0,4;0,1;10,2;0,2;4,6;0,1;1,8;2,8;0,4;4,0;14;0,5;61;-1.17;23;0,2;0;1517
Mahir Huber;M (RLC), AM (L);23;0 €;Bremen;Germany;2,1;5,7;34%;0,0;23%;0;0,0;1,9;0,4;89%;13,2;0;0,3;7,7;1,8;1,4;0,7;0,7;0;43,0;3,2;9,0;1,9;4,4;23;0,5;2,1;0,0;0,1;0,5;10,7;0,2;5,2;0,1;5,2;0,8;0,1;5,6;9;0,2;15;4.56;26;0,2;0;1478
Daniel Kunkel;D (RLC);25;0 € - 35K €;Lower Saxony;Germany;2,9;10,2;21%;0,1;0%;0;0,0;1,2;0,0;84%;13,3;0;1,4;3,8;1,6;1,3;0,9;0,4;0;52,9;5,7;11,1;1,2;0,2;26;0,2;2,0;0,8;0,6;0,0;10,9;0,3;5,4;0,0;1,9;3,5;0,0;1,9;12;0,6;66;-5.23;30;0,3;0;1853
Enes Rüzgar;M/AM (RL);20;20K € - 75K €;Schleswig-Holstein;Germany;1,5;3,6;38%;0,0;17%;0;0,0;2,7;0,1;90%;16,0;0;0,2;9,2;2,5;1,8;0,6;0,9;0;40,0;3,5;12,4;2,7;3,0;22;1,0;2,3;0,0;0,2;0,4;11,6;0,2;4,2;0,3;5,6;1,2;0,4;5,6;18;0,1;28;2.04;27;0,2;0;1130
Mathis Antoni;M/AM (L);21;0 €;Bremen;Germany;1,5;7,2;44%;0,0;11%;0;0,0;1,7;0,5;94%;12,5;0;0,4;7,7;1,9;1,0;0,9;0,9;0;43,6;3,3;11,2;1,7;3,6;14;0,6;2,0;0,0;0,1;0,2;11,4;0,2;5,8;0,3;4,8;1,6;0,0;4,8;12;0,1;27;0.67;21;0,2;0;1209
Jasper Hölscher;D/WB/M (R), AM (RC);27;4K €;Hamburg;Germany;2,2;7,8;44%;0,1;14%;0;0,0;2,5;0,5;87%;13,8;0;0,2;6,4;2,4;1,5;0,7;0,9;0;42,0;4,0;11,2;2,5;3,1;26;1,5;2,1;0,0;0,1;0,3;11,4;0,2;4,5;0,2;6,9;1,6;0,3;6,9;21;0,2;34;1.8;35;0,2;0;1565
Ramon Castellucci;GK;28;0 € - 85K €;Baden-Württemberg;Germany;0,0;3,9;0%;0,0;0%;66;-0,1;0,0;0,0;64%;5,9;-1.44;5,2;0,0;0,0;0,0;0,0;0,0;89;25,7;0,0;0,0;0,0;0,0;0;0,0;0,0;0,0;0,0;0,0;4,3;0,0;0,0;0,0;0,0;0,0;0,0;0,0;0;0,0;0;0;2;0,0;23;1917
Lilian-Gabriel Reyes Mellado;ST (C);22;3K € - 30K €;Westphalia;Germany;0,9;2,6;54%;0,1;27%;0;0,0;1,0;0,5;91%;17,4;0;0,2;1,5;0,8;0,3;0,8;1,0;0;23,7;0,6;4,2;1,0;0,6;5;0,0;1,9;0,0;0,1;0,5;9,1;0,2;10,4;0,1;0,3;3,2;0,1;0,3;0;0,1;31;6.58;7;0,2;0;1756
Sven Burkhardt;GK;42;0 € - 1,5K €;Baden-Württemberg;Germany;0,0;8,8;0%;0,0;0%;66;-0,0;0,0;0,0;64%;4,8;-0.58;5,5;0,0;0,0;0,0;0,0;0,0;89;27,5;0,0;0,0;0,5;0,0;0;0,0;0,0;0,0;0,0;0,0;5,4;0,0;0,0;0,0;0,0;0,0;0,0;0,0;0;0,0;0;0;0;0,0;25;1890
Divine Boafo;M/AM (L);20;0 € - 35K €;Westphalia;Germany;2,1;4,5;50%;0,1;25%;0;0,0;1,5;0,2;88%;15,2;0;0,6;5,9;2,6;1,6;0,5;0,3;0;44,7;4,8;11,6;1,5;1,5;27;0,9;0,7;0,0;0,2;0,2;11,2;0,0;3,4;0,0;4,6;0,9;0,1;4,6;18;0,0;26;2.25;30;0,0;0;1543
Leon Walch;GK;20;500 € - 3,5K €;Bavaria South;Germany;0,2;5,7;0%;0,0;0%;69;-0,2;0,0;0,0;70%;6,5;-3.7;4,5;0,0;0,0;0,0;0,0;0,0;89;28,6;0,2;0,0;0,0;0,0;0;0,0;0,0;0,0;0,0;0,0;5,4;0,0;0,0;0,0;0,0;0,0;0,0;0,0;0;0,0;0;0;2;0,0;26;1800
Sebastian Rosina;D (C);27;0 € - 28K €;Bavaria South;Germany;2,8;27,6;13%;0,0;7%;0;0,0;0,2;0,2;84%;5,2;0;1,7;3,5;1,0;0,8;0,3;0,2;0;45,6;2,6;5,6;0,2;0,2;11;0,0;1,1;0,3;0,6;0,1;9,9;0,1;3,9;0,1;0,0;2,3;0,1;0,0;0;0,3;58;-0.75;12;0,1;0;1195
Maximilian Engl;GK;27;10K € - 35K €;Bavaria South;Germany;0,5;7,5;0%;0,0;0%;81;0,2;0,0;0,0;75%;6,7;4.09;6,2;0,0;0,0;0,1;0,0;0,0;87;25,4;0,7;0,0;0,0;0,0;3;0,0;0,0;0,0;0,0;0,0;5,4;0,0;0,0;0,0;0,0;0,0;0,0;0,0;0;0,0;0;0;6;0,0;16;1890
Diyar Saka;M (R), AM (RL), ST (C);24;4,5K € - 45K €;Bremen;Germany;2,2;6,7;30%;0,0;11%;0;0,0;2,0;0,5;87%;10,9;0;0,7;9,0;1,9;0,8;0,6;0,7;0;45,3;4,2;15,7;2,0;2,6;15;1,7;2,5;0,0;0,5;0,3;13,1;0,3;2,9;0,2;7,1;0,3;0,1;7,1;23;0,0;11;-0.11;26;0,3;0;1722
Niklas Thiel;D (RC), DM;27;30K € - 110K €;North East-North;Germany;2,7;18,2;18%;0,1;18%;0;0,0;0,6;0,3;90%;9,2;0;1,0;4,3;1,2;1,0;0,1;0,1;0;49,3;4,7;9,0;0,6;0,2;17;0,1;0,6;0,1;0,6;0,1;10,9;0,1;2,4;0,1;0,8;1,3;0,1;1,8;3;0,2;56;0.38;19;0,1;0;1543
Jonah Gieseler;AM (RC), ST (C);28;35K € - 325K €;Schleswig-Holstein;Germany;0,7;3,5;56%;0,0;22%;0;0,0;0,8;0,4;87%;12,4;0;0,2;1,8;0,8;0,1;1,2;2,2;0;27,7;0,5;3,9;0,8;1,6;1;0,1;4,0;0,0;0,2;0,9;9,6;0,4;10,4;0,2;0,6;3,9;0,1;0,6;20;0,1;38;7.59;3;0,4;0;1406
Yohan Ngatcheu;M (L), AM (RL);17;35K € - 350K €;North East-North;Germany;2,4;7,1;37%;0,0;7%;0;0,0;0,9;0,3;92%;15,9;0;0,4;7,3;1,3;0,7;0,6;0,7;0;42,5;2,9;11,0;1,0;5,3;12;0,5;1,8;0,0;0,4;0,1;11,2;0,1;5,2;0,2;4,1;1,3;0,1;8,5;13;0,2;26;-0.46;13;0,1;0;1486
Tobias Werdich;GK;22;0 € - 55K €;Bavaria South;Germany;0,7;7,3;0%;0,0;0%;73;0,2;0,0;0,0;64%;9,8;4.33;5,7;0,0;0,0;0,1;0,0;0,0;87;27,6;0,8;0,0;0,0;0,0;2;0,0;0,0;0,0;0,0;0,0;5,2;0,0;0,0;0,0;0,0;0,0;0,0;0,0;0;0,0;0;0;6;0,0;33;1980
Emre Çil;D (C);20;0 € - 40K €;North East-North;Germany;3,1;18,1;30%;0,2;10%;0;0,0;0,2;0,1;90%;3,1;0;0,7;2,8;0,6;0,3;0,2;0,2;0;49,1;2,6;3,2;0,2;0,1;5;0,0;0,6;0,8;0,5;0,1;9,4;0,0;6,7;0,0;0,0;4,1;0,0;0,0;0;0,4;61;0.54;6;0,0;0;1484
Arda Nebi;M (R), AM (RLC);34;0 € - 1,5K €;Westphalia;Germany;1,8;10,8;39%;0,0;7%;0;0,0;1,9;0,3;89%;17,0;0;0,4;9,1;2,4;2,0;0,6;0,7;0;42,1;3,8;13,6;1,9;3,6;32;1,1;1,8;0,0;0,1;0,1;11,7;0,2;4,5;0,2;6,6;1,6;0,3;7,7;16;0,1;35;-0.93;34;0,2;0;1431
Gerrit Kaiser;M (C), AM (RC), ST (C);31;22K € - 75K €;Westphalia;Germany;0,4;11,8;54%;0,0;17%;0;0,0;0,5;0,5;89%;11,7;0;0,0;1,4;0,3;0,2;0,4;0,9;0;9,9;0,2;1,7;0,5;0,8;3;0,2;1,6;0,0;0,0;0,3;3,1;0,1;2,3;0,1;0,8;1,3;0,3;0,8;25;0,0;56;1.34;3;0,2;0;1323
Patrick Sander;GK;22;0 € - 65K €;Bavaria North;Germany;0,1;6,0;0%;0,0;0%;58;-0,4;0,0;0,0;66%;6,7;-7.61;4,0;0,0;0,0;0,0;0,0;0,0;91;27,3;0,1;0,0;0,0;0,0;0;0,0;0,0;0,0;0,0;0,0;4,9;0,0;0,0;0,0;0,0;0,0;0,0;0,0;0;0,0;0;0;2;0,0;27;1800
Adrian Istrefi;DM, M/AM (C);32;0 € - 28K €;Bavaria North;Germany;2,3;25,8;39%;0,1;6%;0;0,0;1,3;0,5;89%;7,0;0;0,9;6,9;1,5;0,9;0,3;0,4;0;56,8;4,7;8,2;1,3;0,4;17;0,1;0,9;0,2;0,5;0,1;10,6;0,1;2,8;0,3;0,2;1,0;0,4;0,2;25;0,2;37;-0.73;25;0,1;0;1763
Thilo Kraemer;D (LC);32;0 €;RP/Saar;Germany;3,1;18,1;17%;0,1;17%;0;0,0;0,1;0,1;90%;3,2;0;1,2;2,5;0,7;0,2;0,2;0,1;0;48,3;2,0;2,6;0,1;0,0;5;0,0;0,3;0,9;0,7;0,1;9,6;0,0;6,1;0,0;0,1;4,0;0,1;0,1;0;0,8;66;0.5;8;0,0;0;1800
Maurice Bender;GK;19;0 € - 35K €;Lower Rhine;Germany;0,0;3,6;0%;0,0;0%;66;0,1;0,0;0,0;83%;5,9;0.77;5,4;0,0;0,0;0,0;0,0;0,0;89;26,3;0,0;0,0;0,0;0,0;0;0,0;0,0;0,0;0,0;0,0;5,3;0,0;0,0;0,0;0,0;0,0;0,0;0,0;0;0,0;0;0;0;0,0;13;1108
Dacain Baraza;D (RC), DM;25;12K € - 120K €;Lower Rhine;Germany;3,0;14,3;15%;0,2;8%;0;0,0;0,4;0,1;90%;3,1;0;0,9;2,4;0,8;0,4;0,1;0,1;0;48,7;2,2;3,3;0,4;0,2;7;0,0;0,7;0,3;0,7;0,1;9,2;0,1;6,5;0,1;0,0;4,6;0,0;0,2;33;1,0;70;-0.72;9;0,1;0;1659
Elyas Aydin;D (RC), DM;19;0 €;Middle Rhine;Germany;3,1;17,2;39%;0,2;19%;0;0,0;0,2;0,0;82%;2,6;0;1,3;3,5;1,1;0,6;0,4;0,5;0;45,5;2,3;3,7;0,6;0,0;14;0,0;1,4;0,5;0,5;0,3;9,9;0,2;7,3;0,0;0,1;5,4;0,0;0,1;0;1,1;74;1.56;15;0,2;0;1980
Johannes Golla;D (RL), WB/M (R);30;0 € - 50K €;Bavaria North;Germany;3,3;19,4;33%;0,1;0%;0;0,0;1,0;0,2;83%;12,5;0;1,4;3,7;1,2;0,9;0,3;0,4;0;55,2;5,5;10,9;2,0;0,4;18;0,3;1,1;0,3;0,4;0,0;11,0;0,1;5,4;0,1;2,7;3,8;0,2;6,3;10;0,6;70;-2.07;21;0,1;0;1719
Leon Dippert;AM (C), ST (C);30;18K € - 60K €;Schleswig-Holstein;Germany;0,4;3,9;51%;0,0;14%;0;0,0;1,0;0,3;90%;15,0;0;0,0;1,5;0,7;0,1;1,3;2,0;0;24,8;0,4;3,6;1,3;0,3;3;0,1;3,9;0,0;0,0;0,5;9,7;0,4;11,1;0,3;0,4;3,4;0,2;1,8;18;0,0;31;1.25;3;0,5;0;1846
Valentin Schmitt;AM (RLC);19;20K € - 210K €;Bavaria North;Germany;1,5;4,6;35%;0,0;15%;0;0,0;1,5;0,7;85%;14,6;0;0,7;6,8;1,5;0,9;1,0;0,7;0;43,7;2,1;9,3;1,5;2,6;12;1,9;1,9;0,0;0,3;0,3;11,5;0,2;4,4;0,2;6,0;0,8;0,3;6,0;31;0,0;18;1.01;18;0,2;0;1223
Tyler-Jeremy Wozny;M (C);21;0 € - 45K €;RP/Saar;Germany;0,0;13,6;39%;0,0;17%;0;0,0;0,3;0,4;0%;10,1;0;0,0;0,0;0,0;0,0;0,3;0,5;0;0,0;0,0;0,0;0,3;0,0;0;0,0;1,2;0,0;0,0;0,2;0,0;0,2;0,0;0,2;0,0;0,0;0,3;0,0;0;0,0;0;0.55;0;0,2;0;1394
Marlon Zacharias;GK;20;0 € - 90K €;Westphalia;Germany;0,0;3,8;0%;0,0;0%;69;0,0;0,0;0,0;70%;7,0;0.51;3,2;0,0;0,0;0,0;0,0;0,0;89;27,1;0,0;0,0;0,0;0,0;0;0,0;0,0;0,0;0,0;0,0;5,2;0,0;0,0;0,0;0,0;0,0;0,0;0,0;0;0,0;0;0;0;0,0;23;1890
Vasilios Polichronakis;D/WB/M/AM (R);24;Unknown;RP/Saar;Germany;2,4;6,7;35%;0,0;15%;0;0,0;1,5;0,4;91%;14,2;0;0,7;7,0;1,8;0,9;0,5;0,7;0;45,2;4,5;12,0;1,5;2,6;11;0,7;2,1;0,1;0,4;0,3;11,5;0,3;4,5;0,2;4,4;1,9;0,2;5,0;14;0,1;42;0.58;12;0,3;0;1094
Colin von Brezinski;D (RC), WB/M (R);26;1K € - 9K €;North East-South;Germany;2,6;11,7;25%;0,0;0%;0;0,0;1,4;0,4;85%;18,1;0;1,1;7,3;1,9;1,4;0,1;0,1;0;49,2;5,2;19,4;1,4;1,3;28;1,1;0,4;0,5;0,5;0,0;12,7;0,0;4,0;0,1;8,8;2,2;0,1;8,8;12;0,4;54;-0.5;37;0,0;0;1800
Justin Smyla;D (LC);21;1K € - 8K €;North East-South;Germany;3,3;19,0;0%;0,0;0%;0;0,0;1,1;0,1;86%;9,5;0;1,3;5,5;1,7;1,1;0,1;0,0;0;49,9;4,9;11,0;1,1;0,3;19;0,2;0,5;1,1;0,5;0,0;12,3;0,1;4,0;0,1;1,5;2,7;0,1;1,5;11;0,3;68;-1.03;26;0,1;0;1603
Azat Selcuk;M (C), AM (RC);26;0 € - 75K €;Schleswig-Holstein;Germany;2,2;10,8;38%;0,0;8%;0;0,0;2,1;0,6;91%;15,5;0;0,6;6,1;1,3;0,6;0,8;1,2;0;43,3;3,4;10,4;2,1;2,4;9;0,5;3,3;0,0;0,3;0,3;11,6;0,4;3,2;0,3;4,8;0,5;0,6;4,8;10;0,0;17;-1.23;16;0,4;0;1315
Maximilian Wagener;DM, M (RC), AM (C);30;0 € - 35K €;Lower Rhine;Germany;2,4;18,6;19%;0,1;0%;0;0,0;1,0;0,5;88%;5,5;0;0,6;4,0;1,3;1,0;0,3;0,2;0;47,6;6,1;8,6;1,8;0,4;19;0,1;0,9;0,3;0,2;0,0;11,3;0,1;2,5;0,4;0,1;1,4;0,4;0,5;20;0,1;57;-1.06;25;0,1;0;1693
Christoph Szili;D (C);24;0 € - 55K €;Bavaria South;Germany;3,2;15,7;19%;0,2;6%;0;0,0;0,4;0,2;85%;5,6;0;1,3;3,3;0,6;0,5;0,5;0,3;0;47,8;2,9;5,4;0,4;0,3;9;0,3;1,6;0,7;1,1;0,1;10,5;0,1;5,1;0,0;1,3;3,2;0,0;1,3;20;0,3;63;-0.18;9;0,1;0;1710
Hermann Ratz;D (C), DM;17;18K € - 180K €;North East-South;Germany;3,1;13,3;24%;0,2;6%;0;0,0;0,3;0,1;84%;3,7;0;1,1;2,5;1,1;0,6;0,3;0,3;0;42,1;2,2;3,7;0,3;0,0;9;0,0;1,1;0,3;0,5;0,1;10,3;0,1;6,9;0,0;0,1;5,1;0,0;0,1;0;0,7;73;-1.02;10;0,1;0;1365
Jozo Tunjić;M/AM (L), ST (C);27;12K € - 40K €;Bremen;Germany;3,1;9,2;25%;0,0;17%;0;0,0;0,9;0,2;88%;18,2;0;0,4;6,9;1,1;0,6;0,2;0,2;0;41,5;2,0;9,3;0,9;4,8;7;0,5;1,0;0,0;0,3;0,2;10,2;0,1;4,1;0,1;4,1;0,8;0,0;4,6;12;0,0;18;1.01;9;0,1;0;1080
Till Streller;DM, M/AM (C);22;0 €;RP/Saar;Germany;2,4;18,1;29%;0,0;10%;0;0,0;1,9;0,3;88%;16,1;0;0,3;5,7;1,4;0,4;0,3;0,4;0;41,4;2,8;7,7;1,9;1,1;6;0,3;1,4;0,1;0,3;0,1;11,3;0,2;4,9;0,3;1,1;1,3;0,3;1,1;23;0,1;26;-0.62;9;0,2;0;1349
Imad Lamnaouar Sekaki;M (R), AM (RL);19;0 € - 95K €;RP/Saar;Germany;2,1;4,7;44%;0,0;11%;0;0,0;1,5;0,2;86%;14,4;0;0,8;7,4;1,2;0,7;0,4;0,7;0;41,7;2,1;9,0;1,5;3,8;8;0,6;1,6;0,0;0,3;0,2;10,5;0,1;3,9;0,1;5,5;1,1;0,4;5,5;11;0,0;27;0.35;12;0,1;0;1021
Benjamin Förster;ST (C);36;0 € - 6K €;North East-South;Germany;0,5;3,4;60%;0,0;18%;0;0,0;0,9;0,1;88%;17,2;0;0,3;1,6;0,8;0,2;1,0;1,6;0;24,4;0,4;7,0;0,9;0,3;3;0,1;2,7;0,0;0,0;0,5;9,4;0,3;8,3;0,1;0,5;2,0;0,0;0,5;25;0,2;24;1.45;5;0,4;0;1341
David Vogl;AM (C), ST (C);28;0 € - 50K €;Bavaria South;Germany;0,8;2,9;51%;0,0;20%;0;0,0;1,0;0,1;90%;14,2;0;0,1;1,8;0,6;0,2;1,3;1,4;0;26,4;0,7;4,5;1,0;0,8;3;0,0;2,7;0,0;0,1;0,5;10,0;0,3;10,8;0,1;0,5;2,7;0,1;0,5;0;0,1;25;3.84;6;0,3;0;1509
Shinnosuke Nishi;D/WB/M (R);21;0 € - 110K €;Lower Rhine;Germany;3,1;13,0;14%;0,0;3%;0;0,0;0,8;0,3;84%;11,9;0;0,9;5,1;1,7;1,1;0,6;0,3;0;51,9;5,0;9,3;0,9;0,7;19;0,4;2,0;0,4;0,4;0,1;9,9;0,2;4,4;0,2;2,3;2,1;0,1;5,2;14;0,6;46;-2.99;21;0,2;0;1621
Nick Höfer;ST (C);20;0 €;Hamburg;Germany;1,0;1,7;40%;0,0;12%;0;0,0;0,6;0,2;87%;11,6;0;0,2;1,0;0,5;0,2;1,1;1,3;0;23,6;0,2;3,5;0,6;0,4;2;0,2;3,4;0,0;0,1;0,4;9,1;0,4;11,2;0,1;0,5;2,1;0,1;0,5;33;0,2;19;0.47;2;0,4;0;1136
Niklas Golke;DM, M (RL);26;0 € - 95K €;North East-South;Germany;2,1;13,3;20%;0,0;7%;0;0,0;0,5;0,2;87%;5,9;0;0,6;5,5;1,6;0,9;0,5;0,2;0;52,3;2,9;9,4;0,5;0,2;14;0,0;0,9;0,1;0,2;0,1;11,6;0,1;3,4;0,2;0,1;1,5;0,2;0,1;0;0,3;44;-0.5;19;0,1;0;1448
Daniel Pavlov;D (C), DM;19;0 € - 110K €;Bavaria North;Germany;3,0;22,6;19%;0,0;10%;0;0,0;0,2;0,1;84%;4,6;0;1,1;3,3;0,9;0,4;0,3;0,2;0;44,1;2,6;5,0;0,7;0,1;7;0,0;1,1;1,9;0,3;0,1;10,2;0,1;6,6;0,1;0,2;4,9;0,0;0,2;0;1,8;75;0.79;15;0,1;0;1710
Anton Utermann;M/AM (C);18;8K € - 75K €;Hessia;Germany;1,2;15,0;40%;0,1;17%;0;0,0;1,8;0,4;86%;14,2;0;0,5;3,3;1,3;0,7;0,5;1,0;0;43,0;2,6;7,8;1,8;1,1;9;0,1;2,4;0,0;0,2;0,4;11,7;0,4;3,6;0,3;1,2;0,8;0,3;1,2;6;0,0;22;0;12;0,4;0;1135
Julian Bauer;GK;26;2,5K € - 28K €;Hessia;Germany;0,0;2,2;0%;0,0;0%;78;0,3;0,0;0,0;74%;7,3;4.83;5,2;0,0;0,0;0,2;0,0;0,0;89;25,9;0,0;0,0;0,4;0,0;3;0,0;0,0;0,0;0,0;0,0;4,2;0,0;0,0;0,0;0,0;0,0;0,0;0,0;0;0,0;0;0;3;0,0;15;1606
Adrian Gahabka;D (C);31;0 €;Baden-Württemberg;Germany;3,3;17,1;50%;0,2;0%;0;0,0;0,2;0,1;89%;4,2;0;1,0;2,9;1,3;0,4;0,2;0,2;0;49,7;3,1;2,9;0,2;0,1;7;0,0;0,5;0,4;0,6;0,0;9,8;0,0;6,5;0,0;0,1;4,2;0,1;0,1;0;0,6;65;-0.42;9;0,0;0;1572
Ali Kazimi;M (L), AM (RL), ST (C);28;10K € - 35K €;Hessia;Germany;0,7;1,0;30%;0,0;13%;0;0,0;0,8;0,2;89%;19,6;0;0,1;1,6;0,7;0,3;0,6;0,7;0;26,2;0,8;3,9;0,8;0,6;4;0,0;2,4;0,0;0,1;0,3;9,3;0,3;8,5;0,1;0,4;1,7;0,0;0,4;0;0,0;21;0.47;6;0,3;0;1132
Adrian Nezir;D (RC), DM;19;0 € - 120K €;Westphalia;Germany;3,4;17,0;21%;0,2;7%;0;0,0;0,4;0,3;87%;3,1;0;1,7;3,6;1,6;0,8;0,4;0,2;0;47,3;3,4;3,1;0,4;0,0;13;0,0;0,9;0,5;0,6;0,1;10,1;0,1;5,0;0,1;0,1;3,7;0,1;0,1;0;0,7;74;-0.91;15;0,1;0;1396
Mohammed Ali Khan;M (R), AM (RL);19;0 €;Westphalia;Germany;1,8;7,0;27%;0,0;13%;0;0,0;1,6;0,2;90%;15,7;0;0,3;8,6;1,7;1,3;0,2;0,2;0;43,0;3,5;10,1;2,6;3,0;24;0,6;0,8;0,0;0,3;0,1;12,4;0,1;5,2;0,1;4,8;2,4;0,0;4,8;12;0,1;45;0.09;28;0,1;0;1712
Manoel Splettstößer;D (C), DM;32;0 € - 18K €;RP/Saar;Germany;2,7;16,6;24%;0,1;5%;0;0,0;0,2;0,1;89%;3,5;0;1,5;3,0;1,0;0,5;0,4;0,3;0;45,0;1,8;2,6;0,3;0,0;7;0,0;1,4;0,8;0,5;0,1;9,5;0,2;6,8;0,0;0,0;5,5;0,0;0,0;0;0,9;80;-1.3;10;0,2;0;1319
Michael Zadach;GK;25;12K € - 45K €;RP/Saar;Germany;0,0;5,3;0%;0,0;0%;70;0,3;0,0;0,0;70%;5,0;4.43;5,7;0,0;0,0;0,0;0,0;0,0;88;26,1;0,0;0,0;0,0;0,0;0;0,0;0,0;0,0;0,0;0,0;5,0;0,0;0,0;0,0;0,0;0,0;0,0;0,0;0;0,0;0;0;1;0,0;10;1540
Anton Makarenko;M (L), AM (RL), ST (C);37;0 € - 7K €;Bavaria North;Germany;1,2;8,5;63%;0,0;31%;0;0,0;2,3;0,1;90%;12,6;0;0,2;6,7;1,9;1,1;0,3;0,8;0;40,7;3,9;9,5;2,9;2,7;14;1,2;1,3;0,0;0,1;0,4;11,5;0,2;5,1;0,2;4,5;1,3;0,1;11,4;18;0,0;25;2.3;21;0,2;0;1109
Nikolas Hofmann;DM, M (C);23;1K € - 12K €;Bavaria North;Germany;2,0;15,3;13%;0,0;13%;0;0,0;0,3;0,4;90%;6,0;0;0,6;4,2;1,5;0,9;0,5;0,1;0;50,5;3,3;8,3;0,3;0,2;11;0,0;0,6;0,2;0,3;0,1;10,8;0,0;1,9;0,2;0,3;0,7;0,2;0,3;0;0,0;38;0.45;15;0,0;0;1122
Daniel-Brice Ndouop;D (RC);23;35K € - 110K €;RP/Saar;Germany;3,5;15,4;13%;0,0;8%;0;0,0;0,1;0,0;90%;2,9;0;1,2;2,5;0,8;0,3;0,6;0,2;0;45,1;2,2;2,7;0,1;0,0;5;0,1;1,3;0,6;0,9;0,1;9,2;0,1;7,3;0,1;0,2;5,6;0,0;0,2;25;1,6;76;-0.74;9;0,1;0;1683
Jérémy Mekoma;AM (RL), ST (C);21;12K € - 130K €;RP/Saar;Germany;1,0;2,6;48%;0,0;16%;0;0,0;0,8;0,2;89%;14,2;0;0,1;1,7;0,8;0,3;1,0;1,8;0;26,8;0,4;4,2;0,8;1,0;5;0,1;3,7;0,0;0,1;0,6;10,8;0,5;10,6;0,2;0,7;2,9;0,1;0,7;16;0,0;28;1.5;6;0,5;0;1510
Finn Hetzsch;M (RLC);21;16K € - 170K €;North East-South;Germany;1,8;5,0;38%;0,0;13%;0;0,0;1,7;0,4;90%;12,1;0;0,5;8,4;2,0;1,2;0,4;0,7;0;42,7;2,9;11,2;1,7;4,0;15;1,4;1,9;0,0;0,4;0,2;11,6;0,2;5,1;0,1;6,1;1,2;0,2;6,1;23;0,2;23;-0.13;18;0,2;0;1145
Bruno Schiemann;ST (C);24;0 € - 75K €;North East-South;Germany;0,6;0,6;40%;0,0;13%;0;0,0;0,8;0,1;92%;18,9;0;0,1;2,1;0,7;0,4;1,1;1,3;0;22,4;0,3;3,7;0,8;1,1;5;0,0;3,4;0,0;0,1;0,4;10,1;0,3;11,1;0,1;0,3;2,8;0,1;0,3;0;0,0;25;1.59;5;0,3;0;1207
Johann von Knebel;DM, M/AM (C);28;0 € - 40K €;Hamburg;Germany;1,6;16,5;45%;0,0;13%;0;0,0;2,1;0,2;87%;13,8;0;0,4;3,7;1,2;0,6;1,1;1,3;0;41,1;2,3;6,4;2,1;1,2;9;0,5;2,8;0,0;0,1;0,4;11,4;0,2;5,2;0,1;0,8;1,7;0,2;0,8;63;0,0;32;2.09;10;0,2;0;1269
Tarik Karaman;GK;18;100K € - 350K €;Baden-Württemberg;Germany;0,0;3,2;0%;0,0;0%;60;-0,2;0,1;0,0;73%;7,5;-3.11;3,1;0,0;0,0;0,1;0,0;0,0;90;25,7;0,0;0,0;0,1;0,0;1;0,0;0,0;0,0;0,0;0,0;5,4;0,0;0,0;0,0;0,0;0,0;0,0;0,0;0;0,0;0;0;2;0,0;21;1611
Malcom Scheibner;D/WB/M/AM (R);21;26K € - 95K €;Middle Rhine;Germany;1,6;4,4;33%;0,0;25%;0;0,0;1,7;0,5;88%;19,9;0;0,4;7,4;2,5;1,8;0,3;0,2;0;42,6;3,3;11,8;1,7;4,1;35;0,8;0,6;0,0;0,4;0,2;12,1;0,1;4,8;0,1;6,0;1,9;0,1;7,0;13;0,0;38;1.98;39;0,1;0;1751
Felix Lange;D (RC);21;0 € - 30K €;Lower Saxony;Germany;3,1;17,8;17%;0,0;17%;0;0,0;0,4;0,1;89%;3,9;0;1,3;3,1;1,1;0,8;0,5;0,2;0;44,7;2,5;5,4;0,4;0,1;15;0,0;1,2;0,7;0,4;0,2;10,2;0,1;6,1;0,1;0,2;4,3;0,2;0,2;0;0,7;71;1.71;18;0,1;0;1709
Elias Oubella;D (C);24;0 €;Lower Rhine;Germany;2,7;16,1;7%;0,1;0%;0;0,0;0,1;0,0;86%;3,1;0;1,1;2,3;0,7;0,5;0,3;0,1;0;44,9;2,2;4,0;0,1;0,0;9;0,0;0,8;0,5;0,6;0,0;10,7;0,1;7,1;0,0;0,1;4,7;0,0;0,1;0;1,4;66;-1.48;10;0,1;0;1512
Marco Müller;D (RL);22;0 € - 65K €;RP/Saar;Germany;3,0;12,4;10%;0,0;2%;0;0,0;0,7;0,4;86%;14,6;0;1,4;5,3;1,0;0,5;0,9;0,2;0;47,2;4,8;9,5;0,7;0,6;9;0,4;2,3;0,1;0,6;0,1;10,4;0,2;4,2;0,3;2,5;2,6;0,3;2,5;17;0,3;62;-2.97;15;0,2;0;1635
Kevin Hoffmann;M/AM (C), ST (C);30;0 € - 60K €;Bavaria North;Germany;0,8;9,9;39%;0,0;22%;0;0,0;1,6;0,2;88%;11,0;0;0,2;3,9;0,9;0,1;1,0;1,0;0;38,9;2,1;7,8;1,6;1,5;3;0,2;2,4;0,0;0,2;0,5;11,6;0,3;7,7;0,2;1,4;1,5;0,2;1,5;15;0,1;20;4.79;5;0,3;0;1890
Leif Søren Linnig;M (C), AM (LC);20;0 € - 45K €;Lower Rhine;Germany;0,0;22,6;42%;0,0;8%;0;0,0;0,1;0,3;0%;12,2;0;0,0;0,0;0,0;0,0;0,2;0,4;0;0,0;0,0;0,0;0,1;0,0;0;0,0;0,9;0,0;0,0;0,1;0,0;0,1;0,0;0,4;0,0;0,0;0,1;1,7;4;0,0;0;-0.23;0;0,1;0;1197
Jan Strauch;GK;22;1,5K € - 14K €;Middle Rhine;Germany;0,0;6,2;0%;0,0;0%;78;0,1;0,0;0,0;68%;5,1;2.11;5,5;0,0;0,0;0,0;0,0;0,0;91;25,8;0,0;0,0;0,8;0,0;0;0,0;0,0;0,0;0,0;0,0;5,3;0,0;0,0;0,0;0,0;0,0;0,0;0,0;0;0,0;0;0;2;0,0;10;1786
Luca Meyers;D (C);20;3,5K € - 12K €;Lower Rhine;Germany;3,3;23,5;10%;0,1;5%;0;0,0;0,2;0,1;88%;3,0;0;1,1;2,5;0,9;0,4;0,5;0,1;0;47,7;2,8;2,6;0,2;0,0;7;0,0;1,0;1,5;0,6;0,1;9,8;0,1;7,4;0,1;0,1;4,0;0,1;0,1;0;1,5;54;-1.28;10;0,1;0;1783
Del-Angelo Williams;ST (C);32;1K € - 12K €;Hessia;Germany;0,7;1,3;52%;0,0;27%;0;0,0;1,1;0,1;90%;17,3;0;0,3;1,8;0,9;0,1;1,1;1,6;0;24,7;0,5;4,1;1,3;0,4;2;0,0;3,2;0,0;0,1;0,9;10,4;0,5;9,3;0,2;0,5;2,3;0,3;0,5;0;0,1;25;4.19;3;0,6;0;1369
Linus Urban;D (R);21;0 € - 28K €;Lower Saxony;Germany;2,5;12,9;21%;0,1;4%;0;0,0;0,9;0,3;86%;13,6;0;1,1;3,7;1,5;0,9;0,4;0,4;0;52,1;5,2;10,7;0,9;0,4;12;0,4;2,0;0,4;0,4;0,1;10,5;0,2;5,9;0,2;1,9;2,8;0,1;1,9;19;0,6;48;-2.48;17;0,2;0;1255
Jip Kemna;ST (C);27;1,5K € - 16K €;Lower Saxony;Germany;0,5;1,7;39%;0,0;12%;0;0,0;1,4;0,1;91%;18,5;0;0,2;1,8;1,0;0,2;0,5;1,1;0;23,2;0,6;3,7;1,4;0,3;3;0,1;2,8;0,0;0,0;0,3;9,1;0,4;10,6;0,1;0,7;2,6;0,1;0,7;18;0,1;25;-0.86;6;0,4;0;1331
Julio Torrens;DM, M (C);22;0 € - 55K €;Lower Rhine;Germany;2,5;18,8;7%;0,1;7%;0;0,0;0,8;0,4;89%;4,6;0;1,2;5,5;1,3;1,0;0,4;0,1;0;54,3;3,7;8,4;1,2;0,0;17;0,0;0,9;0,7;0,5;0,1;11,5;0,1;2,8;0,4;0,2;1,3;0,3;4,1;11;0,3;46;-0.42;19;0,1;0;1497
Severin Müller;DM, M (LC), AM (C), ST (C);24;0 € - 50K €;Bavaria South;Germany;0,3;10,8;37%;0,0;21%;0;0,0;0,3;0,2;90%;15,4;0;0,1;0,7;0,1;0,1;0,4;0,4;0;7,4;0,6;1,3;0,4;0,1;1;0,1;1,1;0,0;0,1;0,2;1,3;0,1;0,4;0,1;0,2;0,2;0,2;0,5;22;0,1;57;1.77;2;0,1;0;1516
Dimitrios Vourtsis;ST (C);26;12K € - 45K €;Bavaria South;Germany;0,7;2,2;46%;0,0;24%;0;0,0;1,2;0,1;88%;18,5;0;0,1;1,5;0,6;0,1;0,6;0,9;0;26,4;0,6;3,8;1,2;0,5;2;0,1;2,1;0,0;0,1;0,5;9,6;0,2;9,7;0,1;0,3;3,2;0,0;0,3;16;0,1;33;3.87;3;0,3;0;1622
Janne Scharr;D (C);17;0 € - 100K €;North East-South;Germany;2,7;19,9;17%;0,1;8%;0;0,0;0,3;0,0;86%;2,7;0;1,0;2,5;1,0;0,4;0,2;0,1;0;47,9;2,6;2,2;0,3;0,1;7;0,0;0,8;0,9;0,4;0,1;9,6;0,1;6,9;0,0;0,0;4,7;0,1;0,0;0;0,8;68;-0.46;9;0,1;0;1440
Nuredin Rexhepi;D (LC), WB (L), DM;19;0 € - 70K €;Bavaria North;Germany;3,8;14,5;36%;0,2;9%;0;0,0;0,5;0,2;87%;5,8;0;0,9;3,8;1,1;0,7;0,4;0,3;0;46,7;2,5;6,5;0,5;0,2;9;0,0;0,9;0,4;0,6;0,1;10,2;0,0;5,8;0,1;0,2;4,2;0,1;1,1;15;0,7;72;0.39;11;0,0;0;1103
Oskar Hill;GK;19;130K € - 450K €;Middle Rhine;Germany;0,0;4,5;0%;0,0;0%;65;-0,2;0,0;0,0;65%;4,7;-4.28;6,4;0,0;0,0;0,0;0,0;0,0;90;25,8;0,0;0,0;0,0;0,0;1;0,0;0,0;0,0;0,0;0,0;5,5;0,0;0,0;0,0;0,0;0,0;0,0;0,0;0;0,0;0;0;5;0,0;31;1825
Johann Martynets;AM (R), ST (C);28;0 € - 70K €;North East-South;Germany;0,6;2,1;40%;0,0;17%;0;0,0;1,2;0,2;87%;17,5;0;0,3;2,0;0,8;0,2;1,0;1,3;0;24,9;0,8;4,4;1,2;0,6;4;0,3;3,2;0,0;0,1;0,6;9,5;0,4;8,4;0,1;1,0;1,6;0,3;1,0;25;0,0;18;3.33;6;0,4;0;1798
Mats Heitmann;D (C);19;230K € - 800K €;Bremen;Germany;3,5;20,1;24%;0,0;12%;0;0,0;0,1;0,2;90%;2,4;0;1,0;2,2;0,7;0,2;0,2;0,2;0;49,3;3,1;3,4;0,1;0,0;4;0,0;0,9;0,2;0,7;0,1;9,5;0,1;7,9;0,1;0,0;5,4;0,0;0,0;0;1,2;69;-0.65;6;0,1;0;1710
Henrik Koch;AM (LC), ST (C);19;0 € - 85K €;Westphalia;Germany;1,6;18,7;52%;0,0;30%;0;0,0;1,6;0,2;90%;13,1;0;0,3;3,7;1,3;0,5;0,4;0,8;0;40,8;1,9;9,4;1,6;1,0;10;0,4;1,5;0,0;0,0;0,5;12,5;0,2;5,7;0,1;1,6;1,9;0,0;1,6;22;0,2;33;5.52;12;0,2;0;1995
Julius Woitaschek;D (C);26;0 € - 30K €;Westphalia;Germany;2,8;23,2;11%;0,0;6%;0;0,0;0,4;0,3;85%;5,9;0;0,9;3,5;0,7;0,5;0,2;0,1;0;47,0;2,6;6,9;0,4;0,0;11;0,0;0,8;0,2;0,4;0,0;10,8;0,1;4,9;0,1;0,2;3,7;0,0;0,2;0;0,9;76;-0.38;15;0,1;0;2055
Noa Rettich;M (C), AM (R);19;3K € - 30K €;Bavaria North;Germany;1,2;4,5;43%;0,0;26%;0;0,0;2,0;0,3;91%;16,8;0;0,4;7,2;2,0;1,3;0,9;0,7;0;41,0;3,2;12,4;2,1;4,4;18;0,9;1,7;0,0;0,0;0,4;11,7;0,2;4,6;0,1;7,2;1,5;0,1;7,2;13;0,0;33;3.31;21;0,2;0;1246
Tobias Duxner;M/AM (C);21;0 € - 40K €;Bavaria South;Germany;1,5;7,5;37%;0,0;16%;0;0,0;2,0;0,5;89%;14,3;0;0,5;7,9;2,1;1,3;0,8;0,7;0;44,3;3,5;15,1;2,0;3,4;24;1,1;2,0;0,1;0,2;0,3;12,2;0,2;5,5;0,1;6,0;1,7;0,2;6,0;17;0,1;31;1.5;32;0,2;0;1706
Lukas Rösch;AM (L), ST (C);33;0 € - 10K €;Baden-Württemberg;Germany;0,4;1,3;42%;0,0;24%;0;0,0;1,2;0,3;89%;18,0;0;0,1;1,2;0,7;0,2;0,6;0,9;0;24,2;0,7;4,4;1,2;0,3;4;0,1;2,1;0,0;0,0;0,5;9,7;0,4;10,8;0,1;0,4;5,6;0,1;0,4;12;0,2;52;2.35;5;0,4;0;1611
Constantin Pauly;D (C);26;9K € - 30K €;Hessia;Germany;3,0;15,0;11%;0,2;6%;0;0,0;0,4;0,1;91%;3,5;0;1,0;2,5;0,9;0,3;0,3;0,1;0;48,7;3,1;3,3;0,4;0,1;6;0,0;1,0;0,7;0,7;0,1;9,8;0,2;7,7;0,1;0,1;5,7;0,2;0,1;0;1,0;74;-1.81;9;0,2;0;1564
Halil Can Doğan;M (C), AM (RLC);26;2K € - 20K €;Westphalia;Germany;1,7;6,4;35%;0,1;15%;0;0,0;1,9;0,2;89%;16,5;0;0,6;7,8;1,9;0,8;0,7;0,7;0;41,1;3,1;13,2;1,9;4,2;16;1,6;2,0;0,0;0,3;0,3;11,1;0,3;4,0;0,3;7,2;0,8;0,1;7,2;22;0,0;19;0.97;24;0,3;0;1800
Miloš Cvjetinović;D/WB/M (R);22;Unknown;North East-North;Germany;2,9;19,8;29%;0,1;0%;0;0,0;1,5;0,3;81%;13,9;0;1,0;5,5;1,9;0,7;0,5;0,3;0;50,1;6,8;10,4;1,7;0,3;11;0,5;1,1;1,1;0,5;0,0;10,6;0,1;5,1;0,2;2,0;4,0;0,3;4,9;16;0,4;79;-1.91;19;0,1;0;1353
Lukas Ender;D (RC);25;26K € - 90K €;Bavaria South;Germany;3,3;13,8;17%;0,1;0%;0;0,0;0,5;0,2;87%;6,3;0;0,9;3,3;1,4;0,9;0,2;0,1;0;49,3;3,1;5,6;0,5;0,0;12;0,0;0,5;0,5;0,4;0,0;10,9;0,0;6,0;0,1;0,5;5,2;0,1;0,5;0;0,4;87;-0.36;16;0,0;0;1158
Matteo Hecker;DM, M (RLC), AM (C);23;8K € - 30K €;North East-South;Germany;0,0;12,1;38%;0,0;6%;0;0,0;0,2;0,4;0%;13,4;0;0,0;0,0;0,0;0,0;0,4;0,4;0;0,0;0,0;0,0;0,7;0,0;0;0,0;1,2;0,0;0,0;0,1;0,0;0,1;0,0;0,2;0,0;0,0;0,2;5,4;5;0,0;0;-0.88;0;0,1;0;1222
Simon Lang;D/WB/M (R);20;0 € - 35K €;Bavaria North;Germany;3,0;20,5;7%;0,2;0%;0;0,0;0,9;0,2;84%;12,9;0;0,9;4,2;1,6;1,0;0,5;0,1;0;50,3;5,3;11,0;1,3;0,8;17;0,2;0,8;0,9;0,6;0,0;11,2;0,1;5,3;0,2;2,9;3,9;0,0;9,4;9;1,0;73;-1.2;21;0,1;0;1549
Sebastian Schreiber;GK;23;0 € - 60K €;Hessia;Germany;0,0;3,7;0%;0,0;0%;77;0,1;0,1;0,0;67%;6,2;2.7;3,9;0,0;0,0;0,0;0,0;0,0;89;26,3;0,0;0,0;0,1;0,0;0;0,0;0,0;0,0;0,0;0,0;5,9;0,0;0,0;0,0;0,0;0,0;0,0;0,0;0;0,0;0;0;1;0,0;12;1650
Kerem Şahan;D/WB/M (R);29;0 € - 65K €;Bremen;Germany;3,0;25,3;16%;0,1;5%;0;0,0;1,0;0,3;83%;11,0;0;0,7;5,7;1,8;1,0;0,5;0,4;0;54,7;6,7;10,7;1,4;0,8;21;0,2;2,8;0,9;0,4;0,1;11,0;0,3;5,3;0,3;2,4;2,4;0,3;5,0;11;0,4;45;-3.93;27;0,3;0;1864
Hassan Mohamad;DM, M (C);19;16K € - 160K €;Westphalia;Germany;2,7;19,2;0%;0,0;0%;0;0,0;1,3;0,6;86%;5,5;0;0,9;5,7;1,1;0,2;0,1;0,0;0;47,7;5,9;9,0;1,3;0,0;2;0,0;0,6;0,0;0,7;0,0;11,6;0,1;1,9;0,4;0,1;0,8;0,5;0,1;0;0,0;41;-0.68;6;0,1;0;1035
Kingsley Alison Akindele;AM (R), ST (C);21;0 € - 40K €;North East-North;Germany;0,6;1,4;65%;0,0;23%;0;0,0;0,6;0,1;91%;14,7;0;0,1;1,6;0,6;0,3;1,4;1,7;0;24,8;0,6;4,2;0,6;1,0;5;0,1;2,6;0,0;0,2;0,6;10,0;0,2;9,8;0,1;0,5;3,1;0,1;0,5;28;0,0;32;5.33;6;0,2;0;1388
Nicola Jürgens;M (L), AM (RL), ST (C);27;0 € - 60K €;Hessia;Germany;1,5;3,4;39%;0,0;17%;0;0,0;1,7;0,0;87%;21,1;0;0,5;7,6;1,9;1,2;0,4;0,5;0;41,4;3,1;12,4;1,7;3,4;21;0,8;1,3;0,0;0,3;0,2;11,7;0,2;4,1;0,1;5,2;1,1;0,1;5,2;16;0,1;27;1.24;23;0,2;0;1593
Justin Heinbockel;D (C);25;1K € - 9K €;Hamburg;Germany;3,5;18,2;33%;0,1;13%;0;0,0;0,3;0,0;83%;3,3;0;1,1;2,4;0,8;0,6;0,3;0,2;0;46,9;2,2;2,7;0,3;0,0;12;0,0;0,7;0,6;0,5;0,1;9,8;0,1;7,0;0,1;0,0;5,0;0,1;0,0;0;1,3;72;0.8;13;0,1;0;1884
Colin Vogel;GK;17;75K € - 275K €;Lower Rhine;Germany;0,0;8,7;0%;0,0;0%;71;0,4;0,1;0,0;69%;5,9;8.48;4,7;0,0;0,0;0,1;0,0;0,0;87;25,6;0,0;0,0;0,1;0,0;2;0,0;0,0;0,0;0,0;0,0;5,0;0,0;0,0;0,0;0,0;0,0;0,0;0,0;0;0,0;0;0;4;0,0;34;2040
Demyan Imek;M (L), AM (RL);24;2K € - 18K €;Hessia;Germany;2,1;5,7;44%;0,0;16%;0;0,0;1,9;0,8;88%;16,2;0;0,6;7,1;1,5;0,7;0,4;0,7;0;40,8;3,5;10,9;1,9;4,2;14;1,4;1,7;0,0;0,3;0,3;11,9;0,2;4,6;0,4;6,4;1,2;0,4;8,9;18;0,1;27;0.29;18;0,2;0;1731
Benjamin Mashollaj;M (C);20;14K € - 50K €;Bremen;Germany;0,0;28,0;40%;0,0;20%;0;0,0;0,6;0,7;0%;11,2;0;0,0;0,0;0,0;0,0;0,7;0,8;0;0,0;0,0;0,0;0,8;0,0;0;0,0;2,0;0,0;0,0;0,4;0,0;0,3;0,0;0,3;0,0;0,0;0,6;0,0;0;0,0;0;2.44;0;0,3;0;1592
Emre Aksoy;D (RL), DM;21;22K € - 75K €;Middle Rhine;Germany;3,2;11,1;27%;0,1;9%;0;0,0;1,0;0,2;84%;14,0;0;1,3;4,8;1,5;1,2;0,1;0,2;0;53,0;5,5;11,2;1,3;0,3;22;0,2;0,6;0,5;0,4;0,1;11,5;0,1;5,4;0,1;3,2;3,4;0,0;4,0;8;0,7;64;-1.14;29;0,1;0;1648
Philipp Elfert;DM, M/AM (C);31;0 €;Lower Saxony;Germany;0,5;21,0;11%;0,0;11%;0;0,0;0,1;0,2;87%;12,2;0;0,1;0,5;0,1;0,1;0,2;0,1;0;10,1;0,4;1,2;0,3;0,1;1;0,0;0,5;0,3;0,1;0,1;2,5;0,1;1,1;0,0;0,0;0,7;0,1;2,6;17;0,1;57;-0.43;1;0,1;0;1656
Nico Dantscher;D (RC);28;14K € - 150K €;Bavaria North;Germany;3,1;22,1;22%;0,1;11%;0;0,0;0,3;0,1;90%;3,7;0;1,1;3,0;1,1;0,4;0,2;0,2;0;46,9;2,3;3,2;0,3;0,0;9;0,0;0,9;0,4;0,7;0,1;9,8;0,1;7,0;0,1;0,0;5,8;0,0;0,0;0;0,7;82;0.1;13;0,1;0;1890
Leon Tigges;GK;27;30K € - 100K €;Schleswig-Holstein;Germany;0,0;3,9;0%;0,0;0%;59;0,1;0,0;0,0;60%;5,8;1.05;4,7;0,0;0,0;0,0;0,0;0,0;87;25,8;0,0;0,0;0,0;0,0;0;0,0;0,0;0,0;0,0;0,0;6,0;0,0;0,0;0,0;0,0;0,0;0,0;0,0;0;0,0;0;0;0;0,0;11;1290
Tom Politz;DM, M/AM (C);19;1K € - 12K €;Hamburg;Germany;2,6;21,1;25%;0,1;19%;0;0,0;2,0;0,5;88%;5,6;0;1,0;5,9;1,3;1,0;0,6;0,3;0;46,5;5,6;8,8;2,1;0,1;14;0,0;1,1;0,0;0,6;0,2;11,3;0,1;2,7;0,5;0,1;2,3;1,2;3,7;15;0,4;84;1.68;21;0,1;0;1275
Finn Becker;D (C), DM, M (C);22;1K € - 9K €;Baden-Württemberg;Germany;3,3;17,4;25%;0,1;0%;0;0,0;0,8;0,2;93%;4,5;0;1,4;4,0;1,9;1,0;0,2;0,1;0;53,2;3,3;6,3;0,8;0,0;12;0,1;0,3;0,0;0,5;0,0;10,8;0,0;3,6;0,2;0,3;2,5;0,2;0,3;33;0,2;67;-0.54;16;0,0;0;1065
Andrea Nocerino;D (RLC);26;8K € - 28K €;Bavaria North;Germany;3,6;18,6;25%;0,0;0%;0;0,0;0,4;0,1;84%;5,4;0;0,8;2,3;0,5;0,5;0,4;0,2;0;49,6;2,8;4,1;0,4;0,0;9;0,1;1,0;0,8;0,7;0,0;10,1;0,1;7,0;0,0;0,4;5,3;0,1;0,4;28;0,7;76;-1.5;9;0,1;0;1487
Fritz Pflug;GK;29;500 € - 6K €;North East-South;Germany;0,0;3,2;0%;0,0;0%;61;-0,0;0,0;0,0;75%;6,8;-1;5,0;0,0;0,0;0,0;0,0;0,0;87;27,0;0,0;0,0;0,0;0,0;0;0,0;0,0;0,0;0,0;0,0;4,5;0,0;0,0;0,0;0,0;0,0;0,0;0,0;0;0,0;0;0;2;0,0;23;1890
Jakob Weißer;DM;21;0 €;Baden-Württemberg;Germany;2,2;11,0;14%;0,1;0%;0;0,0;0,5;0,1;90%;8,9;0;1,3;4,8;1,0;0,9;0,2;0,1;0;53,0;5,5;7,9;0,5;0,2;13;0,0;0,5;0,0;0,8;0,0;10,6;0,1;3,4;0,1;0,1;1,1;0,0;0,1;0;0,2;33;-0.78;15;0,1;0;1359
Dominik Seeberg;M/AM (C);23;0 €;Hamburg;Germany;1,6;20,1;16%;0,0;3%;0;0,0;1,2;0,2;87%;12,8;0;0,4;3,5;0,9;0,2;1,0;0,4;0;44,6;2,5;10,5;1,2;0,8;4;0,2;2,3;0,2;0,3;0,1;12,3;0,2;3,4;0,2;0,5;0,6;0,2;2,1;15;0,0;16;-2.79;5;0,2;0;1440
Thilo Gildenberg;DM, M (RC);24;0 € - 40K €;North East-North;Germany;2,3;15,5;31%;0,0;15%;0;0,0;1,2;0,7;87%;6,1;0;0,8;6,0;1,1;0,8;0,4;0,2;0;46,3;5,4;9,3;1,2;0,8;14;0,1;0,7;0,0;0,5;0,1;11,3;0,1;2,0;0,3;1,0;1,1;0,3;1,0;5;0,0;57;0.84;16;0,1;0;1646
Bajrush Osmani;M (C), AM (LC), ST (C);24;1K € - 12K €;Westphalia;Germany;1,7;7,6;29%;0,0;2%;0;0,0;1,6;0,1;87%;15,9;0;0,3;7,0;2,0;1,2;0,9;0,6;0;42,8;3,2;10,2;1,8;3,2;26;0,7;1,9;0,0;0,3;0,0;11,7;0,2;4,5;0,2;3,5;0,9;0,0;3,8;17;0,1;21;-4.21;31;0,2;0;1901
Steffen Wranik;WB/M (R), AM (RL);26;3,5K €;Lower Saxony;Germany;2,0;4,9;37%;0,0;11%;0;0,0;2,0;0,5;89%;17,6;0;0,4;6,4;1,3;0,9;0,4;0,8;0;41,6;3,2;10,7;2,0;3,3;16;0,7;2,0;0,0;0,3;0,2;11,5;0,2;4,8;0,2;7,2;0,9;0,0;7,2;9;0,0;19;0.38;17;0,2;0;1544
Orlind Tushi;ST (C);17;60K € - 220K €;RP/Saar;Germany;0,8;0,8;46%;0,0;22%;0;0,0;1,1;0,2;92%;14,4;0;0,2;1,1;0,6;0,3;0,7;1,2;0;23,7;0,8;3,9;1,1;0,8;4;0,0;2,6;0,0;0,2;0,6;8,6;0,3;9,4;0,0;0,6;2,9;0,1;0,6;0;0,0;31;3.91;5;0,3;0;1419
Misaki Haruyama;AM (RL), ST (C);24;0 €;Lower Rhine;Germany;0,5;3,3;55%;0,0;20%;0;0,0;1,7;0,0;89%;12,7;0;0,1;2,8;1,3;0,7;1,0;1,5;0;25,3;1,0;4,6;1,7;0,7;10;0,3;2,8;0,0;0,1;0,6;10,0;0,3;8,8;0,3;1,0;1,0;0,3;1,0;28;0,1;11;4;12;0,3;0;1298
Bastian Stech;ST (C);28;45K € - 160K €;Hamburg;Germany;0,9;3,8;51%;0,0;22%;0;0,0;0,4;0,1;90%;15,1;0;0,4;1,1;0,3;0,0;0,9;1,6;0;24,8;0,1;2,8;0,4;0,5;0;0,0;3,2;0,0;0,2;0,7;10,3;0,4;8,6;0,1;0,4;2,9;0,0;0,4;0;0,0;33;4.69;0;0,4;0;1260
Gabriel Galinec;D (R), DM, M (C);25;0 € - 35K €;Baden-Württemberg;Germany;2,3;12,8;0%;0,1;0%;0;0,0;0,9;0,2;89%;6,3;0;1,4;3,8;1,1;0,8;0,0;0,0;0;47,3;3,8;8,6;0,9;0,2;10;0,1;0,0;0,1;0,5;0,0;11,7;0,0;3,3;0,1;0,2;2,3;0,2;0,2;33;0,2;67;0;13;0,0;0;1156
Enoch Moussa;D (L);19;0 € - 45K €;Westphalia;Germany;3,8;20,3;0%;0,0;0%;0;0,0;0,9;0,1;86%;12,4;0;1,3;3,7;1,4;1,2;0,1;0,0;0;50,8;5,0;11,2;0,9;0,6;17;0,2;0,2;1,6;0,5;0,0;11,6;0,0;3,0;0,1;3,4;1,3;0,0;3,4;6;0,3;43;-0.09;20;0,0;0;1259
Jerrit Lindhorst;D (C);19;0 € - 50K €;Lower Saxony;Germany;2,7;18,0;36%;0,0;21%;0;0,0;0,1;0,1;84%;3,0;0;0,6;2,7;0,4;0,2;0,2;0,3;0;48,6;2,6;3,0;0,1;0,0;3;0,0;0,8;0,9;0,4;0,2;9,1;0,1;6,6;0,0;0,0;4,8;0,0;0,0;0;0,6;73;1.12;3;0,1;0;1507
Paul Wienholt;ST (C);17;6K € - 60K €;Hamburg;Germany;1,2;1,0;58%;0,1;19%;0;0,0;0,5;0,0;89%;15,4;0;0,3;1,2;0,3;0,1;1,2;2,0;0;23,3;0,2;3,4;0,5;0,5;2;0,0;3,4;0,0;0,3;0,6;9,3;0,4;9,4;0,0;0,1;1,9;0,1;0,1;0;0,1;20;4.13;2;0,4;0;1389
Max Winter;M (C), AM (LC);24;16K € - 60K €;North East-South;Germany;1,6;14,7;31%;0,1;10%;0;0,0;1,8;0,4;87%;13,9;0;0,6;2,9;0,8;0,5;1,0;0,8;0;41,2;2,5;8,8;1,8;0,5;9;0,2;2,5;0,0;0,2;0,3;12,1;0,2;5,6;0,1;0,8;2,7;0,3;4,7;14;0,1;48;0.43;11;0,2;0;1757
Nik Deubel;GK;23;0 € - 50K €;Middle Rhine;Germany;0,0;2,4;0%;0,0;0%;46;-0,4;0,0;0,0;70%;7,8;-9.56;5,4;0,0;0,0;0,0;0,0;0,0;88;26,8;0,0;0,0;0,0;0,0;0;0,0;0,0;0,0;0,0;0,0;4,4;0,0;0,0;0,0;0,0;0,0;0,0;0,0;0;0,0;0;0;2;0,0;28;1980
Çinar Sansar;D (RLC);31;4K € - 14K €;Westphalia;Germany;3,4;13,1;11%;0,2;0%;0;0,0;0,8;0,1;89%;11,8;0;1,2;3,3;0,9;1,0;0,2;0,1;0;52,0;5,2;9,2;0,8;0,2;21;0,3;0,8;0,4;0,9;0,0;10,7;0,1;5,1;0,0;1,7;3,0;0,0;1,7;16;0,5;58;-2.12;25;0,1;0;1969
Johannes Fiedler;D (C), DM, M (C);23;22K € - 80K €;Bavaria South;Germany;2,2;20,5;10%;0,0;0%;0;0,0;0,4;0,4;90%;7,1;0;0,5;5,9;1,6;0,7;0,3;0,1;0;43,6;3,7;8,2;0,4;0,1;12;0,0;0,6;0,5;0,5;0,0;10,0;0,0;2,8;0,1;0,1;1,2;0,2;0,1;0;0,1;42;-0.81;21;0,0;0;1562
Marvin Steiger;D (LC), DM;32;0 €;Baden-Württemberg;Germany;2,6;22,7;43%;0,1;0%;0;0,0;0,4;0,3;92%;3,9;0;1,6;2,6;1,1;0,7;0,1;0,2;0;49,0;2,3;3,7;0,4;0,1;10;0,1;0,5;1,0;0,7;0,0;9,3;0,1;6,7;0,1;0,5;5,6;0,2;0,5;28;1,4;83;-0.76;13;0,1;0;1230
Maximilian Sarfo-Adjei;D (C);19;0 €;Lower Saxony;Germany;2,9;19,4;25%;0,2;0%;0;0,0;0,2;0,0;86%;2,7;0;1,5;2,7;0,9;0,2;0,2;0,2;0;48,5;2,5;3,7;0,2;0,0;2;0,0;1,0;0,3;0,7;0,0;9,4;0,1;7,7;0,0;0,0;6,0;0,0;0,0;0;1,1;77;-1.58;7;0,1;0;1082
Luca Baderschneider;D (L);27;0 € - 28K €;RP/Saar;Germany;2,8;11,7;40%;0,0;0%;0;0,0;0,4;0,2;86%;14,0;0;0,3;5,0;1,3;1,2;0,1;0,2;0;53,7;6,3;10,1;0,4;0,8;15;0,5;0,4;0,7;0,5;0,0;11,2;0,1;5,1;0,2;2,8;2,6;0,1;2,8;17;0,3;51;-0.79;16;0,1;0;1108
Leonel Kadiata;D (RC), WB/M (R);32;Not for Sale;Lower Rhine;Germany;3,5;22,0;33%;0,0;17%;0;0,0;0,4;0,4;90%;10,4;0;0,8;4,3;1,4;1,2;0,3;0,5;0;50,7;4,7;9,8;0,4;0,6;14;0,4;1,6;0,0;0,3;0,3;11,8;0,2;3,4;0,2;1,5;2,2;0,2;1,5;29;0,2;66;1.18;14;0,2;0;1015
Arlind Iljazi;D (RL), WB/M (R);20;30K € - 110K €;Baden-Württemberg;Germany;3,1;12,0;40%;0,1;7%;0;0,0;0,8;0,2;83%;11,7;0;1,2;3,7;1,2;1,0;0,1;0,5;0;55,1;6,4;14,6;0,8;0,4;12;0,2;1,2;0,2;0,3;0,1;11,9;0,2;4,8;0,1;3,0;2,6;0,1;9,0;8;0,5;54;-1.26;13;0,2;0;1080
Tom Meurer;D (LC), DM;26;2K € - 22K €;Lower Rhine;Germany;3,0;22,9;14%;0,1;0%;0;0,0;0,8;0,1;86%;5,2;0;1,2;3,1;1,2;0,9;0,1;0,1;0;49,5;3,9;6,1;0,8;0,1;16;0,1;0,4;0,7;0,4;0,0;10,4;0,0;6,0;0,1;0,9;3,9;0,1;0,9;6;1,1;65;-0.7;19;0,0;0;1519
Alexander Wacker;GK;20;0 € - 35K €;Lower Saxony;Germany;0,0;3,0;0%;0,0;0%;67;0,1;0,1;0,0;71%;6,5;0.96;4,9;0,0;0,0;0,0;0,0;0,0;90;26,2;0,0;0,0;0,1;0,0;0;0,0;0,0;0,0;0,0;0,0;4,9;0,0;0,0;0,0;0,0;0,0;0,0;0,0;0;0,0;0;0;1;0,0;17;1571
Sebastián Valdéz;D (C), DM;23;0 € - 65K €;Bavaria North;Germany;3,2;16,0;36%;0,1;7%;0;0,0;0,2;0,1;89%;3,7;0;1,1;2,5;0,8;0,4;0,3;0,3;0;46,1;3,2;2,6;0,2;0,0;7;0,0;0,8;0,3;0,5;0,1;9,3;0,1;7,1;0,0;0,0;4,7;0,1;0,0;0;0,6;66;-0.2;8;0,1;0;1569
Simon Ollert;AM (R), ST (C);28;0 €;Baden-Württemberg;Germany;2,2;3,1;48%;0,0;9%;0;0,0;1,8;0,1;88%;17,3;0;0,3;7,5;1,5;0,8;0,5;1,0;0;39,5;2,9;10,1;1,8;3,7;13;0,4;2,0;0,0;0,2;0,2;11,1;0,2;5,5;0,1;6,3;2,2;0,2;6,3;6;0,1;40;0.01;17;0,2;0;1473
Kevin Harder;D (LC);28;0 €;Schleswig-Holstein;Germany;2,7;17,7;33%;0,0;17%;0;0,0;0,2;0,0;84%;4,3;0;1,3;3,1;0,9;0,3;0,3;0,2;0;48,3;2,3;4,0;0,2;0,0;6;0,0;0,7;0,7;0,7;0,1;10,2;0,1;6,3;0,1;0,6;3,9;0,0;0,6;0;1,7;63;0.65;14;0,1;0;1650
Luciano Pinola;D/WB (R);19;Unknown;Bavaria North;Germany;2,5;10,6;0%;0,1;0%;0;0,0;1,4;0,3;88%;13,3;0;1,2;7,6;2,5;2,2;0,1;0,0;0;55,7;5,5;21,1;1,4;1,5;32;1,2;0,2;0,1;0,3;0,0;12,4;0,0;3,3;0,1;8,3;1,4;0,1;8,3;13;0,1;42;-0.13;38;0,0;0;1319
Santos;D (C), ST (C);30;12K € - 45K €;North East-South;Germany;2,6;20,6;7%;0,2;0%;0;0,0;0,3;0,1;84%;2,4;0;0,9;2,5;0,9;0,3;0,4;0,1;0;45,4;2,2;2,7;0,3;0,1;5;0,0;0,8;0,7;0,5;0,0;9,4;0,1;6,8;0,1;0,1;5,3;0,1;0,1;0;1,2;78;-1.96;7;0,1;0;1640
Randy Dei;AM (R), ST (C);22;0 € - 55K €;North East-North;Germany;0,9;1,9;39%;0,0;19%;0;0,0;1,1;0,1;90%;13,3;0;0,2;1,6;0,8;0,3;0,8;0,8;0;28,0;0,6;3,5;1,1;0,5;5;0,1;2,1;0,0;0,2;0,4;9,8;0,2;9,8;0,1;0,3;2,2;0,2;0,7;16;0,1;22;2.99;7;0,2;0;1531
Mert Özkaya;M/AM (C), ST (C);23;40K € - 140K €;RP/Saar;Germany;1,8;17,1;39%;0,0;16%;0;0,0;1,6;0,2;89%;13,6;0;0,3;4,0;1,2;0,4;0,8;1,2;0;40,8;1,8;7,3;2,7;1,4;6;0,1;3,0;0,0;0,1;0,5;12,0;0,4;4,0;0,1;1,2;1,1;0,1;9,1;10;0,1;28;0.67;9;0,4;0;1320
Noah Wallenßus;ST (C);20;28K € - 100K €;Lower Saxony;Germany;1,0;1,2;56%;0,0;21%;0;0,0;0,6;0,0;88%;20,5;0;0,3;1,0;0,3;0,1;0,6;1,2;0;24,5;0,3;4,2;0,6;1,1;1;0,0;2,2;0,0;0,1;0,5;10,2;0,2;9,8;0,1;0,1;2,5;0,2;0,1;0;0,1;26;5.16;3;0,2;0;1777
Daniel Zillner;D (C), DM, M/AM (C);24;1,5K € - 14K €;Bavaria South;Germany;3,2;18,8;46%;0,1;15%;0;0,0;0,7;0,1;88%;9,3;0;1,1;5,4;1,4;0,6;0,2;0,3;0;52,7;4,4;10,8;0,7;0,6;11;0,5;0,7;0,4;0,7;0,1;11,5;0,1;5,0;0,1;2,0;3,1;0,1;2,0;27;0,4;63;1.02;14;0,1;0;1695
Luca Reimers;D (C);23;0 € - 40K €;Hamburg;Germany;3,7;19,9;35%;0,3;10%;0;0,0;0,3;0,1;88%;2,6;0;1,3;2,3;1,1;0,7;0,1;0,4;0;49,7;2,6;2,7;0,3;0,0;12;0,0;1,1;1,3;0,7;0,1;9,4;0,2;6,6;0,1;0,0;4,5;0,0;0,0;0;1,5;68;-0.76;15;0,2;0;1630
Nico Ott;D (C), DM;26;0 € - 30K €;Bavaria North;Germany;4,0;18,9;42%;0,1;17%;0;0,0;0,4;0,1;88%;4,2;0;1,1;2,9;0,9;0,2;0,1;0,3;0;52,2;3,2;2,6;0,6;0,0;4;0,0;0,7;0,4;0,6;0,1;10,0;0,1;6,4;0,0;0,0;5,0;0,1;0,0;0;0,6;78;0.07;6;0,1;0;1633
Mike Andreas;DM, M (C);28;0 € - 95K €;RP/Saar;Germany;2,1;16,0;23%;0,0;0%;0;0,0;0,7;0,4;86%;7,9;0;0,7;4,2;1,3;0,9;0,2;0,2;0;45,5;3,4;8,8;0,7;0,1;15;0,0;0,8;0,0;0,2;0,0;10,8;0,1;1,8;0,3;0,2;0,9;0,2;0,2;0;0,1;50;-1.31;20;0,1;0;1510
Paul Gelber;ST (C);20;1K € - 10K €;Lower Rhine;Germany;0,8;2,9;53%;0,0;22%;0;0,0;1,2;0,2;93%;18,5;0;0,1;3,9;1,3;0,6;0,6;1,3;0;29,1;1,4;5,6;1,2;0,6;9;0,5;2,5;0,0;0,1;0,6;10,6;0,3;8,8;0,1;2,4;2,6;0,3;2,4;20;0,3;30;4.04;9;0,3;0;1292
Sinan Aygün;DM, M (R), AM (RL);31;7K € - 24K €;Westphalia;Germany;1,7;8,4;25%;0,0;0%;0;0,0;1,9;0,2;89%;11,9;0;0,7;8,4;1,8;1,5;0,2;0,2;0;43,4;3,0;10,5;1,9;3,9;28;0,7;0,8;0,0;0,2;0,0;11,8;0,2;6,0;0,1;5,2;1,1;0,2;5,2;12;0,0;19;-3.14;30;0,2;0;1737
Paul Kohlstädt;AM (C);20;6K €;Hessia;Germany;1,4;17,6;25%;0,0;11%;0;0,0;2,1;0,5;86%;16,9;0;0,4;3,5;0,7;0,3;0,9;0,5;0;40,5;2,8;6,8;2,1;1,3;4;0,0;2,0;0,0;0,4;0,2;11,5;0,2;5,5;0,5;0,7;0,9;0,8;0,7;0;0,0;16;0.02;6;0,2;0;1249
Marco Schmitt;D/WB/M (L);30;0 € - 40K €;Bavaria North;Germany;3,4;16,8;0%;0,1;0%;0;0,0;1,1;0,5;85%;14,6;0;2,3;6,6;1,5;1,0;0,3;0,0;0;49,9;4,9;12,6;1,1;1,1;11;0,5;0,3;0,0;1,0;0,0;11,5;0,0;5,9;0,3;2,8;3,6;0,3;7,5;14;0,5;61;-0.12;14;0,0;0;1002
Eldin Hadžić;D (R), DM, M (C);33;Not for Sale;RP/Saar;Germany;0,0;17,5;50%;0,0;7%;0;0,0;0,1;0,2;0%;10,7;0;0,0;0,0;0,0;0,0;0,3;0,4;0;0,0;0,0;0,0;0,2;0,0;0;0,0;0,8;0,0;0,0;0,1;0,0;0,1;0,0;0,1;0,0;0,0;0,1;0,4;14;0,0;0;-0.97;0;0,1;0;1578
Christoph Dinkelbach;D (RC), DM, M (C);33;0 € - 10K €;Bavaria South;Germany;2,2;13,2;32%;0,3;11%;0;0,0;1,0;0,4;85%;11,6;0;0,8;5,3;1,7;1,3;0,3;0,6;0;45,1;5,8;9,6;1,0;0,3;20;0,4;1,8;0,4;0,2;0,2;8,6;0,2;4,1;0,1;1,6;2,2;0,3;1,6;24;0,6;54;0.1;24;0,2;0;1438
Alessandro Schulz;M (R), AM (RLC);22;22K € - 230K €;North East-North;Germany;1,3;5,3;46%;0,0;17%;0;0,0;1,6;0,7;87%;19,0;0;0,8;7,8;1,4;0,8;0,3;0,9;0;40,4;2,9;12,2;1,6;4,4;9;1,4;2,0;0,0;0,5;0,3;11,9;0,3;5,8;0,2;5,8;0,8;0,1;5,8;24;0,2;15;0.3;12;0,3;0;1062
Yannic Lenze;GK;24;1K € - 8K €;Lower Rhine;Germany;0,0;4,4;0%;0,0;0%;75;0,2;0,0;0,0;71%;6,6;4.05;4,9;0,0;0,0;0,0;0,0;0,0;87;25,6;0,0;0,0;0,0;0,0;1;0,0;0,0;0,0;0,0;0,0;6,0;0,0;0,0;0,0;0,0;0,0;0,0;0,0;0;0,0;0;0;4;0,0;20;1890
Marco di Biccari;D (R), DM, M (C);42;0 €;Baden-Württemberg;Germany;3,5;18,2;6%;0,0;6%;0;0,0;0,5;0,5;88%;7,8;0;0,7;5,5;1,2;1,1;0,5;0,1;0;52,0;6,5;8,9;1,4;0,2;16;0,1;1,1;1,0;0,5;0,1;10,4;0,1;5,0;0,1;2,1;1,7;0,1;4,1;6;0,7;34;0.07;20;0,1;0;1316
Edvin Skrijelj;AM (RL), ST (C);18;0 €;Schleswig-Holstein;Germany;0,7;7,3;44%;0,0;11%;0;0,0;0,9;0,4;91%;16,5;0;0,1;1,4;0,6;0,2;0,3;0,7;0;24,1;0,6;3,3;1,9;0,7;2;0,1;1,6;0,0;0,3;0,2;9,7;0,2;11,2;0,1;0,3;2,9;0,1;0,3;33;0,1;26;-0.24;3;0,2;0;1029
Luca Kiefer;D (RC);23;16K € - 55K €;Lower Rhine;Germany;3,5;23,1;9%;0,2;0%;0;0,0;0,3;0,1;86%;3,6;0;1,4;2,2;0,9;0,4;0,1;0,1;0;47,8;3,2;3,8;0,3;0,0;7;0,1;0,6;0,6;0,7;0,0;9,2;0,1;6,4;0,2;0,3;4,4;0,1;0,3;20;0,7;69;-1.47;13;0,1;0;1754
Kamal Farahat;D (RC);23;12K € - 40K €;Hessia;Germany;2,9;16,6;22%;0,2;4%;0;0,0;0,2;0,2;90%;3,1;0;1,3;2,3;1,0;0,6;0,4;0,3;0;49,2;2,6;2,6;0,2;0,1;11;0,0;1,4;0,3;0,6;0,1;8,9;0,1;6,7;0,1;0,1;4,7;0,0;0,1;0;1,0;69;-1.46;13;0,1;0;1790
Kenny Korup;D (RC), WB (R);26;0 € - 120K €;Schleswig-Holstein;Germany;2,9;24,6;57%;0,0;14%;0;0,0;1,2;0,1;85%;12,4;0;1,1;6,6;2,0;1,3;0,1;0,2;0;49,4;4,2;17,4;1,2;1,2;26;1,0;0,4;0,5;0,4;0,1;11,8;0,1;4,7;0,1;7,9;2,9;0,1;9,0;12;0,6;62;-0.35;29;0,1;0;1734
Benedikt Roßmüller;D (RC);20;0 €;Westphalia;Germany;3,8;16,5;21%;0,1;7%;0;0,0;0,9;0,2;89%;6,3;0;1,5;2,4;1,1;0,7;0,3;0,3;0;48,1;3,2;6,3;0,9;0,0;8;0,3;1,2;0,4;0,5;0,1;10,3;0,1;6,0;0,2;1,2;3,1;0,0;3,4;15;0,4;51;-0.44;12;0,1;0;1052
Connor Klossek;D/WB/M (L);24;14K € - 140K €;Lower Rhine;Germany;3,9;12,2;20%;0,0;0%;0;0,0;0,8;0,1;85%;13,8;0;1,1;4,0;0,9;0,9;0,0;0,1;0;53,4;6,0;11,0;0,8;1,1;17;0,7;0,3;0,0;0,4;0,0;11,7;0,0;4,2;0,2;3,9;1,5;0,1;5,0;16;0,3;36;-0.28;19;0,0;0;1646
Fyn-Luca Lewinski;GK;18;0 € - 90K €;Lower Saxony;Germany;0,0;2,2;0%;0,0;0%;54;-0,3;0,0;0,0;65%;7,0;-3.19;4,1;0,0;0,0;0,1;0,0;0,0;90;25,2;0,0;0,0;0,0;0,0;1;0,0;0,0;0,0;0,0;0,0;5,0;0,0;0,0;0,0;0,0;0,0;0,0;0,0;0;0,0;0;0;3;0,0;15;1132
Paul Kämpfer;AM (RL), ST (C);22;40K € - 140K €;North East-South;Germany;1,8;6,1;44%;0,1;19%;0;0,0;2,1;0,2;89%;15,9;0;0,3;7,2;1,8;1,3;0,6;0,8;0;41,3;2,8;12,3;2,1;4,0;24;1,0;1,8;0,0;0,2;0,3;11,8;0,2;5,6;0,2;6,2;2,7;0,3;6,5;15;0,2;48;2.42;28;0,2;0;1600
Richard Ohlow;D (LC), WB/M (L);32;0 € - 14K €;North East-North;Germany;3,2;13,2;0%;0,1;0%;0;0,0;1,2;0,1;85%;14,7;0;1,0;8,4;1,6;1,2;0,1;0,0;0;52,8;4,3;19,4;1,2;1,1;20;0,9;0,2;0,5;0,4;0,0;12,4;0,0;4,0;0,1;6,4;2,2;0,1;6,4;14;0,4;54;-0.14;27;0,0;0;1537
Yannick Freischlad;AM (L), ST (C);21;0 € - 60K €;Hessia;Germany;1,7;5,0;26%;0,0;9%;0;0,0;1,8;0,1;90%;15,1;0;0,7;7,7;1,9;1,1;0,4;0,3;0;39,9;2,5;10,2;1,8;3,3;19;1,0;1,3;0,0;0,3;0,1;11,3;0,1;4,9;0,1;5,3;2,0;0,0;5,5;19;0,1;41;-0.51;21;0,1;0;1593
Timo Barendt;M (C), ST (C);29;0 € - 80K €;Schleswig-Holstein;Germany;0,3;15,3;39%;0,0;11%;0;0,0;0,8;0,2;90%;9,6;0;0,0;0,4;0,0;0,0;0,5;0,7;0;8,1;0,2;0,5;0,9;0,2;0;0,0;1,8;0,0;0,0;0,2;2,7;0,2;3,8;0,2;0,0;1,4;0,3;0,0;0;0,0;36;-0.48;0;0,2;0;1835
Florent Berisha;D (RC), DM;25;0 € - 30K €;Bremen;Germany;2,9;19,4;22%;0,1;0%;0;0,0;0,2;0,1;89%;2,8;0;0,8;2,3;0,6;0,3;0,3;0,3;0;49,7;2,2;3,1;0,2;0,0;6;0,0;1,3;0,5;0,7;0,0;9,9;0,2;6,1;0,0;0,1;4,6;0,1;0,1;0;0,6;75;-3.39;6;0,2;0;1620
Stefan Jaschin;GK;26;1,5K € - 16K €;Middle Rhine;Germany;0,0;6,0;0%;0,0;0%;70;0,0;0,0;0,0;74%;5,6;0.62;5,2;0,0;0,0;0,0;0,0;0,0;88;26,9;0,0;0,0;0,0;0,0;0;0,0;0,0;0,0;0,0;0,0;3,6;0,0;0,0;0,0;0,0;0,0;0,0;0,0;0;0,0;0;0;2;0,0;29;1710
Eldin Ramović;D (LC), WB (L);21;2K € - 18K €;Baden-Württemberg;Germany;3,5;16,8;17%;0,0;8%;0;0,0;0,5;0,3;88%;6,6;0;1,2;3,1;0,7;0,5;0,2;0,1;0;47,7;3,1;5,4;0,5;0,1;8;0,1;0,7;1,3;0,5;0,1;10,4;0,1;5,8;0,1;0,7;4,0;0,1;0,7;15;0,4;69;-0.35;10;0,1;0;1562
Bernd Lichtenstein;GK;33;4,5K € - 16K €;Lower Saxony;Germany;0,0;3,6;0%;0,0;0%;68;0,1;0,1;0,0;65%;6,1;2.71;5,1;0,0;0,0;0,0;0,0;0,0;87;26,4;0,0;0,0;0,1;0,0;0;0,0;0,0;0,0;0,0;0,0;5,0;0,0;0,0;0,0;0,0;0,0;0,0;0,0;0;0,0;0;0;1;0,0;18;1710
Thilo Marksteiner;GK;22;0 € - 50K €;Baden-Württemberg;Germany;0,0;2,7;0%;0,0;0%;74;0,2;0,0;0,0;76%;7,4;2.22;4,2;0,0;0,0;0,1;0,0;0,0;89;26,8;0,0;0,0;0,0;0,0;1;0,0;0,0;0,0;0,0;0,0;6,1;0,0;0,0;0,0;0,0;0,0;0,0;0,0;0;0,0;0;0;5;0,0;13;1165
Yannik Haupts;DM, M/AM (C);24;1,5K € - 16K €;RP/Saar;Germany;2,3;23,5;33%;0,0;17%;0;0,0;0,7;0,2;92%;5,3;0;0,8;5,9;1,4;0,5;0,2;0,2;0;47,8;5,9;8,9;0,8;0,2;9;0,1;0,7;0,1;0,6;0,1;11,1;0,1;1,5;0,1;0,1;1,0;0,1;2,0;5;0,0;68;0.97;12;0,1;0;1650
Rabbi Nsingi;AM (RL);20;12K € - 120K €;Bavaria South;Germany;1,4;5,4;37%;0,0;14%;0;0,0;1,1;0,3;90%;15,2;0;0,5;5,8;2,0;1,0;1,0;0,9;0;43,4;2,2;11,0;1,1;2,7;18;0,7;2,4;0,1;0,4;0,3;11,0;0,2;6,0;0,1;3,6;1,0;0,2;4,4;17;0,1;17;2.13;20;0,2;0;1594
Lennart Johanns;DM, M (C);20;0 €;Lower Saxony;Germany;0,0;21,7;67%;0,0;0%;0;0,0;0,2;0,1;0%;11,2;0;0,0;0,0;0,0;0,0;0,1;0,2;0;0,0;0,0;0,0;1,3;0,0;0;0,0;0,2;0,0;0,0;0,0;0,0;0,0;0,0;0,1;0,0;0,0;0,2;5,9;10;0,0;0;-0.14;0;0,0;0;1160
Nathanael Sallah;GK;25;7K € - 22K €;Hamburg;Germany;0,0;3,7;0%;0,0;0%;59;-0,2;0,0;0,0;74%;6,8;-3.91;3,0;0,0;0,0;0,0;0,0;0,0;89;25,9;0,0;0,0;0,5;0,0;0;0,0;0,0;0,0;0,0;0,0;5,9;0,0;0,0;0,0;0,0;0,0;0,0;0,0;0;0,0;0;0;2;0,0;15;1543
Dan Tshimanga;ST (C);20;12K € - 40K €;Westphalia;Germany;0,9;1,7;59%;0,0;26%;0;0,0;0,4;0,1;90%;17,2;0;0,1;1,6;0,4;0,1;0,9;1,4;0;25,4;0,2;3,7;0,4;1,1;1;0,2;2,5;0,0;0,1;0,7;9,9;0,2;8,3;0,0;0,4;1,2;0,0;0,4;50;0,0;15;5.88;1;0,2;0;1243
Rron Gosalci;M (R), AM (RL), ST (C);19;0 €;Bavaria South;Germany;1,6;7,5;44%;0,0;22%;0;0,0;2,1;0,4;88%;16,3;0;0,4;9,6;1,9;1,1;0,4;0,8;0;39,8;3,6;13,7;2,4;3,3;18;1,2;1,7;0,0;0,1;0,4;11,5;0,2;3,8;0,3;7,2;1,4;0,2;7,4;16;0,0;38;1.85;25;0,3;0;1440
Nico Nollenberger;M/AM (R);21;0 € - 100K €;RP/Saar;Germany;2,5;4,2;33%;0,0;7%;0;0,0;2,6;0,6;87%;17,9;0;0,9;7,3;1,3;0,8;0,8;0,7;0;41,6;4,4;10,5;2,6;3,4;11;0,8;2,0;0,0;0,4;0,2;11,1;0,2;4,1;0,5;6,6;0,7;0,8;7,3;11;0,0;17;-1.08;11;0,2;0;1191
Pierre Weber;D/WB (L), M/AM (LC);21;2K € - 18K €;North East-South;Germany;1,4;9,6;38%;0,0;14%;0;0,0;1,5;0,3;89%;22,6;0;0,3;4,1;1,1;0,5;0,6;0,9;0;42,5;2,1;7,5;1,5;0,9;8;0,2;2,4;0,0;0,2;0,3;12,0;0,3;3,8;0,2;1,2;0,3;0,3;1,2;15;0,0;7;0.1;9;0,3;0;1412
Leon Dosquet;D (C);26;8K € - 28K €;Lower Saxony;Germany;1,7;16,2;22%;0,1;0%;0;0,0;0,2;0,1;87%;2,8;0;1,0;2,4;1,3;0,5;0,1;0,1;0;50,1;2,3;2,7;0,2;0,0;7;0,0;0,6;0,3;0,3;0,0;9,7;0,1;6,5;0,1;0,0;3,5;0,1;0,0;0;1,5;53;-0.77;9;0,1;0;1304
Luca Blaß;D (C);27;0 € - 60K €;RP/Saar;Germany;3,1;31,2;45%;0,2;0%;0;0,0;0,2;0,1;90%;2,5;0;1,1;3,2;1,4;0,7;0,2;0,3;0;49,4;2,7;3,0;0,2;0,0;12;0,0;0,6;1,1;0,5;0,0;9,7;0,1;7,6;0,0;0,1;4,9;0,0;0,1;0;1,2;64;-1.06;16;0,1;0;1659
Jesse Sierck;D (RC), DM;28;30K € - 110K €;Lower Rhine;Germany;3,0;20,9;30%;0,0;5%;0;0,0;0,1;0,1;85%;2,7;0;1,4;2,6;1,0;0,4;0,3;0,3;0;44,1;2,4;2,6;0,1;0,0;9;0,0;0,9;0,2;0,7;0,0;9,4;0,1;6,8;0,0;0,2;5,1;0,0;0,2;25;0,9;74;-1.01;14;0,1;0;1955
Nico Buckmaier;M/AM (C), ST (C);33;1K € - 12K €;Westphalia;Germany;1,4;14,4;39%;0,0;8%;0;0,0;1,0;0,5;91%;15,9;0;0,2;5,2;0,8;0,4;1,0;1,0;0;42,6;1,5;8,8;1,2;1,0;6;0,4;2,6;0,0;0,5;0,2;12,3;0,4;4,5;0,1;1,1;2,0;0,3;2,1;32;0,3;45;-2.64;9;0,4;0;1305
Davis Smith;ST (C);27;0 € - 55K €;Middle Rhine;Germany;0,8;3,8;37%;0,0;22%;0;0,0;1,0;0,7;92%;13,5;0;0,3;1,3;0,6;0,2;0,7;1,0;0;24,5;0,6;3,4;1,0;0,3;3;0,1;2,6;0,0;0,3;0,6;9,8;0,3;11,7;0,3;0,6;5,7;0,1;0,6;9;0,1;49;4.27;3;0,3;0;1573
Yannick Sagert;D (C);25;0 € - 40K €;Baden-Württemberg;Germany;3,4;20,5;22%;0,3;17%;0;0,0;0,2;0,1;92%;3,4;0;1,5;2,8;1,6;0,9;0,3;0,2;0;49,5;2,5;3,5;0,2;0,0;17;0,0;0,9;0,8;0,7;0,2;9,4;0,1;6,7;0,0;0,0;5,3;0,0;0,0;0;1,2;79;1.33;21;0,1;0;1765
Arjan Duraj;D (L), M (RC), AM (C);27;0 €;North East-South;Germany;3,0;13,0;0%;0,0;0%;0;0,0;1,3;0,2;87%;12,9;0;0,9;7,1;1,9;1,9;0,0;0,0;0;47,5;4,0;14,3;1,3;1,0;29;0,8;0,1;0,2;0,5;0,0;12,2;0,0;2,5;0,1;4,8;0,6;0,1;5,3;16;0,2;24;-0.16;31;0,0;0;1342
Nils Göwecke;D (LC), WB/M/AM (L);34;0 € - 6K €;Lower Saxony;Germany;2,2;11,7;55%;0,0;18%;0;0,0;1,4;0,2;85%;17,2;0;0,8;7,3;1,7;1,3;0,2;0,3;0;45,6;4,4;10,2;2,3;1,5;26;0,7;0,6;0,1;0,4;0,1;11,3;0,1;5,8;0,1;4,0;3,1;0,2;9,4;12;0,4;54;-0.16;31;0,1;0;1746
Jan Ecke;DM, M (C);21;0 € - 75K €;Middle Rhine;Germany;0,2;11,0;36%;0,0;18%;0;0,0;0,1;0,1;90%;10,1;0;0,0;0,6;0,0;0,0;0,5;0,3;0;4,2;0,5;0,7;0,1;0,0;0;0,0;0,9;0,0;0,1;0,2;1,0;0,1;0,1;0,1;0,0;0,1;0,1;0,0;0;0,0;100;1.2;0;0,1;0;1058
Valentin Rommel;GK;21;0 € - 9K €;Bavaria North;Germany;0,3;5,8;0%;0,0;0%;57;-0,5;0,0;0,0;65%;9,0;-7.8;5,5;0,0;0,0;0,0;0,0;0,0;89;28,1;0,5;0,0;0,0;0,0;0;0,0;0,0;0,0;0,0;0,0;5,9;0,0;0,0;0,0;0,0;0,0;0,0;0,0;0;0,0;0;0;1;0,0;23;1350
Sercan Calik;D (RC), DM;18;500 € - 7K €;Westphalia;Germany;3,3;11,7;33%;0,1;17%;0;0,0;0,6;0,1;87%;6,4;0;1,4;4,6;1,0;0,8;0,1;0,1;0;45,2;3,2;8,1;0,6;0,0;11;0,1;0,4;0,6;0,5;0,1;11,2;0,0;3,5;0,1;0,2;2,0;0,1;0,2;33;0,2;57;0.48;14;0,0;0;1261
Fernando Lenk;D (RLC);35;0 €;North East-South;Germany;2,8;15,9;50%;0,0;50%;0;0,0;0,2;0,0;86%;3,7;0;1,6;3,4;1,3;0,9;0,0;0,1;0;45,4;3,0;3,9;0,2;0,0;11;0,0;0,2;0,5;0,4;0,1;9,5;0,0;5,9;0,0;0,8;4,1;0,0;0,8;0;0,3;69;0.9;13;0,0;0;1146
Christian Meinert;D/WB/M (L);34;0 € - 12K €;RP/Saar;Germany;3,4;13,7;0%;0,1;0%;0;0,0;1,2;0,2;85%;15,9;0;1,0;6,3;2,0;1,3;0,2;0,0;0;55,2;5,9;13,7;1,3;0,3;25;0,8;0,4;0,3;0,4;0,0;11,5;0,0;4,7;0,1;3,8;2,4;0,1;3,9;21;0,5;52;-0.47;34;0,0;0;1750
Tim Seifert;D (C), DM;23;1K € - 12K €;Baden-Württemberg;Germany;3,0;18,9;38%;0,1;15%;0;0,0;0,4;0,1;88%;3,3;0;1,2;2,2;0,9;0,4;0,2;0,3;0;44,0;2,5;2,4;0,4;0,0;6;0,1;0,8;0,6;0,7;0,1;9,9;0,1;6,5;0,1;0,1;4,6;0,1;0,1;50;0,7;71;-0.08;9;0,1;0;1465
David Idt;D (C);17;110K € - 400K €;Bavaria South;Germany;3,7;11,5;7%;0,2;0%;0;0,0;0,4;0,0;85%;3,6;0;0,7;2,2;0,6;0,4;0,5;0,1;0;45,9;3,2;3,9;0,4;0,0;5;0,0;1,2;0,1;0,8;0,0;10,1;0,2;7,2;0,0;0,0;5,2;0,1;0,0;0;0,8;72;-2.01;6;0,2;0;1095
Denis Wieszolek;GK;29;0 € - 100K €;Hessia;Germany;0,0;4,8;0%;0,0;0%;67;-0,1;0,0;0,0;70%;6,0;-1.91;3,6;0,0;0,0;0,0;0,0;0,0;89;24,7;0,0;0,0;0,0;0,0;0;0,0;0,0;0,0;0,0;0,0;5,0;0,0;0,0;0,0;0,0;0,0;0,0;0,0;0;0,0;0;0;1;0,0;22;1873
Dominik Burghard;D (C), DM;21;0 € - 85K €;Lower Rhine;Germany;2,3;16,2;21%;0,1;4%;0;0,0;0,9;0,2;86%;9,9;0;1,0;6,7;1,9;1,3;0,5;0,2;0;43,1;3,3;8,0;0,9;1,0;28;0,4;1,1;0,3;0,3;0,0;10,4;0,1;3,6;0,2;2,1;2,1;0,1;2,1;17;0,1;58;-0.77;39;0,1;0;1949
Shawn Weißenberg;D/WB/AM (R);17;0 € - 110K €;North East-South;Germany;3,0;12,1;29%;0,1;4%;0;0,0;0,6;0,1;81%;16,0;0;0,8;5,4;1,7;1,2;0,3;0,5;0;53,1;5,6;10,7;0,8;0,6;19;0,1;1,8;0,8;0,3;0,1;10,6;0,3;5,5;0,0;2,1;3,4;0,1;2,1;3;0,4;63;-3.14;22;0,3;0;1419
Jannes Ossadnik;D/WB/M/AM (L);18;80K € - 800K €;Bremen;Germany;3,5;12,7;36%;0,1;18%;0;0,0;1,0;0,3;86%;10,9;0;1,3;6,1;1,6;1,1;0,2;0,3;0;54,7;5,5;11,1;1,0;0,9;16;0,5;0,8;0,1;0,4;0,1;12,1;0,1;3,6;0,2;3,5;1,7;0,1;4,2;12;0,2;47;0.21;23;0,1;0;1318
Ömer Akman;DM, M (C);33;2K € - 7K €;Westphalia;Germany;1,8;19,6;29%;0,2;14%;0;0,0;1,6;0,3;88%;5,5;0;0,8;6,2;1,5;1,0;0,1;0,2;0;55,8;4,6;8,8;1,6;0,2;11;0,1;0,6;0,2;0,3;0,1;10,9;0,1;2,8;0,1;0,1;2,0;0,2;0,1;100;0,0;72;0.08;14;0,1;0;1029
Albion Jahaj;DM, M/AM (C);20;0 €;North East-North;Germany;0,0;17,4;38%;0,0;6%;0;0,0;0,0;0,4;0%;15,8;0;0,0;0,0;0,0;0,0;0,3;0,4;0;0,0;0,0;0,0;0,5;0,0;0;0,0;1,0;0,0;0,0;0,1;0,0;0,1;0,0;0,2;0,0;0,0;0,0;0,0;0;0,0;0;-0.15;0;0,1;0;1393
Ruben Martens-Fleurkens;D (L);22;0 € - 65K €;Lower Rhine;Germany;3,7;32,7;25%;0,0;0%;0;0,0;0,5;0,5;89%;8,5;0;0,8;5,6;1,4;0,9;0,1;0,1;0;51,0;4,5;10,5;0,5;0,9;16;0,5;0,5;0,6;0,4;0,0;11,7;0,0;3,2;0,1;2,5;1,5;0,1;2,5;18;0,2;46;-0.83;21;0,0;0;1529
Tommy Stopp;D (C), DM;20;35K € - 120K €;North East-South;Germany;3,1;13,6;29%;0,1;29%;0;0,0;0,5;0,3;89%;5,6;0;1,2;2,8;0,8;0,4;0,1;0,1;0;47,8;3,2;6,0;0,5;0,0;6;0,0;0,5;0,3;0,6;0,1;10,3;0,1;5,5;0,1;0,2;3,8;0,0;0,2;0;0,6;68;1.14;10;0,1;0;1272
Joshua Fröls;D (RL), M (C);23;22K € - 75K €;Hessia;Germany;2,6;12,8;5%;0,1;0%;0;0,0;0,7;0,2;84%;14,1;0;1,3;4,3;1,2;0,9;0,8;0,1;0;54,9;6,6;10,5;0,7;0,2;13;0,1;1,3;0,3;0,7;0,0;10,9;0,1;4,7;0,1;2,2;1,7;0,1;2,2;6;0,5;36;-1.2;18;0,1;0;1334
Max Wilschrey;ST (C);29;16K € - 55K €;RP/Saar;Germany;0,9;2,4;39%;0,0;12%;0;0,0;1,0;0,2;89%;18,3;0;0,3;1,1;0,3;0,1;1,0;1,1;0;28,0;0,5;3,7;1,0;0,6;2;0,0;2,9;0,0;0,1;0,3;9,6;0,5;10,5;0,2;0,0;2,8;0,1;0,0;0;0,0;26;-3.91;3;0,5;0;1829
Giovanni Pollio;D (L);21;500 € - 7K €;Bavaria South;Germany;3,3;19,0;40%;0,1;10%;0;0,0;0,4;0,1;87%;4,3;0;1,3;2,1;0,7;0,5;0,1;0,2;0;50,1;2,7;3,3;0,4;0,1;8;0,0;0,6;0,9;0,3;0,1;9,6;0,1;5,1;0,1;0,3;2,9;0,1;1,0;11;0,5;57;-0.08;13;0,1;0;1564
Marco Riemer;D (C), DM, M/AM (C), ST (C);37;0 €;North East-South;Germany;1,5;18,6;22%;0,1;22%;0;0,0;0,8;0,3;90%;5,5;0;1,1;4,5;1,5;1,2;0,1;0,1;0;44,4;3,5;9,3;0,8;0,3;18;0,0;0,6;0,9;0,3;0,1;11,7;0,1;3,3;0,3;0,2;1,8;0,1;0,2;0;0,3;54;-0.21;20;0,1;0;1347
Toni Reljić;M/AM (C);32;6K € - 22K €;Hessia;Germany;1,9;13,2;43%;0,2;3%;0;0,0;1,5;0,2;90%;19,3;0;0,7;3,8;1,0;0,6;0,3;0,7;0;44,8;2,6;9,8;1,5;1,1;11;0,1;1,6;0,0;0,2;0,1;12,3;0,2;5,9;0,2;0,9;2,3;0,1;0,9;11;0,1;39;-3.16;15;0,2;0;1652
Umut Yildiz;M (L), AM (RL), ST (C);25;40K € - 130K €;Lower Rhine;Germany;2,3;4,4;21%;0,0;4%;0;0,0;0,4;0,3;79%;12,4;0;0,5;7,1;1,5;1,0;0,7;0,3;0;44,1;3,6;11,7;0,4;2,2;17;0,2;1,5;0,0;0,4;0,1;11,1;0,1;4,5;0,1;1,0;0,7;0,1;1,0;23;0,0;16;-0.87;18;0,1;0;1475
Denis Gudžević;DM, M/AM (C);29;0 € - 40K €;Baden-Württemberg;Germany;0,0;16,9;33%;0,0;13%;0;0,0;0,5;0,5;0%;12,7;0;0,0;0,0;0,0;0,0;0,1;0,3;0;0,0;0,0;0,0;0,5;0,0;0;0,0;1,0;0,0;0,0;0,1;0,0;0,1;0,0;0,5;0,0;0,0;0,5;0,0;0;0,0;0;0.13;0;0,1;0;1341
Uğurcan Yilmaz;DM, M (LC), AM (C);30;0 €;North East-South;Germany;0,0;11,5;25%;0,0;0%;0;0,0;0,1;0,3;0%;13,9;0;0,0;0,0;0,0;0,0;0,3;0,1;0;0,0;0,0;0,0;0,1;0,0;0;0,0;0,6;0,0;0,0;0,0;0,0;0,0;0,0;0,1;0,0;0,0;0,1;0,0;0;0,0;0;-0.41;0;0,0;0;1290
Michael-Marvin West;D (RC), DM;24;0 € - 28K €;Westphalia;Germany;3,5;16,0;25%;0,0;13%;0;0,0;0,2;0,2;88%;4,5;0;0,8;3,0;0,9;0,5;0,1;0,1;0;46,6;2,1;4,7;0,2;0,1;9;0,0;0,4;1,1;0,6;0,1;10,3;0,0;5,1;0,1;0,1;3,9;0,1;0,1;0;0,8;77;0.15;12;0,0;0;1748
Yannis Grönke;D/WB (L), M (RL), AM (L);24;0 € - 24K €;Hessia;Germany;2,3;10,3;0%;0,0;0%;0;0,0;1,9;0,2;82%;17,2;0;1,1;7,8;2,1;2,0;0,1;0,0;0;50,3;5,1;18,2;1,9;1,8;40;1,2;0,1;0,0;0,6;0,0;12,6;0,0;3,5;0,1;7,9;1,2;0,1;7,9;14;0,2;34;-0.04;43;0,0;0;1793
Janne Kamenz;GK;22;6K € - 20K €;North East-South;Germany;0,0;2,3;0%;0,0;0%;67;-0,2;0,2;0,0;80%;6,6;-3.71;4,8;0,0;0,0;0,0;0,0;0,0;90;27,5;0,0;0,0;0,4;0,0;0;0,0;0,0;0,0;0,0;0,0;5,2;0,0;0,0;0,0;0,0;0,0;0,0;0,0;0;0,0;0;0;2;0,0;30;1740
Noah Korczowski;D (RC), DM;31;0 € - 20K €;Lower Rhine;Germany;3,0;21,9;15%;0,2;0%;0;0,0;0,7;0,4;89%;5,8;0;1,1;4,0;1,1;0,8;0,2;0,1;0;45,2;2,8;7,7;0,7;0,0;17;0,0;0,6;0,7;0,3;0,0;10,5;0,1;4,2;0,4;0,2;3,0;0,3;0,2;20;0,7;70;-1.1;21;0,1;0;1934
Danilo Margheriti;GK;17;90K € - 325K €;RP/Saar;Germany;0,0;3,2;0%;0,0;0%;62;0,1;0,0;0,0;67%;5,8;2.59;5,8;0,0;0,0;0,0;0,0;0,0;88;26,4;0,0;0,0;0,0;0,0;0;0,0;0,0;0,0;0,0;0,0;5,4;0,0;0,0;0,0;0,0;0,0;0,0;0,0;0;0,0;0;0;0;0,0;17;1800
Aram Kahraman;DM, M/AM (C);24;0 € - 35K €;Hessia;Germany;3,0;17,9;17%;0,0;0%;0;0,0;0,5;0,2;86%;5,7;0;0,8;5,9;1,5;0,6;0,3;0,2;0;59,7;3,0;9,4;0,5;0,1;14;0,1;1,0;0,2;0,4;0,0;11,7;0,2;2,4;0,1;0,1;1,5;0,1;0,1;100;0,2;64;-3.31;19;0,2;0;1980
Richard Bauer;D (C);20;500 € - 4,5K €;North East-North;Germany;2,8;11,1;10%;0,2;10%;0;0,0;0,2;0,1;92%;2,8;0;1,8;2,4;0,6;0,3;0,5;0,1;0;43,8;2,0;2,5;0,2;0,0;4;0,0;0,8;0,5;1,0;0,1;9,7;0,1;7,0;0,1;0,0;4,7;0,0;0,0;0;0,5;66;0.05;5;0,1;0;1176
Jordan Thomas;D (LC);19;9K € - 30K €;North East-North;Germany;3,5;16,8;14%;0,2;0%;0;0,0;0,2;0,1;81%;3,0;0;0,9;2,7;0,8;0,3;0,1;0,1;0;43,7;2,8;2,8;0,2;0,0;5;0,0;0,9;0,6;0,6;0,0;9,6;0,1;7,1;0,0;0,0;5,1;0,1;0,0;0;1,2;73;-2.64;7;0,2;0;1440
Semih Müjde;D (C);17;22K € - 210K €;RP/Saar;Germany;3,5;16,1;0%;0,1;0%;0;0,0;0,3;0,1;87%;3,5;0;1,3;2,2;0,7;0,3;0,1;0,0;0;47,8;2,1;3,0;0,3;0,1;4;0,0;0,2;0,7;0,8;0,0;9,0;0,0;6,8;0,0;0,0;4,4;0,0;0,0;0;1,0;65;-0.23;5;0,0;0;1233
Phil Zimmermann;D (C);22;22K € - 75K €;Lower Rhine;Germany;4,1;16,0;27%;0,1;9%;0;0,0;0,2;0,0;89%;3,6;0;1,1;2,4;0,9;0,5;0,2;0,2;0;46,4;2,0;2,3;0,2;0,0;9;0,0;0,6;0,7;0,5;0,1;9,3;0,1;6,2;0,0;0,0;4,3;0,0;0,0;0;0,7;69;-0.08;10;0,1;0;1633
Lucas Uwandu;AM (RL), ST (C);19;0 €;Lower Saxony;Germany;0,7;1,5;55%;0,0;11%;0;0,0;0,6;0,2;92%;20,9;0;0,3;1,1;0,6;0,1;0,7;1,5;0;27,6;0,4;4,1;0,6;0,4;2;0,1;2,8;0,0;0,0;0,3;9,5;0,5;10,9;0,1;0,4;2,6;0,0;0,4;14;0,1;24;-2.12;3;0,5;0;1419
Al-Hassan Turay;ST (C);23;1K € - 10K €;Lower Rhine;Germany;0,6;1,5;46%;0,0;11%;0;0,0;0,7;0,0;92%;19,0;0;0,1;1,5;0,7;0,1;0,7;1,2;0;23,4;0,3;2,8;0,7;0,8;2;0,1;2,5;0,0;0,1;0,3;8,9;0,3;9,2;0,1;0,5;2,4;0,1;0,5;28;0,0;26;-1.16;4;0,3;0;1328
Christian Kestel;DM, M/AM (C);23;0 € - 40K €;Bavaria North;Germany;0,4;10,0;13%;0,0;7%;0;0,0;0,4;0,4;85%;14,3;0;0,2;1,6;0,3;0,4;0,3;0,1;0;15,2;2,1;2,2;0,4;0,0;5;0,1;1,1;0,0;0,0;0,1;2,2;0,1;0,3;0,1;0,1;0,0;0,1;0,1;50;0,0;0;-0.07;6;0,1;0;1263
Newton Tamakloe;M/AM (RL);19;18K € - 170K €;RP/Saar;Germany;1,7;4,9;32%;0,0;7%;0;0,0;1,7;0,5;90%;16,4;0;0,9;8,0;2,1;1,1;1,3;0,9;0;41,6;3,2;9,5;1,7;4,3;17;2,0;2,7;0,0;0,3;0,2;11,1;0,2;4,2;0,3;6,6;0,6;0,5;6,6;31;0,0;14;-0.47;19;0,2;0;1361
Mika Schlosser;ST (C);19;1K € - 10K €;Hessia;Germany;0,6;1,7;44%;0,0;15%;0;0,0;0,5;0,1;87%;20,5;0;0,2;0,8;0,4;0,2;0,8;1,0;0;24,0;0,3;3,9;0,5;0,5;2;0,0;2,3;0,0;0,2;0,3;8,9;0,3;9,4;0,0;0,4;1,8;0,1;0,4;0;0,0;19;-0.08;3;0,3;0;1063
Tim Schwaiger;D/WB (L), DM, M/AM (LC);29;14K € - 50K €;Baden-Württemberg;Germany;0,2;15,7;43%;0,0;0%;0;0,0;0,3;0,2;84%;10,5;0;0,1;0,2;0,2;0,2;0,3;0,5;0;2,5;0,2;0,6;0,3;0,0;2;0,0;1,1;0,0;0,0;0,0;0,6;0,2;0,2;0,1;0,1;0,2;0,3;0,1;0;0,0;100;-2.23;2;0,2;0;1136
Obed Ofori;AM (RL), ST (C);19;4K € - 40K €;Westphalia;Germany;0,5;1,7;33%;0,0;24%;0;0,0;1,2;0,0;91%;15,1;0;0,0;1,4;0,8;0,2;1,0;0,6;0;24,0;0,4;3,5;1,2;0,6;2;0,1;1,8;0,0;0,0;0,4;9,6;0,1;10,2;0,1;0,4;4,0;0,0;0,4;25;0,1;39;3.53;5;0,1;0;1024
Justin Gärtner;D (C), DM;17;26K € - 90K €;North East-North;Germany;2,5;21,5;29%;0,0;0%;0;0,0;0,4;0,2;90%;4,8;0;1,1;4,1;1,1;0,7;0,1;0,2;0;46,1;2,7;7,1;0,9;0,1;9;0,1;0,6;0,8;0,4;0,0;10,5;0,1;5,0;0,1;0,2;3,3;0,1;0,2;50;1,1;67;-0.98;13;0,1;0;1133
Thorsten Nicklas;D/WB/M/AM (L);28;16K € - 55K €;Bavaria South;Germany;3,2;12,6;22%;0,1;0%;0;0,0;1,0;0,2;85%;13,7;0;1,0;4,1;1,2;1,0;0,3;0,1;0;53,4;5,8;10,2;1,0;1,5;18;0,6;0,5;0,5;0,8;0,0;11,5;0,0;3,9;0,1;3,1;2,1;0,0;3,1;19;0,4;53;-0.55;24;0,0;0;1643
Eliakim Kukanda;M/AM (L), ST (C);27;0 € - 45K €;RP/Saar;Germany;1,3;3,7;50%;0,0;8%;0;0,0;0,8;0,3;89%;19,0;0;1,0;2,7;0,8;0,6;0,9;1,1;0;31,2;1,4;6,5;0,8;1,3;7;0,2;2,2;0,0;0,4;0,2;10,4;0,2;8,4;0,1;1,8;1,8;0,3;1,8;9;0,0;21;-0.63;10;0,2;0;1071
Bastian Dreßler;D (LC), WB (L), DM;19;0 € - 45K €;North East-South;Germany;2,7;12,9;50%;0,1;0%;0;0,0;1,3;0,1;85%;10,2;0;1,4;5,2;1,3;1,1;0,1;0,2;0;50,9;3,9;9,1;1,3;0,3;20;0,2;0,3;0,7;0,5;0,0;10,4;0,0;5,3;0,1;1,6;3,6;0,0;1,6;10;0,9;69;-0.4;22;0,0;0;1583
Quentin Heitzer;D (R);17;0 € - 70K €;Westphalia;Germany;3,4;19,0;21%;0,0;7%;0;0,0;0,9;0,1;85%;14,6;0;1,4;5,7;1,3;1,0;0,5;0,4;0;49,3;5,8;14,5;0,9;0,6;17;0,5;1,7;1,3;0,6;0,1;11,7;0,2;5,1;0,1;2,6;2,8;0,3;2,6;18;0,6;55;-1.04;23;0,2;0;1542
Vincent Carus;D/WB (L);18;14K € - 140K €;Hessia;Germany;3,4;17,5;0%;0,0;0%;0;0,0;1,0;0,1;87%;15,1;0;1,2;4,1;1,2;1,2;0,0;0,0;0;53,3;6,2;10,3;1,0;0,6;17;0,4;0,0;0,3;1,0;0,0;11,1;0,0;3,2;0,1;3,1;2,6;0,1;3,1;13;0,1;81;0;19;0,0;0;1308
Sebastian Weizel;D (C), DM, M (C);30;0 € - 40K €;Baden-Württemberg;Germany;0,0;26,4;67%;0,0;33%;0;0,0;0,1;0,1;0%;14,6;0;0,0;0,0;0,0;0,0;0,0;0,1;0;0,0;0,0;0,0;0,1;0,0;0;0,0;0,2;0,1;0,0;0,1;0,0;0,0;0,0;0,1;0,0;0,0;0,1;0,0;0;0,0;0;0.47;0;0,0;0;1641
Maurice Rene Haar;D (C);30;500 € - 7K €;Lower Rhine;Germany;3,5;14,8;17%;0,1;0%;0;0,0;0,2;0,0;83%;4,1;0;1,0;2,1;0,9;0,3;0,2;0,1;0;48,4;2,2;3,7;0,2;0,0;5;0,0;0,7;0,8;0,9;0,0;9,7;0,1;7,3;0,0;0,0;5,4;0,0;0,0;0;1,2;74;-1.19;9;0,1;0;1471
Tidiane Gueye;DM, M (C);23;500 € - 6K €;Westphalia;Germany;2,1;14,8;38%;0,1;14%;0;0,0;1,2;0,7;88%;5,5;0;1,0;3,8;1,1;0,7;0,3;0,4;0;46,7;5,3;8,6;1,2;0,2;13;0,0;1,2;0,1;0,6;0,2;10,8;0,1;2,1;0,2;0,2;1,0;0,3;0,2;0;0,2;47;0.6;19;0,1;0;1604
Max Hauer;AM (L), ST (C);20;0 € - 30K €;North East-North;Germany;0,7;1,5;53%;0,0;27%;0;0,0;1,2;0,2;91%;17,0;0;0,2;1,5;0,5;0,1;0,1;0,5;0;24,9;0,5;3,9;1,2;0,7;1;0,1;1,0;0,0;0,1;0,3;9,9;0,1;10,5;0,1;0,2;3,2;0,1;0,2;33;0,1;30;2.36;1;0,1;0;1391
Hope Doagbodzi;M/AM (C);30;0 €;Hamburg;Germany;1,8;12,4;21%;0,0;0%;0;0,0;1,4;0,2;93%;18,7;0;0,4;8,4;1,6;0,9;0,5;0,3;0;43,6;2,8;12,1;1,4;2,9;11;1,0;1,5;0,0;0,2;0,0;12,3;0,2;4,5;0,1;6,6;1,0;0,1;6,6;15;0,1;21;-2.83;14;0,2;0;1130
Altin Vrella;D (C);26;14K € - 50K €;Hessia;Germany;3,0;16,6;21%;0,1;7%;0;0,0;0,0;0,0;84%;4,3;0;0,7;2,2;0,5;0,2;0,2;0,2;0;49,7;2,3;2,9;0,0;0,1;2;0,0;1,1;0,2;0,5;0,1;9,7;0,1;8,6;0,1;0,1;6,6;0,0;0,1;0;1,7;77;-0.78;5;0,1;0;1168
Rintaro Yajima;DM, M/AM (C);32;0 €;North East-North;Germany;0,0;16,6;50%;0,0;29%;0;0,0;0,6;0,6;0%;16,9;0;0,0;0,0;0,0;0,0;0,2;0,4;0;0,0;0,0;0,0;0,6;0,0;0;0,0;0,8;0,0;0,0;0,2;0,0;0,1;0,0;0,4;0,0;0,0;0,6;0,0;0;0,0;0;1.73;0;0,1;0;1500
Tim Schüler;D/WB/M/AM (L);26;12K € - 40K €;Schleswig-Holstein;Germany;1,9;12,7;41%;0,0;17%;0;0,0;2,1;0,5;89%;14,4;0;0,2;8,3;2,4;1,3;0,7;0,8;0;43,3;3,7;10,2;2,1;2,2;29;0,9;1,9;0,0;0,0;0,3;11,6;0,2;4,4;0,3;5,4;1,2;0,3;6,6;14;0,1;28;3.51;40;0,2;0;1969
Kaylen Reitmaier;GK;21;0 €;Bremen;Germany;0,0;7,6;0%;0,0;0%;80;0,5;0,0;0,0;66%;4,8;9.73;5,0;0,0;0,0;0,0;0,0;0,0;86;25,2;0,0;0,0;0,1;0,0;0;0,0;0,0;0,0;0,0;0,0;5,5;0,0;0,0;0,0;0,0;0,0;0,0;0,0;0;0,0;0;0;0;0,0;8;1620
Jonas Goldenstein;DM;19;60K € - 210K €;Lower Saxony;Germany;2,4;15,3;11%;0,0;11%;0;0,0;1,2;0,3;86%;6,3;0;1,0;5,2;1,7;1,6;0,2;0,1;0;47,2;5,7;8,2;1,3;0,3;24;0,0;0,6;0,1;0,3;0,1;11,1;0,1;3,0;0,2;0,1;1,5;0,2;0,9;28;0,3;49;-0.32;27;0,1;0;1360
Oskar Prokopp;DM, M (C);19;0 €;Lower Saxony;Germany;0,0;21,0;78%;0,0;22%;0;0,0;0,1;0,1;0%;11,2;0;0,0;0,0;0,0;0,0;0,2;0,4;0;0,0;0,0;0,0;0,1;0,0;0;0,0;0,5;0,0;0,0;0,1;0,0;0,0;0,0;0,1;0,0;0,0;0,1;0,4;0;0,0;0;1.57;0;0,0;0;1489
Daniel Brückner;D/WB/M (L), AM (LC);44;0 € - 5K €;Hamburg;Germany;1,6;12,0;33%;0,0;10%;0;0,0;1,5;0,4;89%;17,0;0;0,5;9,4;1,4;1,1;0,4;0,4;0;46,2;4,2;11,8;2,2;2,6;22;0,9;1,1;0,1;0,3;0,1;11,5;0,1;5,1;0,2;5,1;1,3;0,1;11,5;11;0,1;24;0.27;24;0,1;0;1724
Bastian Frölich;D/WB (R);25;0 € - 100K €;Baden-Württemberg;Germany;3,9;11,6;25%;0,0;7%;0;0,0;1,0;0,1;83%;14,9;0;1,0;4,1;1,9;1,4;0,4;0,3;0;52,4;5,2;13,8;1,0;0,6;29;0,1;1,3;0,5;0,5;0,1;11,5;0,1;3,7;0,2;1,8;1,9;0,4;1,8;8;0,3;50;0.04;38;0,1;0;1890
Erion Rexhepi;D (RL);19;22K € - 80K €;Baden-Württemberg;Germany;3,9;12,1;25%;0,1;0%;0;0,0;0,9;0,1;88%;12,4;0;0,7;3,4;1,2;1,3;0,1;0,1;0;52,7;5,6;10,6;0,9;0,3;17;0,2;0,3;0,3;0,4;0,0;11,6;0,0;5,3;0,2;2,0;4,3;0,1;2,0;11;0,6;81;-0.29;19;0,0;0;1157
Carl Leonhard;GK;24;0 € - 14K €;Hessia;Germany;0,0;2,1;0%;0,0;0%;69;-0,1;0,1;0,0;59%;7,9;-1.65;5,3;0,0;0,0;0,1;0,0;0,0;89;26,0;0,0;0,0;0,1;0,0;2;0,0;0,0;0,0;0,0;0,0;5,2;0,0;0,0;0,0;0,0;0,0;0,0;0,0;0;0,0;0;0;3;0,0;22;1800
Waiss Ezami;M/AM (RL);21;1K € - 10K €;Middle Rhine;Germany;1,2;5,3;49%;0,0;9%;0;0,0;1,6;0,5;90%;14,1;0;0,5;7,6;1,6;0,9;0,6;0,8;0;42,3;3,5;12,6;1,8;3,3;20;1,5;1,7;0,0;0,3;0,1;11,6;0,1;3,4;0,2;7,0;0,7;0,2;8,4;19;0,0;21;-0.13;26;0,1;0;1900
Pascal Koopmann;DM, M (RL), AM (R);35;0 €;Westphalia;Germany;1,7;3,3;31%;0,0;8%;0;0,0;1,3;0,3;88%;20,4;0;0,5;8,2;1,7;1,0;0,6;0,6;0;41,7;2,8;13,6;1,3;3,5;20;0,9;1,8;0,0;0,3;0,2;11,5;0,2;3,6;0,2;6,1;0,8;0,1;6,7;14;0,0;23;-0.31;28;0,2;0;1774
Ian Kroh;D (RC);25;0 € - 30K €;North East-North;Germany;2,7;19,3;18%;0,1;9%;0;0,0;0,3;0,2;89%;3,5;0;1,3;2,4;0,9;0,3;0,4;0,2;0;43,3;2,8;2,9;0,3;0,1;6;0,0;1,1;0,4;0,9;0,1;9,2;0,1;6,9;0,0;0,1;4,3;0,1;0,1;0;1,0;61;-0.02;13;0,1;0;1776
Salomo Schilke;GK;20;0 € - 30K €;Bavaria North;Germany;0,2;4,4;0%;0,0;0%;77;0,3;0,1;0,0;71%;9,1;4.54;6,1;0,0;0,0;0,0;0,0;0,0;89;25,5;0,2;0,0;0,1;0,0;0;0,0;0,0;0,0;0,0;0,0;5,7;0,0;0,0;0,0;0,0;0,0;0,0;0,0;0;0,0;0;0;0;0,0;16;1530
Owen Degelman;ST (C);20;0 €;Bremen;Germany;0,8;3,4;48%;0,0;24%;0;0,0;1,1;0,0;91%;14,9;0;0,3;1,6;0,7;0,3;0,8;1,4;0;25,7;0,5;4,3;1,1;0,6;4;0,1;2,9;0,0;0,1;0,7;9,2;0,3;10,8;0,1;0,7;2,3;0,1;0,7;9;0,2;21;6.55;4;0,3;0;1421
Cedric Zajkowski;M/AM (C);20;26K € - 85K €;Lower Rhine;Germany;1,8;10,1;53%;0,0;21%;0;0,0;1,2;0,4;91%;17,3;0;0,5;3,9;0,8;0,4;0,9;1,1;0;43,7;1,5;8,4;1,2;1,6;7;0,4;2,0;0,0;0,2;0,4;12,0;0,2;6,6;0,2;0,9;2,6;0,1;0,9;40;0,1;40;3.38;10;0,2;0;1538
Luka Garić;D (L), DM;25;0 € - 45K €;Westphalia;Germany;3,5;13,2;25%;0,1;25%;0;0,0;0,9;0,1;85%;13,6;0;0,9;4,1;1,1;0,8;0,1;0,1;0;52,5;5,8;10,2;0,9;0,5;12;0,9;0,3;0,1;0,5;0,1;11,6;0,0;6,0;0,1;2,3;4,0;0,1;2,3;38;0,7;66;0.52;17;0,0;0;1434
Nick Selutin;M (R), AM (RL), ST (C);23;12K € - 110K €;Hamburg;Germany;2,2;5,6;47%;0,1;17%;0;0,0;1,9;0,4;89%;10,9;0;0,7;6,8;1,6;1,0;0,6;1,3;0;40,9;2,9;10,0;1,9;4,1;16;1,4;2,8;0,0;0,4;0,5;11,1;0,3;3,4;0,2;6,9;1,3;0,3;6,9;19;0,0;37;3.12;18;0,3;0;1506
Robin Offhaus;GK;27;0 € - 50K €;Lower Rhine;Germany;0,0;4,8;0%;0,0;0%;75;0,4;0,0;0,0;69%;6,0;7.34;3,7;0,0;0,0;0,1;0,0;0,0;90;26,7;0,0;0,0;0,3;0,0;2;0,0;0,0;0,0;0,0;0,0;5,3;0,0;0,0;0,0;0,0;0,0;0,0;0,0;0;0,0;0;0;3;0,0;25;1856
Koray Kaçınoğlu;D (RL), DM;31;0 € - 40K €;Middle Rhine;Germany;3,1;17,1;26%;0,2;7%;0;0,0;0,7;0,1;87%;12,8;0;0,8;4,3;1,5;1,9;0,4;0,4;0;50,8;5,6;13,2;0,7;0,7;37;0,9;1,4;1,2;0,7;0,1;10,8;0,2;4,2;0,0;2,7;2,3;0,0;3,3;29;0,2;54;-1.03;38;0,2;0;1770
Tom Wüstenberg;D (C), ST (C);29;0 €;Hessia;Germany;3,8;10,0;16%;0,1;5%;0;0,0;0,1;0,0;88%;4,1;0;1,4;2,5;1,1;0,6;0,3;0,2;0;48,7;2,3;2,3;0,1;0,1;8;0,0;1,4;0,2;0,7;0,1;9,3;0,1;6,7;0,0;0,1;4,1;0,0;0,1;0;0,9;61;-0.65;10;0,1;0;1266
Patrick Storb;D (RC), DM;27;0 € - 65K €;Schleswig-Holstein;Germany;2,7;16,6;24%;0,0;5%;0;0,0;0,2;0,1;84%;3,1;0;1,5;2,4;1,0;0,2;0,3;0,3;0;48,4;2,1;3,3;0,2;0,1;4;0,0;1,1;0,4;0,5;0,1;9,6;0,1;7,3;0,0;0,1;4,9;0,1;0,1;0;1,2;68;-1.33;8;0,1;0;1730
Henrik Albert;GK;21;6K € - 22K €;North East-North;Germany;0,0;2,4;0%;0,0;0%;68;-0,2;0,1;0,0;73%;8,2;-3.14;5,3;0,0;0,0;0,1;0,0;0,0;90;26,2;0,0;0,0;0,4;0,0;1;0,0;0,0;0,0;0,0;0,0;5,2;0,0;0,0;0,0;0,0;0,0;0,0;0,0;0;0,0;0;0;5;0,0;16;1800
Tim Ottilinger;D (C);21;26K € - 275K €;Schleswig-Holstein;Germany;3,4;19,9;29%;0,1;6%;0;0,0;0,5;0,3;84%;2,4;0;1,2;2,6;1,2;0,6;0,2;0,3;0;44,0;2,9;2,7;0,5;0,1;9;0,0;1,2;0,3;0,7;0,1;9,5;0,1;6,9;0,2;0,1;5,3;0,3;0,1;0;1,2;76;-0.7;12;0,1;0;1316
Florian Berisha;ST (C);21;0 € - 55K €;Lower Rhine;Germany;0,3;3,5;48%;0,0;28%;0;0,0;0,9;0,3;91%;18,1;0;0,1;1,8;1,0;0,4;0,6;0,8;0;24,3;0,8;3,9;1,5;0,5;7;0,2;1,7;0,0;0,1;0,5;9,0;0,2;9,5;0,1;0,5;2,3;0,0;2,8;14;0,1;24;4.7;9;0,2;0;1506
Leonard Dorn;D (C), DM, M (C);17;20K € - 190K €;Hessia;Germany;0,2;8,2;27%;0,0;0%;0;0,0;0,2;0,3;89%;16,7;0;0,2;0,6;0,2;0,2;0,2;0,2;0;4,9;0,6;1,2;0,2;0,0;3;0,0;0,9;0,0;0,1;0,0;1,4;0,1;0,2;0,2;0,0;0,2;0,1;0,0;0;0,0;67;-0.78;3;0,1;0;1161
Max Greger;D (C);17;4,5K € - 45K €;North East-North;Germany;3,5;19,0;13%;0,2;13%;0;0,0;0,3;0,1;90%;3,3;0;0,7;2,3;0,7;0,6;0,1;0,1;0;49,4;2,2;2,0;0,3;0,0;9;0,0;0,5;0,9;0,5;0,1;9,5;0,0;6,7;0,0;0,0;5,2;0,1;0,0;0;1,2;77;0.33;9;0,0;0;1323
Tarik Sejdović;D (LC);29;0 € - 24K €;Hessia;Germany;4,1;14,8;15%;0,2;0%;0;0,0;0,2;0,1;88%;3,9;0;1,3;2,7;0,9;0,5;0,3;0,1;0;48,0;2,7;2,9;0,2;0,0;9;0,0;0,7;1,0;0,5;0,0;9,4;0,1;7,5;0,0;0,0;5,8;0,0;0,0;0;1,4;78;-1.19;12;0,1;0;1650
Leonit Tahiri;D/WB/M/AM (L);19;0 €;Bremen;Germany;3,3;21,8;28%;0,0;11%;0;0,0;1,1;0,3;84%;8,6;0;0,8;4,6;1,3;1,0;0,3;0,3;0;50,9;5,0;10,3;1,1;1,4;17;0,4;1,1;0,1;0,8;0,1;11,1;0,1;4,2;0,1;3,3;1,9;0,2;3,3;10;0,2;44;-0.02;21;0,1;0;1541
Jakob Münzner;D (C), DM, M (C);25;0 €;Bremen;Germany;2,7;22,5;8%;0,3;0%;0;0,0;1,3;0,4;89%;4,7;0;1,1;4,5;2,2;1,1;0,1;0,1;0;51,3;5,2;8,7;1,3;0,1;17;0,0;0,8;0,1;0,6;0,0;12,0;0,1;3,4;0,3;0,1;1,7;0,4;0,1;0;0,4;50;-1.4;24;0,1;0;1410
Nick Hoffmann;DM, M/AM (C);20;0 € - 55K €;Hamburg;Germany;2,7;25,3;36%;0,0;18%;0;0,0;0,8;1,1;91%;5,3;0;0,8;3,2;0,7;0,6;0,2;0,2;0;46,6;4,9;7,9;1,1;0,3;11;0,0;0,6;0,1;0,4;0,1;10,1;0,1;2,4;0,4;0,0;1,1;0,4;0,4;0;0,2;46;0.21;13;0,1;0;1708
Richard Arndt;DM, M (C);23;10K € - 35K €;Hamburg;Germany;2,6;26,0;20%;0,1;7%;0;0,0;0,8;0,7;88%;5,8;0;1,1;5,1;1,9;1,6;0,2;0,2;0;51,8;4,0;9,3;1,0;0,2;26;0,0;0,9;0,2;0,2;0,1;11,8;0,1;2,5;0,2;0,3;1,3;0,2;2,9;8;0,3;52;-0.75;30;0,1;0;1498
Simon Lüders;DM, M/AM (C);24;1K € - 8K €;Hessia;Germany;2,1;9,1;50%;0,1;20%;0;0,0;0,9;0,3;89%;10,2;0;0,8;4,1;0,5;0,5;0,4;0,4;0;44,4;2,5;8,5;0,9;0,3;6;0,2;0,8;0,1;0,6;0,2;11,7;0,0;2,8;0,2;0,2;1,3;0,3;0,2;66;0,0;47;1.47;7;0,0;0;1101
Gabriel Čavar;DM, M (C);23;8K € - 28K €;Westphalia;Germany;2,4;19,3;33%;0,1;17%;0;0,0;1,0;0,4;88%;7,3;0;1,4;4,6;1,5;0,8;0,2;0,1;0;41,4;4,9;7,6;1,0;0,1;12;0,0;0,4;0,3;0,5;0,1;9,8;0,0;2,8;0,1;0,2;1,8;0,1;0,2;0;0,5;64;0.65;15;0,0;0;1340
Lukas Schumacher;AM (C), ST (C);22;0 €;Hamburg;Germany;1,0;5,3;55%;0,0;28%;0;0,0;1,5;0,1;88%;16,6;0;0,4;5,1;1,4;0,6;0,5;1,0;0;33,5;1,9;7,4;1,5;2,1;9;0,6;1,8;0,0;0,3;0,5;10,5;0,2;7,6;0,1;4,1;1,7;0,2;4,1;13;0,1;22;4.37;10;0,2;0;1417
Tugay Akbakla;GK;29;6K € - 22K €;Bavaria North;Germany;0,1;3,7;0%;0,0;0%;69;0,0;0,0;0,0;65%;6,5;0.04;4,1;0,0;0,0;0,0;0,0;0,0;89;27,7;0,0;0,0;0,1;0,0;0;0,0;0,0;0,0;0,0;0,0;5,0;0,0;0,0;0,0;0,0;0,0;0,0;0,0;0;0,0;0;0;0;0,0;20;1705
Samuel Nyarko;D/WB/M/AM (R);17;20K € - 70K €;North East-North;Germany;2,8;10,7;17%;0,1;3%;0;0,0;0,9;0,2;90%;13,4;0;0,7;4,1;1,3;1,1;0,5;0,3;0;48,2;4,9;11,5;0,9;1,1;20;0,6;2,0;0,1;0,2;0,1;10,5;0,2;4,1;0,2;3,0;2,0;0,2;3,0;19;0,4;48;-3.12;23;0,2;0;1586
Fodelcio;M (R), AM (RL);22;24K € - 230K €;North East-North;Germany;1,7;6,1;51%;0,1;15%;0;0,0;2,3;0,3;85%;11,9;0;0,6;8,2;2,2;1,7;0,9;1,2;0;42,0;4,0;12,2;2,3;4,1;29;1,4;2,4;0,0;0,1;0,4;11,9;0,3;3,7;0,1;7,2;0,9;0,1;9,1;17;0,0;25;1.52;31;0,3;0;1539
Nick Flock;ST (C);26;1K € - 9K €;Westphalia;Germany;0,9;3,1;33%;0,0;16%;0;0,0;0,6;0,2;91%;16,5;0;0,1;1,5;0,6;0,1;0,8;1,0;0;25,4;0,1;3,6;0,6;0,8;2;0,1;3,0;0,0;0,1;0,5;9,1;0,3;9,6;0,2;0,4;2,8;0,1;0,4;20;0,0;29;2.45;3;0,3;0;1273
Gjorgji Antoski;DM, M/AM (C);33;0 €;Middle Rhine;Germany;1,4;14,3;40%;0,1;5%;0;0,0;2,3;0,1;91%;17,6;0;0,4;5,2;1,4;0,5;0,5;0,6;0;43,3;2,9;9,4;2,5;0,6;7;0,1;1,4;0,0;0,1;0,1;11,6;0,2;5,9;0,1;0,6;2,6;0,3;0,6;25;0,1;43;-2.02;9;0,2;0;1261
Samir Gegg;D (L);20;2K € - 20K €;Hessia;Germany;3,6;15,7;33%;0,2;33%;0;0,0;1,2;0,1;84%;11,7;0;1,6;6,5;1,5;0,9;0,1;0,1;0;56,1;6,2;10,6;1,2;0,3;12;0,7;0,2;0,4;0,7;0,1;11,2;0,0;3,5;0,1;2,6;1,4;0,3;2,6;25;0,1;40;0.92;21;0,0;0;1223
Jo Ha-neul;AM (RL), ST (C);23;0 €;Bremen;Germany;1,2;4,3;45%;0,0;11%;0;0,0;0,8;0,7;94%;12,0;0;0,2;2,0;0,5;0,2;1,2;1,8;0;25,2;0,4;4,5;0,8;1,8;3;0,6;4,0;0,0;0,2;0,4;9,7;0,4;7,9;0,3;1,3;2,0;0,2;3,2;22;0,1;25;-0.04;4;0,4;0;1474
Marlo Siech;D (RC);28;0 € - 55K €;Lower Saxony;Germany;4,4;11,6;16%;0,1;0%;0;0,0;0,4;0,1;83%;3,9;0;1,3;2,6;0,7;0,3;0,6;0,2;0;49,0;2,5;3,7;0,4;0,0;8;0,0;1,3;0,4;1,0;0,0;9,8;0,1;7,1;0,0;0,2;3,8;0,1;0,2;0;0,3;54;-3.29;14;0,1;0;2091
Nicolo Avellino;D (RC), DM;25;5K € - 18K €;Lower Saxony;Germany;2,8;19,5;45%;0,2;23%;0;0,0;0,3;0,1;90%;2,6;0;1,6;3,0;0,9;0,3;0,6;0,5;0;43,8;3,2;3,1;0,3;0,0;6;0,0;1,0;0,6;0,7;0,2;9,8;0,1;6,7;0,1;0,0;5,6;0,0;0,0;0;1,4;83;3.79;10;0,1;0;1957
Ole Marx;M/AM (R);21;0 €;Bremen;Germany;1,6;9,0;26%;0,0;11%;0;0,0;2,2;0,4;90%;10,2;0;0,6;7,3;1,6;1,2;0,8;0,7;0;40,9;3,7;10,6;2,2;2,7;21;1,1;2,7;0,0;0,1;0,3;10,4;0,4;3,5;0,2;6,1;1,1;0,2;6,1;17;0,2;31;-1.11;24;0,4;0;1539
Saher Bhatti;D/WB (L), M (RL);26;0 € - 20K €;Hessia;Germany;3,7;12,2;25%;0,1;17%;0;0,0;1,0;0,3;85%;15,4;0;1,1;3,7;1,3;1,1;0,2;0,2;0;52,1;5,5;11,6;1,0;0,6;19;0,4;0,7;0,2;0,4;0,1;11,0;0,1;4,8;0,2;2,2;2,9;0,1;2,2;20;0,3;61;0.2;28;0,1;0;1605
Gianni Mollo;AM (L), ST (C);24;14K € - 140K €;Baden-Württemberg;Germany;1,6;4,4;38%;0,0;12%;0;0,0;1,7;0,4;92%;18,2;0;0,2;6,3;1,8;1,4;0,2;0,6;0;39,2;2,7;10,5;1,7;3,1;23;0,4;1,6;0,0;0,2;0,2;11,0;0,2;5,9;0,1;4,5;1,7;0,2;4,5;9;0,1;29;0.08;27;0,2;0;1460
Cedric Abresch;DM, M/AM (C);20;0 €;Middle Rhine;Germany;1,7;21,3;21%;0,0;14%;0;0,0;0,7;0,2;90%;11,6;0;0,5;4,4;0,7;0,5;0,2;0,2;0;27,7;2,5;5,9;1,0;1,2;9;0,2;0,8;0,0;0,2;0,1;6,9;0,1;2,1;0,2;1,4;0,5;0,1;5,6;11;0,0;22;0.72;11;0,1;0;1579
Maximilian Stahl;D (RC), DM;28;16K € - 60K €;North East-North;Germany;3,2;19,2;0%;0,1;0%;0;0,0;0,1;0,1;92%;3,2;0;1,6;2,7;1,0;0,6;0,3;0,0;0;48,6;1,8;3,1;0,1;0,0;11;0,0;0,7;1,0;0,7;0,0;9,8;0,1;7,5;0,0;0,1;5,3;0,1;0,1;0;1,2;71;-1.07;13;0,1;0;1709
Ricardo Michael;D (LC), WB/M (L);23;0 € - 90K €;North East-South;Germany;3,4;14,4;13%;0,1;13%;0;0,0;1,2;0,3;87%;15,9;0;1,1;8,9;2,0;2,0;0,0;0,1;0;48,3;3,5;18,8;1,2;1,7;37;1,4;0,4;0,4;0,6;0,1;13,1;0,1;4,2;0,1;9,2;2,4;0,3;9,4;14;0,5;58;-0.29;47;0,1;0;1691
Mordecai Zuhs;D (LC);23;28K € - 100K €;RP/Saar;Germany;3,7;17,9;8%;0,2;0%;0;0,0;0,6;0,2;86%;6,5;0;1,5;3,2;1,4;1,0;0,2;0,1;0;51,0;3,8;6,0;0,6;0,1;17;0,0;0,7;0,7;0,6;0,0;10,1;0,1;6,0;0,1;0,6;4,4;0,1;0,6;0;0,9;74;-1.48;22;0,1;0;1573
Leo Sommerfeld;D (C);20;0 € - 7K €;North East-South;Germany;2,9;9,1;0%;0,0;0%;0;0,0;0,3;0,2;82%;4,3;0;1,4;2,4;0,7;0,4;0,4;0,0;0;48,6;2,0;2,5;0,3;0,0;4;0,0;0,6;0,1;0,9;0,0;9,3;0,0;6,5;0,0;0,0;4,7;0,1;0,0;0;1,3;71;-0.53;5;0,0;0;1006
David Anzenhofer;D (C);31;500 € - 6K €;Bavaria South;Germany;3,7;19,4;14%;0,1;0%;0;0,0;0,2;0,3;89%;5,8;0;1,3;2,8;0,9;0,5;0,0;0,0;0;46,6;2,6;4,1;0,2;0,0;10;0,0;0,3;0,2;0,4;0,0;9,6;0,0;5,9;0,1;0,1;4,6;0,1;0,1;50;1,3;78;-0.82;11;0,0;0;1858
Niclas Mohr;D (LC);29;0 €;Lower Rhine;Germany;3,4;11,8;33%;0,1;0%;0;0,0;0,9;0,1;86%;10,5;0;1,4;5,8;1,1;0,9;0,1;0,1;0;57,4;6,3;13,9;0,9;0,7;13;0,1;0,2;0,6;0,6;0,0;12,2;0,0;3,8;0,0;1,4;1,4;0,0;1,4;10;0,3;38;-0.46;14;0,0;0;1254
Philipp Köhl;AM (R);19;0 €;Middle Rhine;Germany;1,8;11,0;57%;0,0;19%;0;0,0;1,8;0,1;90%;16,1;0;0,4;6,8;2,2;1,2;0,6;1,1;0;41,5;2,7;13,2;1,8;3,0;24;0,7;1,9;0,0;0,3;0,4;11,9;0,2;4,5;0,2;5,0;1,5;0,2;5,7;15;0,1;33;3.66;28;0,2;0;1755
Jan Lippegaus;D/WB (L), DM, M (L);23;0 € - 60K €;Schleswig-Holstein;Germany;2,4;20,8;0%;0,1;0%;0;0,0;1,6;0,4;85%;11,5;0;1,5;7,5;1,7;1,5;0,0;0,0;0;50,0;4,0;21,6;1,7;1,1;32;1,7;0,2;0,9;0,5;0,0;12,5;0,0;4,4;0,2;7,3;2,9;0,2;8,8;19;0,6;64;-0.33;47;0,0;0;1923
Phil Lenuweit;GK;21;0 € - 80K €;Lower Rhine;Germany;0,0;3,6;0%;0,0;0%;66;0,1;0,1;0,0;68%;6,8;2.1;3,5;0,0;0,0;0,1;0,0;0,0;85;26,5;0,0;0,0;0,1;0,0;2;0,0;0,0;0,0;0,0;0,0;5,1;0,0;0,0;0,0;0,0;0,0;0,0;0,0;0;0,0;0;0;5;0,0;22;1800
Timon Schmitz;DM, M/AM (C);27;0 €;Bremen;Germany;1,7;26,6;46%;0,0;20%;0;0,0;1,3;0,5;84%;12,9;0;0,3;4,2;0,8;0,4;1,1;1,5;0;44,3;1,7;10,3;1,3;1,2;6;0,0;3,2;0,1;0,3;0,6;11,6;0,4;4,8;0,5;0,9;1,6;0,3;0,9;0;0,2;33;3.32;8;0,4;0;1297
Lukas Klappert;D (RC), DM;33;0 €;Middle Rhine;Germany;3,7;20,3;8%;0,0;8%;0;0,0;0,3;0,0;83%;5,5;0;0,5;2,3;0,5;0,2;0,3;0,1;0;46,8;3,1;3,9;0,3;0,1;4;0,0;0,7;0,8;0,3;0,1;10,2;0,1;5,3;0,0;0,2;3,3;0,1;0,2;0;0,8;62;-0.79;5;0,1;0;1553
Lukas Rodwald;DM, M (RC);26;16K € - 60K €;RP/Saar;Germany;2,2;13,2;20%;0,0;0%;0;0,0;1,2;0,4;87%;7,1;0;1,0;5,2;0,8;0,8;0,3;0,2;0;46,5;5,1;8,7;1,2;0,7;15;0,1;1,0;0,0;0,6;0,0;10,6;0,1;1,9;0,4;0,9;1,2;0,4;4,0;7;0,1;67;-1.76;17;0,1;0;1743
Maximilian Franke;M (L), AM (RL), ST (C);23;30K € - 110K €;Westphalia;Germany;2,0;4,6;42%;0,0;21%;0;0,0;1,5;0,2;89%;14,5;0;0,4;7,3;1,5;1,0;0,8;1,2;0;43,7;3,0;9,6;1,5;3,9;16;0,5;2,9;0,0;0,3;0,6;11,6;0,3;5,0;0,2;3,6;1,0;0,1;3,6;15;0,0;19;5.43;21;0,3;0;1483
Fabian Jurišić;D (RC), DM;19;55K € - 180K €;Westphalia;Germany;2,7;13,7;12%;0,0;6%;0;0,0;0,5;0,1;87%;7,1;0;0,8;4,4;1,1;0,9;0,3;0,1;0;46,4;3,8;8,1;0,6;0,3;14;0,0;1,1;0,3;0,4;0,1;11,3;0,1;4,1;0,1;0,3;2,3;0,2;1,3;9;0,8;55;-0.92;16;0,1;0;1432
Bruno Schmitt;M/AM (C);18;16K € - 150K €;Lower Rhine;Germany;0,0;11,6;36%;0,0;7%;0;0,0;0,1;0,4;0%;10,3;0;0,0;0,0;0,0;0,0;0,1;0,3;0;0,0;0,0;0,0;0,5;0,0;0;0,0;0,9;0,0;0,0;0,1;0,0;0,1;0,0;0,2;0,0;0,0;0,1;0,0;0;0,0;0;-0.84;0;0,1;0;1360
Batuhan Şahin;M/AM (C);17;0 € - 80K €;Middle Rhine;Germany;1,2;13,4;38%;0,0;15%;0;0,0;2,0;0,7;88%;14,9;0;0,1;3,6;1,3;0,9;0,6;0,7;0;43,7;2,3;9,0;2,0;0,6;12;0,2;1,8;0,0;0,1;0,3;12,2;0,2;5,3;0,2;1,0;1,0;0,4;1,5;14;0,1;19;0.59;13;0,2;0;1265
Daniel Owusu;D (RLC), WB/M (R);25;0 €;Hamburg;Germany;2,7;19,6;15%;0,0;8%;0;0,0;0,8;0,7;85%;5,8;0;0,7;4,6;1,2;0,8;0,3;0,2;0;46,5;3,3;7,8;0,8;0,3;10;0,1;1,1;0,1;0,4;0,1;10,9;0,1;2,2;0,2;0,1;0,7;0,4;0,1;100;0,1;31;0.27;15;0,1;0;1086
Maximilian Hintermeier;GK;22;0 € - 24K €;Bavaria North;Germany;0,0;2,9;0%;0,0;0%;77;0,3;0,0;0,0;55%;6,4;4.09;2,9;0,0;0,0;0,1;0,0;0,0;91;26,6;0,0;0,0;0,0;0,0;1;0,0;0,0;0,0;0,0;0,0;5,4;0,0;0,0;0,0;0,0;0,0;0,0;0,0;0;0,0;0;0;2;0,0;14;1413
Andrej Marković;D (L);27;0 € - 100K €;Lower Rhine;Germany;4,7;16,8;0%;0,2;0%;0;0,0;1,0;0,2;87%;13,4;0;1,1;6,2;1,7;1,5;0,2;0,0;0;57,1;6,4;14,0;1,0;0,4;18;0,3;0,2;0,2;0,7;0,0;11,7;0,0;3,5;0,1;1,9;1,7;0,1;5,8;11;0,4;50;-0.02;21;0,0;0;1081
Dylan Burke;D (LC);29;0 € - 35K €;Lower Saxony;Germany;2,8;16,0;0%;0,0;0%;0;0,0;0,5;0,0;85%;6,3;0;1,1;3,1;1,2;0,7;0,1;0,0;0;48,1;3,0;5,6;0,5;0,1;16;0,2;0,5;0,4;0,4;0,0;10,5;0,1;6,0;0,0;0,9;3,6;0,0;0,9;20;0,5;60;-1.6;19;0,1;0;2010
Lukas Szymczak;D (C), DM;25;9K € - 30K €;RP/Saar;Germany;3,6;17,5;38%;0,1;15%;0;0,0;0,2;0,0;89%;4,2;0;1,2;2,5;0,5;0,3;0,2;0,2;0;46,7;2,4;3,0;0,2;0,0;7;0,0;0,6;0,9;0,9;0,1;9,3;0,1;6,9;0,0;0,0;4,5;0,0;0,0;0;0,6;65;0.81;10;0,1;0;1872
Amour Nnokoson;AM (RL), ST (C);19;0 €;Bavaria South;Germany;1,9;7,2;45%;0,1;10%;0;0,0;2,1;0,4;88%;17,9;0;0,5;8,1;2,1;1,6;0,6;0,7;0;40,0;3,2;11,6;2,8;2,7;31;0,9;1,6;0,1;0,2;0,1;11,4;0,2;4,1;0,2;6,5;1,4;0,2;6,5;14;0,1;34;-0.47;38;0,2;0;1800
David Zenner;DM;20;1K € - 8K €;Baden-Württemberg;Germany;1,9;12,6;14%;0,0;14%;0;0,0;0,6;0,5;89%;7,2;0;0,7;4,0;0,8;0,6;0,1;0,1;0;46,7;2,9;8,8;0,6;0,3;9;0,1;0,5;0,0;0,4;0,1;11,3;0,0;2,0;0,2;0,1;0,7;0,3;0,1;50;0,1;37;0.41;10;0,0;0;1325
Mert Sinan Pekesen;M (L), AM (RL), ST (C);31;12K € - 40K €;Hessia;Germany;0,9;2,9;37%;0,0;12%;0;0,0;1,0;0,1;91%;13,7;0;0,3;1,9;0,7;0,1;0,7;1,2;0;26,7;0,8;3,7;1,0;0,7;2;0,2;3,3;0,0;0,1;0,4;9,2;0,4;8,9;0,1;0,4;2,0;0,1;0,4;57;0,1;23;-2.2;3;0,5;0;1644
Hiroto Yamashita;AM (C), ST (C);26;0 € - 50K €;Middle Rhine;Germany;1,2;14,0;39%;0,0;22%;0;0,0;1,6;0,2;86%;20,5;0;0,3;3,1;0,6;0,2;0,3;0,5;0;39,0;1,5;7,5;1,6;1,4;3;0,1;1,3;0,0;0,2;0,3;11,2;0,1;4,8;0,2;1,1;0,9;0,2;1,1;10;0,0;19;2.64;3;0,1;0;1546
Marco Pollmann;M/AM (C);27;0 € - 60K €;Westphalia;Germany;0,9;15,5;29%;0,0;18%;0;0,0;1,4;0,3;90%;16,0;0;0,3;2,5;0,7;0,3;0,5;0,4;0;40,1;1,5;9,4;1,4;1,0;8;0,1;1,5;0,0;0,1;0,3;11,0;0,1;4,0;0,1;1,1;0,6;0,1;1,1;12;0,0;15;2.71;11;0,1;0;2070
Henrik Heße;D (RC);19;35K € - 325K €;North East-South;Germany;3,6;16,0;5%;0,2;0%;0;0,0;0,2;0,0;88%;3,9;0;0,9;2,6;1,2;0,7;0,5;0,0;0;46,4;2,1;3,0;0,2;0,0;14;0,0;1,0;1,3;0,3;0,0;9,7;0,1;7,1;0,0;0,1;5,4;0,0;0,1;0;1,5;75;-1.55;16;0,1;0;1830
Tim Schrick;GK;22;0 € - 85K €;Lower Rhine;Germany;0,0;3,0;0%;0,0;0%;68;0,2;0,0;0,0;67%;6,0;3.72;3,7;0,0;0,0;0,0;0,0;0,0;88;26,9;0,0;0,0;0,0;0,0;0;0,0;0,0;0,0;0,0;0,0;4,9;0,0;0,0;0,0;0,0;0,0;0,0;0,0;0;0,0;0;0;0;0,0;17;1724
Jan Wiltink;D (RL), WB/M (R);20;0 € - 90K €;Westphalia;Germany;3,0;14,7;22%;0,1;7%;0;0,0;1,2;0,3;85%;11,9;0;1,1;6,7;1,3;0,9;0,7;0,5;0;49,2;5,4;8,6;1,5;0,7;11;0,5;2,2;0,5;0,7;0,2;9,7;0,3;4,8;0,1;2,4;2,1;0,2;7,3;13;0,5;43;-1.27;17;0,3;0;1093
Claas Zamzow;D/WB/M (R), AM (RL), ST (C);19;12K € - 110K €;North East-North;Germany;3,0;9,4;56%;0,0;22%;0;0,0;1,4;0,2;87%;14,1;0;0,8;7,1;0,8;0,6;0,1;0,3;0;45,3;3,9;15,5;1,4;2,2;9;1,2;0,6;0,0;0,6;0,1;12,0;0,1;5,5;0,1;7,9;2,1;0,1;8,4;14;0,2;38;1.28;10;0,1;0;1292
Finn Kornath;GK;26;0 € - 45K €;Schleswig-Holstein;Germany;0,0;4,6;0%;0,0;0%;70;0,1;0,0;0,0;74%;6,9;2.55;5,4;0,0;0,0;0,0;0,0;0,0;91;26,7;0,0;0,0;0,0;0,0;0;0,0;0,0;0,0;0,0;0,0;5,6;0,0;0,0;0,0;0,0;0,0;0,0;0,0;0;0,0;0;0;1;0,0;15;1808
Emirhan Delifer;D (L);20;0 €;Hamburg;Germany;3,0;18,7;0%;0,1;0%;0;0,0;1,2;0,4;81%;17,1;0;0,8;7,0;1,4;1,3;0,0;0,0;0;51,1;3,7;17,7;1,2;1,7;22;1,6;0,0;1,6;0,9;0,0;12,7;0,0;4,3;0,2;7,8;2,6;0,1;7,8;20;0,3;61;0;24;0,0;0;1484
Luca Steinfeldt;ST (C);29;0 € - 12K €;Westphalia;Germany;0,7;2,3;54%;0,0;19%;0;0,0;1,3;0,6;90%;16,8;0;0,3;1,6;0,8;0,3;1,3;2,0;0;24,8;0,8;3,5;1,3;0,2;4;0,0;3,7;0,0;0,0;0,7;9,1;0,3;10,3;0,3;0,7;4,8;0,1;0,7;0;0,2;47;5.52;5;0,3;0;1421
Conor Gnerlich;D (RL), DM, M (C);27;14K € - 45K €;Lower Saxony;Germany;3,4;14,6;22%;0,0;11%;0;0,0;0,5;0,6;92%;5,8;0;1,1;4,8;1,1;0,8;0,3;0,1;0;45,2;3,4;8,3;0,5;0,1;12;0,0;0,6;0,2;0,4;0,1;11,2;0,1;1,9;0,2;0,1;1,1;0,1;0,1;0;0,1;60;0.07;18;0,1;0;1416
Plator Doqaj;M (R), AM (RC);26;1K € - 12K €;Bavaria South;Germany;1,8;7,8;53%;0,0;16%;0;0,0;1,9;0,3;89%;16,5;0;0,4;6,3;1,5;0,9;0,4;0,7;0;40,6;3,0;9,5;2,1;4,3;13;1,7;1,3;0,0;0,3;0,2;11,0;0,1;3,1;0,2;7,9;0,9;0,4;8,0;22;0,0;30;1.1;15;0,1;0;1273
Amin Muja;M (C), AM (RC), ST (C);19;10K € - 110K €;Lower Saxony;Germany;1,7;5,2;52%;0,0;16%;0;0,0;2,0;0,2;89%;19,3;0;0,3;6,2;2,0;1,1;0,3;0,7;0;42,5;2,9;9,4;2,0;3,1;21;0,8;1,4;0,0;0,1;0,2;11,8;0,2;3,6;0,1;6,3;0,8;0,2;6,6;12;0,0;23;1.23;23;0,2;0;1653
Yılmaz Daler;D (C), DM, M/AM (C);26;8K € - 26K €;Baden-Württemberg;Germany;1,6;13,7;15%;0,0;4%;0;0,0;1,1;0,2;85%;11,8;0;0,6;4,7;1,1;1,0;0,4;0,2;0;50,5;2,8;9,7;1,1;0,2;20;0,1;1,3;0,1;0,2;0,0;11,9;0,2;4,3;0,1;0,6;1,6;0,1;0,6;25;0,1;38;-2.89;24;0,2;0;1822
Piet Freiberg;D (C);19;0 € - 35K €;Lower Saxony;Germany;3,6;18,5;0%;0,1;0%;0;0,0;0,1;0,0;88%;3,8;0;0,9;2,3;0,5;0,1;0,1;0,0;0;47,5;2,4;2,8;0,1;0,0;1;0,0;0,5;0,8;0,7;0,0;10,0;0,0;6,8;0,0;0,1;3,3;0,0;0,1;0;0,6;49;-0.62;3;0,0;0;1344
Eduard Renke;D (RL), DM;23;0 € - 110K €;Westphalia;Germany;3,7;15,8;27%;0,0;6%;0;0,0;0,6;0,3;87%;12,3;0;1,6;5,3;0,9;1,1;0,7;0,6;0;51,7;5,0;9,8;0,6;0,4;18;0,5;2,0;0,5;0,7;0,1;10,2;0,3;5,6;0,1;2,5;2,9;0,1;2,5;19;0,4;52;-2.05;22;0,3;0;1454
Farid Maboa Dibamba;D (C);19;0 € - 60K €;Hamburg;Germany;3,1;20,1;17%;0,2;0%;0;0,0;0,1;0,2;89%;2,9;0;1,0;3,6;1,2;0,8;0,1;0,1;0;48,9;2,1;2,5;0,1;0,0;14;0,0;0,3;0,2;0,3;0,0;9,9;0,1;5,9;0,0;0,0;4,0;0,0;0,0;0;0,7;68;-1.36;15;0,1;0;1609
Takang Anubodem;D (RL), WB (R);19;0 € - 75K €;Lower Saxony;Germany;2,7;9,0;21%;0,1;0%;0;0,0;0,7;0,2;86%;15,7;0;1,4;4,0;1,6;1,1;0,6;0,3;0;52,2;5,1;10,2;0,7;0,2;20;0,6;1,5;0,1;0,6;0,0;10,5;0,1;5,1;0,1;2,7;3,0;0,2;2,7;23;0,4;59;-1.71;24;0,1;0;1704
Lukas Dick;D (R);18;0 € - 60K €;Westphalia;Germany;3,0;12,5;18%;0,0;3%;0;0,0;0,7;0,1;82%;14,3;0;0,9;5,1;1,8;1,1;0,4;0,3;0;52,3;5,4;11,4;0,7;0,5;21;0,8;1,7;0,5;0,2;0,1;11,0;0,2;5,8;0,0;3,1;3,9;0,1;3,1;27;0,8;67;-2.96;28;0,2;0;1740
Wilfried Sarr;D (LC);29;0 € - 65K €;Middle Rhine;Germany;3,8;15,9;0%;0,1;0%;0;0,0;0,9;0,1;86%;10,8;0;0,9;5,1;0,9;1,3;0,0;0,0;0;53,9;6,3;13,4;0,9;0,4;22;0,1;0,2;0,6;0,5;0,0;11,6;0,0;5,2;0,0;2,2;3,5;0,1;2,5;4;0,6;67;-0.42;22;0,0;0;1562
Noah Musse;D/WB/M/AM (R);21;0 €;Hamburg;Germany;2,1;14,6;30%;0,1;5%;0;0,0;1,5;0,3;86%;15,1;0;1,3;7,9;1,8;1,1;0,5;0,4;0;42,5;3,7;11,0;1,5;2,2;17;1,1;1,3;0,4;0,3;0,1;11,3;0,1;4,9;0,1;5,3;1,9;0,1;6,4;17;0,1;38;-0.52;26;0,1;0;1350
Marc Reischmann;DM, M (C);32;500 € - 6K €;Bavaria North;Germany;2,4;15,9;22%;0,1;11%;0;0,0;1,2;0,3;87%;5,2;0;0,7;5,8;1,5;1,2;0,4;0,1;0;59,9;6,0;8,6;1,6;0,1;16;0,0;0,7;0,1;0,4;0,1;10,5;0,1;1,9;0,2;0,1;1,3;0,4;1,3;11;0,1;65;0.1;23;0,1;0;1220
Lars Westendorf;D (C);21;0 €;Hamburg;Germany;2,7;23,9;25%;0,0;25%;0;0,0;0,5;0,2;81%;6,8;0;1,1;5,3;1,3;0,8;0,1;0,1;0;46,5;3,7;9,1;0,5;0,0;10;0,1;0,3;0,9;0,2;0,1;11,5;0,1;3,1;0,2;0,4;2,0;0,1;0,4;20;0,5;64;0.09;15;0,1;0;1147
Julian Leuchter;GK;17;45K € - 450K €;Middle Rhine;Germany;0,0;2,9;0%;0,0;0%;65;0,2;0,1;0,0;60%;7,9;3.54;5,5;0,0;0,0;0,0;0,0;0,0;87;26,3;0,0;0,0;0,1;0,0;0;0,0;0,0;0,0;0,0;0,0;5,0;0,0;0,0;0,0;0,0;0,0;0,0;0,0;0;0,0;0;0;0;0,0;14;1476
Elijah Müller;M (LC), AM (C);21;0 €;North East-North;Germany;1,3;9,1;30%;0,1;10%;0;0,0;1,3;0,1;91%;18,5;0;0,5;2,3;0,5;0,4;0,5;0,4;0;38,3;1,4;7,7;1,3;0,9;6;0,1;1,3;0,0;0,2;0,1;11,0;0,2;3,9;0,2;0,3;0,5;0,3;0,3;20;0,0;14;-0.73;6;0,2;0;1350
Marco Weber;DM, M (C);31;500 € - 6K €;Bavaria North;Germany;1,5;17,5;11%;0,1;0%;0;0,0;1,2;0,4;92%;8,3;0;1,7;4,8;1,3;0,7;0,2;0,1;0;44,2;4,6;8,1;1,5;0,0;11;0,0;0,6;0,0;0,4;0,0;10,3;0,1;1,7;0,2;0,2;0,3;0,1;2,4;2;0,1;19;-1.11;18;0,1;0;1414
Shadrak Dombe;M (L), AM (RL);21;22K € - 80K €;Lower Rhine;Germany;1,5;5,7;30%;0,0;10%;0;0,0;1,9;0,1;88%;17,9;0;0,5;8,0;1,9;1,3;0,7;0,6;0;46,8;3,0;13,3;1,9;3,5;26;1,2;1,9;0,0;0,3;0,2;11,3;0,3;5,3;0,2;5,0;1,9;0,2;7,0;19;0,1;36;-3;30;0,3;0;1864
Pepe Böhm;D (C), DM;19;9K € - 30K €;North East-North;Germany;3,2;10,8;14%;0,0;0%;0;0,0;0,1;0,0;93%;5,1;0;1,1;2,1;0,6;0,1;0,3;0,1;0;47,0;1,9;3,2;0,1;0,0;1;0,0;0,6;0,4;0,8;0,0;9,4;0,1;7,2;0,0;0,0;5,6;0,0;0,0;0;1,8;78;-1.13;3;0,1;0;1022
Takahito Ohno;D (C), DM;30;0 € - 20K €;Middle Rhine;Germany;2,6;19,6;27%;0,1;0%;0;0,0;0,5;0,0;89%;6,6;0;1,0;4,6;1,0;0,6;0,3;0,2;0;46,7;3,7;8,7;0,5;0,1;12;0,0;0,7;0,5;0,3;0,0;11,2;0,1;3,7;0,1;0,1;1,8;0,1;0,1;33;0,5;48;-1.77;18;0,1;0;1922
Felix Hache;DM, M/AM (C);22;0 € - 35K €;North East-South;Germany;1,8;13,1;30%;0,0;10%;0;0,0;0,9;0,1;88%;5,9;0;1,1;4,0;1,4;0,9;0,2;0,2;0;49,8;4,4;9,9;0,9;0,2;15;0,0;0,6;0,2;0,7;0,1;12,1;0,1;3,8;0,2;0,1;1,5;0,3;0,1;0;0,3;40;-0.04;19;0,1;0;1559
Gianluca Rizzo;AM (RC), ST (C);29;1,5K € - 16K €;Lower Rhine;Germany;0,7;3,3;44%;0,0;17%;0;0,0;1,1;0,1;90%;15,0;0;0,3;1,8;0,8;0,3;0,9;1,3;0;29,7;1,0;5,6;1,1;0,8;5;0,1;3,0;0,0;0,0;0,5;9,7;0,4;9,7;0,1;1,3;3,3;0,2;1,3;8;0,2;35;1.42;8;0,4;0;1535
Nick Sauer;D (RC);20;0 € - 60K €;Hessia;Germany;3,2;16,4;10%;0,1;10%;0;0,0;0,4;0,2;84%;3,0;0;1,7;2,7;0,8;0,1;0,3;0,1;0;48,4;1,9;3,3;0,4;0,0;1;0,0;0,9;0,6;1,1;0,1;9,4;0,2;6,0;0,0;0,0;4,1;0,1;0,0;0;0,4;69;-0.92;5;0,2;0;1004
Kieran Ike;DM, M (C);22;0 € - 90K €;RP/Saar;Germany;0,0;25,4;56%;0,0;13%;0;0,0;0,3;0,3;0%;13,8;0;0,0;0,0;0,0;0,0;0,2;0,5;0;0,0;0,0;0,0;0,4;0,0;0;0,0;0,9;0,0;0,0;0,1;0,0;0,1;0,0;0,1;0,0;0,0;0,3;0,0;0;0,0;0;0.8;0;0,1;0;1683
Jonah Geike;DM, M (C);18;0 € - 90K €;Hessia;Germany;1,9;18,0;17%;0,0;0%;0;0,0;1,4;0,8;91%;4,9;0;0,8;4,7;1,1;0,8;0,0;0,1;0;46,7;5,5;8,0;1,4;0,2;11;0,0;0,5;0,1;0,5;0,0;11,0;0,1;3,1;0,4;0,1;1,6;0,2;0,1;0;0,2;53;-0.75;15;0,1;0;1178
Kian Loy;D/WB (R), DM, M (C);17;500 € - 3,5K €;Bavaria South;Germany;2,1;12,0;20%;0,1;10%;0;0,0;1,6;0,2;88%;14,0;0;0,8;6,6;1,5;1,1;0,3;0,1;0;52,0;5,0;17,8;2,0;2,1;20;0,9;0,5;0,6;0,3;0,1;12,4;0,1;3,7;0,1;6,0;1,8;0,1;6,3;15;0,4;50;-0.22;27;0,1;0;1669
Carl Hopprich;DM, M (RLC), AM (C);29;0 €;North East-North;Germany;1,1;18,5;45%;0,0;18%;0;0,0;1,1;0,0;89%;14,6;0;0,3;3,9;1,2;0,8;0,4;0,4;0;43,8;2,2;6,9;1,1;0,5;11;0,1;0,8;0,0;0,1;0,1;11,6;0,1;3,5;0,2;1,0;0,6;0,1;1,0;15;0,0;17;1.15;13;0,1;0;1202
Karl Jesse;ST (C);17;30K € - 110K €;North East-South;Germany;1,0;2,9;54%;0,0;17%;0;0,0;0,8;0,1;90%;18,1;0;0,2;1,4;0,5;0,3;0,7;1,0;0;26,2;0,5;6,6;0,8;0,5;4;0,1;1,8;0,0;0,2;0,3;10,4;0,2;9,1;0,0;0,2;2,0;0,1;0,2;33;0,1;22;1.14;5;0,2;0;1180
Patrick Friesdorf-Weber;M/AM (L), ST (C);31;1K € - 10K €;Middle Rhine;Germany;2,1;5,8;27%;0,0;0%;0;0,0;1,7;0,3;80%;13,3;0;0,7;7,6;1,9;2,3;0,5;0,3;0;43,9;4,8;15,5;1,7;1,7;42;0,0;1,2;0,0;0,3;0,0;12,1;0,2;3,2;0,1;1,5;0,6;0,1;1,5;0;0,0;18;-3.06;45;0,2;0;1624
Levin Kundruweit;AM (C), ST (C);23;0 € - 65K €;Baden-Württemberg;Germany;1,6;13,2;36%;0,0;10%;0;0,0;1,3;0,3;89%;17,6;0;0,2;4,3;1,3;0,4;0,5;0,8;0;38,0;1,3;6,5;1,3;0,8;6;0,3;2,3;0,0;0,1;0,2;11,7;0,3;5,7;0,2;1,4;1,3;0,2;1,4;21;0,2;23;-0.27;7;0,3;0;1502
Falk Schmidt;DM, M (C);25;500 € - 7K €;Hamburg;Germany;0,0;22,5;50%;0,0;25%;0;0,0;0,0;0,3;0%;10,8;0;0,0;0,0;0,0;0,0;0,0;0,2;0;0,0;0,0;0,0;0,0;0,0;0;0,0;0,3;0,0;0,0;0,1;0,0;0,0;0,0;0,1;0,0;0,0;0,0;0,0;0;0,0;0;0.41;0;0,0;0;1153
Tom Muhlack;D (C);24;0 € - 24K €;Lower Saxony;Germany;2,9;16,9;28%;0,0;22%;0;0,0;0,0;0,2;86%;3,5;0;1,3;2,7;0,8;0,5;0,4;0,2;0;48,3;2,1;2,9;0,0;0,0;10;0,0;0,8;0,4;0,5;0,2;9,6;0,1;6,4;0,1;0,0;4,1;0,0;0,0;0;0,7;64;2.28;15;0,1;0;1926
Marcel Kohn;D (C), DM;30;1K € - 10K €;North East-South;Germany;3,6;19,0;21%;0,1;8%;0;0,0;0,2;0,1;87%;3,6;0;1,1;2,4;0,9;0,4;0,6;0,3;0;49,8;2,4;2,4;0,2;0,0;7;0,0;1,4;0,5;0,6;0,1;9,5;0,1;7,2;0,0;0,0;5,3;0,0;0,0;0;1,8;74;-0.27;8;0,1;0;1517
Yusuf Erten;D (L), DM;21;0 € - 75K €;Bremen;Germany;3,6;22,7;27%;0,1;18%;0;0,0;0,8;0,0;83%;12,3;0;1,2;6,1;1,3;1,3;0,1;0,2;0;51,3;4,8;9,2;1,1;0,3;24;0,3;0,6;0,2;0,7;0,1;10,4;0,1;4,2;0,1;2,4;2,3;0,2;2,4;11;0,2;54;0.67;25;0,1;0;1719
Jarun Theißen;GK;17;2K € - 20K €;Hessia;Germany;0,0;1,8;0%;0,0;0%;67;0,1;0,1;0,0;64%;6,3;1.36;5,1;0,0;0,0;0,0;0,0;0,0;90;26,9;0,0;0,0;0,1;0,0;0;0,0;0,0;0,0;0,0;0,0;5,0;0,0;0,0;0,0;0,0;0,0;0,0;0,0;0;0,0;0;0;2;0,0;17;1620
Valentin Rode;D (RC), DM;29;0 € - 40K €;North East-North;Germany;2,8;19,9;9%;0,1;0%;0;0,0;0,6;0,1;87%;4,6;0;1,0;3,4;0,9;0,7;0,2;0,1;0;48,5;3,1;4,2;0,6;0,1;12;0,0;0,6;1,0;0,3;0,0;10,1;0,1;5,7;0,1;0,1;4,5;0,1;3,3;3;0,9;78;-1.48;14;0,1;0;1597
Leo Camara;D (LC), DM;23;0 € - 24K €;Middle Rhine;Germany;2,8;18,7;33%;0,2;8%;0;0,0;0,2;0,0;89%;3,2;0;1,4;2,6;1,2;0,5;0,2;0,2;0;48,2;2,4;2,5;0,2;0,0;8;0,0;0,7;0,3;0,8;0,1;9,5;0,1;7,1;0,0;0,1;4,8;0,0;0,1;0;0,6;67;-0.3;11;0,1;0;1584
Mario Mbassi;AM (RLC);18;230K € - 800K €;Bremen;Germany;2,1;5,7;27%;0,0;5%;0;0,0;1,3;0,6;91%;13,1;0;0,3;7,7;1,4;1,2;0,7;0,6;0;45,3;2,8;11,2;1,3;4,3;20;0,9;2,2;0,0;0,2;0,1;11,4;0,2;3,7;0,4;4,0;0,7;0,5;4,0;22;0,1;18;-1.13;22;0,2;0;1488
Luca Campanile;D (RC), WB/M (R);22;1,5K € - 12K €;Baden-Württemberg;Germany;2,7;12,0;39%;0,1;18%;0;0,0;0,2;0,1;85%;4,3;0;1,0;3,1;0,9;0,4;0,5;0,6;0;43,5;2,0;4,4;0,2;0,1;8;0,0;1,5;0,4;0,6;0,3;9,7;0,2;5,7;0,1;0,1;2,9;0,1;1,3;16;0,3;52;2.18;10;0,2;0;1650
Dave Fotso Youmssi;D (C), DM, M (C);19;0 € - 30K €;Lower Rhine;Germany;3,6;20,9;17%;0,0;8%;0;0,0;0,2;0,2;88%;5,6;0;0,9;4,0;0,9;0,5;0,2;0,1;0;43,2;2,7;7,1;0,2;0,0;8;0,0;0,7;0,1;0,6;0,1;11,2;0,1;4,3;0,1;0,0;2,7;0,1;0,0;0;0,9;63;-0.39;11;0,1;0;1463
Aaron Kronenberg;D (RLC);24;0 €;RP/Saar;Germany;3,2;17,9;22%;0,1;0%;0;0,0;0,3;0,1;88%;4,8;0;0,8;3,3;1,2;0,6;0,1;0,1;0;49,3;3,2;4,2;0,3;0,1;10;0,1;0,5;0,4;0,3;0,0;10,0;0,1;6,7;0,0;0,6;4,1;0,1;0,6;10;0,7;61;-1.01;12;0,1;0;1620
Enno Lang;D (C);20;2K € - 20K €;Lower Rhine;Germany;2,5;15,4;24%;0,0;12%;0;0,0;0,2;0,0;88%;3,3;0;1,3;2,1;0,6;0,5;0,4;0,2;0;47,9;2,1;3,5;0,2;0,1;9;0,0;0,9;0,6;0,9;0,1;9,8;0,1;6,2;0,0;0,0;4,0;0,0;0,0;0;0,6;65;-0.4;9;0,1;0;1616
Gabriel Michalek;D (LC), WB/M (L);22;0 € - 28K €;North East-South;Germany;3,0;13,0;13%;0,0;13%;0;0,0;1,3;0,2;86%;10,5;0;1,2;6,2;2,0;1,6;0,1;0,1;0;54,7;5,3;11,8;1,3;0,6;28;0,4;0,5;0,2;0,2;0,1;11,5;0,1;4,8;0,2;4,0;2,7;0,1;4,4;10;0,7;56;-0.65;32;0,1;0;1582
Tom Sikorski;D (C);23;2K € - 18K €;Westphalia;Germany;3,0;23,4;20%;0,1;10%;0;0,0;0,1;0,1;88%;3,1;0;0,8;2,6;0,9;0,5;0,4;0,2;0;47,2;2,4;2,6;0,1;0,0;9;0,0;1,0;0,8;0,5;0,1;9,9;0,1;6,9;0,0;0,0;4,2;0,0;0,0;0;1,5;62;-0.39;10;0,1;0;1742
Tony Djim;AM (RC), ST (C);28;0 € - 75K €;Hessia;Germany;0,7;1,5;63%;0,0;26%;0;0,0;0,7;0,0;91%;20,7;0;0,1;1,4;0,5;0,0;0,8;1,2;0;24,8;0,3;3,6;0,7;0,9;1;0,0;2,0;0,0;0,1;0,5;8,9;0,2;8,7;0,0;0,3;1,7;0,1;0,3;16;0,0;19;6.47;2;0,2;0;1951
Hendrik Kuhnhold;D (RC);26;1,5K € - 14K €;North East-South;Germany;4,2;15,8;14%;0,1;0%;0;0,0;0,1;0,1;82%;2,5;0;0,9;2,2;0,6;0,4;0,2;0,1;0;48,5;2,2;3,3;0,1;0,0;7;0,0;0,8;0,7;0,6;0,0;9,4;0,1;7,1;0,0;0,0;4,9;0,0;0,0;0;1,2;70;-1.49;7;0,1;0;1628
Nicholas Beier;D (L), DM, M (C);22;16K € - 60K €;Hessia;Germany;2,8;19,5;15%;0,1;0%;0;0,0;1,2;0,4;90%;4,5;0;1,0;5,5;1,4;1,0;0,2;0,1;0;47,7;5,8;8,2;1,2;0,1;16;0,1;0,8;0,1;0,4;0,0;11,2;0,1;2,7;0,1;0,3;1,8;0,2;2,7;18;0,2;68;-0.91;22;0,1;0;1468
İbrahim Bulut;ST (C);32;4K € - 14K €;Westphalia;Germany;0,9;7,0;40%;0,1;13%;0;0,0;1,1;0,1;89%;17,0;0;0,3;2,3;1,1;0,8;0,3;0,4;0;28,7;1,3;5,3;1,1;0,9;12;0,1;1,0;0,0;0,1;0,1;9,3;0,1;9,3;0,1;0,9;3,5;0,4;0,9;7;0,2;38;0.72;12;0,1;0;1358
Marvin Nzontcha;AM (L), ST (C);19;0 €;Hamburg;Germany;1,5;10,0;35%;0,0;4%;0;0,0;1,7;0,1;87%;14,3;0;0,2;7,9;2,5;1,7;0,6;0,6;0;41,1;3,7;10,6;1,7;3,1;24;0,3;1,6;0,0;0,3;0,1;11,9;0,3;4,5;0,1;4,5;1,0;0,1;4,8;7;0,1;22;-2.98;29;0,3;0;1291
Liam Brenn;GK;19;0 €;North East-South;Germany;0,0;3,2;0%;0,0;0%;67;0,1;0,0;0,0;76%;8,5;2.2;3,6;0,0;0,0;0,0;0,0;0,0;88;26,7;0,0;0,0;0,0;0,0;0;0,0;0,0;0,0;0,0;0,0;5,2;0,0;0,0;0,0;0,0;0,0;0,0;0,0;0;0,0;0;0;0;0,0;16;1538
Ole Overhoff;DM, M (RC), AM (C);22;0 € - 20K €;Westphalia;Germany;1,3;13,1;50%;0,1;21%;0;0,0;1,7;0,0;89%;16,4;0;0,4;3,8;1,4;1,0;0,2;0,4;0;42,0;2,2;8,5;1,7;0,6;16;0,1;0,9;0,0;0,2;0,2;11,9;0,2;4,8;0,1;0,8;1,5;0,0;0,8;15;0,1;32;0.52;17;0,2;0;1413
Sebastian Seifert;D (RL), DM;40;0 €;North East-South;Germany;4,0;14,7;50%;0,1;50%;0;0,0;1,2;0,1;87%;9,4;0;0,6;4,0;1,3;1,2;0,0;0,1;0;56,4;6,8;10,2;1,5;1,6;19;0,4;0,1;0,1;0,3;0,1;11,7;0,0;3,5;0,1;3,3;2,3;0,2;13,3;12;0,0;65;0.85;20;0,0;0;1406
Altin Maxhuni;D (LC), WB/M (L);23;0 € - 40K €;Bavaria South;Germany;2,2;18,8;0%;0,1;0%;0;0,0;1,7;0,2;88%;10,8;0;1,1;6,5;1,7;1,5;0,1;0,0;0;54,4;5,2;15,9;2,0;1,4;26;1,1;0,1;0,5;0,4;0,0;12,2;0,0;3,8;0,2;6,1;2,1;0,2;7,0;17;0,9;57;-0.01;27;0,0;0;1512
Christian Brückl;M (R), AM (RLC);35;1,5K € - 4,5K €;Bavaria South;Germany;1,1;9,6;51%;0,0;14%;0;0,0;1,3;0,1;90%;14,0;0;1,0;3,3;0,5;0,1;1,1;1,4;0;43,5;1,6;6,4;1,5;1,2;2;0,0;2,7;0,0;0,2;0,4;11,3;0,2;4,4;0,1;0,4;1,0;0,2;1,8;4;0,0;23;1.97;5;0,2;0;1219
Lukas Hartlieb;D (C);29;0 € - 45K €;RP/Saar;Germany;3,3;23,8;30%;0,1;0%;0;0,0;0,3;0,0;90%;2,5;0;1,1;2,1;0,6;0,3;0,2;0,2;0;44,3;2,2;3,7;0,3;0,0;4;0,0;0,7;0,7;0,6;0,0;9,9;0,1;7,1;0,0;0,0;5,2;0,1;0,0;0;1,0;73;-0.74;6;0,1;0;1226
Gino Dörnte;D/WB/M/AM (L);26;1,5K € - 14K €;North East-South;Germany;2,4;9,4;18%;0,0;12%;0;0,0;2,3;0,1;87%;15,7;0;0,9;6,0;1,7;1,5;0,3;0,2;0;49,5;5,3;11,8;2,3;1,6;28;0,4;0,9;0,1;0,1;0,1;11,4;0,1;3,9;0,0;3,5;1,6;0,1;4,3;12;0,3;40;0.56;32;0,1;0;1710
Stefano Fragapane;D/WB/M (R);25;6K €;Middle Rhine;Germany;2,8;8,8;19%;0,0;5%;0;0,0;0,8;0,1;89%;15,0;0;0,9;3,8;1,6;1,1;0,8;0,4;0;52,4;5,1;10,8;0,8;0,7;20;0,4;2,4;0,4;0,2;0,1;10,4;0,2;4,3;0,1;2,8;2,4;0,2;3,2;15;0,5;55;-2.33;25;0,2;0;1645
Luca Schmidt;GK;20;0 € - 20K €;Middle Rhine;Germany;0,0;2,6;0%;0,0;0%;68;-0,1;0,0;0,0;58%;6,8;-0.82;3,9;0,0;0,0;0,1;0,0;0,0;90;27,4;0,0;0,0;0,0;0,0;1;0,0;0,0;0,0;0,0;0,0;5,3;0,0;0,0;0,0;0,0;0,0;0,0;0,0;0;0,0;0;0;1;0,0;8;1350
Robert Wilschrey;D (R), DM, M/AM (R);36;1K € - 4K €;Lower Rhine;Germany;3,6;16,0;10%;0,0;3%;0;0,0;0,8;0,4;85%;12,8;0;1,0;7,4;1,7;0,9;0,8;0,2;0;50,7;5,6;11,6;0,8;0,7;14;0,5;1,9;0,6;0,3;0,1;10,8;0,2;3,9;0,1;2,5;1,8;0,1;2,9;17;0,2;47;-1.48;20;0,2;0;1471
Philipp Gau;D (L);19;0 € - 20K €;Bavaria South;Germany;3,6;14,8;63%;0,1;25%;0;0,0;0,8;0,1;85%;13,3;0;1,3;6,2;2,0;1,3;0,1;0,3;0;55,6;5,9;14,0;0,8;0,6;25;0,4;0,4;0,9;0,4;0,1;11,4;0,0;5,3;0,0;2,8;3,0;0,1;4,2;13;0,5;56;1.44;29;0,0;0;1795
Tim Möller;M (RL), AM (C);25;2,5K € - 22K €;Schleswig-Holstein;Germany;1,9;9,0;30%;0,0;15%;0;0,0;2,1;0,3;90%;13,0;0;0,7;7,7;1,6;1,0;0,3;0,4;0;39,1;4,7;18,0;2,6;2,6;19;1,2;1,4;0,0;0,2;0,2;12,6;0,2;5,2;0,2;5,9;2,7;0,2;6,3;22;0,1;52;0.26;36;0,2;0;1756
Jacob Samnik;GK;25;0 € - 18K €;Hessia;Germany;0,0;5,0;0%;0,0;0%;71;0,0;0,0;0,0;67%;7,1;0.56;3,6;0,0;0,0;0,0;0,0;0,0;89;25,8;0,0;0,0;0,1;0,0;0;0,0;0,0;0,0;0,0;0,0;5,7;0,0;0,0;0,0;0,0;0,0;0,0;0,0;0;0,0;0;0;1;0,0;17;1214
Tristan Darsow;D/WB/M/AM (R);21;0 €;Hamburg;Germany;2,2;20,5;18%;0,0;6%;0;0,0;1,7;0,2;83%;16,9;0;0,8;7,1;1,7;1,3;0,4;0,2;0;48,6;4,8;18,2;2,0;1,9;22;1,4;1,0;0,6;0,4;0,1;12,0;0,1;3,2;0,2;7,4;1,2;0,2;9,9;16;0,2;39;-0.23;28;0,1;0;1516
Tom Woiwod;ST (C);24;12K € - 110K €;Hessia;Germany;0,7;3,5;44%;0,0;15%;0;0,0;0,6;0,4;92%;16,2;0;0,3;1,2;0,6;0,1;0,7;1,2;0;24,2;0,1;3,6;0,6;0,7;3;0,1;2,7;0,0;0,1;0,4;9,8;0,4;9,0;0,2;0,4;2,1;0,2;0,4;33;0,0;23;0.09;3;0,4;0;1804
Maximilian Krapf;GK;22;22K € - 75K €;RP/Saar;Germany;0,0;4,8;0%;0,0;0%;67;0,0;0,0;0,0;70%;6,1;0.49;4,7;0,0;0,0;0,1;0,0;0,0;89;26,5;0,0;0,0;0,9;0,0;1;0,0;0,0;0,0;0,0;0,0;5,4;0,0;0,0;0,0;0,0;0,0;0,0;0,0;0;0,0;0;0;1;0,0;20;1632
Serhat Sido;M/AM (C);22;18K € - 60K €;Bremen;Germany;0,0;17,4;22%;0,0;9%;0;0,0;0,4;1,0;0%;11,2;0;0,0;0,0;0,0;0,0;0,4;0,3;0;0,0;0,0;0,0;0,4;0,0;0;0,0;1,3;0,0;0,0;0,1;0,0;0,1;0,0;0,5;0,0;0,0;0,4;0,0;0;0,0;0;0.44;0;0,1;0;1637
Leotrim Berisha;AM (LC), ST (C);19;0 € - 14K €;Bavaria South;Germany;2,0;7,2;52%;0,0;24%;0;0,0;2,1;0,4;92%;15,4;0;0,7;9,1;2,1;1,4;0,9;1,1;0;41,2;3,6;11,5;2,6;2,9;16;0,6;2,1;0,0;0,3;0,5;11,6;0,3;5,6;0,2;4,4;2,7;0,2;5,0;11;0,1;49;1.7;18;0,4;0;1054
Robin Ahns;D (RC);25;0 € - 60K €;Middle Rhine;Germany;3,4;15,7;21%;0,1;7%;0;0,0;0,3;0,0;90%;2,4;0;1,0;2,0;0,8;0,5;0,4;0,3;0;48,6;2,0;2,7;0,3;0,0;10;0,0;1,5;0,5;0,7;0,1;9,4;0,2;6,7;0,0;0,1;5,4;0,1;0,1;0;1,6;81;-1.91;11;0,2;0;1749
Nils Gernhardt;D/WB (L);18;0 € - 65K €;Lower Rhine;Germany;3,6;11,5;33%;0,0;0%;0;0,0;0,9;0,0;85%;12,4;0;0,6;5,1;1,9;1,6;0,1;0,1;0;54,6;5,5;14,3;0,9;0,6;23;0,6;0,2;0,6;0,2;0,0;11,8;0,0;4,6;0,0;3,8;2,5;0,0;3,8;15;0,4;55;-0.42;24;0,0;0;1259
Salim Hadouchi;ST (C);19;0 € - 75K €;Middle Rhine;Germany;0,6;0,2;41%;0,0;13%;0;0,0;0,8;0,0;89%;17,9;0;0,2;1,5;0,4;0,1;0,4;1,2;0;24,3;0,4;3,1;0,8;0,4;1;0,1;2,8;0,0;0,2;0,4;9,8;0,3;10,7;0,1;0,6;3,1;0,1;0,6;25;0,2;29;0.53;1;0,3;0;1232
Christopher Kettler;D (RC);32;5K € - 18K €;Bavaria North;Germany;3,1;16,9;23%;0,0;8%;0;0,0;0,1;0,1;89%;4,0;0;0,9;2,9;1,0;0,5;0,4;0,2;0;45,3;2,4;2,2;0,1;0,0;8;0,0;0,8;0,8;0,2;0,1;9,3;0,1;7,7;0,0;0,1;4,9;0,0;0,1;0;1,6;64;-0.52;12;0,1;0;1499
Caner Özcin;AM (RL), ST (C);31;0 € - 35K €;North East-North;Germany;1,2;2,5;59%;0,0;18%;0;0,0;0,9;0,4;87%;17,9;0;0,4;4,9;0,8;0,3;0,7;1,5;0;33,2;1,9;7,1;0,9;3,1;4;0,5;2,5;0,0;0,3;0,4;9,9;0,3;6,7;0,2;3,9;2,2;0,0;3,9;12;0,1;34;2.48;5;0,3;0;1240
Nick Birnstein;AM (LC), ST (C);17;130K € - 450K €;North East-South;Germany;0,4;2,1;37%;0,0;11%;0;0,0;1,1;0,0;92%;21,2;0;0,2;1,4;0,7;0,2;1,1;0,8;0;23,7;0,5;3,9;1,1;0,2;3;0,2;2,2;0,0;0,0;0,2;9,9;0,2;8,9;0,1;0,7;1,1;0,2;0,7;37;0,0;12;-0.04;3;0,2;0;1097
Nicolas Fenski;D (RC);22;0 € - 20K €;Lower Saxony;Germany;2,9;16,4;40%;0,1;20%;0;0,0;0,2;0,0;88%;3,6;0;1,1;2,6;1,1;0,4;0,3;0,3;0;49,8;2,4;2,9;0,2;0,0;6;0,0;0,7;0,2;0,7;0,1;10,3;0,1;6,7;0,0;0,1;5,2;0,0;0,1;0;0,8;78;1.23;7;0,1;0;1210
Andy Hebler;ST (C);36;0 €;North East-South;Germany;0,6;1,4;48%;0,0;15%;0;0,0;0,7;0,1;90%;17,1;0;0,1;1,8;0,5;0,1;1,0;1,4;0;26,2;0,5;4,2;1,6;0,5;3;0,1;3,0;0,0;0,2;0,4;9,5;0,3;9,8;0,1;0,6;2,4;0,0;7,8;9;0,1;24;2.55;4;0,3;0;1831
Henri Scherer;D (C);26;50K € - 160K €;Baden-Württemberg;Germany;3,6;17,9;50%;0,2;13%;0;0,0;0,3;0,0;91%;2,8;0;1,0;2,9;1,0;0,5;0,2;0,2;0;42,9;2,3;3,8;0,3;0,0;10;0,0;0,4;0,2;0,7;0,0;9,6;0,0;5,7;0,0;0,0;4,1;0,0;0,1;0;0,4;71;0.42;13;0,0;0;1812
Cristian Gilés;AM (RL), ST (C);33;500 € - 6K €;Baden-Württemberg;Germany;1,7;7,4;41%;0,0;22%;0;0,0;1,3;0,2;90%;16,3;0;0,5;7,7;2,1;1,1;0,5;1,0;0;41,3;2,0;10,0;1,3;3,2;21;0,9;2,5;0,0;0,1;0,5;11,0;0,3;5,5;0,1;4,4;1,9;0,1;6,6;17;0,1;34;4.47;28;0,3;0;1674
Andrea Hoxha;GK;26;12K € - 40K €;Baden-Württemberg;Germany;0,0;3,4;0%;0,0;0%;67;-0,1;0,0;0,0;65%;5,7;-1.69;3,6;0,0;0,0;0,1;0,0;0,0;90;25,9;0,0;0,0;0,0;0,0;1;0,0;0,0;0,0;0,0;0,0;4,6;0,0;0,0;0,0;0,0;0,0;0,0;0,0;0;0,0;0;0;1;0,0;22;1800
Can-Deniz Tanriver;D (RC);21;1,5K € - 14K €;North East-South;Germany;4,0;15,8;16%;0,2;11%;0;0,0;0,3;0,0;88%;3,0;0;0,8;2,5;0,6;0,4;0,4;0,2;0;48,6;2,1;3,5;0,3;0,0;8;0,0;1,0;0,6;0,7;0,1;9,5;0,1;6,2;0,1;0,1;4,5;0,1;0,1;0;1,2;72;0.23;9;0,1;0;1660
Seif Moustafa;DM, M (C);19;0 €;Middle Rhine;Germany;0,0;13,0;24%;0,0;12%;0;0,0;0,1;0,2;0%;9,8;0;0,0;0,0;0,0;0,0;0,5;0,2;0;0,0;0,0;0,0;0,1;0,0;0;0,0;1,0;0,0;0,0;0,1;0,0;0,1;0,0;0,2;0,0;0,0;0,1;0,0;0;0,0;0;0.52;0;0,1;0;1520
Phil Gysbers;ST (C);22;Unknown;Lower Saxony;Germany;0,9;1,6;56%;0,0;19%;0;0,0;0,7;0,0;91%;19,9;0;0,2;1,3;0,6;0,1;0,6;1,1;0;24,1;0,4;4,7;0,7;0,6;2;0,0;1,9;0,0;0,1;0,4;9,8;0,2;10,8;0,0;0,6;3,0;0,0;0,6;0;0,2;28;2.27;2;0,2;0;1272
Lucas Tamarez;DM, M (C);21;0 €;RP/Saar;Germany;1,6;18,4;50%;0,0;17%;0;0,0;0,5;0,2;86%;4,9;0;1,1;5,4;1,2;0,8;0,2;0,2;0;47,4;3,5;9,3;0,5;0,2;11;0,0;0,5;0,1;0,6;0,1;11,7;0,0;2,1;0,2;0,2;1,0;0,1;0,2;0;0,2;48;0.52;15;0,0;0;1171
Paul Meseberg;D/WB (L), DM, M (L);23;0 € - 55K €;Schleswig-Holstein;Germany;2,9;17,8;17%;0,0;17%;0;0,0;1,2;0,3;90%;10,6;0;1,2;5,9;1,2;1,1;0,2;0,1;0;49,7;5,7;12,5;2,0;0,3;23;0,6;0,6;0,7;0,4;0,1;10,5;0,1;5,2;0,1;3,5;3,7;0,1;11,0;13;0,6;72;0.65;24;0,1;0;1882
Nicolas Eiter;D (C);29;0 € - 22K €;Lower Saxony;Germany;3,0;17,8;0%;0,0;0%;0;0,0;0,1;0,1;86%;3,8;0;0,8;2,3;0,6;0,3;0,1;0,0;0;47,3;2,6;3,1;0,1;0,0;6;0,0;0,3;1,0;0,7;0,0;9,7;0,1;6,9;0,0;0,1;4,6;0,0;0,1;0;0,7;66;-1.06;9;0,1;0;1702
Muhammad Sey;M (R), AM (RL), ST (C);26;8K € - 28K €;North East-North;Germany;1,9;4,4;57%;0,0;14%;0;0,0;1,8;0,1;91%;14,7;0;0,4;8,1;1,7;0,7;0,5;1,3;0;40,3;3,2;11,7;1,8;4,2;12;1,0;2,3;0,0;0,3;0,3;11,0;0,4;3,7;0,3;8,0;1,3;0,4;8,0;12;0,0;34;-1.93;20;0,4;0;1472
Ilyass Mirroche;AM (LC), ST (C);27;0 €;Lower Rhine;Germany;0,6;0,6;51%;0,0;17%;0;0,0;0,6;0,1;88%;19,9;0;0,2;1,1;0,4;0,1;0,8;1,3;0;25,1;0,3;3,8;0,6;0,7;2;0,1;2,5;0,0;0,3;0,4;10,2;0,3;8,9;0,0;0,3;2,2;0,0;0,3;16;0,1;25;2.24;2;0,3;0;1710
Irwin Pfeiffer;M (L), AM (RL), ST (C);27;0 € - 45K €;Hessia;Germany;1,3;3,1;25%;0,0;4%;0;0,0;1,4;0,1;89%;16,8;0;0,5;7,3;1,8;1,3;0,7;0,4;0;42,1;3,0;11,3;1,4;3,2;17;1,1;1,8;0,0;0,4;0,1;12,2;0,2;4,5;0,0;6,1;1,0;0,0;6,1;18;0,0;21;-1.22;19;0,2;0;1222
Julian Bache;D (LC), WB/M (L);23;1K € - 8K €;North East-North;Germany;2,8;16,4;0%;0,1;0%;0;0,0;0,1;0,1;89%;3,3;0;0,8;2,9;0,9;0,2;0,1;0,0;0;49,5;2,5;2,8;0,1;0,0;4;0,0;0,3;0,6;0,3;0,0;9,9;0,0;7,3;0,0;0,0;5,6;0,1;0,0;0;1,8;77;-0.38;9;0,0;0;1744
Joran Sobiech;D (C);30;500 € - 6K €;Middle Rhine;Germany;3,2;15,5;14%;0,1;0%;0;0,0;0,1;0,1;93%;2,8;0;0,8;2,5;0,8;0,4;0,2;0,1;0;46,4;2,5;2,5;0,1;0,1;6;0,0;0,8;1,1;0,4;0,0;9,9;0,1;7,2;0,0;0,0;5,0;0,1;0,0;0;1,3;70;-0.86;8;0,1;0;1490
Hannes Viehweger;D (RC), DM;28;0 €;Hessia;Germany;2,0;14,5;11%;0,1;0%;0;0,0;0,7;0,2;88%;8,5;0;0,7;4,5;1,2;1,0;0,3;0,1;0;48,2;4,1;7,7;0,7;0,1;19;0,1;0,5;0,2;0,3;0,0;10,8;0,0;2,5;0,1;0,5;1,1;0,2;0,5;22;0,2;43;-0.85;25;0,0;0;1749
Tim Kaiser;AM (R);22;Unknown;North East-South;Germany;2,2;5,4;40%;0,0;12%;0;0,0;1,7;0,2;86%;20,0;0;0,6;8,2;1,9;1,2;0,8;0,8;0;41,2;2,7;12,7;1,7;3,1;15;1,5;2,0;0,0;0,2;0,2;11,5;0,2;3,6;0,1;6,7;0,7;0,1;6,7;21;0,0;18;0.09;17;0,2;0;1105
Lamin Touray;M (R), AM (RLC), ST (C);23;0 € - 70K €;Westphalia;Germany;1,9;5,5;32%;0,1;4%;0;0,0;2,2;0,3;89%;12,4;0;0,6;7,6;1,8;1,4;0,9;1,0;0;41,9;3,4;9,9;2,3;4,1;25;1,6;3,2;0,0;0,2;0,1;11,0;0,3;4,4;0,2;7,2;0,6;0,3;7,2;22;0,1;13;-2.88;27;0,3;0;1580
Luigi Mignano;AM (RL), ST (C);19;7K € - 70K €;Hessia;Germany;1,4;2,3;27%;0,0;10%;0;0,0;1,4;0,2;83%;14,0;0;0,4;6,5;1,1;0,7;0,7;0,7;0;37,4;2,6;8,9;1,4;3,7;11;0,8;2,6;0,0;0,2;0,3;10,9;0,3;5,5;0,2;5,3;1,8;0,3;5,3;14;0,0;33;-0.16;13;0,3;0;1395
Shawn Kiyau;ST (C);20;0 € - 35K €;Westphalia;Germany;1,1;0,5;49%;0,0;16%;0;0,0;0,6;0,1;94%;20,9;0;0,2;1,0;0,4;0,1;0,8;1,2;0;23,7;0,4;3,9;0,6;0,8;2;0,0;2,5;0,0;0,2;0,4;9,6;0,2;8,5;0,0;0,2;1,5;0,0;0,2;0;0,0;17;2.95;3;0,2;0;1650
Emir Sejdović;DM, M/AM (C);25;0 € - 35K €;Hessia;Germany;0,0;15,2;39%;0,0;11%;0;0,0;0,1;0,4;0%;12,3;0;0,0;0,0;0,0;0,0;0,2;0,4;0;0,0;0,0;0,0;0,6;0,0;0;0,0;1,1;0,0;0,0;0,1;0,0;0,2;0,0;0,3;0,0;0,0;0,1;0,0;0;0,0;0;-0.61;0;0,2;0;1525
Fabian Stahl;D (C), DM, M (C);19;20K € - 70K €;Bavaria South;Germany;2,7;13,5;33%;0,1;11%;0;0,0;0,7;0,5;91%;7,0;0;0,6;5,2;1,5;1,0;0,2;0,2;0;48,6;3,8;8,8;0,9;0,1;17;0,0;0,5;0,2;0,2;0,1;11,2;0,0;3,2;0,3;0,2;1,7;0,5;0,2;0;0,4;53;0.2;22;0,0;0;1579
Arel Polat;AM (RLC);18;16K € - 55K €;Bavaria North;Germany;1,1;5,6;43%;0,0;4%;0;0,0;1,8;0,4;88%;16,1;0;0,5;7,5;1,6;0,9;0,5;0,9;0;42,2;3,2;12,4;1,8;2,7;10;1,8;2,0;0,0;0,2;0,1;11,8;0,3;5,1;0,3;6,7;2,5;0,4;8,3;27;0,1;48;-1.86;17;0,3;0;1025
Jonas Kummer;DM, M/AM (C);25;1,5K € - 14K €;Hessia;Germany;2,2;16,7;9%;0,1;9%;0;0,0;0,8;0,3;88%;6,4;0;0,5;4,2;1,0;0,7;0,1;0,0;0;47,1;5,9;9,0;0,8;0,3;16;0,0;0,5;0,0;0,5;0,0;11,5;0,0;1,8;0,1;0,0;0,9;0,1;0,0;0;0,0;49;0.06;20;0,0;0;2003
Elion Mahmuti;M/AM (C);22;6K € - 20K €;Hessia;Germany;0,5;23,9;29%;0,1;6%;0;0,0;0,3;0,3;87%;9,9;0;0,2;0,7;0,3;0,3;0,3;0,3;0;11,2;1,4;2,0;1,0;0,0;5;0,0;1,0;0,0;0,2;0,1;2,7;0,1;0,6;0,2;0,0;0,2;0,2;4,3;4;0,0;40;-0.39;5;0,1;0;1558
Robin Urban;D (RC), DM;31;1K € - 8K €;Lower Rhine;Germany;2,2;23,8;8%;0,1;4%;0;0,0;0,5;0,1;87%;3,0;0;1,0;2,4;0,8;0,1;0,2;0,1;0;44,1;2,8;2,9;0,8;0,0;2;0,0;1,1;0,8;0,6;0,0;10,0;0,1;7,3;0,1;0,0;4,9;0,1;0,0;0;1,3;66;-0.72;5;0,1;0;1890
Keliano Tavares;M (R), AM (RC);24;0 €;North East-South;Germany;1,6;5,7;46%;0,0;29%;0;0,0;1,7;0,3;90%;21,1;0;0,4;7,2;1,6;1,0;0,5;0,7;0;40,7;2,9;14,1;1,7;2,7;19;1,2;1,5;0,0;0,3;0,4;11,9;0,2;4,4;0,1;5,5;0,9;0,3;5,5;21;0,1;20;3.47;22;0,2;0;1670
Marc Zimmermann;D (C), DM, M (C);20;45K € - 150K €;Bavaria North;Germany;2,7;12,0;20%;0,2;20%;0;0,0;0,8;0,4;87%;6,5;0;0,4;4,9;1,2;1,0;0,1;0,1;0;47,4;5,5;10,1;0,9;0,1;11;0,0;0,4;0,2;0,5;0,1;11,2;0,1;3,6;0,1;0,0;1,5;0,2;0,0;0;0,5;41;0.42;14;0,1;0;1016
Zied Saidi;DM, M (C);17;0 €;Middle Rhine;Germany;2,5;16,0;30%;0,1;15%;0;0,0;0,6;0,4;88%;5,7;0;1,0;4,7;1,1;0,9;0,4;0,3;0;46,1;2,9;8,3;1,3;0,1;17;0,0;1,0;0,3;0,5;0,2;11,0;0,1;3,4;0,2;0,2;1,5;0,2;0,6;8;0,3;43;1.69;20;0,1;0;1734
Nico Schrader;M (RL), AM (R), ST (C);36;0 €;Hessia;Germany;1,7;6,4;38%;0,0;15%;0;0,0;1,7;0,2;94%;15,1;0;0,4;6,5;1,7;1,2;0,5;0,6;0;38,9;3,0;9,6;1,7;2,9;20;0,9;1,5;0,0;0,3;0,2;10,8;0,2;6,1;0,2;5,3;2,6;0,3;6,4;16;0,2;42;0.93;23;0,2;0;1546
Slone Matondo;D/WB (R);22;1K € - 12K €;Lower Rhine;Germany;4,1;12,3;11%;0,1;9%;0;0,0;0,7;0,2;80%;10,8;0;1,0;3,3;1,1;0,9;0,5;0,2;0;51,2;6,2;10,1;0,7;0,6;16;0,1;1,9;0,2;0,5;0,2;10,8;0,2;4,4;0,1;2,0;2,7;0,1;2,0;5;0,3;60;-0.85;19;0,2;0;1651
Emil Gustavus;D (RC), WB (R), DM, M (C);25;0 € - 18K €;North East-North;Germany;3,3;12,5;25%;0,1;13%;0;0,0;0,5;0,1;82%;10,7;0;0,8;6,3;1,3;0,8;0,1;0,1;0;48,6;3,4;14,5;0,5;1,1;15;1,0;0,4;0,3;0,4;0,1;11,8;0,0;3,8;0,1;6,0;1,6;0,1;6,0;15;0,4;43;0.24;18;0,0;0;1604
Boby Bossu;AM (RL), ST (C);20;22K € - 80K €;North East-South;Germany;2,5;2,4;39%;0,0;11%;0;0,0;1,2;0,2;87%;19,2;0;0,5;7,0;1,2;0,8;0,5;0,5;0;42,6;2,3;9,8;1,2;3,1;10;0,8;1,4;0,0;0,5;0,2;11,0;0,2;6,2;0,1;6,0;1,8;0,4;6,0;12;0,0;29;-0.39;13;0,2;0;1163
Max Mbodje;ST (C);19;2K € - 18K €;Hamburg;Germany;0,7;1,5;55%;0,0;22%;0;0,0;0,7;0,1;91%;15,8;0;0,2;1,1;0,6;0,2;1,3;1,8;0;22,2;0,3;4,4;0,9;0,3;3;0,1;3,2;0,0;0,2;0,7;10,0;0,3;11,4;0,1;0,6;5,7;0,0;0,6;18;0,0;50;5.48;4;0,4;0;1691
Haydar Kiliç;D (LC), DM, M (C);27;500 € - 7K €;Middle Rhine;Germany;2,1;18,5;44%;0,0;19%;0;0,0;0,6;0,3;87%;6,7;0;1,1;5,4;1,8;0,9;0,3;0,3;0;54,9;2,6;8,4;0,7;0,1;19;0,0;0,7;0,1;0,4;0,1;10,7;0,1;1,7;0,1;0,3;0,9;0,1;0,3;16;0,0;51;0.63;26;0,1;0;1980
Pierre-Maurice Scheunert;D (C), DM, M (C);22;500 € - 7K €;North East-South;Germany;2,7;12,3;22%;0,0;11%;0;0,0;0,4;0,3;92%;7,0;0;1,1;5,3;1,2;0,6;0,6;0,2;0;42,5;2,3;8,0;0,4;0,1;8;0,0;0,7;0,1;0,6;0,1;10,2;0,0;3,5;0,1;0,3;2,4;0,1;0,3;0;0,2;70;0.42;12;0,0;0;1120
Alessandro Tomasello;DM, M/AM (C);29;0 € - 65K €;Westphalia;Germany;1,6;16,4;20%;0,0;7%;0;0,0;0,7;0,6;90%;6,1;0;1,1;5,1;1,7;1,1;0,3;0,2;0;60,6;5,6;9,0;0,7;0,2;16;0,0;1,0;0,1;0,3;0,1;11,2;0,1;3,0;0,3;0,1;1,3;0,2;0,1;0;0,1;45;-0.54;21;0,1;0;1342
Max Köhler;GK;20;1,5K € - 16K €;North East-North;Germany;0,0;1,7;0%;0,0;0%;71;0,3;0,0;0,0;63%;6,8;4.16;4,8;0,0;0,0;0,0;0,0;0,0;86;26,1;0,0;0,0;0,0;0,0;0;0,0;0,0;0,0;0,0;0,0;4,9;0,0;0,0;0,0;0,0;0,0;0,0;0,0;0;0,0;0;0;0;0,0;13;1290
Mario Schilling;D (RC), DM;29;0 € - 24K €;North East-North;Germany;2,4;15,3;14%;0,1;5%;0;0,0;0,2;0,0;87%;3,2;0;1,3;3,1;1,0;0,5;0,4;0,2;0;48,8;2,3;2,1;0,2;0,1;9;0,0;1,1;0,9;0,7;0,1;9,7;0,2;6,5;0,0;0,1;4,0;0,0;0,1;0;0,6;62;-2.28;11;0,2;0;1710
Geart Latifi;D (C);28;16K € - 55K €;Schleswig-Holstein;Germany;2,7;27,3;0%;0,1;0%;0;0,0;0,2;0,1;84%;3,1;0;1,3;3,0;1,3;0,5;0,4;0,0;0;47,9;2,3;2,8;0,2;0,0;9;0,0;1,1;0,5;0,6;0,0;9,2;0,1;6,3;0,0;0,0;4,6;0,0;0,0;0;0,4;73;-1.93;16;0,1;0;1695
Jens Fikisi;GK;26;0 € - 35K €;Middle Rhine;Germany;0,0;6,1;0%;0,0;0%;76;0,5;0,0;0,0;71%;5,6;10.02;3,7;0,0;0,0;0,0;0,0;0,0;87;25,6;0,0;0,0;0,0;0,0;1;0,0;0,0;0,0;0,0;0,0;5,1;0,0;0,0;0,0;0,0;0,0;0,0;0,0;0;0,0;0;0;1;0,0;17;1830
Calvin Ogara;M (R), AM (RL), ST (C);23;0 €;Lower Saxony;Germany;1,3;3,4;46%;0,0;6%;0;0,0;1,6;0,6;89%;14,5;0;0,3;4,1;1,0;0,6;0,6;1,1;0;33,1;2,6;5,7;1,6;1,2;9;0,4;2,5;0,0;0,1;0,1;10,6;0,3;7,3;0,2;2,4;1,8;0,1;2,4;14;0,1;24;-1.75;13;0,3;0;1264
Jonas Pohl;GK;18;26K € - 90K €;Hessia;Germany;0,0;2,8;0%;0,0;0%;76;0,4;0,1;0,0;75%;7,3;7.27;3,9;0,0;0,0;0,0;0,0;0,0;87;25,7;0,0;0,0;0,1;0,0;0;0,0;0,0;0,0;0,0;0,0;5,5;0,0;0,0;0,0;0,0;0,0;0,0;0,0;0;0,0;0;0;0;0,0;13;1620
Robert Nnaji;AM (RL), ST (C);29;0 € - 40K €;Westphalia;Germany;1,6;2,1;40%;0,1;22%;0;0,0;0,9;0,1;87%;18,0;0;0,3;4,5;0,9;0,2;0,9;1,3;0;31,5;1,1;6,2;0,9;2,6;3;1,1;3,1;0,0;0,4;0,7;10,2;0,3;6,7;0,2;3,7;1,1;0,1;3,7;28;0,0;17;6.48;5;0,3;0;1433
Mohamed Bekaj;M/AM (C);23;0 € - 26K €;Bavaria South;Germany;1,5;9,3;37%;0,0;7%;0;0,0;1,8;0,6;89%;17,6;0;0,6;3,8;0,7;0,3;1,0;0,9;0;42,4;2,3;7,1;1,8;1,4;4;0,3;2,6;0,0;0,2;0,2;11,9;0,3;6,0;0,2;0,9;2,0;0,4;0,9;36;0,0;33;-1.82;6;0,3;0;1046
Lukas da Silva Freundorfer;M/AM (C);20;10K € - 35K €;Bavaria North;Germany;1,2;7,2;37%;0,0;20%;0;0,0;1,8;0,4;88%;12,8;0;0,6;7,4;1,5;0,8;0,5;0,6;0;41,8;3,2;13,1;1,8;2,8;15;1,1;1,6;0,1;0,3;0,3;11,9;0,3;5,2;0,2;5,6;1,3;0,4;5,6;19;0,1;26;1.15;18;0,3;0;1702
Jan Nzeba-Bost;D (C), DM, M (C);19;30K € - 325K €;Westphalia;Germany;3,0;16,7;33%;0,0;0%;0;0,0;1,2;0,8;89%;5,9;0;0,7;6,3;1,6;0,9;0,1;0,4;0;48,1;6,2;8,6;1,2;0,1;13;0,0;1,1;0,0;0,1;0,0;11,0;0,1;4,4;0,5;0,1;2,5;0,4;0,1;0;0,8;58;-1.62;15;0,1;0;1274
Mohand Almansori;D (RL), WB/M (R);24;500 € - 7K €;North East-North;Germany;3,8;13,8;7%;0,1;0%;0;0,0;1,0;0,2;87%;14,7;0;1,0;6,1;1,8;1,0;0,3;0,1;0;52,5;5,8;9,8;1,0;1,0;18;0,3;0,8;0,1;0,2;0,0;10,9;0,1;4,9;0,0;1,7;2,7;0,1;1,7;16;0,6;55;-0.88;26;0,1;0;1557
Kiyan Sadeghi;D (C);21;0 € - 110K €;Westphalia;Germany;4,5;12,9;27%;0,2;13%;0;0,0;0,1;0,3;90%;2,7;0;0,9;2,6;0,7;0,4;0,4;0,3;0;48,3;2,0;2,7;0,1;0,0;6;0,0;1,1;0,2;0,6;0,1;9,8;0,2;7,5;0,1;0,1;5,7;0,0;0,1;0;0,4;77;-0.96;9;0,2;0;1206
Enes Türköz;D (L), DM, M (RC), AM (C);26;0 € - 35K €;Baden-Württemberg;Germany;0,0;9,8;29%;0,0;29%;0;0,0;0,2;0,4;0%;16,1;0;0,0;0,0;0,0;0,0;0,1;0,1;0;0,0;0,0;0,0;0,2;0,0;0;0,0;0,5;0,0;0,0;0,1;0,0;0,0;0,0;0,2;0,0;0,0;0,2;0,9;0;0,0;0;1.66;0;0,0;0;1246
Max Bachner;ST (C);20;0 €;Bavaria South;Germany;0,8;1,8;36%;0,0;8%;0;0,0;0,7;0,2;91%;14,7;0;0,3;0,9;0,3;0,1;1,2;1,5;0;26,4;0,5;3,7;0,7;0,7;1;0,1;4,2;0,0;0,1;0,3;9,8;0,5;10,8;0,1;0,5;3,5;0,1;0,5;28;0,0;32;-2.14;1;0,5;0;1376
Yannik Ischdonat;AM (L), ST (C);24;12K € - 110K €;RP/Saar;Germany;1,2;2,7;44%;0,0;21%;0;0,0;0,6;0,4;93%;13,6;0;0,2;1,9;0,5;0,2;1,0;1,3;0;27,4;0,4;4,3;0,6;1,5;3;0,3;2,8;0,0;0,2;0,6;10,0;0,3;10,4;0,2;0,6;2,2;0,1;0,6;45;0,0;22;5.65;4;0,3;0;1646
Raphael Steudtner;D (C);17;12K € - 120K €;Bavaria North;Germany;3,1;16,6;0%;0,1;0%;0;0,0;0,3;0,1;90%;3,0;0;1,4;2,3;0,8;0,5;0,2;0,0;0;48,8;2,3;2,8;0,3;0,0;9;0,0;0,5;0,7;1,0;0,0;9,3;0,1;6,8;0,0;0,0;5,3;0,1;0,0;0;1,4;78;-1.22;10;0,1;0;1552
Eligius Hounsa;ST (C);19;0 €;North East-North;Germany;0,6;1,0;44%;0,0;10%;0;0,0;1,0;0,0;90%;19,2;0;0,2;1,5;0,8;0,1;1,2;1,2;0;23,8;0,3;3,6;1,0;0,8;2;0,1;2,8;0,0;0,0;0,3;8,6;0,3;9,0;0,0;0,3;2,2;0,1;0,3;40;0,0;24;-1.76;2;0,4;0;1303
Azem Memeti;D/WB/M/AM (L);19;0 €;Middle Rhine;Germany;2,4;7,6;38%;0,0;19%;0;0,0;1,5;0,4;88%;16,9;0;0,5;7,4;2,0;1,4;0,4;0,4;0;48,9;4,4;12,1;1,8;2,7;29;0,7;1,0;0,2;0,3;0,2;11,3;0,1;4,9;0,1;3,0;2,5;0,2;3,4;20;0,2;52;2.05;37;0,1;0;1828
Mamadou Ibrahima Diop;M (R), AM (RL), ST (C);29;14K € - 50K €;Lower Saxony;Germany;0,8;2,1;40%;0,0;28%;0;0,0;0,9;0,2;92%;14,6;0;0,5;2,4;0,6;0,2;0,8;0,8;0;29,1;1,0;6,5;0,9;1,1;2;0,2;1,9;0,0;0,2;0,5;10,2;0,2;7,5;0,1;1,4;1,7;0,1;1,4;15;0,1;22;4.41;4;0,2;0;1183
Marcel Jasmann;AM (C), ST (C);25;0 €;Baden-Württemberg;Germany;0,7;0,8;46%;0,0;29%;0;0,0;0,8;0,0;88%;19,5;0;0,1;1,7;0,7;0,1;0,5;0,7;0;24,8;0,3;3,1;0,8;0,4;2;0,1;1,6;0,0;0,0;0,5;9,2;0,2;9,0;0,0;0,7;3,0;0,0;0,7;18;0,1;34;3.54;3;0,2;0;1377
Damian Schobert;GK;26;26K € - 95K €;Lower Saxony;Germany;0,0;6,0;0%;0,0;0%;77;0,2;0,0;0,0;72%;6,6;3.33;3,1;0,0;0,0;0,1;0,0;0,0;86;26,5;0,0;0,0;0,0;0,0;1;0,0;0,0;0,0;0,0;0,0;4,5;0,0;0,0;0,0;0,0;0,0;0,0;0,0;0;0,0;0;0;1;0,0;15;1617
Mustafa Azadzoy;M (C), AM (RLC), ST (C);33;5K € - 18K €;Bremen;Germany;1,6;24,9;34%;0,0;12%;0;0,0;1,1;0,1;87%;12,8;0;0,5;5,2;1,2;0,8;0,8;0,9;0;41,9;1,6;9,3;1,1;0,8;12;0,1;2,7;0,0;0,3;0,3;12,1;0,3;5,0;0,2;0,5;2,1;0,2;6,4;14;0,0;42;0.8;15;0,3;0;1388
Sven König;AM (RL), ST (C);29;0 € - 35K €;Lower Rhine;Germany;1,6;2,9;50%;0,0;20%;0;0,0;0,8;0,3;91%;17,6;0;0,3;1,0;0,4;0,1;1,5;2,2;0;23,2;0,4;3,3;0,8;1,4;1;0,0;4,5;0,0;0,2;0,9;10,3;0,6;9,1;0,2;0,1;2,2;0,3;0,1;0;0,0;24;1.73;2;0,8;0;1082
Eric Preljević;AM (R), ST (C);21;30K € - 100K €;North East-North;Germany;2,0;5,4;45%;0,0;11%;0;0,0;1,6;0,4;87%;7,9;0;0,5;6,5;1,0;0,6;0,9;1,0;0;39,1;2,4;8,9;2,2;2,5;10;0,2;2,3;0,0;0,2;0,2;10,3;0,2;6,1;0,2;4,5;1,8;0,3;4,5;5;0,2;30;-0.06;15;0,2;0;1488
Ondřej Brejcha;M/AM (C);31;0 € - 24K €;North East-South;Germany;1,5;14,6;40%;0,1;14%;0;0,0;1,8;0,7;91%;15,4;0;0,3;5,6;1,3;0,5;1,0;0,9;0;41,3;2,5;9,2;2,2;1,4;10;0,1;2,4;0,0;0,1;0,3;11,1;0,2;4,1;0,2;0,5;0,8;0,2;2,3;7;0,1;19;1.8;14;0,2;0;1641
Yassine Maingad;DM, M (RL), AM (R);28;28K € - 100K €;Hessia;Germany;3,1;6,2;47%;0,0;20%;0;0,0;2,0;0,4;88%;11,3;0;0,7;9,4;1,8;0,8;0,2;0,4;0;37,6;4,6;18,7;2,0;2,3;15;1,8;0,8;0,0;0,4;0,2;12,8;0,1;2,7;0,1;6,2;0,5;0,1;6,2;28;0,0;18;1.21;24;0,1;0;1694
Dustin Plöger;D (RC), WB (R), DM;19;0 € - 45K €;Westphalia;Germany;2,5;20,2;32%;0,1;0%;0;0,0;0,6;0,0;85%;5,0;0;1,3;4,2;1,3;0,7;0,2;0,3;0;46,4;3,2;6,7;1,4;0,2;13;0,0;1,1;0,5;0,7;0,0;10,6;0,1;5,0;0,1;0,3;3,2;0,1;0,3;0;0,3;64;-1.89;19;0,1;0;1623
Fabian Scheffer;D/WB/M/AM (L);32;0 € - 22K €;RP/Saar;Germany;1,2;11,4;47%;0,0;26%;0;0,0;1,6;0,2;90%;13,4;0;0,3;8,4;2,3;1,3;0,2;0,5;0;45,4;3,0;13,8;1,9;2,6;23;0,9;1,1;0,0;0,3;0,3;11,7;0,1;6,7;0,1;4,8;1,5;0,1;11,6;14;0,2;23;3.11;29;0,1;0;1541
Benjamin Čaušević;AM (C), ST (C);21;0 € - 28K €;Baden-Württemberg;Germany;0,9;1,2;50%;0,0;31%;0;0,0;0,9;0,3;92%;15,9;0;0,1;1,5;0,5;0,1;0,7;1,2;0;23,4;0,4;3,5;0,9;0,9;2;0,3;2,4;0,0;0,1;0,7;9,7;0,2;9,6;0,1;0,3;2,6;0,1;0,3;80;0,0;27;7.39;3;0,2;0;1364
Tim Arnhold;D (R), DM, M (C);21;0 €;Middle Rhine;Germany;0,0;16,8;46%;0,0;23%;0;0,0;0,2;0,2;0%;12,3;0;0,0;0,0;0,0;0,0;0,4;0,4;0;0,0;0,0;0,0;0,2;0,0;0;0,0;0,8;0,0;0,0;0,2;0,0;0,1;0,0;0,3;0,0;0,0;0,2;0,4;0;0,0;0;2.08;0;0,1;0;1513
Eric Wille;GK;23;12K € - 40K €;RP/Saar;Germany;0,0;4,1;0%;0,0;0%;65;-0,1;0,0;0,0;71%;6,2;-0.94;4,0;0,0;0,0;0,0;0,0;0,0;90;26,3;0,0;0,0;0,0;0,0;0;0,0;0,0;0,0;0,0;0,0;5,1;0,0;0,0;0,0;0,0;0,0;0,0;0,0;0;0,0;0;0;1;0,0;18;1562
Steffen Krautschneider;M (L), AM (LC), ST (C);34;0 € - 7K €;Bavaria North;Germany;1,9;5,5;38%;0,0;17%;0;0,0;2,0;0,4;88%;15,3;0;0,9;8,1;1,5;0,8;0,4;0,5;0;41,8;2,8;10,2;2,8;3,7;17;0,8;1,4;0,0;0,2;0,2;11,9;0,1;4,5;0,2;5,1;1,2;0,0;10,8;13;0,1;27;2.46;30;0,1;0;1850
Zakaria Anhari;M/AM (L);19;0 € - 80K €;Westphalia;Germany;2,1;4,4;39%;0,0;13%;0;0,0;1,5;0,0;88%;14,0;0;0,5;7,0;1,7;0,9;0,2;0,4;0;42,9;2,6;11,1;1,5;4,0;19;0,8;1,1;0,0;0,2;0,1;11,4;0,1;5,8;0,0;3,6;0,7;0,0;3,6;21;0,2;12;0.46;29;0,1;0;1862
Argjend Pacolli;D (LC);23;0 €;Westphalia;Germany;3,2;17,4;30%;0,1;0%;0;0,0;0,7;0,3;86%;11,6;0;0,9;4,1;0,9;0,7;0,1;0,2;0;52,2;5,5;10,2;0,7;0,2;10;0,3;0,7;0,7;0,9;0,0;11,2;0,1;4,1;0,1;1,3;3,0;0,0;1,3;22;0,2;74;-0.91;16;0,1;0;1253
Hendrik Bombek;D (C), DM;26;0 €;Hamburg;Germany;3,7;25,8;36%;0,0;18%;0;0,0;0,1;0,0;85%;3,1;0;1,0;2,9;0,9;0,4;0,3;0,3;0;48,7;2,1;3,4;0,1;0,0;6;0,0;0,8;0,8;0,6;0,1;10,0;0,1;6,0;0,0;0,1;5,1;0,0;0,1;0;1,1;85;1.12;8;0,1;0;1224
Marcello Maier;D (C);18;55K € - 180K €;Hessia;Germany;3,8;20,5;38%;0,0;0%;0;0,0;0,1;0,1;90%;2,9;0;0,9;2,0;0,7;0,4;0,1;0,2;0;47,1;2,7;3,4;0,1;0,0;6;0,0;0,6;0,6;0,2;0,0;9,7;0,1;7,7;0,0;0,0;3,3;0,0;0,0;0;1,6;42;-1.21;7;0,1;0;1213
Luca Beermann;GK;26;9K € - 35K €;Westphalia;Germany;0,0;3,5;0%;0,0;0%;75;0,3;0,0;0,0;79%;5,6;7.12;5,4;0,0;0,0;0,0;0,0;0,0;87;26,6;0,0;0,0;0,0;0,0;0;0,0;0,0;0,0;0,0;0,0;4,6;0,0;0,0;0,0;0,0;0,0;0,0;0,0;0;0,0;0;0;0;0,0;14;1980
Johann Noubissi Noukumo;ST (C);22;10K € - 110K €;Lower Rhine;Germany;1,1;2,5;46%;0,0;15%;0;0,0;0,6;0,2;92%;19,2;0;0,3;0,9;0,5;0,2;0,9;1,4;0;23,9;0,2;3,3;0,6;0,9;3;0,1;3,1;0,0;0,1;0,5;9,9;0,4;10,5;0,1;0,4;2,1;0,2;0,4;28;0,1;20;1.63;3;0,4;0;1754
Niklas Fensky;DM, M (RLC), AM (C);23;12K € - 40K €;Middle Rhine;Germany;2,3;5,4;36%;0,0;14%;0;0,0;2,1;0,4;79%;13,3;0;0,8;6,9;2,2;1,7;0,1;0,3;0;48,6;5,1;11,7;2,1;1,7;27;0,1;0,9;0,0;0,4;0,1;11,5;0,1;2,7;0,2;1,3;0,2;0,1;1,3;4;0,0;7;0.5;33;0,1;0;1459
Donart Kamberaj;D (C), DM, M (C);18;0 € - 24K €;Hessia;Germany;3,0;12,6;50%;0,1;25%;0;0,0;0,8;0,3;92%;5,1;0;0,8;4,0;1,4;0,8;0,1;0,2;0;46,2;4,9;8,7;0,8;0,2;10;0,0;0,3;0,0;0,3;0,1;10,9;0,0;3,0;0,1;0,2;1,4;0,0;0,2;0;0,4;44;0.63;16;0,0;0;1066
Samuel Olayisoye;D (C);27;0 € - 45K €;Hamburg;Germany;3,7;18,6;11%;0,3;11%;0;0,0;0,3;0,0;81%;2,6;0;1,4;2,0;1,0;0,6;0,3;0,1;0;48,8;2,4;2,7;0,3;0,1;11;0,0;1,0;0,3;0,6;0,1;9,9;0,1;6,6;0,0;0,0;4,7;0,1;1,5;20;0,7;72;-0.48;13;0,1;0;1694
Jakob Krauss;DM, M (C);18;0 € - 75K €;Bavaria North;Germany;2,7;15,6;0%;0,1;0%;0;0,0;0,9;0,1;90%;5,3;0;0,7;4,7;2,1;1,1;0,1;0,0;0;54,1;5,7;9,0;0,9;0,4;16;0,0;0,7;0,1;0,2;0,0;11,3;0,1;2,3;0,2;0,1;0,9;0,1;0,1;0;0,1;38;-1.07;21;0,1;0;1270
Randolf Riesen;M/AM (C);20;35K € - 120K €;North East-South;Germany;1,4;10,0;39%;0,0;11%;0;0,0;1,3;0,1;88%;21,3;0;0,4;3,6;1,1;0,6;0,4;0,5;0;42,5;2,2;7,1;1,3;0,8;9;0,1;1,3;0,0;0,2;0,1;11,7;0,2;3,9;0,1;0,8;1,0;0,0;0,8;9;0,0;25;-0.3;12;0,2;0;1282
Kaan Akça;M/AM (C);31;0 € - 28K €;Middle Rhine;Germany;1,5;16,3;31%;0,0;19%;0;0,0;1,6;0,3;87%;10,4;0;0,4;4,9;1,3;0,9;0,3;0,3;0;45,1;3,8;7,8;2,7;0,8;16;0,2;0,9;0,0;0,1;0,2;11,8;0,1;3,5;0,2;1,1;1,1;0,4;7,6;11;0,1;32;0.38;19;0,1;0;1678
Finn Hoffmann;DM;19;Unknown;North East-North;Germany;2,7;10,1;17%;0,1;0%;0;0,0;0,5;0,4;87%;8,9;0;0,9;4,7;1,6;1,3;0,2;0,1;0;46,0;3,5;8,6;0,5;0,0;22;0,0;0,4;0,1;0,4;0,0;10,9;0,0;3,3;0,1;0,3;1,5;0,0;1,2;15;0,5;45;-0.42;25;0,0;0;1542
Ousmane Sannoh;ST (C);20;18K € - 60K €;North East-North;Germany;0,8;0,6;54%;0,0;25%;0;0,0;0,6;0,0;87%;19,3;0;0,2;1,1;0,5;0,1;0,9;1,0;0;23,1;0,2;3,9;0,6;0,7;1;0,1;1,9;0,0;0,2;0,5;9,2;0,1;9,9;0,1;0,4;2,9;0,0;0,4;20;0,0;29;4.15;3;0,1;0;1149
Jannik Käppler;D (LC), DM;26;5K € - 20K €;North East-South;Germany;3,1;13,9;13%;0,0;13%;0;0,0;0,4;0,1;86%;9,3;0;0,8;4,9;1,2;0,8;0,2;0,1;0;47,9;3,1;10,1;0,4;0,4;14;0,4;0,4;0,8;0,4;0,1;11,1;0,0;4,0;0,0;2,2;2,6;0,1;2,6;15;0,8;64;0.42;16;0,0;0;1611
Leonardo Rastiello;DM, M (C);19;0 €;Baden-Württemberg;Germany;2,2;11,1;22%;0,0;11%;0;0,0;0,5;0,4;89%;8,1;0;0,7;3,5;0,8;0,8;0,4;0,1;0;36,9;3,0;7,6;0,5;0,3;14;0,1;0,5;0,0;0,4;0,1;9,7;0,0;2,6;0,3;0,1;1,7;0,1;0,1;50;0,4;65;0.47;14;0,0;0;1498
Keny Rakowiecki;DM, M (C);18;0 €;Lower Rhine;Germany;3,0;13,6;11%;0,0;0%;0;0,0;0,6;0,5;85%;5,0;0;0,9;4,2;1,0;0,7;0,2;0,0;0;45,7;2,3;9,3;0,8;0,1;15;0,0;0,4;0,1;0,4;0,0;11,5;0,0;3,8;0,2;0,1;2,0;0,3;0,1;0;0,3;53;-0.28;16;0,0;0;1812
Mathis Wellmann;DM, M (C);26;6K € - 20K €;Lower Saxony;Germany;2,1;15,3;30%;0,0;10%;0;0,0;0,6;0,1;90%;6,4;0;1,0;4,8;1,1;0,7;0,3;0,2;0;48,1;3,1;8,3;0,6;0,4;11;0,1;0,6;0,1;0,4;0,1;10,6;0,1;1,9;0,1;0,1;1,0;0,1;0,1;100;0,2;53;-0.28;18;0,1;0;1437
Ezra Ampofo;M (L), AM (RL);21;0 € - 65K €;North East-North;Germany;2,1;4,7;33%;0,1;6%;0;0,0;1,0;0,3;91%;18,2;0;0,4;8,6;0,9;0,5;0,3;0,5;0;43,6;2,2;14,9;1,0;5,8;6;1,0;1,6;0,0;0,3;0,1;12,1;0,2;3,1;0,1;4,4;0,3;0,0;4,4;22;0,0;11;-1.16;7;0,2;0;1029
Ergün Yildiz;M/AM (C);28;0 € - 50K €;Middle Rhine;Germany;1,2;13,1;48%;0,0;17%;0;0,0;2,1;0,4;86%;12,5;0;0,5;5,0;1,2;0,7;0,5;0,9;0;40,8;2,7;9,3;2,1;1,2;8;0,3;1,9;0,0;0,1;0,3;11,8;0,2;5,4;0,1;3,7;2,5;0,2;3,7;6;0,2;47;1.17;10;0,2;0;1071
Linus Horey;D (C), DM;21;0 €;Westphalia;Germany;2,8;19,3;36%;0,0;0%;0;0,0;0,1;0,1;89%;3,0;0;1,1;2,0;0,7;0,3;0,2;0,2;0;48,2;2,0;2,9;0,1;0,0;6;0,0;0,5;0,7;0,9;0,0;9,7;0,0;6,3;0,1;0,0;3,8;0,0;0,0;0;0,5;59;-0.97;6;0,0;0;1965
Marin Štefotić;AM (L), ST (C);23;12K € - 130K €;Baden-Württemberg;Germany;0,9;1,8;53%;0,0;16%;0;0,0;1,3;0,2;86%;16,8;0;0,3;1,4;0,5;0,1;0,8;1,7;0;22,9;0,5;3,0;1,4;0,8;1;0,1;3,2;0,0;0,0;0,5;9,3;0,4;10,6;0,1;0,2;2,7;0,1;0,2;33;0,2;26;2.54;1;0,4;0;1389
Simon Heinbockel;GK;20;0 € - 40K €;Hamburg;Germany;0,0;5,8;0%;0,0;0%;67;0,1;0,0;0,0;62%;5,5;1.17;3,3;0,0;0,0;0,1;0,0;0,0;89;26,7;0,0;0,0;0,0;0,0;1;0,0;0,0;0,0;0,0;0,0;5,2;0,0;0,0;0,0;0,0;0,0;0,0;0,0;0;0,0;0;0;1;0,0;25;1800
Nikita Haensel;D (RC), WB (R);19;0 € - 85K €;North East-South;Germany;3,7;14,0;27%;0,1;12%;0;0,0;1,0;0,4;84%;11,7;0;1,3;6,1;1,5;1,4;0,7;0,6;0;50,9;5,3;11,7;1,0;0,5;27;0,2;2,1;0,5;0,6;0,3;11,3;0,3;5,0;0,1;2,6;3,6;0,2;2,6;8;0,4;73;-0.53;30;0,3;0;1718
Nazif Tchadjei;AM (RL), ST (C);22;8K € - 26K €;RP/Saar;Germany;0,6;1,8;56%;0,0;26%;0;0,0;1,0;0,3;87%;15,7;0;0,2;2,3;0,9;0,3;0,5;1,3;0;30,0;0,9;3,4;1,0;1,4;5;0,1;2,3;0,0;0,0;0,6;9,5;0,2;8,4;0,0;1,1;2,0;0,0;1,1;12;0,1;24;5.32;5;0,2;0;1345
Felix Voigt;D/WB (R), DM, M (R);24;6K € - 20K €;Bavaria North;Germany;3,6;12,0;20%;0,0;0%;0;0,0;1,2;0,3;87%;15,1;0;1,1;8,1;1,0;1,0;0,1;0,1;0;46,9;3,3;19,4;1,2;1,3;18;1,0;0,3;0,4;0,4;0,0;12,8;0,0;4,0;0,1;8,1;1,9;0,1;8,1;12;0,3;48;-0.43;20;0,0;0;1567
Tristan Schubert;D (R);24;0 € - 1K €;Westphalia;Germany;3,3;11,9;23%;0,0;8%;0;0,0;0,7;0,4;84%;13,3;0;1,1;3,6;1,3;0,9;0,5;0,5;0;52,1;5,3;9,8;0,7;0,6;16;0,2;2,1;0,4;0,4;0,2;10,3;0,3;5,3;0,3;2,7;2,6;0,2;2,7;8;0,3;49;-1.97;19;0,3;0;1655
Moritz Hinnenkamp;D (C);23;1K € - 4K €;Lower Saxony;Germany;2,7;12,3;0%;0,0;0%;0;0,0;0,0;0,0;88%;3,8;0;0,6;3,0;1,0;0,3;0,2;0,0;0;48,6;2,1;2,6;0,0;0,0;4;0,0;0,6;0,1;0,3;0,0;9,4;0,1;5,4;0,0;0,0;3,9;0,0;0,0;0;0,7;72;-0.82;6;0,1;0;1123
Pablo Zahnen-Martínez;D (C), DM;20;12K € - 120K €;Hessia;Germany;3,4;12,9;20%;0,1;0%;0;0,0;0,2;0,0;84%;4,5;0;1,1;3,0;0,8;0,3;0,2;0,1;0;47,1;2,6;2,8;0,2;0,0;5;0,0;0,6;0,6;0,5;0,0;9,7;0,1;6,5;0,1;0,0;4,1;0,1;0,0;0;0,8;63;-1.05;7;0,1;0;1386
Marvin Alpert;GK;20;14K € - 45K €;Bremen;Germany;0,0;3,0;0%;0,0;0%;62;0,1;0,0;0,0;68%;5,9;2.28;5,4;0,0;0,0;0,0;0,0;0,0;89;26,6;0,0;0,0;0,0;0,0;0;0,0;0,0;0,0;0,0;0,0;5,7;0,0;0,0;0,0;0,0;0,0;0,0;0,0;0;0,0;0;0;1;0,0;12;1608
Juri Amidon;D (LC);24;4K € - 14K €;RP/Saar;Germany;3,2;14,2;0%;0,0;0%;0;0,0;0,6;0,2;86%;8,2;0;1,7;3,6;0,6;0,6;0,2;0,0;0;50,7;3,2;7,1;0,6;0,0;7;0,6;0,9;0,4;1,0;0,0;10,1;0,2;5,2;0,1;1,2;3,6;0,0;1,2;46;0,2;70;-2.54;7;0,2;0;1136
Gian Maria Olizzo;D (RLC);25;0 € - 110K €;Hessia;Germany;3,2;15,9;18%;0,0;5%;0;0,0;0,6;0,1;88%;14,9;0;0,8;3,7;1,2;0,6;0,3;0,3;0;52,2;5,2;10,8;0,6;0,6;10;0,5;1,4;1,3;0,3;0,1;10,9;0,2;4,2;0,0;2,7;2,0;0,0;2,7;19;0,3;49;-1.73;15;0,2;0;1406
Johann Weiß;D (RC), DM;28;0 € - 45K €;North East-South;Germany;3,1;16,7;15%;0,1;8%;0;0,0;0,2;0,2;88%;3,5;0;0,9;2,9;0,7;0,2;0,3;0,2;0;48,2;2,2;3,2;0,2;0,1;4;0,0;1,3;0,9;0,4;0,1;10,0;0,1;6,7;0,1;0,1;4,4;0,1;0,1;0;0,9;67;-0.5;8;0,1;0;1740
Patrick Böhmker;M (C), AM (RLC);21;7K € - 26K €;Hamburg;Germany;0,0;24,4;25%;0,0;13%;0;0,0;0,0;0,2;0%;10,7;0;0,0;0,0;0,0;0,0;0,5;0,2;0;0,0;0,0;0,0;0,0;0,0;0;0,0;0,7;0,0;0,0;0,1;0,0;0,1;0,0;0,1;0,0;0,0;0,0;0,0;0;0,0;0;0.27;0;0,1;0;1106
Nico Koch;GK;20;2,5K € - 24K €;Bavaria North;Germany;0,0;5,2;0%;0,0;0%;75;0,1;0,0;0,0;69%;5,6;1.63;4,8;0,0;0,0;0,0;0,0;0,0;90;26,2;0,0;0,0;0,0;0,0;0;0,0;0,0;0,0;0,0;0,0;5,7;0,0;0,0;0,0;0,0;0,0;0,0;0,0;0;0,0;0;0;0;0,0;18;1170
Marcel Damaschke;D (LC), WB (L);25;0 €;Hamburg;Germany;2,4;27,6;20%;0,0;7%;0;0,0;0,5;0,3;87%;7,7;0;1,0;4,7;1,1;0,8;0,3;0,2;0;44,9;3,2;8,4;0,8;0,3;11;0,1;1,0;0,3;0,5;0,1;10,9;0,1;3,1;0,1;0,2;2,0;0,1;2,3;6;0,1;64;-1.12;17;0,1;0;1303
Sebastian Schäferlein;D (RC), WB/M (R);32;0 € - 20K €;Bavaria North;Germany;3,2;14,3;25%;0,0;18%;0;0,0;0,8;0,1;88%;13,7;0;1,3;4,6;1,2;1,1;0,6;0,4;0;52,6;5,4;11,6;1,0;0,2;18;0,3;1,7;0,8;0,6;0,3;10,2;0,2;5,3;0,1;2,1;3,7;0,0;2,1;14;1,0;71;1.41;19;0,2;0;1469
Noah Awuku;AM (RL), ST (C);25;0 € - 45K €;Schleswig-Holstein;Germany;1,5;4,9;32%;0,0;9%;0;0,0;1,9;0,4;90%;14,9;0;0,7;7,7;2,4;1,4;1,2;1,3;0;42,8;3,1;12,3;2,1;4,2;22;0,7;4,2;0,0;0,1;0,4;11,4;0,5;3,5;0,3;5,5;1,2;0,3;5,5;12;0,0;33;-1.78;25;0,5;0;1402
Enes Gündüz;D (L);19;1,5K € - 16K €;Lower Saxony;Germany;3,4;13,0;0%;0,1;0%;0;0,0;0,8;0,2;85%;14,9;0;1,1;5,2;1,6;1,1;0,1;0,0;0;52,2;5,6;10,5;0,8;0,7;18;0,4;0,3;0,3;0,7;0,0;11,0;0,0;3,8;0,2;4,0;2,4;0,1;4,7;9;0,2;64;-0.37;25;0,0;0;1445
Jakub Mintál;ST (C);21;0 € - 110K €;Bavaria North;Germany;0,6;0,7;51%;0,0;20%;0;0,0;1,1;0,4;91%;14,8;0;0,3;1,0;0,5;0,2;1,0;1,6;0;26,6;0,6;4,3;1,1;0,4;2;0,2;3,0;0,0;0,1;0,6;9,6;0,5;8,9;0,2;1,1;1,7;0,1;1,1;15;0,0;20;1.63;2;0,5;0;1037
Julian Walker;GK;18;0 € - 50K €;Lower Saxony;Germany;0,0;2,8;0%;0,0;0%;69;0,2;0,1;0,0;69%;6,7;3.69;5,6;0,0;0,0;0,1;0,0;0,0;86;27,2;0,0;0,0;0,1;0,0;1;0,0;0,0;0,0;0,0;0,0;5,7;0,0;0,0;0,0;0,0;0,0;0,0;0,0;0;0,0;0;0;4;0,0;18;1589
Joel Westheide;AM (C), ST (C);21;0 € - 24K €;Westphalia;Germany;1,1;9,3;46%;0,0;21%;0;0,0;1,6;0,2;92%;17,3;0;0,3;3,0;0,9;0,1;0,1;0,8;0;38,8;1,9;6,5;1,6;1,0;2;0,2;1,7;0,0;0,3;0,4;11,7;0,3;4,9;0,1;0,7;1,5;0,1;0,7;30;0,0;31;1.53;4;0,3;0;1237
Lukas da Silva;GK;20;1,5K € - 16K €;Bavaria South;Germany;0,2;5,5;0%;0,0;0%;76;0,3;0,1;0,0;65%;7,7;5.28;4,8;0,0;0,0;0,0;0,0;0,0;91;27,9;0,2;0,0;0,1;0,0;0;0,0;0,0;0,0;0,0;0,0;5,2;0,0;0,0;0,0;0,0;0,0;0,0;0,0;0;0,0;0;0;0;0,0;19;1800
Sven Lameyer;DM, M (C);25;0 € - 18K €;Lower Saxony;Germany;2,4;13,9;25%;0,1;0%;0;0,0;0,8;0,3;89%;5,7;0;1,1;4,7;1,3;0,9;0,0;0,1;0;49,0;3,7;7,8;0,8;0,0;12;0,0;0,3;0,4;0,4;0,0;10,5;0,0;3,2;0,0;0,1;1,0;0,1;0,1;0;0,4;30;-0.29;19;0,0;0;1217
Tim Cellarius;DM, M (LC);30;6K € - 20K €;North East-South;Germany;2,2;9,2;42%;0,1;13%;0;0,0;1,7;0,5;90%;15,0;0;0,4;7,4;1,7;1,0;0,4;0,5;0;48,0;4,5;13,0;1,7;2,1;19;0,6;1,2;0,1;0,3;0,2;11,8;0,2;4,3;0,3;4,2;0,8;0,4;4,7;12;0,2;19;-0.97;33;0,2;0;1799
Luis Baasen Maldonado;M (C), AM (LC);17;14K € - 140K €;North East-South;Germany;0,0;8,1;20%;0,0;0%;0;0,0;0,1;0,3;0%;22,0;0;0,0;0,0;0,0;0,0;0,0;0,1;0;0,0;0,0;0,0;0,1;0,0;0;0,0;0,4;0,0;0,0;0,0;0,0;0,0;0,0;0,3;0,0;0,0;0,1;0,0;0;0,0;0;-0.51;0;0,0;0;1139
Gian-Luca Feißt;ST (C);19;0 € - 50K €;Baden-Württemberg;Germany;0,8;0,8;47%;0,0;15%;0;0,0;0,9;0,0;91%;17,7;0;0,4;0,9;0,6;0,1;0,6;1,1;0;24,0;0,5;4,1;0,9;0,5;2;0,1;2,4;0,0;0,1;0,4;9,8;0,3;10,0;0,0;0,4;3,1;0,1;0,4;16;0,1;30;0.91;2;0,3;0;1263
Milen Manchev;D (C);25;0 €;Hamburg;Germany;3,4;18,7;24%;0,1;10%;0;0,0;0,1;0,2;86%;3,7;0;1,3;2,5;0,8;0,6;0,4;0,3;0;48,3;1,7;3,1;0,1;0,0;10;0,0;1,2;0,7;0,7;0,1;9,6;0,1;6,9;0,0;0,0;4,7;0,0;0,0;0;1,4;68;-0.34;11;0,1;0;1620
Marvin Ludwig;D (C), DM, M (C);25;14K € - 140K €;Baden-Württemberg;Germany;2,6;15,8;20%;0,0;7%;0;0,0;0,9;0,1;87%;6,3;0;0,9;4,0;1,2;0,5;0,2;0,1;0;59,1;5,1;8,5;0,9;0,1;11;0,0;0,7;0,0;0,3;0,0;11,5;0,1;3,2;0,1;0,1;1,6;0,1;0,1;0;0,5;49;-0.14;30;0,1;0;1890
Drilon Trepca;M/AM (R);23;0 € - 50K €;Schleswig-Holstein;Germany;2,0;8,3;33%;0,0;15%;0;0,0;2,5;0,6;88%;17,2;0;0,5;6,7;1,7;1,4;0,5;0,5;0;39,9;4,1;13,7;2,5;3,4;23;0,8;1,6;0,0;0,1;0,2;11,7;0,2;5,6;0,2;6,0;1,5;0,2;6,0;13;0,1;27;1.16;26;0,2;0;1492
Mohamed Zouaoui;D/WB (L), DM, M (LC), AM (C);28;7K € - 24K €;Hessia;Germany;2,6;11,8;0%;0,1;0%;0;0,0;1,9;0,2;87%;11,6;0;1,1;5,2;1,5;1,3;0,1;0,0;0;52,6;5,4;10,9;1,9;0,5;24;0,4;0,2;0,2;0,4;0,0;11,5;0,0;4,5;0,1;2,3;3,1;0,2;2,3;18;0,5;69;-0.29;31;0,0;0;1672
Takanori Yokochi;ST (C);31;0 € - 5K €;Hessia;Germany;1,1;0,7;41%;0,0;21%;0;0,0;0,9;0,2;89%;16,9;0;0,5;2,3;0,7;0,3;0,5;0,7;0;28,6;0,7;8,9;0,9;0,8;5;0,1;1,7;0,0;0,1;0,3;10,1;0,1;7,9;0,0;1,3;1,2;0,0;1,3;8;0,0;15;3.45;6;0,1;0;1573
Marvin Ehlert;DM, M (RLC), AM (C);30;2K € - 18K €;Schleswig-Holstein;Germany;1,5;11,8;41%;0,0;12%;0;0,0;0,6;0,3;86%;11,8;0;0,3;4,5;0,8;1,2;0,4;0,4;0;30,2;3,2;11,2;0,7;1,1;21;0,2;1,0;0,0;0,2;0,1;7,5;0,1;3,2;0,2;1,5;0,2;0,2;1,5;11;0,0;7;0.5;22;0,1;0;1570
Robert Pessel;D (C), DM, M (C);21;0 € - 24K €;North East-South;Germany;0,5;15,6;36%;0,1;21%;0;0,0;0,3;0,3;89%;11,2;0;0,6;0,9;0,3;0,2;0,3;0,3;0;9,5;0,6;1,6;0,3;0,0;3;0,0;0,9;0,0;0,1;0,2;2,1;0,1;0,8;0,1;0,0;0,3;0,1;0,0;0;0,2;42;1.3;4;0,1;0;1434
Maximilian Tesche;D (RL), DM, M (C);22;0 € - 20K €;North East-South;Germany;3,5;9,6;37%;0,1;7%;0;0,0;0,7;0,2;83%;14,1;0;0,9;3,7;0,7;0,3;0,5;0,5;0;50,0;4,1;10,5;0,7;0,3;5;0,2;1,4;0,0;0,6;0,1;11,0;0,1;4,5;0,1;2,2;1,8;0,1;2,2;9;0,3;41;-0.3;14;0,1;0;1753
Efkan Erdoğan;DM, M (C), AM (RC);29;12K € - 45K €;Lower Saxony;Germany;1,3;10,6;23%;0,0;13%;0;0,0;1,3;0,2;92%;19,3;0;0,2;4,4;1,0;0,3;0,5;0,4;0;40,5;2,3;9,1;1,3;1,1;5;0,2;1,8;0,0;0,2;0,2;12,0;0,2;5,0;0,1;2,0;1,9;0,1;2,0;11;0,1;38;-0.06;7;0,2;0;1590
Max Wissmann;GK;20;Unknown;Bavaria North;Germany;0,0;3,3;0%;0,0;0%;65;0,5;0,0;0,0;67%;6,1;8.32;2,6;0,0;0,0;0,0;0,0;0,0;85;24,5;0,0;0,0;0,0;0,0;0;0,0;0,0;0,0;0,0;0,0;4,0;0,0;0,0;0,0;0,0;0,0;0,0;0,0;0;0,0;0;0;1;0,0;24;1530
Kerem Şengün;D/WB/M (L);25;1,5K € - 12K €;Westphalia;Germany;3,3;12,8;25%;0,0;13%;0;0,0;0,8;0,2;87%;13,7;0;1,1;4,9;1,4;0,9;0,1;0,1;0;52,1;5,2;13,2;0,8;0,7;17;0,5;0,4;0,1;0,3;0,1;11,4;0,0;3,5;0,1;2,8;1,8;0,1;2,9;17;0,3;50;0.11;25;0,0;0;1639
Simo Collins;D (LC);19;9K € - 30K €;North East-North;Germany;2,7;13,6;14%;0,0;5%;0;0,0;0,1;0,1;83%;3,8;0;1,2;2,7;0,8;0,4;0,1;0,2;0;45,4;1,9;3,6;0,1;0,1;8;0,1;1,1;0,5;0,6;0,1;9,8;0,2;7,5;0,1;0,4;6,0;0,0;0,4;14;1,6;79;-2.61;11;0,2;0;1765
Yannik Jakubowski;D (C), ST (C);35;0 €;Schleswig-Holstein;Germany;0,5;2,4;41%;0,0;22%;0;0,0;0,8;0,4;91%;16,9;0;0,2;1,4;0,5;0,2;0,9;1,2;0;24,0;0,2;3,5;0,8;0,2;3;0,2;2,8;0,0;0,2;0,6;9,4;0,3;10,0;0,1;0,5;3,7;0,2;0,5;44;0,0;37;4.6;3;0,3;0;1474
Hussein Mahamud Hasan;ST (C);20;0 €;RP/Saar;Germany;1,1;9,3;48%;0,0;15%;0;0,0;1,9;0,1;90%;15,3;0;0,3;6,8;1,6;1,1;0,6;0,7;0;39,4;2,8;10,2;1,9;2,4;21;1,1;1,4;0,0;0,3;0,2;11,0;0,2;6,5;0,1;3,9;1,9;0,1;3,9;28;0,1;29;0.05;23;0,2;0;1740
Justin Francis;D (LC);21;0 € - 6K €;Lower Rhine;Germany;3,9;11,0;25%;0,1;0%;0;0,0;1,1;0,0;87%;11,3;0;1,1;5,1;1,2;1,3;0,1;0,1;0;56,0;6,3;10,4;1,1;0,4;22;0,6;0,2;0,8;0,5;0,0;11,0;0,0;3,8;0,1;2,1;1,8;0,1;2,1;28;0,4;48;-0.28;23;0,0;0;1529
Clifford Aniteye;D (RC);31;0 € - 30K €;Hamburg;Germany;3,1;24,0;21%;0,1;11%;0;0,0;0,0;0,1;90%;3,0;0;1,0;2,2;0,5;0,2;0,2;0,3;0;48,6;2,0;2,6;0,0;0,0;3;0,1;1,3;0,4;0,5;0,1;9,6;0,2;5,7;0,0;0,1;3,7;0,0;0,1;100;0,3;66;-0.72;6;0,2;0;1345
Leo Kainz;D (LC);19;0 € - 14K €;Baden-Württemberg;Germany;4,7;8,7;6%;0,2;0%;0;0,0;0,2;0,1;88%;5,4;0;0,9;2,9;0,9;0,5;0,8;0,1;0;49,2;2,6;3,7;0,2;0,1;6;0,1;1,4;0,1;0,6;0,0;9,5;0,1;6,3;0,1;0,3;4,6;0,0;0,3;25;0,9;73;-1.26;10;0,1;0;1137
Denis Hellhorn;ST (C);18;0 € - 40K €;Middle Rhine;Germany;0,9;1,8;44%;0,0;28%;0;0,0;1,2;0,2;84%;19,2;0;0,2;0,9;0,4;0,2;0,7;1,1;0;24,8;0,7;4,0;1,2;0,5;3;0,0;2,5;0,0;0,3;0,7;9,5;0,4;9,2;0,1;0,2;0,9;0,2;0,2;0;0,1;9;4.27;3;0,4;0;1160
Vin Kastull;D (RC), DM;21;12K € - 120K €;Lower Saxony;Germany;2,8;12,4;20%;0,1;20%;0;0,0;0,3;0,2;83%;5,1;0;1,0;3,1;0,7;0,3;0,2;0,1;0;47,1;2,7;4,8;0,3;0,0;4;0,0;0,4;1,4;0,6;0,1;10,1;0,0;6,2;0,1;0,2;4,4;0,1;0,2;0;1,0;71;0.63;8;0,0;0;1105
Tidjane Silla;AM (RL), ST (C);26;4,5K € - 16K €;North East-South;Germany;0,9;4,3;44%;0,0;14%;0;0,0;1,2;0,1;90%;16,6;0;0,4;4,4;1,0;0,4;1,1;1,1;0;35,4;2,0;8,5;1,2;2,2;5;0,9;2,6;0,0;0,1;0,4;10,9;0,3;7,2;0,2;4,0;1,6;0,1;4,0;21;0,1;23;0.78;8;0,3;0;1267
Kilian Schubert;GK;23;0 € - 12K €;North East-North;Germany;0,0;3,6;0%;0,0;0%;67;0,1;0,1;0,0;59%;7,1;1.09;3,0;0,0;0,0;0,0;0,0;0,0;87;26,2;0,0;0,0;0,1;0,0;0;0,0;0,0;0,0;0,0;0,0;4,9;0,0;0,0;0,0;0,0;0,0;0,0;0,0;0;0,0;0;0;0;0,0;17;1619
Peter Köster;D (C), DM;26;0 € - 20K €;North East-North;Germany;3,5;13,6;0%;0,1;0%;0;0,0;0,3;0,1;93%;4,5;0;0,8;2,2;0,7;0,2;0,1;0,0;0;48,2;1,8;2,5;0,3;0,0;3;0,0;0,2;0,4;0,4;0,0;9,6;0,0;5,7;0,0;0,1;2,9;0,1;0,1;0;0,5;51;-0.35;7;0,0;0;1708
Joshua Enobore;D (RC), WB (R);23;28K € - 100K €;Hessia;Germany;3,0;14,8;0%;0,0;0%;0;0,0;2,0;0,1;85%;11,4;0;1,5;7,0;1,8;1,6;0,2;0,0;0;47,5;5,1;18,2;2,0;1,1;35;1,1;0,3;0,6;0,5;0,0;12,3;0,0;3,6;0,2;6,8;2,4;0,1;6,8;16;0,4;67;-0.47;37;0,0;0;1980
Josip Tomić;M (C), AM (RC);32;6K € - 22K €;Lower Saxony;Germany;1,8;16,8;26%;0,1;15%;0;0,0;1,9;0,2;90%;18,4;0;0,5;3,5;1,1;0,7;0,6;0,5;0;41,2;2,6;7,4;1,9;1,0;12;0,1;2,0;0,0;0,1;0,3;12,1;0,3;5,7;0,2;0,9;1,2;0,2;0,9;12;0,1;21;0.48;17;0,3;0;1524
Philip Kuhn;M (R), AM (RL);22;Unknown;Bavaria South;Germany;2,1;5,5;48%;0,0;11%;0;0,0;1,8;0,7;87%;15,9;0;0,8;7,5;1,7;0,9;0,7;1,0;0;46,3;2,8;13,6;1,8;3,9;12;0,9;2,0;0,0;0,3;0,2;11,7;0,3;3,2;0,2;6,6;0,5;0,3;8,5;12;0,1;14;-0.83;15;0,3;0;1192
Jayden Houtriet;D (C), DM;23;1K € - 12K €;Lower Rhine;Germany;2,6;24,8;33%;0,0;8%;0;0,0;0,4;0,1;84%;4,9;0;0,7;5,6;1,2;0,5;0,2;0,2;0;59,7;3,2;8,4;0,9;0,1;9;0,1;0,7;0,2;0,7;0,1;11,3;0,1;4,5;0,1;0,2;3,6;0,0;1,8;3;0,3;81;-0.18;14;0,1;0;1614
Samy Benmbarek;DM, M (RC), AM (C);30;0 € - 40K €;Westphalia;Germany;1,9;24,7;29%;0,0;7%;0;0,0;0,6;0,2;90%;7,7;0;0,8;4,8;1,7;0,8;0,2;0,2;0;49,3;3,1;8,5;0,6;0,4;13;0,1;0,8;0,1;0,4;0,1;10,9;0,1;1,8;0,2;0,5;1,0;0,2;0,6;10;0,1;57;-1.35;15;0,1;0;1500
Nikola Mladenović;D/WB (L), DM, M (LC);33;500 € - 3,5K €;Hessia;Germany;2,1;10,4;40%;0,1;0%;0;0,0;0,9;0,2;90%;8,6;0;0,5;3,4;0,9;0,4;0,1;0,2;0;34,8;2,5;6,7;0,9;0,2;5;0,3;0,4;0,1;0,1;0,0;7,4;0,0;1,2;0,1;1,2;0,5;0,4;1,2;23;0,1;43;-0.54;13;0,0;0;1010
Sebastian Marx;D (C);29;0 € - 45K €;Bavaria North;Germany;3,2;17,1;67%;0,0;33%;0;0,0;0,1;0,1;87%;3,3;0;0,9;2,3;0,8;0,2;0,1;0,3;0;47,4;2,3;2,2;0,1;0,0;3;0,0;0,5;0,5;0,2;0,2;9,3;0,1;6,5;0,0;0,0;4,3;0,1;0,0;0;0,8;67;1.16;4;0,1;0;1129
Daniel Eidtner;M (R), AM (RL), ST (C);25;0 €;North East-North;Germany;1,7;3,5;25%;0,0;8%;0;0,0;2,5;0,0;91%;19,2;0;0,5;6,3;2,4;1,3;0,3;0,2;0;40,7;3,7;9,8;2,5;3,3;16;1,8;0,9;0,0;0,2;0,1;10,7;0,1;4,4;0,1;7,8;1,3;0,2;7,8;23;0,1;29;-0.19;19;0,1;0;1137
Muhammed Bejdić;M (R), AM (RC);20;40K € - 140K €;Lower Rhine;Germany;1,6;6,5;28%;0,1;8%;0;0,0;1,9;0,1;91%;15,5;0;1,1;7,1;2,1;1,3;0,9;0,8;0;42,4;2,9;11,4;1,9;4,5;18;1,2;2,9;0,0;0,2;0,2;11,3;0,4;3,7;0,2;5,6;0,8;0,3;5,6;20;0,0;22;-2.58;22;0,4;0;1228
Till Weingarten;D (C);21;500 € - 5K €;Middle Rhine;Germany;3,3;21,7;31%;0,2;8%;0;0,0;0,3;0,1;85%;2,7;0;1,5;2,5;0,8;0,3;0,2;0,3;0;48,7;2,3;3,5;0,3;0,0;4;0,0;1,0;0,6;0,8;0,1;10,5;0,1;6,5;0,1;0,0;4,5;0,1;0,0;0;0,6;69;-0.1;8;0,1;0;1184
Theo Krügel;D (R);17;16K € - 160K €;North East-South;Germany;3,1;15,6;20%;0,1;10%;0;0,0;0,5;0,2;86%;12,5;0;0,9;5,0;0,9;0,5;0,3;0,3;0;54,2;6,2;13,2;0,5;0,9;8;0,3;1,3;1,0;0,8;0,1;10,9;0,2;5,4;0,1;1,9;3,7;0,1;1,9;14;0,3;67;-0.58;11;0,2;0;1356
Kassim Knelles;D (C);19;0 €;Middle Rhine;Germany;3,9;14,0;14%;0,1;14%;0;0,0;0,1;0,2;86%;4,1;0;1,0;2,7;0,9;0,6;0,1;0,1;0;49,0;2,2;2,6;0,1;0,0;12;0,1;0,4;0,7;0,5;0,1;8,6;0,1;6,8;0,0;0,1;4,4;0,1;0,1;100;0,7;64;-0.01;12;0,1;0;1725
Julius Berroth;ST (C);17;16K € - 150K €;Lower Rhine;Germany;0,8;3,4;57%;0,0;13%;0;0,0;0,7;0,1;89%;18,9;0;0,3;0,8;0,3;0,2;0,7;0,8;0;24,3;0,4;4,1;0,9;0,4;3;0,1;1,4;0,0;0,1;0,2;9,4;0,1;8,4;0,1;0,2;1,9;0,1;0,2;33;0,0;22;1.47;4;0,1;0;1507
Maximilian Schlosser;GK;26;0 € - 16K €;North East-South;Germany;0,0;3,0;0%;0,0;0%;78;0,4;0,1;0,0;67%;6,7;8.07;4,9;0,0;0,0;0,0;0,0;0,0;89;25,5;0,0;0,0;0,1;0,0;0;0,0;0,0;0,0;0,0;0,0;5,0;0,0;0,0;0,0;0,0;0,0;0,0;0,0;0;0,0;0;0;1;0,0;12;1710
Şınan Yükşel;M/AM (L);19;500 € - 7K €;Hessia;Germany;2,0;4,3;20%;0,0;20%;0;0,0;0,7;0,3;90%;12,7;0;0,8;6,7;2,0;1,1;0,2;0,1;0;45,8;4,8;12,7;0,7;1,2;16;0,3;0,3;0,0;0,5;0,1;12,0;0,0;5,0;0,1;3,1;1,6;0,0;3,1;10;0,0;32;0.73;20;0,0;0;1337
Marius Ihbe;M (R), AM (RC), ST (C);23;0 € - 26K €;North East-South;Germany;2,1;7,8;53%;0,0;28%;0;0,0;1,7;0,2;90%;16,9;0;0,6;6,5;1,3;0,4;0,5;0,9;0;40,2;2,6;8,1;1,7;3,5;7;1,2;1,8;0,0;0,3;0,5;10,8;0,2;5,5;0,1;5,7;2,4;0,2;5,7;20;0,1;43;4.9;12;0,2;0;1633
Leandro Casale;AM (R), ST (C);23;0 € - 50K €;Hamburg;Germany;1,5;5,4;33%;0,0;15%;0;0,0;1,8;0,1;91%;15,3;0;0,5;7,0;1,8;1,2;0,7;0,7;0;38,3;2,2;9,7;1,8;2,1;21;0,6;2,2;0,0;0,2;0,3;11,5;0,2;4,5;0,0;5,9;1,8;0,2;5,9;10;0,0;40;1.79;27;0,2;0;1569
Tristan Lanzke;AM (C);18;0 €;Lower Rhine;Germany;1,4;8,1;32%;0,0;21%;0;0,0;1,1;0,2;87%;19,7;0;0,4;3,4;0,8;0,3;0,3;0,4;0;42,0;1,4;6,9;1,1;1,4;5;0,4;1,1;0,0;0,2;0,2;11,9;0,1;3,8;0,3;0,9;0,2;0,1;0,9;40;0,1;6;1.58;6;0,1;0;1520
Hugo Stein;D/WB/M/AM (L);17;14K € - 50K €;Middle Rhine;Germany;2,6;8,0;29%;0,0;14%;0;0,0;0,8;0,1;89%;15,3;0;0,3;6,2;1,3;1,0;0,2;0,3;0;46,1;3,3;12,7;0,9;3,1;14;0,5;1,0;0,4;0,5;0,1;11,9;0,1;5,1;0,1;3,7;2,2;0,1;3,7;13;0,2;43;0.49;16;0,1;0;1229
Pascal Geisler;GK;19;1,5K € - 4,5K €;Middle Rhine;Germany;0,0;2,8;0%;0,0;0%;60;-0,1;0,0;0,0;68%;7,0;-3.06;3,0;0,0;0,0;0,0;0,0;0,0;88;25,9;0,0;0,0;0,0;0,0;0;0,0;0,0;0,0;0,0;0,0;5,7;0,0;0,0;0,0;0,0;0,0;0,0;0,0;0;0,0;0;0;1;0,0;26;1890
Joel Nickel;GK;22;500 € - 4,5K €;Westphalia;Germany;0,0;2,4;0%;0,0;0%;60;-0,2;0,0;0,0;67%;7,5;-4.31;5,1;0,0;0,0;0,0;0,0;0,0;91;26,3;0,0;0,0;0,0;0,0;0;0,0;0,0;0,0;0,0;0,0;5,6;0,0;0,0;0,0;0,0;0,0;0,0;0,0;0;0,0;0;0;0;0,0;30;1816
Yannick Geisler;DM, M/AM (C);31;0 € - 30K €;Lower Rhine;Germany;0,0;23,3;33%;0,0;8%;0;0,0;0,5;0,5;0%;11,3;0;0,0;0,0;0,0;0,0;0,6;0,6;0;0,0;0,0;0,0;0,5;0,0;0;0,0;1,8;0,0;0,0;0,1;0,0;0,2;0,0;0,3;0,0;0,0;0,5;4,6;9;0,0;0;-0.96;0;0,2;0;1974
Tjark Eckmeyer;D (L);19;0 € - 75K €;Lower Saxony;Germany;2,9;11,3;0%;0,0;0%;0;0,0;1,6;0,4;83%;15,8;0;1,3;4,6;1,4;1,4;0,0;0,0;0;53,4;6,0;11,1;1,6;0,9;22;0,3;0,1;0,4;0,4;0,0;12,4;0,0;5,0;0,2;2,5;3,3;0,4;4,8;9;0,9;66;-0.3;24;0,0;0;1415
Fynn Hegerfeldt;GK;24;0 €;Hamburg;Germany;0,0;7,6;0%;0,0;0%;66;-0,1;0,0;0,0;72%;6,7;-2.1;5,1;0,0;0,0;0,0;0,0;0,0;91;27,7;0,0;0,0;0,0;0,0;0;0,0;0,0;0,0;0,0;0,0;6,1;0,0;0,0;0,0;0,0;0,0;0,0;0,0;0;0,0;0;0;1;0,0;23;1350
Bae Jeong-Yeop;D (C), DM, M (C);26;0 €;North East-North;Germany;2,6;14,5;0%;0,0;0%;0;0,0;0,4;0,1;87%;7,5;0;0,6;5,0;1,4;0,7;0,0;0,0;0;43,6;2,5;8,5;0,4;0,3;9;0,1;0,2;0,1;0,2;0,0;11,0;0,0;2,4;0,1;0,2;1,4;0,1;0,2;50;0,0;57;-0.16;17;0,0;0;1127
Jacques Teissier;D (C);19;0 €;Bavaria North;Germany;3,7;8,7;14%;0,0;14%;0;0,0;0,2;0,0;88%;3,8;0;1,1;2,1;0,8;0,4;0,1;0,1;0;47,8;2,9;2,4;0,2;0,0;7;0,0;0,4;0,7;0,4;0,1;9,2;0,0;7,6;0,0;0,1;3,6;0,0;0,1;0;1,1;47;0.33;8;0,0;0;1440
Bastian Kummerow;DM, M (C);19;2,5K € - 26K €;North East-North;Germany;1,9;12,8;0%;0,1;0%;0;0,0;1,0;0,4;90%;5,5;0;1,0;5,1;1,6;1,0;0,1;0,0;0;53,1;5,7;9,0;1,0;0,0;14;0,0;0,1;0,5;0,3;0,0;11,9;0,0;3,8;0,4;0,2;2,4;0,6;0,3;0;0,5;65;-0.1;21;0,0;0;1296
Marc Kleefisch;AM (R), ST (C);26;0 € - 35K €;Middle Rhine;Germany;0,7;1,8;47%;0,0;14%;0;0,0;1,0;0,1;89%;14,4;0;0,2;1,7;0,7;0,4;1,8;2,3;0;26,0;0,7;4,0;1,0;0,7;6;0,4;4,9;0,0;0,2;0,7;9,6;0,4;8,4;0,2;0,9;1,5;0,3;0,9;40;0,0;18;4.8;6;0,4;0;1520
Fabrice Kempe;DM, M/AM (C);20;9K € - 30K €;Lower Rhine;Germany;1,9;18,7;17%;0,0;11%;0;0,0;1,6;0,3;89%;8,1;0;1,0;4,8;1,3;1,0;0,4;0,2;0;45,5;4,4;9,7;1,6;0,3;14;0,1;1,2;0,0;0,3;0,1;12,4;0,2;3,1;0,1;0,5;1,1;0,1;3,8;12;0,1;36;-0.34;14;0,2;0;1317
Marcel Wingender;DM, M (C);24;12K € - 40K €;RP/Saar;Germany;3,1;18,1;11%;0,1;0%;0;0,0;0,9;0,4;89%;5,7;0;0,8;5,2;1,8;1,2;0,2;0,1;0;44,1;3,6;8,6;1,4;0,1;19;0,1;0,6;0,1;0,1;0,0;11,6;0,1;3,1;0,2;0,3;1,5;0,2;1,3;14;0,4;49;-1.28;25;0,1;0;1458
Niklas Benkeser;D (C), DM, M (C);24;0 € - 50K €;Baden-Württemberg;Germany;0,7;13,9;50%;0,0;30%;0;0,0;0,2;0,3;95%;11,7;0;0,5;0,6;0,2;0,2;0,3;0,4;0;12,3;0,5;1,6;0,2;0,0;2;0,0;0,8;0,4;0,4;0,2;2,8;0,1;1,4;0,1;0,1;0,8;0,2;0,1;0;0,0;58;2.05;2;0,1;0;1189
Patrick Högg;ST (C);25;0 € - 60K €;Bavaria South;Germany;0,3;2,4;46%;0,0;25%;0;0,0;1,5;0,2;92%;14,7;0;0,2;1,6;1,0;0,2;0,5;1,2;0;24,6;0,5;3,9;1,5;0,3;4;0,0;2,5;0,0;0,0;0,6;10,0;0,4;10,5;0,2;0,6;2,0;0,1;0,6;0;0,1;19;4.91;7;0,4;0;1701
Robin Renner;DM, M (LC), AM (C);26;0 € - 35K €;Bavaria North;Germany;0,8;13,6;50%;0,0;20%;0;0,0;1,7;0,2;89%;12,5;0;0,1;3,5;0,8;0,6;0,4;0,8;0;43,1;2,8;6,6;1,7;0,6;8;0,3;1,5;0,0;0,2;0,3;10,9;0,2;3,5;0,1;1,0;0,6;0,4;1,1;35;0,0;17;1.42;9;0,2;0;1194
Tim Hoffmann;D (RL), WB/M (R);27;3K € - 28K €;North East-South;Germany;3,8;13,3;32%;0,0;8%;0;0,0;1,1;0,1;86%;13,7;0;1,4;6,1;1,6;1,0;0,7;0,7;0;51,8;4,9;13,1;1,1;0,3;12;0,6;2,0;0,5;0,5;0,2;11,2;0,2;6,0;0,1;2,5;4,1;0,2;5,5;16;0,2;68;-0.4;16;0,2;0;1103
Jonas Gumilar;AM (RLC), ST (C);18;0 € - 70K €;Hessia;Germany;0,9;6,7;42%;0,0;4%;0;0,0;1,3;0,1;94%;18,7;0;0,8;3,3;0,5;0,2;0,5;0,7;0;38,2;1,5;6,3;2,0;0,8;3;0,1;1,6;0,0;0,1;0,1;11,5;0,2;4,0;0,1;0,7;0,8;0,0;2,2;21;0,0;20;-1.82;4;0,2;0;1348
David Klein;GK;19;45K € - 150K €;Bavaria North;Germany;0,0;5,7;0%;0,0;0%;63;0,3;0,1;0,0;70%;5,9;4.01;5,8;0,0;0,0;0,0;0,0;0,0;84;26,8;0,0;0,0;0,1;0,0;0;0,0;0,0;0,0;0,0;0,0;5,3;0,0;0,0;0,0;0,0;0,0;0,0;0,0;0;0,0;0;0;0;0,0;11;1440
Imran Ali;D (RC), DM;23;0 €;Schleswig-Holstein;Germany;3,0;17,5;17%;0,0;8%;0;0,0;0,5;0,3;90%;6,6;0;0,7;5,0;1,5;0,8;0,5;0,1;0;45,9;3,5;9,0;0,5;0,1;12;0,2;0,8;1,3;0,2;0,1;11,0;0,0;3,5;0,1;0,2;1,6;0,1;0,2;100;0,3;45;0.33;16;0,0;0;1344
Florian Esdorf;D (LC);30;1K € - 10K €;North East-North;Germany;2,9;17,0;13%;0,0;0%;0;0,0;0,3;0,3;86%;5,1;0;1,1;3,2;1,0;0,8;0,2;0,1;0;46,8;2,9;7,8;0,3;0,1;15;0,1;0,8;0,4;0,3;0,0;11,6;0,1;4,3;0,1;0,2;2,9;0,1;0,2;25;0,7;67;-1.22;16;0,1;0;1683
Erik Emmerich;DM, M (C);19;0 € - 35K €;North East-South;Germany;2,2;17,0;45%;0,1;36%;0;0,0;0,6;0,5;88%;6,2;0;0,7;4,3;1,0;0,4;0,3;0,3;0;44,0;5,0;7,0;0,8;0,2;6;0,0;0,8;0,2;0,3;0,3;9,0;0,1;2,9;0,3;0,1;1,8;0,3;0,1;0;0,5;62;3.13;7;0,1;0;1288
Joel Adilji;AM (R), ST (C);18;0 € - 65K €;Bavaria South;Germany;0,8;1,6;54%;0,0;15%;0;0,0;1,0;0,1;91%;18,2;0;0,3;1,6;0,5;0,1;0,8;1,4;0;25,0;0,5;3,9;1,0;0,7;1;0,1;2,7;0,0;0,2;0,4;9,3;0,3;9,3;0,1;0,7;1,6;0,3;0,7;20;0,2;18;2.22;1;0,3;0;1313
Philipp Schmidt;D (L);22;0 € - 40K €;Lower Saxony;Germany;2,2;17,7;25%;0,0;13%;0;0,0;1,5;0,1;84%;13,7;0;1,8;4,5;1,3;1,1;0,0;0,1;0;51,8;5,3;9,8;1,5;0,3;15;0,0;0,6;1,4;0,6;0,1;10,9;0,1;5,3;0,1;2,2;3,1;0,1;2,2;0;0,6;58;-0.46;20;0,1;0;1283
Dallas Aminzadeh;D (RLC);32;0 €;Hamburg;Germany;3,8;13,0;21%;0,0;3%;0;0,0;0,7;0,1;89%;11,0;0;0,9;3,4;1,2;0,7;1,0;0,5;0;52,5;4,6;9,3;0,7;0,3;11;0,2;2,3;0,0;0,5;0,1;10,8;0,2;4,8;0,1;2,4;3,3;0,2;2,4;8;0,3;68;-2.64;11;0,2;0;1343
Rexhep Ajdari;D (C), DM;21;28K € - 100K €;Middle Rhine;Germany;3,6;16,3;13%;0,1;13%;0;0,0;0,3;0,2;89%;2,9;0;1,4;2,2;0,8;0,4;0,1;0,1;0;44,5;2,6;2,6;0,3;0,1;8;0,0;0,4;0,7;0,9;0,1;9,6;0,0;7,0;0,0;0,0;4,3;0,0;0,0;0;1,1;61;0.11;9;0,0;0;1785
Jan-Luca Ahillen;D (C), DM, M (C);30;0 € - 16K €;Lower Saxony;Germany;1,3;16,3;13%;0,0;13%;0;0,0;0,7;0,5;86%;7,1;0;1,0;3,8;1,1;0,9;0,2;0,1;0;37,7;3,2;7,1;0,7;0,1;17;0,1;0,8;0,0;0,3;0,1;8,9;0,1;1,8;0,3;0,3;1,3;0,2;0,3;20;0,1;70;0.04;18;0,1;0;1645
Gabriel-Eromose Imoijeza;D (R);20;0 € - 50K €;Lower Rhine;Germany;3,5;23,0;14%;0,1;3%;0;0,0;1,0;0,3;86%;11,1;0;1,0;5,8;1,2;1,0;0,4;0,2;0;53,2;5,8;9,8;1,0;0,1;19;0,4;1,5;1,8;0,4;0,1;10,2;0,1;4,2;0,1;2,5;2,2;0,2;3,1;16;0,5;52;-1.51;24;0,1;0;1765
Joel Schallschmidt;DM, M (C);24;0 € - 22K €;Lower Saxony;Germany;0,0;15,0;38%;0,0;25%;0;0,0;0,1;0,4;89%;16,6;0;0,0;0,1;0,0;0,0;0,1;0,2;0;0,6;0,1;0,0;0,1;0,0;0;0,0;0,6;0,0;0,0;0,1;0,2;0,1;0,1;0,2;0,0;0,0;0,1;0,0;0;0,0;0;1.23;0;0,1;0;1250
Sebastian Hofmaier;D (C);30;0 € - 35K €;Bavaria South;Germany;3,2;13,9;60%;0,0;40%;0;0,0;0,2;0,1;88%;5,0;0;0,8;2,1;0,3;0,4;0,2;0,3;0;44,6;1,7;3,2;0,2;0,0;4;0,0;0,4;0,5;0,6;0,2;9,9;0,0;6,2;0,0;0,0;4,1;0,1;0,0;0;0,9;66;1.68;4;0,0;0;1026
Ömer Bulut;AM (RC), ST (C);18;0 €;Bremen;Germany;0,7;17,4;45%;0,0;21%;0;0,0;1,3;0,2;91%;20,9;0;0,4;3,8;1,2;0,4;0,6;0,7;0;41,1;1,6;9,0;1,3;0,9;7;0,3;1,6;0,0;0,2;0,3;11,6;0,1;5,8;0,2;1,5;1,9;0,1;1,5;21;0,1;33;3.74;10;0,1;0;1665
Pascal Hackethal;D/WB/M (L);25;3K € - 28K €;North East-South;Germany;2,8;15,5;33%;0,0;17%;0;0,0;2,2;0,2;88%;12,8;0;1,3;8,5;2,0;1,6;0,1;0,1;0;48,1;4,9;21,2;2,9;1,3;31;1,3;0,3;0,4;0,5;0,1;12,6;0,0;3,6;0,1;7,7;1,4;0,2;16,1;14;0,3;38;0.11;41;0,0;0;1722
Jesper Tiedemann;AM (C), ST (C);25;18K € - 60K €;Schleswig-Holstein;Germany;0,7;2,3;52%;0,0;22%;0;0,0;0,9;0,2;91%;16,7;0;0,3;1,3;0,6;0,2;1,2;1,5;0;23,8;0,5;3,2;0,9;0,5;3;0,1;3,0;0,0;0,0;0,7;9,4;0,3;8,7;0,2;0,4;2,0;0,2;0,4;28;0,1;23;6.83;3;0,3;0;1751
Max Nitschke;M (R), AM (RLC), ST (C);26;0 € - 100K €;North East-South;Germany;1,6;6,3;31%;0,0;0%;0;0,0;2,1;0,2;90%;15,8;0;0,4;7,1;1,6;1,0;0,3;0,3;0;43,8;3,4;10,0;2,5;2,6;16;1,2;0,8;0,0;0,2;0,0;11,1;0,1;5,3;0,1;5,3;1,6;0,0;12,2;16;0,0;31;-1.22;22;0,1;0;1427
Takumi Yanagisawa;M (R), AM (RL), ST (C);30;0 €;Lower Rhine;Germany;1,9;6,4;45%;0,0;10%;0;0,0;1,6;0,3;90%;15,2;0;0,3;7,3;1,7;0,9;0,9;0,9;0;41,5;2,6;10,8;1,6;3,9;13;0,9;2,1;0,0;0,2;0,2;10,9;0,2;4,3;0,1;7,4;0,8;0,1;7,4;12;0,1;18;0.19;15;0,2;0;1259
Marian Kunze;D/WB/M/AM (R);29;1K € - 12K €;Lower Saxony;Germany;3,0;9,4;22%;0,0;6%;0;0,0;1,2;0,2;88%;14,3;0;0,5;5,0;1,1;0,7;0,4;0,4;0;46,6;4,7;11,9;1,3;1,7;12;0,4;1,8;0,1;0,3;0,1;11,2;0,2;4,0;0,1;3,7;1,2;0,2;4,9;10;0,2;31;-0.96;18;0,2;0;1584
Tom Pachulski;GK;28;1K € - 10K €;Schleswig-Holstein;Germany;0,0;4,0;0%;0,0;0%;72;0,4;0,0;0,0;72%;5,4;6.26;5,4;0,0;0,0;0,1;0,0;0,0;89;25,6;0,0;0,0;0,0;0,0;1;0,0;0,0;0,0;0,0;0,0;5,3;0,0;0,0;0,0;0,0;0,0;0,0;0,0;0;0,0;0;0;4;0,0;11;1530
Robin Spreitzer;D/WB/M/AM (L), ST (C);23;0 € - 45K €;North East-South;Germany;2,2;10,4;42%;0,1;17%;0;0,0;1,7;0,1;87%;16,0;0;0,8;6,1;1,5;1,4;0,3;0,3;0;45,1;3,5;10,1;1,7;2,5;20;0,7;0,8;0,3;0,4;0,1;11,7;0,1;5,9;0,2;3,9;3,2;0,3;3,9;18;0,3;54;0.95;21;0,1;0;1328
Luca Müller;D/WB/M/AM (R), ST (C);20;0 €;North East-North;Germany;2,0;6,6;37%;0,0;9%;0;0,0;1,7;0,2;87%;15,5;0;0,2;6,1;1,6;1,0;0,5;0,7;0;40,2;2,9;10,9;1,7;2,9;19;0,8;1,9;0,0;0,2;0,2;11,7;0,2;4,1;0,1;5,3;0,9;0,2;5,3;15;0,0;21;-1.38;23;0,2;0;1662
Lennart Stollenwerk;GK;19;16K € - 55K €;Middle Rhine;Germany;0,0;3,1;0%;0,0;0%;69;-0,2;0,1;0,0;71%;7,5;-3.26;4,3;0,0;0,0;0,1;0,0;0,0;86;26,1;0,0;0,0;0,5;0,0;1;0,0;0,0;0,0;0,0;0,0;5,5;0,0;0,0;0,0;0,0;0,0;0,0;0,0;0;0,0;0;0;2;0,0;23;1710
Alexander Aschauer;AM (RL), ST (C);33;Not for Sale;Baden-Württemberg;Germany;1,8;4,6;38%;0,1;8%;0;0,0;1,6;0,1;89%;16,7;0;0,5;7,5;1,9;1,0;0,8;1,0;0;43,2;2,4;12,9;1,6;2,3;19;1,6;2,6;0,0;0,2;0,2;11,1;0,3;6,1;0,1;4,4;2,0;0,1;4,4;35;0,1;33;-2.05;20;0,3;0;1738
Kevin Schacht;AM (L), ST (C);23;0 € - 45K €;Westphalia;Germany;1,0;1,6;37%;0,0;16%;0;0,0;1,4;0,3;90%;13,1;0;0,2;2,7;1,0;0,5;1,0;1,3;0;31,3;1,4;5,0;1,4;1,4;6;0,2;3,4;0,0;0,0;0,6;9,6;0,4;8,7;0,2;1,3;2,5;0,2;1,3;12;0,2;28;2.5;10;0,4;0;1127
Moriz Weißer;DM, M/AM (C);23;5K € - 20K €;Baden-Württemberg;Germany;0,0;10,2;43%;0,0;29%;0;0,0;0,1;0,4;0%;18,3;0;0,0;0,0;0,0;0,0;0,2;0,2;0;0,0;0,0;0,0;0,1;0,0;0;0,0;0,5;0,0;0,0;0,1;0,0;0,0;0,0;0,1;0,0;0,0;0,1;0,0;0;0,0;0;1.72;0;0,0;0;1271
Francesco Lubsch;D (RL), WB/M (L);31;0 € - 14K €;North East-South;Germany;3,6;15,4;100%;0,0;0%;0;0,0;1,1;0,1;87%;14,2;0;1,6;4,9;1,0;0,8;0,1;0,1;0;51,7;5,1;10,0;1,1;0,1;14;0,5;0,1;0,1;0,8;0,0;11,0;0,0;3,1;0,1;3,0;1,9;0,1;5,9;11;0,4;62;-0.05;17;0,0;0;1505
John-Frederik Dethlefs;AM (RC), ST (C);23;3K € - 28K €;North East-North;Germany;0,4;1,9;51%;0,0;10%;0;0,0;1,4;0,1;89%;12,9;0;0,1;1,9;1,1;0,1;0,9;1,3;0;27,7;0,8;3,7;1,4;0,3;2;0,1;2,5;0,0;0,2;0,3;9,9;0,3;11,1;0,1;0,9;2,6;0,0;0,9;7;0,3;23;-0.71;2;0,3;0;1429
Marlon Ludwig;ST (C);21;0 € - 6K €;Baden-Württemberg;Germany;0,5;1,1;33%;0,0;15%;0;0,0;0,7;0,1;84%;15,8;0;0,1;1,6;0,5;0,1;0,9;0,7;0;25,9;0,2;3,1;0,7;0,7;1;0,2;2,2;0,0;0,1;0,3;9,9;0,2;10,6;0,0;0,7;1,3;0,0;0,7;30;0,1;12;1.5;2;0,2;0;1336
Adrian Becker;DM, M/AM (C);21;1,5K € - 14K €;Lower Saxony;Germany;2,7;23,8;30%;0,1;0%;0;0,0;0,9;0,4;89%;5,4;0;0,8;6,5;1,3;1,3;0,2;0,2;0;48,3;6,6;9,6;0,9;0,2;22;0,1;0,6;0,8;0,5;0,0;11,7;0,1;3,3;0,2;0,1;1,8;0,1;0,1;100;0,4;56;-0.96;24;0,1;0;1523
Miloš Lukić;D (C), DM;21;1,5K € - 14K €;Bavaria South;Germany;3,7;24,2;33%;0,3;20%;0;0,0;0,5;0,2;91%;2,8;0;1,7;2,5;1,0;0,6;0,2;0,3;0;43,3;2,1;3,0;0,5;0,0;12;0,1;0,8;0,3;0,7;0,2;9,4;0,1;6,0;0,1;0,1;4,2;0,1;0,1;100;0,4;70;1.38;16;0,1;0;1682
Nils Hoffmann;D (C);19;0 €;Lower Saxony;Germany;2,7;18,5;6%;0,1;6%;0;0,0;0,3;0,1;84%;3,3;0;0,9;2,4;0,8;0,5;0,4;0,1;0;49,3;1,8;2,9;0,3;0,0;10;0,0;0,9;0,8;0,6;0,1;9,5;0,1;6,3;0,0;0,0;4,4;0,1;0,0;0;1,2;70;-0.83;11;0,1;0;1710
Paul Krüger;D (LC);24;0 € - 100K €;North East-North;Germany;2,9;12,6;29%;0,1;6%;0;0,0;0,3;0,2;84%;4,4;0;1,3;2,1;0,9;0,5;0,3;0,3;0;45,1;3,1;3,5;0,3;0,0;9;0,0;0,9;0,6;0,8;0,1;9,7;0,1;5,2;0,1;0,0;2,6;0,1;0,0;0;0,6;50;-0.6;12;0,1;0;1796
Fabian Henke;D (R);23;5K € - 18K €;Lower Saxony;Germany;2,4;13,1;16%;0,0;10%;0;0,0;0,9;0,1;85%;13,3;0;0,9;5,6;1,3;1,1;0,4;0,3;0;48,3;5,8;10,4;0,9;0,4;18;0,2;1,9;0,8;0,5;0,2;10,6;0,3;4,5;0,2;2,2;3,2;0,1;2,7;11;0,3;71;-1.44;21;0,3;0;1488
Liridon Krasniq;M (RL), AM (RC);25;6K € - 20K €;Hessia;Germany;1,7;8,7;37%;0,0;15%;0;0,0;1,6;0,1;88%;12,8;0;0,5;6,6;1,7;0,8;0,3;0,5;0;40,5;2,3;10,8;1,6;3,0;16;0,3;1,3;0,0;0,1;0,2;11,4;0,2;4,0;0,1;4,1;0,3;0,1;4,1;7;0,0;8;0.83;22;0,2;0;1868
Yannis Dörholt;M (C);17;12K € - 120K €;Hessia;Germany;0,0;7,1;43%;0,0;29%;0;0,0;0,1;0,1;0%;15,5;0;0,0;0,0;0,0;0,0;0,2;0,3;0;0,0;0,0;0,0;0,1;0,0;0;0,0;0,6;0,0;0,0;0,2;0,0;0,1;0,0;0,1;0,0;0,0;0,1;0,0;0;0,0;0;1.13;0;0,1;0;1046
Alexander Tackie-Sai;AM (RL), ST (C);23;30K € - 110K €;Middle Rhine;Germany;1,0;3,9;58%;0,1;35%;0;0,0;1,6;0,3;90%;13,6;0;0,3;3,2;1,3;0,7;0,3;0,8;0;33,8;2,2;6,3;1,6;1,8;12;0,4;1,5;0,0;0,0;0,5;10,3;0,1;9,4;0,1;2,2;2,9;0,0;2,9;21;0,2;31;6.39;14;0,1;0;1605
Davud Keskin;D (L), DM, M (C);19;0 € - 110K €;Lower Saxony;Germany;2,4;16,6;11%;0,1;0%;0;0,0;0,8;0,4;89%;4,5;0;1,3;5,3;1,4;0,8;0,2;0,1;0;48,9;6,4;8,6;1,4;0,2;10;0,0;0,7;0,0;0,5;0,0;11,2;0,0;2,5;0,2;0,2;1,5;0,0;6,1;7;0,0;61;-0.54;15;0,0;0;1188
Toranosuke Abe;DM, M/AM (C);27;0 € - 12K €;Middle Rhine;Germany;0,0;12,3;53%;0,0;11%;0;0,0;0,2;0,3;0%;13,7;0;0,0;0,0;0,0;0,0;0,3;0,8;0;0,0;0,0;0,0;0,2;0,0;0;0,0;1,6;0,0;0,0;0,2;0,0;0,2;0,0;0,2;0,0;0,0;0,2;0,0;0;0,0;0;-0.02;0;0,2;0;1071
Marcelino Reis;DM, M (C);29;0 € - 18K €;North East-North;Germany;0,0;13,4;10%;0,0;0%;0;0,0;0,1;0,1;0%;11,6;0;0,0;0,0;0,0;0,0;0,3;0,1;0;0,0;0,0;0,0;0,1;0,0;0;0,0;0,6;0,1;0,0;0,0;0,0;0,0;0,0;0,0;0,0;0,0;0,1;0,0;0;0,0;0;-0.56;0;0,0;0;1535
Moritz Gündling;AM (RL), ST (C);23;0 € - 55K €;Bavaria North;Germany;1,1;6,6;44%;0,0;13%;0;0,0;1,7;0,2;92%;14,1;0;0,4;7,2;1,8;1,2;0,7;0,9;0;40,6;2,8;7,9;1,7;4,0;18;0,9;2,1;0,0;0,1;0,3;10,2;0,2;4,3;0,2;6,8;1,3;0,3;6,8;12;0,1;29;0.69;20;0,2;0;1364
Niklas Musch;D/WB (R);19;2K € - 20K €;Baden-Württemberg;Germany;3,0;11,8;23%;0,1;3%;0;0,0;0,8;0,2;85%;14,1;0;1,3;4,3;1,5;1,4;0,5;0,5;0;55,3;6,8;9,9;0,8;0,4;21;0,9;2,0;0,1;0,4;0,1;10,6;0,3;4,5;0,1;3,4;3,5;0,0;3,4;25;0,4;78;-4.03;23;0,3;0;1361
Pierre Miguel de Faria Alves Pinto;D/WB/M (L), AM (R);21;0 € - 55K €;Westphalia;Germany;4,2;9,2;0%;0,1;0%;0;0,0;0,7;0,1;89%;15,1;0;0,8;5,3;1,3;1,4;0,0;0,0;0;54,5;5,2;10,3;0,7;1,5;16;0,4;0,3;0,0;0,4;0,0;11,5;0,1;3,4;0,0;2,6;1,3;0,0;2,6;16;0,2;38;-0.79;18;0,1;0;1053
Oskar Ende;D (RL), WB (R), M (C);17;18K € - 180K €;Bavaria North;Germany;2,2;12,6;0%;0,1;0%;0;0,0;1,6;0,1;82%;15,7;0;1,5;8,9;2,5;1,4;0,2;0,0;0;49,8;4,8;20,3;1,6;1,6;20;0,9;0,3;0,9;0,4;0,0;12,3;0,0;3,8;0,0;7,1;2,9;0,1;7,1;13;0,4;76;-0.31;23;0,0;0;1265
Marcel Trägler;AM (RL), ST (C);33;4,5K € - 16K €;Hessia;Germany;1,4;9,6;20%;0,1;7%;0;0,0;1,9;0,2;90%;15,4;0;0,4;8,1;2,0;1,0;0,5;0,3;0;42,4;3,8;11,9;2,3;3,6;19;1,1;1,5;0,0;0,3;0,1;11,5;0,2;5,4;0,2;5,5;2,3;0,2;8,6;16;0,2;42;-1.95;20;0,2;0;1789
Maik Gärtner;D (C);20;0 € - 18K €;Baden-Württemberg;Germany;3,2;9,5;0%;0,2;0%;0;0,0;0,2;0,0;83%;4,6;0;1,0;3,1;1,1;0,8;0,2;0,0;0;47,3;2,2;2,6;0,2;0,0;9;0,0;0,6;0,7;0,7;0,0;9,5;0,1;7,1;0,0;0,0;4,7;0,0;0,0;0;0,5;66;-0.68;10;0,1;0;1058
Louis Neugebauer;DM, M/AM (C);21;6K € - 20K €;Westphalia;Germany;0,0;10,7;22%;0,0;11%;0;0,0;0,2;0,2;0%;14,5;0;0,0;0,0;0,0;0,0;0,2;0,2;0;0,0;0,0;0,0;0,2;0,0;0;0,0;0,7;0,0;0,0;0,1;0,0;0,1;0,0;0,1;0,0;0,0;0,2;0,0;0;0,0;0;-0.04;0;0,1;0;1096
Phil Kersten;D (C);17;22K € - 230K €;Middle Rhine;Germany;3,6;13,9;8%;0,1;8%;0;0,0;0,3;0,1;91%;3,3;0;1,2;1,9;0,3;0,2;0,2;0,1;0;48,0;1,6;2,9;0,3;0,0;3;0,0;0,8;0,2;0,9;0,1;9,5;0,2;6,5;0,0;0,0;4,7;0,0;0,0;0;0,3;72;-2.44;4;0,2;0;1430
Ètienne Kamm;DM, M (RC);28;0 € - 24K €;Middle Rhine;Germany;0,0;15,7;29%;0,0;14%;0;0,0;0,0;0,4;0%;11,9;0;0,0;0,0;0,0;0,0;0,1;0,1;0;0,0;0,0;0,0;0,0;0,0;0;0,0;0,4;0,0;0,0;0,1;0,0;0,0;0,0;0,1;0,0;0,0;0,0;0,0;0;0,0;0;0.48;0;0,0;0;1402
Evangelos Papaefthimiou;D (C), DM, M (C);34;0 €;Hamburg;Germany;2,5;19,9;10%;0,1;10%;0;0,0;0,8;0,1;88%;6,1;0;1,3;4,9;1,3;0,7;0,3;0,1;0;48,2;3,2;9,2;0,9;0,2;8;0,0;0,8;0,0;0,6;0,1;11,1;0,0;1,6;0,3;0,1;1,2;0,4;0,1;0;0,1;74;0.55;13;0,0;0;1071
Onesi Kuengienda;M/AM (RL), ST (C);33;0 € - 28K €;Baden-Württemberg;Germany;1,7;7,2;36%;0,0;16%;0;0,0;1,2;0,2;90%;14,6;0;0,6;7,2;1,7;0,7;0,5;0,4;0;44,7;2,7;9,6;1,2;2,2;14;1,6;1,2;0,0;0,3;0,2;11,6;0,1;5,7;0,2;4,5;1,8;0,1;5,0;34;0,0;32;1.42;19;0,1;0;1806
Finn Müller;D/WB (L);22;1,5K € - 14K €;RP/Saar;Germany;1,8;12,5;20%;0,0;7%;0;0,0;2,3;0,4;90%;17,2;0;0,5;8,9;2,2;1,4;0,4;0,3;0;41,6;3,7;14,2;2,3;2,8;27;0,7;1,6;0,1;0,2;0,1;11,6;0,2;5,2;0,2;4,6;1,4;0,1;4,6;16;0,2;27;-1.72;32;0,2;0;1710
Tomoya Kitazawa;M/AM (L);25;0 € - 24K €;Middle Rhine;Germany;2,0;3,4;26%;0,0;4%;0;0,0;1,0;0,1;87%;15,4;0;0,4;7,3;2,0;1,6;0,3;0,3;0;42,6;3,1;12,0;1,0;2,4;28;0,8;1,3;0,0;0,5;0,1;11,5;0,2;5,4;0,1;4,9;0,6;0,0;8,9;11;0,0;11;-2.56;31;0,2;0;1546
Jayden Coletta;M (L), AM (RL);17;0 € - 26K €;Lower Rhine;Germany;2,0;4,3;46%;0,0;23%;0;0,0;1,4;0,4;91%;19,9;0;0,4;7,3;2,8;1,7;0,6;0,5;0;44,6;3,1;11,4;1,4;4,9;20;0,5;1,1;0,0;0,6;0,3;11,8;0,2;4,1;0,1;4,0;1,6;0,1;4,0;12;0,1;40;0.66;20;0,2;0;1060
Sven Freitag;DM, M/AM (C);23;0 € - 45K €;Schleswig-Holstein;Germany;2,3;22,0;17%;0,0;8%;0;0,0;1,1;0,2;90%;7,2;0;1,1;4,6;0,8;0,6;0,4;0,2;0;44,8;3,3;9,9;1,1;0,8;12;0,5;1,1;0,0;0,5;0,1;11,7;0,1;3,4;0,2;1,5;1,3;0,2;1,5;32;0,2;37;-0.46;13;0,1;0;1918
Tommy Klotke;DM, M/AM (C), ST (C);32;0 € - 18K €;North East-North;Germany;2,3;15,1;24%;0,0;14%;0;0,0;0,6;0,1;88%;7,9;0;0,6;2,9;0,9;0,7;0,2;0,3;0;42,0;2,9;7,3;0,8;0,0;12;0,1;1,2;0,2;0,2;0,2;9,4;0,2;2,4;0,1;0,2;1,4;0,1;0,9;25;0,5;59;0.04;15;0,2;0;1545
Amed Ormangören;D (C);19;0 €;Hamburg;Germany;2,3;19,1;36%;0,0;14%;0;0,0;0,4;0,2;89%;7,5;0;1,0;4,0;1,0;0,8;0,5;0,4;0;45,5;3,0;8,8;0,4;0,0;10;0,1;1,1;0,5;0,7;0,2;11,1;0,1;3,7;0,1;0,2;2,7;0,1;0,2;50;0,5;73;0.52;13;0,1;0;1159
Luis Millgramm;D/WB/M (R), AM (RL);21;12K € - 40K €;North East-North;Germany;2,2;10,2;40%;0,0;0%;0;0,0;1,4;0,2;85%;13,9;0;1,0;7,9;2,0;1,3;0,1;0,1;0;47,4;4,0;17,8;1,5;1,7;21;0,9;0,3;0,1;0,6;0,0;12,5;0,0;5,6;0,1;6,9;3,6;0,2;7,9;12;0,6;64;-0.76;29;0,0;0;1453
Jan Luca Weidenbach;D (C);18;0 €;Lower Rhine;Germany;3,3;16,6;11%;0,3;5%;0;0,0;0,4;0,1;85%;5,2;0;1,0;3,6;1,1;0,3;0,3;0,1;0;47,9;2,4;4,2;0,4;0,6;5;0,1;1,1;1,2;0,8;0,1;9,9;0,1;7,1;0,0;0,5;5,3;0,0;0,5;22;0,9;74;-0.93;12;0,1;0;1605
Louis Schädel;DM, M (RC), AM (R);21;0 €;North East-South;Germany;2,2;11,5;40%;0,0;10%;0;0,0;0,7;0,0;88%;8,7;0;1,4;4,5;1,0;0,7;0,2;0,3;0;49,9;3,0;8,9;0,7;0,5;11;0,3;0,7;0,2;0,5;0,1;10,6;0,1;2,1;0,1;1,1;0,9;0,0;1,1;25;0,1;44;0.13;14;0,1;0;1364
Levyn Müller;ST (C);17;0 € - 80K €;Westphalia;Germany;1,0;5,0;53%;0,0;16%;0;0,0;1,2;0,5;92%;15,4;0;0,3;2,5;0,8;0,3;0,8;1,2;0;28,6;0,7;5,5;2,1;1,1;5;0,2;2,3;0,0;0,2;0,4;10,7;0,3;8,0;0,2;0,9;1,9;0,3;2,6;12;0,1;24;0.44;10;0,3;0;1750
Ilyas Vöpel;M/AM (R), ST (C);23;16K € - 55K €;Lower Rhine;Germany;2,2;5,0;36%;0,0;14%;0;0,0;1,8;0,1;91%;15,7;0;0,6;6,6;1,4;0,9;0,4;0,5;0;41,7;3,1;8,2;2,0;4,4;14;1,0;1,4;0,0;0,2;0,2;10,1;0,1;5,0;0,1;7,6;1,4;0,1;7,6;13;0,2;28;0.94;15;0,1;0;1460
Lennart Jauck;D (RC), DM;21;12K € - 40K €;North East-South;Germany;2,7;16,8;19%;0,0;6%;0;0,0;0,2;0,0;87%;3,6;0;1,0;2,7;0,6;0,3;0,4;0,2;0;47,0;2,2;3,5;0,2;0,0;5;0,0;0,8;0,9;0,5;0,1;9,7;0,1;6,3;0,1;0,0;4,9;0,0;0,0;0;1,4;77;-0.23;7;0,1;0;1702
Alvin Pastron;D/WB/M (L);17;0 €;Bremen;Germany;3,0;20,6;100%;0,1;0%;0;0,0;1,7;0,2;84%;14,2;0;0,7;7,2;1,9;1,3;0,1;0,1;0;49,9;5,7;16,2;1,7;2,4;17;0,9;0,1;0,6;0,5;0,0;12,1;0,0;3,6;0,1;6,6;1,8;0,2;7,0;15;0,3;50;-0.11;26;0,0;0;1160
Yanic Grund;AM (RC), ST (C);17;45K € - 450K €;North East-North;Germany;1,3;11,6;42%;0,0;11%;0;0,0;1,7;0,5;92%;18,7;0;0,4;3,8;1,2;0,2;0,6;0,7;0;42,2;1,8;8,8;1,8;1,2;2;0,1;1,6;0,0;0,1;0,2;12,3;0,1;4,2;0,1;1,1;1,7;0,1;1,1;7;0,0;40;0.44;3;0,1;0;1080
Witalij Alimov;D (R);19;0 € - 55K €;Hamburg;Germany;3,2;16,9;11%;0,2;4%;0;0,0;0,9;0,0;90%;16,5;0;1,4;4,4;1,2;1,0;0,6;0,2;0;53,0;5,3;10,4;0,9;0,3;16;0,4;1,8;0,4;0,7;0,1;10,3;0,2;4,7;0,1;2,2;2,6;0,0;2,2;20;0,3;56;-2.03;18;0,2;0;1405
Jonas Mack;D/WB/M (L), AM (RL);28;0 €;North East-South;Germany;1,9;11,7;38%;0,1;12%;0;0,0;1,5;0,6;91%;17,1;0;0,2;8,1;1,6;1,0;0,7;0,6;0;43,8;2,9;13,5;2,8;3,5;17;1,0;1,6;0,0;0,3;0,2;11,1;0,2;5,8;0,3;6,1;2,7;0,2;8,4;12;0,2;46;-0.71;25;0,2;0;1482
Toni Bastin;D (C), DM;20;12K € - 45K €;North East-North;Germany;3,2;26,0;0%;0,0;0%;0;0,0;0,2;0,1;84%;3,0;0;1,0;3,1;0,8;0,3;0,3;0,0;0;48,5;3,2;5,1;0,2;0,1;6;0,0;0,5;0,9;0,5;0,0;10,2;0,1;5,4;0,1;0,0;3,5;0,1;0,0;0;0,9;65;-1.33;11;0,1;0;1793
Luca Eichhorn;M (RLC), AM (C), ST (C);28;0 € - 45K €;RP/Saar;Germany;0,1;9,7;31%;0,0;15%;0;0,0;0,6;0,5;86%;15,9;0;0,1;0,1;0,1;0,1;0,3;0,3;0;1,0;0,1;0,3;0,6;0,0;1;0,0;0,9;0,0;0,0;0,1;0,2;0,1;0,0;0,3;0,2;0,0;0,5;0,2;0;0,0;0;0.25;1;0,1;0;1236
Henrik Winkelmann;D (RC), DM;25;0 € - 16K €;Westphalia;Germany;2,5;19,2;21%;0,0;11%;0;0,0;0,6;0,2;85%;7,6;0;0,9;4,5;0,9;0,7;0,5;0,2;0;45,9;3,7;8,2;0,6;0,5;14;0,1;0,9;0,6;0,7;0,1;10,9;0,1;3,5;0,1;1,0;2,1;0,0;1,0;9;0,0;60;0.43;15;0,1;0;1899
Maximilian Göbhardt;DM, M/AM (C);33;0 € - 18K €;Bavaria North;Germany;0,2;14,0;41%;0,0;12%;0;0,0;0,2;0,2;91%;11,7;0;0,0;0,6;0,1;0,1;0,4;0,4;0;7,8;0,7;1,2;0,2;0,0;1;0,0;1,0;0,0;0,1;0,1;1,0;0,1;0,4;0,1;0,0;0,4;0,2;0,0;0;0,0;86;0.58;1;0,1;0;1479
Marvin Gomoluch;GK;25;1K € - 10K €;Lower Rhine;Germany;0,0;5,0;0%;0,0;0%;72;0,3;0,0;0,0;71%;6,0;5.68;3,6;0,0;0,0;0,0;0,0;0,0;91;26,0;0,0;0,0;0,5;0,0;1;0,0;0,0;0,0;0,0;0,0;5,5;0,0;0,0;0,0;0,0;0,0;0,0;0,0;0;0,0;0;0;2;0,0;16;1890
Luca Wilsing;GK;24;500 € - 4K €;Middle Rhine;Germany;0,0;4,8;0%;0,0;0%;71;0,1;0,0;0,0;76%;5,6;2.36;3,6;0,0;0,0;0,0;0,0;0,0;89;26,7;0,0;0,0;0,0;0,0;0;0,0;0,0;0,0;0,0;0,0;4,8;0,0;0,0;0,0;0,0;0,0;0,0;0,0;0;0,0;0;0;1;0,0;16;1890
Kacper Majchrowski;GK;28;20K € - 70K €;RP/Saar;Germany;0,0;4,7;0%;0,0;0%;74;0,3;0,1;0,0;74%;7,7;5.11;4,6;0,0;0,0;0,0;0,0;0,0;89;26,7;0,0;0,0;0,4;0,0;0;0,0;0,0;0,0;0,0;0,0;4,6;0,0;0,0;0,0;0,0;0,0;0,0;0,0;0;0,0;0;0;2;0,0;10;1707
Kamil Wojciechowski;M/AM (L);32;0 € - 5K €;Lower Saxony;Germany;2,1;7,1;33%;0,0;17%;0;0,0;0,6;0,3;91%;14,6;0;0,9;9,9;1,0;1,5;0,1;0,1;0;45,4;3,2;17,6;0,7;1,8;23;0,1;0,4;0,0;0,6;0,1;11,8;0,0;5,5;0,3;2,9;1,8;0,2;8,6;9;0,1;32;0.51;28;0,0;0;1387
Tom Buhl;GK;20;0 €;Middle Rhine;Germany;0,0;5,6;0%;0,0;0%;69;0,3;0,0;0,0;61%;6,2;6.67;5,4;0,0;0,0;0,0;0,0;0,0;87;26,4;0,0;0,0;0,0;0,0;0;0,0;0,0;0,0;0,0;0,0;5,5;0,0;0,0;0,0;0,0;0,0;0,0;0,0;0;0,0;0;0;3;0,0;31;1831
Alekseï Carnier;D (RC);22;40K € - 140K €;Baden-Württemberg;Germany;3,4;18,2;6%;0,0;0%;0;0,0;0,3;0,2;89%;5,9;0;0,9;3,0;0,6;0,5;0,2;0,1;0;48,8;4,4;6,1;0,4;0,1;10;0,2;0,8;1,8;0,5;0,0;10,2;0,1;6,6;0,1;1,0;4,8;0,2;1,0;21;0,9;72;-2.17;11;0,1;0;1717
Jan Roschlaub;D (C);25;500 € - 4K €;Lower Saxony;Germany;2,9;12,7;20%;0,0;10%;0;0,0;0,2;0,0;86%;4,2;0;0,8;2,0;0,6;0,4;0,1;0,2;0;49,9;2,3;3,0;0,2;0,1;6;0,0;1,2;0,4;0,4;0,1;9,8;0,2;6,7;0,0;0,0;5,5;0,1;0,0;0;1,5;82;-1.25;6;0,2;0;1505
Jemal Kassa;M (R), AM (RLC), ST (C);28;14K € - 50K €;Hessia;Germany;1,8;9,1;25%;0,0;14%;0;0,0;1,3;0,3;90%;13,8;0;0,3;5,5;1,3;0,5;0,5;0,4;0;42,0;2,0;10,3;1,3;2,7;10;0,8;1,4;0,0;0,4;0,2;11,5;0,1;4,2;0,1;4,3;0,8;0,0;4,3;19;0,0;18;1.64;17;0,1;0;1768
Jonas Tepper;D (C);23;500 € - 5K €;Westphalia;Germany;2,0;10,7;32%;0,0;14%;0;0,0;1,3;0,0;84%;13,7;0;0,7;5,3;1,0;0,7;0,3;0,4;0;42,0;2,8;8,4;1,3;2,2;13;1,3;1,2;0,3;0,5;0,2;10,6;0,1;4,4;0,0;5,5;1,6;0,0;5,5;23;0,1;35;0.59;17;0,1;0;1681
Isa Sümbül;D/WB (R), DM, M/AM (R);19;0 € - 18K €;Middle Rhine;Germany;3,5;13,9;30%;0,1;15%;0;0,0;0,8;0,3;86%;13,9;0;1,1;4,2;1,2;1,2;0,7;0,7;0;51,7;4,9;9,8;0,8;0,4;17;0,6;2,3;1,0;0,6;0,3;10,5;0,2;5,2;0,2;2,6;2,9;0,4;2,6;21;0,2;57;1.44;17;0,2;0;1291
Luca Wöhrle;D (C), DM, M (RC);31;0 € - 30K €;Baden-Württemberg;Germany;3,1;12,4;17%;0,0;0%;0;0,0;0,7;0,2;89%;7,1;0;0,8;6,2;1,4;0,8;0,1;0,1;0;43,1;2,9;9,3;0,7;0,1;9;0,0;0,5;0,3;0,3;0,0;11,5;0,0;3,4;0,1;0,1;1,7;0,3;0,1;0;0,6;50;-0.56;14;0,0;0;1060
Julian Bürkle;ST (C);17;0 € - 14K €;Baden-Württemberg;Germany;0,5;1,5;52%;0,0;33%;0;0,0;0,9;0,2;91%;21,7;0;0,2;1,5;0,6;0,2;0,5;0,8;0;26,0;0,4;3,6;1,1;0,7;3;0,2;1,6;0,0;0,1;0,5;9,0;0,2;8,3;0,1;0,5;1,8;0,2;0,5;28;0,2;22;4.05;3;0,2;0;1175
Hayato Uchimura;D (RC);21;0 € - 16K €;Lower Rhine;Germany;3,1;9,6;38%;0,0;8%;0;0,0;0,1;0,1;83%;4,4;0;0,7;2,3;0,6;0,2;0,3;0,3;0;47,6;2,5;3,0;0,1;0,0;3;0,0;0,8;0,4;0,5;0,1;9,8;0,1;6,7;0,1;0,0;3,8;0,0;0,0;0;0,7;57;-0.53;6;0,1;0;1483
Anes Sahačić;D (C);18;1,5K € - 14K €;North East-South;Germany;2,8;14,2;24%;0,2;6%;0;0,0;0,2;0,0;90%;4,3;0;1,1;2,2;1,2;0,5;0,6;0,3;0;48,2;2,3;2,9;0,2;0,0;6;0,0;1,3;0,8;0,6;0,1;10,2;0,1;8,4;0,0;0,1;6,1;0,0;0,1;0;1,8;72;-0.61;8;0,1;0;1164
Philipp Knechtel;D (C);29;1,5K € - 14K €;North East-South;Germany;3,1;19,9;8%;0,2;0%;0;0,0;0,4;0,0;88%;3,2;0;1,1;2,3;0,9;0,1;0,2;0,0;0;49,0;2,3;2,6;0,4;0,0;3;0,0;0,6;0,6;0,7;0,0;9,6;0,1;7,1;0,0;0,0;4,4;0,0;0,0;0;1,3;62;-1.11;12;0,1;0;1890
Noa Bauer;M/AM (L);23;4,5K € - 45K €;Baden-Württemberg;Germany;1,7;6,5;42%;0,0;23%;0;0,0;1,7;0,3;88%;14,5;0;0,7;7,9;2,2;1,1;0,6;0,7;0;45,4;3,1;11,0;2,2;3,6;19;1,1;1,7;0,0;0,4;0,4;11,2;0,2;4,3;0,2;4,6;0,7;0,2;11,9;15;0,1;16;4.06;28;0,2;0;1608
Salem Nouwame;D (LC);22;500 € - 6K €;Bremen;Germany;3,1;11,9;0%;0,1;0%;0;0,0;0,3;0,1;90%;2,8;0;1,2;3,0;1,1;0,7;0,4;0,0;0;49,4;2,4;2,0;0,3;0,0;12;0,0;1,2;0,5;0,5;0,0;10,0;0,1;7,6;0,1;0,1;4,3;0,2;0,1;0;1,8;57;-2.14;15;0,1;0;1553
Davis Boateng;D/WB/M/AM (R);21;1K € - 9K €;North East-South;Germany;2,9;9,6;50%;0,1;17%;0;0,0;2,0;0,2;82%;16,4;0;1,2;8,3;2,4;1,5;0,1;0,2;0;45,6;4,8;20,2;2,0;1,3;25;1,4;0,3;0,0;0,4;0,1;12,0;0,0;3,4;0,1;7,5;2,0;0,3;7,5;18;0,2;60;0.3;35;0,0;0;1544
Burak Ayvaz;DM, M/AM (C);25;0 € - 20K €;Bavaria North;Germany;2,4;12,9;10%;0,0;0%;0;0,0;0,7;0,1;89%;6,6;0;1,5;3,8;1,1;1,0;0,2;0,1;0;56,4;4,0;9,4;0,7;0,2;19;0,1;0,5;0,0;0,3;0,0;11,7;0,1;1,9;0,0;0,2;0,8;0,1;0,2;33;0,1;43;-1.33;20;0,1;0;1674
Elias Jung;D (C);19;0 € - 16K €;RP/Saar;Germany;2,8;19,7;31%;0,1;15%;0;0,0;0,2;0,1;85%;2,7;0;1,4;1,6;0,6;0,3;0,4;0,3;0;51,2;1,6;2,6;0,2;0,0;4;0,0;0,9;0,9;1,1;0,1;9,4;0,1;6,9;0,0;0,0;4,6;0,0;0,0;0;1,4;67;0.36;7;0,1;0;1260
Tomislav Vrdoljak;DM, M (C);20;0 €;Bavaria North;Germany;2,3;16,7;33%;0,1;22%;0;0,0;0,9;0,4;87%;5,6;0;1,1;5,5;1,1;0,8;0,2;0,2;0;48,4;5,2;8,2;1,7;0,1;13;0,1;0,5;0,1;0,8;0,1;10,6;0,1;3,6;0,3;0,2;2,4;0,2;0,3;66;0,5;68;0.62;20;0,1;0;1556
Nozomu Nonaka;M (R), AM (RL);32;0 € - 12K €;Lower Rhine;Germany;1,3;4,7;40%;0,0;24%;0;0,0;1,3;0,3;91%;14,2;0;0,4;7,5;1,9;1,0;0,6;0,6;0;42,7;2,8;14,3;1,3;3,0;17;0,8;1,5;0,0;0,2;0,3;11,8;0,1;5,6;0,1;4,9;1,3;0,0;5,6;15;0,0;24;3.82;24;0,1;0;1550
Torge Bremer;D (LC), DM, M (C);31;0 €;North East-North;Germany;1,9;17,9;14%;0,0;0%;0;0,0;0,8;0,4;89%;5,5;0;0,8;3,8;1,3;0,9;0,3;0,1;0;51,9;3,4;9,2;0,8;0,2;16;0,2;0,8;0,4;0,2;0,0;11,6;0,1;4,3;0,2;0,3;2,3;0,2;0,3;50;0,5;54;-1.42;22;0,1;0;1549
Ove Witt;D (C), DM;21;0 € - 50K €;Schleswig-Holstein;Germany;2,7;14,2;23%;0,1;9%;0;0,0;0,1;0,0;87%;3,4;0;1,2;2,8;0,9;0,5;0,7;0,4;0;46,9;2,2;3,1;0,1;0,0;11;0,0;1,6;0,6;0,6;0,1;8,8;0,1;5,7;0,0;0,0;3,5;0,0;0,0;0;0,5;62;0.35;14;0,1;0;1962
Yanick Abayomi;D (C), DM;21;0 € - 40K €;North East-North;Germany;4,0;20,4;25%;0,1;0%;0;0,0;0,4;0,2;88%;2,5;0;1,1;1,9;0,4;0,3;0,2;0,1;0;45,7;2,0;2,9;0,4;0,0;4;0,0;0,6;1,0;0,9;0,0;9,7;0,0;6,3;0,1;0,0;4,8;0,1;0,0;0;0,5;76;-0.5;4;0,0;0;1214
Bleart Dautaj;AM (C), ST (C);24;1,5K € - 14K €;Baden-Württemberg;Germany;0,7;2,9;54%;0,1;35%;0;0,0;1,0;0,1;90%;16,7;0;0,2;1,2;0,5;0,1;0,6;0,9;0;24,0;0,5;4,0;1,0;0,5;2;0,0;1,6;0,0;0,1;0,5;9,1;0,2;10,5;0,1;0,4;3,1;0,2;0,4;0;0,1;30;5.87;5;0,2;0;1479
Steffen Suckel;D (LC), DM;28;500 € - 5K €;Lower Saxony;Germany;3,0;9,8;17%;0,0;0%;0;0,0;0,4;0,1;90%;8,7;0;0,9;4,7;1,4;0,8;0,3;0,1;0;46,8;2,9;8,6;0,4;0,1;11;0,1;0,4;0,4;0,3;0,0;11,9;0,0;3,3;0,1;0,4;1,6;0,1;0,4;16;0,5;48;-0.4;15;0,0;0;1210
Elias Tamim;D (RC), WB/M (R);24;0 € - 35K €;North East-South;Germany;2,9;12,4;23%;0,1;6%;0;0,0;0,7;0,0;86%;15,2;0;1,1;3,5;1,0;0,8;0,7;0,4;0;52,7;5,3;10,1;0,7;0,6;13;0,3;2,0;0,6;0,4;0,1;10,4;0,1;5,6;0,0;2,1;4,1;0,0;2,1;15;0,4;73;-0.3;15;0,1;0;1418
Aziz Kiy;DM, M/AM (C);23;5K € - 18K €;Lower Saxony;Germany;0,1;20,2;70%;0,0;40%;0;0,0;0,0;0,2;95%;14,5;0;0,0;0,2;0,1;0,1;0,0;0,6;0;1,5;0,2;0,4;0,0;0,0;1;0,0;0,8;0,0;0,0;0,3;0,4;0,1;0,0;0,1;0,1;0,0;0,0;0,1;0;0,0;0;2.28;1;0,1;0;1127
Gent Cerimi;D (LC), DM, M (C);32;16K € - 50K €;Baden-Württemberg;Germany;2,2;14,6;0%;0,1;0%;0;0,0;0,7;0,2;85%;6,7;0;1,0;5,6;1,3;1,0;0,3;0,0;0;47,7;5,5;8,5;0,7;0,2;13;0,0;0,5;0,1;0,3;0,0;10,5;0,0;3,4;0,1;0,2;2,4;0,2;0,2;0;0,3;70;-0.4;18;0,0;0;1174
Stefano Sergkanis;D (RC), AM (R);19;0 €;Bremen;Germany;2,1;22,0;0%;0,1;0%;0;0,0;1,2;0,3;85%;11,0;0;0,9;5,0;1,3;1,0;0,1;0,0;0;47,8;4,4;14,2;2,2;0,3;15;0,3;0,3;0,9;0,7;0,0;12,1;0,0;4,1;0,1;3,2;2,1;0,1;3,2;10;0,3;51;-0.36;18;0,0;0;1342
Timon Widiker;D/M (L), AM (RL);22;5K € - 18K €;Lower Saxony;Germany;3,2;10,0;17%;0,1;17%;0;0,0;1,1;0,2;87%;10,4;0;1,2;5,3;1,4;1,1;0,2;0,1;0;53,5;5,7;10,6;1,1;0,9;18;0,4;0,4;0,1;0,3;0,1;11,6;0,0;4,0;0,1;2,4;2,2;0,1;2,4;17;0,2;54;0.45;24;0,0;0;1456
Tom Ganter;D/WB (RL), M/AM (L);18;0 €;Bremen;Germany;2,6;18,9;25%;0,0;25%;0;0,0;1,1;0,0;83%;14,1;0;1,3;7,8;1,9;1,9;0,1;0,1;0;49,6;4,3;19,9;1,1;1,8;26;1,1;0,3;1,1;0,4;0,1;12,4;0,0;3,3;0,1;7,4;2,0;0,0;7,4;15;0,4;60;0.49;28;0,0;0;1264
Kirito Tanaka;ST (C);20;0 €;Middle Rhine;Germany;0,6;0,8;52%;0,0;24%;0;0,0;0,8;0,1;91%;17,7;0;0,1;1,7;0,6;0,2;0,6;1,1;0;22,9;0,3;3,7;0,8;0,5;3;0,0;2,0;0,0;0,0;0,5;8,9;0,2;10,2;0,1;0,4;3,0;0,1;0,4;0;0,0;29;3.49;4;0,2;0;1274
Maximilian Bär;D (RC), DM;29;0 € - 95K €;Bavaria South;Germany;2,4;16,0;50%;0,1;6%;0;0,0;0,8;0,2;87%;11,3;0;1,3;4,6;1,3;1,1;0,3;0,5;0;51,2;4,2;9,3;1,0;0,1;19;0,5;1,0;0,8;0,2;0,1;11,1;0,1;4,2;0,1;1,1;2,7;0,1;2,7;17;1,1;65;-0.65;21;0,1;0;1515
Hugo Schmidt;DM, M/AM (C);20;6K € - 20K €;Lower Rhine;Germany;0,0;10,9;38%;0,0;5%;0;0,0;0,2;0,3;0%;13,7;0;0,0;0,0;0,0;0,0;0,4;0,5;0;0,0;0,0;0,0;0,2;0,0;0;0,0;1,2;0,0;0,0;0,1;0,0;0,2;0,0;0,2;0,0;0,0;0,2;0,0;0;0,0;0;-1.72;0;0,2;0;1521
Joel Hornstein;D/WB/M/AM (R);18;0 € - 20K €;RP/Saar;Germany;1,8;5,0;29%;0,0;10%;0;0,0;1,8;0,6;90%;18,3;0;0,5;6,7;2,1;1,2;0,9;0,7;0;43,1;3,6;9,9;1,8;3,5;20;1,2;2,4;0,0;0,4;0,2;10,8;0,2;4,4;0,2;6,8;1,3;0,2;6,8;16;0,2;29;0.09;27;0,2;0;1555
Leonidas Tiliudis;D (C), DM, M (C);25;0 €;RP/Saar;Germany;2,2;14,3;25%;0,1;10%;0;0,0;0,7;0,3;93%;5,2;0;1,1;5,0;1,5;1,3;0,4;0,3;0;45,8;3,3;8,3;0,7;0,1;20;0,1;1,3;0,2;0,3;0,1;10,7;0,1;3,4;0,2;0,2;2,5;0,3;0,2;33;0,4;74;0.32;23;0,1;0;1427
Mohamed Hegi;M (L), AM (RLC);21;0 € - 6K €;Lower Rhine;Germany;1,7;3,4;28%;0,0;6%;0;0,0;1,6;0,1;92%;15,8;0;0,4;8,9;2,0;1,5;0,3;0,3;0;43,1;2,8;11,2;1,6;3,8;28;1,0;1,0;0,0;0,5;0,1;11,3;0,1;4,6;0,1;4,3;1,1;0,0;9,6;18;0,1;24;-0.56;33;0,1;0;1681
Matthias Jocham;M (L), AM (RL);31;1K € - 9K €;Bavaria South;Germany;2,2;8,4;28%;0,0;9%;0;0,0;1,6;0,5;91%;17,2;0;0,6;8,6;2,2;0,9;0,4;0,6;0;43,8;3,5;14,7;2,5;2,3;13;1,1;2,1;0,0;0,3;0,2;11,5;0,3;4,8;0,3;5,6;1,6;0,3;11,3;11;0,0;33;-1.54;16;0,3;0;1343
Ben Schulz;D/WB (R), M (RL), AM (R);19;0 € - 100K €;North East-North;Germany;3,2;7,2;42%;0,1;8%;0;0,0;1,8;0,2;86%;12,4;0;1,0;7,2;1,7;1,0;0,5;0,4;0;45,6;4,6;13,8;1,8;2,4;13;0,9;1,0;0,0;0,5;0,1;11,7;0,1;5,1;0,0;6,8;2,6;0,0;9,8;13;0,2;52;0.28;16;0,1;0;1131
Jahleel Gore;D (C);19;0 € - 35K €;Hessia;Germany;3,3;19,4;17%;0,1;4%;0;0,0;0,2;0,0;89%;3,5;0;1,1;2,5;0,9;0,5;0,3;0,2;0;48,2;2,5;2,8;0,2;0,0;11;0,0;1,2;1,6;0,5;0,0;9,6;0,1;7,8;0,0;0,0;5,0;0,0;0,0;0;1,6;64;-1.89;13;0,1;0;1858
Jakob Reichenbach;D (C), DM;21;500 € - 5K €;North East-North;Germany;3,5;15,1;31%;0,1;23%;0;0,0;0,3;0,1;88%;3,0;0;1,4;3,0;1,2;0,6;0,1;0,3;0;48,0;2,9;2,9;0,3;0,0;9;0,0;0,8;0,7;0,6;0,2;9,8;0,1;6,8;0,0;0,0;5,0;0,0;0,0;0;1,2;74;1.02;11;0,1;0;1393
Daniel Zürn;M/AM (C);19;0 € - 5K €;Lower Saxony;Germany;1,0;13,3;59%;0,0;35%;0;0,0;1,3;0,5;88%;14,6;0;0,4;3,0;0,8;0,2;0,5;0,7;0;44,2;2,4;7,1;1,3;0,7;3;0,3;1,1;0,0;0,1;0,4;11,6;0,2;5,2;0,1;1,1;1,7;0,2;1,1;31;0,1;32;3.59;5;0,2;0;1337
Jona Renner;M/AM (C);22;0 € - 6K €;Lower Saxony;Germany;1,2;9,7;52%;0,0;21%;0;0,0;2,0;0,3;89%;20,1;0;0,7;3,1;1,0;0,6;0,7;0,9;0;41,3;2,5;6,2;2,0;0,6;10;0,1;1,8;0,0;0,1;0,4;11,5;0,2;3,3;0,2;0,9;0,3;0,1;0,9;13;0,1;9;3.25;13;0,2;0;1463
Aaron Schreck;D (RL), DM;21;0 €;Middle Rhine;Germany;2,2;21,1;14%;0,0;0%;0;0,0;0,8;0,2;88%;5,3;0;1,6;4,7;1,1;0,7;0,1;0,1;0;45,3;2,3;7,4;0,8;0,0;9;0,1;0,5;0,1;0,7;0,0;10,8;0,0;1,2;0,2;0,1;0,4;0,2;0,1;50;0,0;31;-0.35;15;0,0;0;1245
Oliver Harandt;D (RC), DM;20;10K € - 40K €;Bavaria North;Germany;2,9;13,1;50%;0,1;0%;0;0,0;0,7;0,1;86%;5,0;0;1,5;3,1;1,5;1,1;0,3;0,2;0;48,6;3,2;4,7;0,7;0,1;15;0,0;0,4;0,7;0,9;0,0;9,7;0,0;6,9;0,0;0,1;5,2;0,1;0,1;0;0,9;75;-0.36;17;0,0;0;1257
Samuel Reiter;D (C);18;0 €;Hessia;Germany;2,7;13,9;13%;0,2;13%;0;0,0;0,2;0,0;91%;3,9;0;1,2;3,1;1,1;0,4;0,2;0,1;0;48,4;2,7;2,9;0,2;0,0;7;0,0;0,4;0,4;0,4;0,1;9,6;0,0;6,2;0,0;0,0;4,2;0,0;0,0;0;0,6;68;0.41;11;0,0;0;1617
David Lang;AM (R), ST (C);24;0 € - 50K €;Bavaria North;Germany;0,9;1,5;50%;0,0;21%;0;0,0;1,2;0,1;91%;14,7;0;0,2;1,5;0,6;0,3;0,8;1,6;0;25,4;0,5;3,8;1,2;1,0;4;0,1;3,2;0,0;0,0;0,7;9,7;0,3;11,2;0,1;0,9;4,1;0,2;1,0;13;0,1;37;5.94;4;0,3;0;1368
Otto Melzer;DM, M (C);17;0 € - 28K €;North East-South;Germany;0,0;10,0;27%;0,0;9%;0;0,0;0,3;0,4;0%;12,7;0;0,0;0,0;0,0;0,0;0,5;0,3;0;0,0;0,0;0,0;0,7;0,0;0;0,0;1,1;0,0;0,0;0,1;0,0;0,1;0,0;0,3;0,0;0,0;0,3;0,0;0;0,0;0;0.19;0;0,1;0;1818
German Kurbashyan;AM (R), ST (C);25;0 €;Lower Rhine;Germany;0,8;3,8;41%;0,0;14%;0;0,0;1,0;0,3;89%;14,2;0;0,2;1,6;0,8;0,2;1,1;1,4;0;22,6;0,5;4,3;1,2;0,5;4;0,0;3,5;0,0;0,1;0,5;10,0;0,6;8,3;0,2;0,4;1,3;0,2;0,4;0;0,0;16;-2.69;5;0,6;0;1512
Josef Elhajj;D (C);20;1,5K € - 12K €;RP/Saar;Germany;2,9;14,8;33%;0,2;0%;0;0,0;0,3;0,1;83%;3,6;0;0,8;2,6;0,6;0,2;0,1;0,1;0;46,4;2,7;2,8;0,3;0,0;4;0,0;0,4;0,8;0,6;0,0;9,6;0,1;6,5;0,1;0,0;4,6;0,1;0,0;0;0,5;71;-1.17;6;0,1;0;1511
Lasse Jetz;D (RLC);22;0 € - 95K €;Schleswig-Holstein;Germany;2,7;18,8;33%;0,1;10%;0;0,0;0,2;0,0;87%;2,6;0;1,2;2,5;1,1;0,5;0,2;0,3;0;46,2;2,1;4,0;0,2;0,0;12;0,0;0,9;0,5;0,8;0,1;9,6;0,1;8,0;0,0;0,1;5,0;0,0;0,1;0;1,1;62;-0.83;14;0,1;0;2010
Fabian Poß;ST (C);31;1K € - 10K €;RP/Saar;Germany;0,4;3,3;59%;0,0;26%;0;0,0;1,2;0,4;86%;13,3;0;0,1;1,4;1,0;0,2;0,6;1,1;0;27,3;0,6;3,4;1,2;0,2;3;0,1;1,9;0,0;0,0;0,5;10,0;0,3;10,3;0,1;0,4;2,3;0,1;0,4;20;0,2;22;3.22;4;0,3;0;1254
Marwan Kponton;ST (C);19;0 € - 40K €;North East-South;Germany;0,7;1,9;39%;0,0;11%;0;0,0;1,1;0,2;90%;20,9;0;0,1;1,4;0,5;0,2;0,8;0,9;0;23,3;0,6;3,4;1,1;0,7;3;0,1;2,3;0,0;0,1;0,3;8,8;0,3;8,3;0,0;0,5;1,5;0,1;0,5;22;0,1;18;0.1;4;0,3;0;1709
Maurice Wagner;AM (L), ST (C);19;1K € - 10K €;North East-South;Germany;2,3;5,6;37%;0,0;13%;0;0,0;1,7;0,6;90%;22,6;0;0,6;8,5;1,7;1,1;0,7;0,8;0;44,3;3,2;14,6;1,7;3,8;19;0,9;2,2;0,0;0,3;0,3;11,7;0,3;5,9;0,2;5,2;2,2;0,2;7,8;16;0,1;38;0.3;20;0,3;0;1570
Elia Zucht;M/AM (C);19;0 €;Lower Saxony;Germany;0,0;14,1;50%;0,0;21%;0;0,0;0,1;0,5;0%;13,9;0;0,0;0,0;0,0;0,0;0,2;0,4;0;0,0;0,0;0,0;0,1;0,0;0;0,0;0,8;0,0;0,0;0,2;0,0;0,1;0,0;0,1;0,0;0,0;0,1;0,0;0;0,0;0;1.43;0;0,1;0;1581
Tolunay Işık;GK;28;0 € - 12K €;Westphalia;Germany;0,0;3,9;0%;0,0;0%;67;0,2;0,0;0,0;67%;7,4;3.44;5,7;0,0;0,0;0,0;0,0;0,0;82;27,1;0,0;0,0;0,0;0,0;0;0,0;0,0;0,0;0,0;0,0;5,4;0,0;0,0;0,0;0,0;0,0;0,0;0,0;0;0,0;0;0;0;0,0;16;1336
Lucas Seidel;ST (C);23;0 € - 40K €;Bavaria North;Germany;0,7;1,8;45%;0,0;7%;0;0,0;0,9;0,1;92%;22,2;0;0,2;2,0;0,7;0,3;0,7;0,9;0;28,5;0,7;4,6;0,9;0,9;4;0,4;1,9;0,0;0,1;0,1;9,8;0,1;10,1;0,1;1,5;4,0;0,1;1,5;26;0,2;39;-0.12;5;0,1;0;1340
Valon Zhushi;D (L);20;12K € - 45K €;Lower Rhine;Germany;3,3;15,1;14%;0,0;0%;0;0,0;1,6;0,4;87%;10,6;0;0,7;3,9;1,4;1,3;0,0;0,0;0;55,9;6,4;10,5;1,6;0,6;27;0,3;0,3;0,7;0,2;0,0;11,2;0,1;4,6;0,2;2,5;2,6;0,2;2,5;13;0,3;57;-1.41;31;0,1;0;1846
Mattia Maggio;AM (L), ST (C);31;0 € - 30K €;Hamburg;Germany;1,3;3,1;37%;0,0;16%;0;0,0;1,2;0,1;88%;16,4;0;0,3;3,6;1,0;0,3;1,0;1,1;0;32,1;1,4;5,8;1,2;1,9;4;0,3;3,1;0,0;0,0;0,5;10,9;0,3;9,7;0,0;2,2;3,5;0,0;2,2;14;0,1;36;2.17;9;0,3;0;1116
Nicolas Clasen;D (LC), WB (L), DM;28;1K € - 9K €;Lower Rhine;Germany;2,0;14,7;27%;0,0;9%;0;0,0;1,1;0,1;88%;10,0;0;1,0;5,7;1,3;0,9;0,2;0,2;0;42,0;3,4;8,3;1,1;1,4;16;0,3;0,6;0,1;0,3;0,1;10,6;0,0;3,6;0,0;2,6;1,8;0,1;2,6;13;0,2;49;0.18;17;0,0;0;1569
Tobias Lippold;D (RC), DM, M (C);32;3,5K € - 12K €;Lower Rhine;Germany;2,6;14,7;38%;0,1;13%;0;0,0;1,2;0,7;86%;5,7;0;1,1;5,9;1,8;1,5;0,4;0,4;0;47,3;5,9;8,1;2,3;0,0;21;0,0;1,2;0,1;0,4;0,1;10,5;0,1;2,9;0,5;0,1;2,1;0,3;8,3;13;0,4;74;0.75;23;0,1;0;1226
Isaac Zufelde;D/WB (R);18;0 € - 14K €;Lower Rhine;Germany;2,8;9,8;19%;0,0;0%;0;0,0;0,8;0,1;83%;14,9;0;1,2;3,9;0,8;0,7;0,6;0,4;0;51,6;5,1;9,9;0,8;0,9;12;0,4;2,2;0,1;0,7;0,0;10,6;0,2;5,0;0,0;2,1;2,6;0,1;2,1;17;0,2;53;-3.92;13;0,2;0;1461
Bilal Sezer;DM, M/AM (C);31;0 € - 45K €;Lower Rhine;Germany;0,1;13,6;31%;0,0;19%;0;0,0;0,3;0,5;89%;12,3;0;0,1;0,9;0,3;0,3;0,3;0,3;0;6,8;0,5;1,0;0,3;0,1;5;0,0;1,1;0,0;0,0;0,2;1,6;0,1;0,3;0,2;0,0;0,1;0,2;0,0;0;0,0;40;1.23;5;0,1;0;1314
Alexander Bazdrigiannis;M (R), AM (RL), ST (C);23;14K € - 50K €;Bavaria South;Germany;2,2;11,2;43%;0,0;11%;0;0,0;1,7;0,3;91%;11,0;0;0,5;7,6;1,1;0,8;0,6;1,0;0;41,9;3,0;10,2;1,7;4,4;12;1,1;2,4;0,0;0,4;0,3;11,2;0,3;3,9;0,1;5,4;1,5;0,1;8,8;18;0,1;38;-1.03;16;0,3;0;1416
Meric-Nuh Gültekin;D (R), DM, M (C);21;12K € - 40K €;RP/Saar;Germany;2,1;20,4;29%;0,1;0%;0;0,0;0,6;0,4;89%;6,6;0;0,6;5,5;1,5;0,9;0,2;0,3;0;45,7;3,6;8,9;0,6;0,2;12;0,0;1,1;0,3;0,3;0,0;11,2;0,2;4,2;0,3;0,5;2,1;0,3;0,5;0;0,3;51;-2.12;16;0,2;0;1140
Joel Kouekem;DM, M (C);25;0 € - 50K €;Middle Rhine;Germany;2,3;12,3;7%;0,0;7%;0;0,0;1,2;0,4;89%;6,5;0;0,9;6,4;1,8;1,1;0,3;0,1;0;46,9;5,3;9,3;1,2;0,2;19;0,0;0,9;0,1;0,4;0,1;11,7;0,1;3,0;0,2;0,1;1,6;0,1;0,1;0;0,5;55;-0.97;21;0,1;0;1533
Emeraude Betani-Baku;AM (L), ST (C);22;0 €;North East-North;Germany;1,1;2,9;35%;0,0;9%;0;0,0;1,4;0,3;90%;15,8;0;0,2;3,4;0,8;0,4;0,2;0,6;0;31,8;1,3;5,0;1,4;1,1;5;0,3;1,8;0,0;0,1;0,2;9,7;0,3;6,0;0,0;2,1;2,7;0,1;2,1;15;0,2;45;-2.09;7;0,3;0;1131
Lukas Korytowski;ST (C);21;0 € - 110K €;Lower Rhine;Germany;0,5;1,3;47%;0,0;23%;0;0,0;1,4;0,2;92%;17,0;0;0,1;1,5;0,7;0,1;0,8;1,1;0;24,7;0,6;3,6;1,4;0,3;2;0,0;2,4;0,0;0,0;0,6;9,9;0,4;9,2;0,1;0,6;3,1;0,1;0,6;0;0,0;33;3.78;3;0,4;0;1770
Samuel Keller;D (C);20;500 € - 4,5K €;Baden-Württemberg;Germany;3,0;10,4;25%;0,0;25%;0;0,0;0,1;0,0;87%;4,7;0;0,9;2,0;0,8;0,3;0,1;0,2;0;48,5;1,9;2,6;0,1;0,0;4;0,0;0,7;0,2;0,3;0,2;9,1;0,1;5,9;0,0;0,0;4,0;0,0;0,0;0;0,7;68;1.11;4;0,1;0;1074
Christoph van der Heusen;DM, M (C);33;1,5K € - 6K €;Westphalia;Germany;2,8;16,6;18%;0,0;0%;0;0,0;0,7;0,2;90%;6,0;0;0,9;4,2;1,0;0,8;0,4;0,1;0;46,8;2,7;6,9;0,7;0,0;17;0,0;0,8;0,2;0,3;0,0;10,4;0,0;4,0;0,1;0,1;2,7;0,1;0,1;50;0,7;68;-1.04;20;0,0;0;1887
Eliezer Correia;D (LC), DM;29;1K € - 12K €;Lower Saxony;Germany;3,1;15,0;11%;0,0;0%;0;0,0;0,9;0,1;89%;11,8;0;1,5;4,9;1,3;1,3;0,2;0,1;0;51,9;5,1;9,6;0,9;0,3;21;0,2;0,5;0,2;0,7;0,0;11,2;0,1;5,9;0,1;2,4;4,0;0,1;2,4;7;0,8;68;-0.83;21;0,1;0;1487
Tim Birkner;D (RC);22;1K € - 10K €;North East-South;Germany;3,5;14,0;0%;0,1;0%;0;0,0;0,2;0,0;82%;4,7;0;1,0;3,2;0,8;0,3;0,3;0,0;0;48,9;1,9;4,8;0,2;0,1;4;0,0;0,8;0,4;0,6;0,0;10,2;0,1;6,9;0,0;0,0;5,5;0,1;0,0;0;0,9;79;-1.02;5;0,1;0;1050
Lenny Beulke;D (LC), DM;17;0 €;North East-South;Germany;2,9;10,0;13%;0,1;0%;0;0,0;0,8;0,2;90%;8,0;0;1,1;4,7;1,3;1,1;0,3;0,1;0;46,5;4,1;9,4;0,8;0,3;16;0,1;0,5;0,1;0,5;0,0;12,0;0,0;2,5;0,2;0,5;1,1;0,2;0,5;14;0,1;42;-0.71;17;0,0;0;1347
Cem Demir;ST (C);21;0 € - 95K €;RP/Saar;Germany;0,8;1,3;44%;0,0;10%;0;0,0;0,9;0,2;88%;17,2;0;0,1;1,3;0,6;0,3;0,7;1,5;0;23,6;0,7;3,6;0,9;0,6;6;0,1;3,4;0,0;0,1;0,3;9,7;0,4;11,4;0,1;0,4;4,4;0,0;0,4;14;0,0;38;-0.85;6;0,4;0;1604
Lukas Knechtel;D/WB/M (RL), AM (L);31;0 €;North East-North;Germany;1,3;6,4;45%;0,0;20%;0;0,0;1,5;0,3;90%;18,5;0;0,3;7,4;2,2;1,4;0,4;0,5;0;42,8;3,0;12,2;1,5;2,7;28;0,4;1,0;0,0;0,2;0,2;11,8;0,1;5,4;0,1;5,0;1,9;0,2;5,0;8;0,1;36;1.17;38;0,1;0;1781
Florian Stütz;D (C), DM, M (C);35;1,5K € - 5K €;Bremen;Germany;1,5;35,4;29%;0,1;5%;0;0,0;0,9;0,6;91%;5,9;0;1,0;4,5;1,3;1,0;0,3;0,3;0;47,6;3,6;7,1;1,3;0,3;17;0,1;1,2;0,2;0,5;0,1;9,8;0,1;2,4;0,4;0,2;1,2;0,6;0,2;25;0,1;51;-1.53;17;0,1;0;1552
Fabio Anger;D (C);21;0 €;North East-South;Germany;3,4;12,8;20%;0,0;7%;0;0,0;0,1;0,0;90%;3,8;0;0,9;2,3;0,7;0,3;0,2;0,2;0;48,0;1,6;2,8;0,1;0,0;5;0,0;0,8;0,8;0,5;0,1;9,6;0,1;7,6;0,0;0,0;4,4;0,0;0,0;0;1,4;58;-0.44;6;0,1;0;1751
Abdul-Razak Dikeni;D (C);21;12K € - 40K €;Hessia;Germany;4,2;11,8;11%;0,1;0%;0;0,0;0,1;0,0;85%;4,0;0;0,8;2,5;0,9;0,5;0,4;0,1;0;49,0;2,1;2,8;0,1;0,0;9;0,0;1,0;1,7;0,3;0,0;9,3;0,1;6,1;0,0;0,0;4,4;0,0;0,0;0;1,0;72;-1.46;11;0,1;0;1702
Luís Ribeiro;D (C), DM, M (C);21;0 €;Bavaria South;Germany;2,4;11,4;21%;0,0;14%;0;0,0;0,8;0,4;90%;7,5;0;1,1;4,6;0,8;0,8;0,5;0,2;0;41,8;4,5;6,2;0,8;0,0;10;0,0;1,1;0,2;0,4;0,2;10,0;0,1;3,4;0,3;0,1;1,4;0,3;0,1;0;0,7;41;0.81;10;0,1;0;1177
André Karmann;D (L), DM;33;0 € - 12K €;Bavaria North;Germany;3,3;15,5;0%;0,0;0%;0;0,0;0,8;0,3;86%;13,5;0;1,3;5,7;1,6;1,8;0,0;0,0;0;53,2;5,6;10,5;1,4;0,4;32;0,1;0,1;0,6;0,5;0,0;11,3;0,0;3,8;0,3;3,2;1,3;0,3;3,7;4;0,6;34;-0.02;40;0,0;0;1624
Moussa Belaid;DM, M (C), AM (RC);21;0 €;North East-South;Germany;2,2;12,4;42%;0,0;25%;0;0,0;1,0;0,3;90%;13,1;0;0,6;4,1;0,9;0,4;0,4;0,4;0;43,1;2,3;7,7;1,0;0,6;5;0,2;1,0;0,0;0,4;0,2;11,5;0,1;4,9;0,2;0,4;1,0;0,1;0,4;60;0,3;21;1.9;7;0,1;0;1116
Tommy Bubel;D (C);23;0 € - 14K €;RP/Saar;Germany;2,6;29,3;0%;0,1;0%;0;0,0;0,4;0,2;92%;5,6;0;1,1;4,7;1,6;0,9;0,1;0,0;0;45,4;2,5;8,1;0,4;0,0;16;0,1;0,3;0,3;0,4;0,0;10,8;0,1;2,2;0,1;0,2;1,2;0,1;0,2;33;0,1;56;-1.04;21;0,1;0;1620
Cederic Becker;M/AM (C);20;12K € - 45K €;North East-North;Germany;1,2;10,6;48%;0,1;16%;0;0,0;1,4;0,3;89%;19,8;0;0,4;4,1;0,9;0,6;0,5;0,8;0;40,3;2,3;10,6;1,7;0,9;11;0,1;1,6;0,0;0,2;0,3;12,1;0,2;5,5;0,1;0,7;2,6;0,3;3,2;18;0,0;48;1.42;13;0,2;0;1711
Michael Plänitz;D (C), DM;38;0 €;Bavaria North;Germany;3,6;16,4;18%;0,1;9%;0;0,0;0,3;0,0;88%;4,8;0;1,0;3,0;1,0;0,5;0,6;0,3;0;46,7;2,8;3,3;0,3;0,0;9;0,0;1,9;1,0;0,3;0,2;9,9;0,2;7,0;0,0;0,1;4,7;0,1;0,1;0;1,3;67;0.23;12;0,2;0;1605
Asmar Paenda;D/WB (R), DM, M (R);23;6K € - 20K €;Westphalia;Germany;2,2;19,0;22%;0,0;4%;0;0,0;1,1;0,2;85%;12,0;0;1,0;5,2;1,7;1,0;0,6;0,4;0;47,0;4,2;10,3;1,1;1,2;16;0,7;1,6;0,4;0,3;0,1;11,2;0,2;3,8;0,2;3,0;2,0;0,1;8,5;16;0,3;52;-1.59;19;0,2;0;1476
Marco Pfab;DM, M/AM (C);28;0 € - 45K €;Bavaria North;Germany;2,5;17,0;32%;0,1;11%;0;0,0;0,6;0,3;89%;9,3;0;1,3;5,0;1,4;0,9;0,7;0,3;0;46,9;3,4;9,0;0,6;0,2;17;0,1;1,0;0,0;0,4;0,1;11,4;0,1;2,3;0,1;0,4;1,0;0,1;0,4;25;0,1;43;0.97;21;0,1;0;1742
Felix Bartoschik;D (R);17;85K € - 300K €;Bavaria North;Germany;3,7;5,3;18%;0,1;7%;0;0,0;0,9;0,0;85%;13,5;0;1,0;3,9;0,9;0,7;0,6;0,3;0;54,9;6,1;10,0;0,9;0,4;11;0,1;1,9;0,1;0,7;0,1;10,9;0,2;5,6;0,0;1,9;3,8;0,1;1,9;6;0,4;68;-0.68;14;0,2;0;1350
Nasrullah Dedemen;DM, M (C);31;7K € - 24K €;Middle Rhine;Germany;0,5;12,2;20%;0,0;7%;0;0,0;0,1;0,2;94%;11,0;0;0,2;0,1;0,0;0,0;0,7;0,3;0;6,8;0,1;2,3;0,1;0,1;0;0,0;1,3;0,0;0,1;0,1;2,5;0,2;3,1;0,1;0,0;1,8;0,0;0,0;0;0,0;57;-0.75;0;0,2;0;1016
Jannis Kuckertz;D (RL), WB (L);20;0 €;Middle Rhine;Germany;2,7;17,7;33%;0,1;0%;0;0,0;1,4;0,2;88%;15,2;0;1,2;6,4;1,3;1,0;0,1;0,1;0;56,3;6,5;11,6;1,4;1,7;22;0,6;0,3;0,5;0,8;0,0;10,9;0,0;5,0;0,1;3,6;3,0;0,1;6,4;14;0,6;61;-0.67;23;0,0;0;2040
Calvin Sengül;M (RL), ST (C);29;1,5K € - 12K €;Bavaria North;Germany;0,8;1,7;42%;0,0;21%;0;0,0;0,9;0,2;89%;14,9;0;0,3;1,4;0,7;0,2;0,8;0,9;0;24,2;0,8;4,4;0,9;0,7;3;0,1;2,1;0,0;0,1;0,4;10,0;0,2;9,4;0,1;0,4;1,3;0,1;0,4;14;0,2;14;4.36;4;0,2;0;1623
Florian Pflügler;D (C), DM;33;1,5K € - 6K €;Bavaria South;Germany;2,7;14,4;11%;0,1;11%;0;0,0;0,1;0,0;84%;4,4;0;0,7;2,3;0,5;0,5;0,3;0,1;0;46,9;2,6;2,7;0,1;0,0;9;0,0;0,5;1,1;0,5;0,1;9,7;0,0;7,6;0,0;0,0;5,7;0,0;0,0;0;1,5;75;0.51;12;0,0;0;1688
Vleron Isljami;M (RL), AM (RC);17;6K € - 55K €;Lower Rhine;Germany;1,8;5,2;33%;0,0;10%;0;0,0;1,6;0,4;92%;20,7;0;0,6;7,3;1,9;1,3;0,5;0,8;0;39,9;2,7;13,5;1,9;4,3;22;1,8;2,3;0,0;0,3;0,2;11,9;0,2;5,9;0,2;7,1;1,9;0,1;7,7;23;0,1;32;-0.23;23;0,2;0;1537
Manuel Stark;M (RL), AM (R), ST (C);33;500 € - 4,5K €;Bavaria North;Germany;0,8;2,6;50%;0,0;8%;0;0,0;1,0;0,3;91%;18,2;0;0,4;1,4;0,7;0,1;0,8;1,5;0;28,5;0,7;4,6;1,1;0,1;1;0,0;2,9;0,0;0,1;0,2;9,4;0,4;8,7;0,1;0,4;1,3;0,1;5,2;7;0,1;15;-2.36;2;0,4;0;1234
Bennet van den Berg;AM (RL), ST (C);26;35K € - 130K €;Westphalia;Germany;2,0;5,1;42%;0,0;19%;0;0,0;1,9;0,2;88%;16,1;0;0,4;7,5;2,1;1,7;0,9;0,7;0;42,7;3,1;12,0;1,9;2,9;35;0,9;1,7;0,0;0,0;0,3;11,5;0,2;5,8;0,1;4,5;1,3;0,0;4,5;19;0,2;22;3.45;40;0,2;0;1897
Fabian Dellermann;GK;27;0 € - 30K €;Bavaria North;Germany;0,2;5,5;0%;0,0;0%;73;-0,0;0,0;0,0;70%;7,8;-0.12;3,9;0,0;0,0;0,1;0,0;0,0;88;26,7;0,3;0,1;0,0;0,0;1;0,0;0,0;0,0;0,0;0,0;5,0;0,0;0,0;0,0;0,0;0,0;0,0;0,0;0;0,0;0;0;1;0,0;18;1800
Valdrin Konjuhi;AM (C), ST (C);23;0 € - 18K €;Bavaria South;Germany;1,2;1,8;47%;0,0;29%;0;0,0;0,9;0,1;85%;15,2;0;0,2;1,8;0,6;0,2;0,9;1,4;0;27,7;0,5;3,9;0,9;1,0;3;0,1;3,1;0,1;0,1;0,9;9,3;0,4;10,7;0,1;0,5;4,5;0,1;0,5;28;0,1;42;6.5;3;0,4;0;1321
Georgios Labroussis;D (L);23;0 € - 85K €;North East-North;Germany;4,2;16,0;0%;0,0;0%;0;0,0;1,0;0,1;87%;12,3;0;1,2;4,8;1,1;0,8;0,1;0,0;0;57,8;6,5;9,9;1,0;0,4;13;0,3;0,2;0,8;0,6;0,0;11,0;0,0;4,3;0,1;2,5;2,9;0,1;2,5;10;0,3;69;-0.38;19;0,0;0;1414
Younes Derbali;M (LC);22;0 € - 40K €;Middle Rhine;Germany;2,1;5,2;37%;0,0;16%;0;0,0;1,7;0,3;90%;19,8;0;0,5;6,6;2,2;1,2;0,3;0,5;0;40,6;3,2;13,1;1,7;2,3;19;1,0;1,2;0,0;0,2;0,2;10,7;0,2;3,5;0,3;4,4;0,5;0,2;4,8;21;0,0;15;0.51;25;0,2;0;1394
Meriton Vrenezi;AM (L), ST (C);25;12K € - 45K €;Bavaria South;Germany;0,7;2,7;38%;0,0;10%;0;0,0;0,8;0,1;86%;13,6;0;0,3;1,7;0,5;0,1;0,6;0,9;0;27,2;0,6;3,9;0,9;0,9;2;0,1;2,3;0,0;0,2;0,2;10,0;0,2;9,8;0,0;0,3;2,7;0,0;0,4;28;0,0;28;-0.22;6;0,2;0;1561
Gilles Cedric Kamdem;D (RC), DM;21;0 € - 22K €;North East-North;Germany;3,7;10,8;23%;0,0;3%;0;0,0;0,7;0,2;86%;13,8;0;1,0;3,3;1,2;0,7;0,6;0,5;0;52,0;4,9;10,1;0,7;0,6;14;0,3;2,0;1,2;0,5;0,1;10,8;0,2;5,2;0,1;2,2;3,3;0,2;2,2;13;0,5;64;-3.07;17;0,2;0;1730
Marvin Weusthoff;GK;36;0 €;Westphalia;Germany;0,0;3,9;0%;0,0;0%;68;-0,2;0,0;0,0;73%;6,3;-5.16;3,2;0,0;0,0;0,0;0,0;0,0;89;26,2;0,0;0,0;0,2;0,0;1;0,0;0,0;0,0;0,0;0,0;4,9;0,0;0,0;0,0;0,0;0,0;0,0;0,0;0;0,0;0;0;3;0,0;27;1901
Marlon Becker;M (C), AM (RC);20;1K € - 12K €;Middle Rhine;Germany;1,7;6,9;52%;0,1;19%;0;0,0;2,0;0,0;88%;12,6;0;0,5;7,9;1,8;1,1;0,9;0,8;0;40,8;3,9;9,8;2,0;4,1;14;1,3;1,6;0,0;0,1;0,3;10,7;0,1;4,6;0,1;6,6;2,0;0,1;6,6;19;0,2;44;1.85;17;0,2;0;1190
Justus Klein;M (L), AM (C), ST (C);28;0 € - 3,5K €;RP/Saar;Germany;0,7;0,9;38%;0,0;13%;0;0,0;0,7;0,1;90%;19,3;0;0,2;1,4;0,6;0,2;0,9;0,8;0;24,0;0,3;4,2;0,7;0,8;3;0,1;2,2;0,0;0,2;0,3;9,8;0,3;8,6;0,1;0,4;1,8;0,0;0,4;14;0,1;21;0.07;5;0,3;0;1614
Kaan Aygün;M (R), AM (RL), ST (C);29;14K € - 45K €;Bavaria South;Germany;1,9;12,3;38%;0,0;14%;0;0,0;1,2;0,3;91%;16,8;0;0,6;7,1;1,3;1,0;0,3;0,5;0;40,9;2,7;10,9;1,4;3,1;16;1,2;1,3;0,0;0,3;0,2;11,7;0,3;5,0;0,3;5,2;1,5;0,3;5,2;23;0,1;31;-1.08;16;0,3;0;1416
Kevin Rombach;GK;34;6K € - 20K €;Baden-Württemberg;Germany;0,0;5,1;0%;0,0;0%;78;0,3;0,1;0,0;71%;5,4;6.36;5,1;0,0;0,0;0,0;0,0;0,0;88;26,3;0,0;0,0;0,1;0,0;0;0,0;0,0;0,0;0,0;0,0;5,8;0,0;0,0;0,0;0,0;0,0;0,0;0,0;0;0,0;0;0;1;0,0;23;1710
Guilherme Appel;ST (C);36;0 €;Hessia;Germany;0,8;1,4;42%;0,0;13%;0;0,0;0,8;0,3;89%;21,1;0;0,4;1,2;0,4;0,1;0,4;1,0;0;22,5;0,2;4,3;0,8;0,3;1;0,1;2,5;0,0;0,1;0,3;9,3;0,3;8,9;0,3;0,3;2,1;0,4;0,9;7;0,0;24;1.06;1;0,3;0;1379
Eric Träger;D (LC);27;0 € - 40K €;North East-South;Germany;3,4;11,8;23%;0,1;0%;0;0,0;0,3;0,2;83%;2,8;0;0,9;2,3;0,7;0,3;0,1;0,1;0;47,5;2,0;2,9;0,3;0,0;6;0,0;0,6;0,6;0,6;0,0;9,6;0,1;7,7;0,1;0,0;5,6;0,1;0,0;0;1,3;72;-1.92;7;0,1;0;1890
Jason Ejesieme;AM (RL), ST (C);23;0 €;Lower Saxony;Germany;1,4;3,8;33%;0,1;22%;0;0,0;1,6;0,1;88%;19,4;0;0,4;7,2;2,0;1,5;0,6;0,6;0;41,2;3,0;10,6;1,6;2,7;23;0,7;1,7;0,0;0,0;0,4;11,5;0,2;5,8;0,0;5,3;2,1;0,1;5,3;13;0,1;36;3.11;26;0,2;0;1419
David Schramm;DM, M (C);19;20K € - 210K €;RP/Saar;Germany;2,7;17,1;14%;0,1;0%;0;0,0;0,9;0,4;87%;6,1;0;1,6;3,5;1,5;1,1;0,1;0,1;0;47,2;2,7;6,7;0,9;0,1;15;0,0;0,5;0,1;0,5;0,0;10,5;0,1;4,5;0,1;0,3;2,8;0,1;0,3;0;0,6;63;-0.76;18;0,1;0;1250
Steven Neupert;DM, M/AM (C);32;0 € - 22K €;Baden-Württemberg;Germany;2,9;22,2;0%;0,0;0%;0;0,0;0,9;0,4;92%;6,8;0;1,5;6,0;0,8;0,5;0,1;0,0;0;43,7;4,3;8,8;0,9;0,1;7;0,1;0,2;0,3;0,7;0,0;11,3;0,0;3,2;0,2;0,1;1,6;0,2;0,1;50;0,3;50;-0.22;13;0,0;0;1346
Berkan Can Bartu;M (R), AM (RL);22;3,5K € - 35K €;Lower Rhine;Germany;2,1;4,0;42%;0,0;11%;0;0,0;2,0;0,1;90%;16,2;0;0,6;7,6;1,4;0,8;0,8;0,9;0;39,8;3,3;10,1;2,0;3,9;14;1,6;2,1;0,0;0,1;0,2;11,2;0,2;3,2;0,1;6,7;0,1;0,1;6,7;23;0,1;4;0.48;20;0,2;0;1518
Patrick Siemer;D/WB/M (R);25;0 € - 16K €;Lower Saxony;Germany;2,7;12,5;10%;0,1;6%;0;0,0;0,6;0,2;88%;13,3;0;1,3;4,7;2,0;1,8;0,6;0,2;0;53,2;5,5;11,4;0,6;0,4;35;0,5;1,6;0,2;0,2;0,1;11,5;0,2;4,9;0,0;2,5;2,3;0,0;2,5;20;0,3;48;-1.95;35;0,2;0;1744
Luca Janosch;GK;19;0 €;Westphalia;Germany;0,0;3,1;0%;0,0;0%;67;0,0;0,0;0,0;71%;5,8;0.99;4,5;0,0;0,0;0,0;0,0;0,0;89;25,6;0,0;0,0;0,5;0,0;0;0,0;0,0;0,0;0,0;0,0;5,1;0,0;0,0;0,0;0,0;0,0;0,0;0,0;0;0,0;0;0;0;0,0;26;1980
Ansgar Kuhlmann;AM (RL), ST (C);20;1K € - 9K €;Lower Saxony;Germany;0,9;1,2;54%;0,0;23%;0;0,0;0,7;0,1;88%;19,0;0;0,3;1,5;0,7;0,2;0,2;1,1;0;24,2;0,2;3,4;0,7;0,8;2;0,1;2,1;0,0;0,1;0,5;9,7;0,2;8,6;0,1;0,3;1,4;0,0;0,3;25;0,0;16;3.01;2;0,2;0;1116
Niklas Klinke;D/WB/M (L);19;1K € - 12K €;Westphalia;Germany;2,4;9,1;57%;0,0;11%;0;0,0;1,4;0,1;90%;14,9;0;0,8;7,4;1,5;1,2;0,2;0,7;0;45,5;3,6;9,7;1,4;2,4;25;0,5;1,3;0,1;0,4;0,1;11,5;0,1;3,9;0,1;3,5;1,0;0,1;3,5;13;0,1;25;0.43;30;0,1;0;1936
Luca Kerber;DM, M (RC), AM (R);19;0 €;Bavaria South;Germany;1,8;13,3;25%;0,1;8%;0;0,0;1,1;0,4;90%;9,5;0;1,0;6,6;1,8;1,0;0,4;0,3;0;49,3;3,1;10,9;1,1;1,8;21;0,4;1,2;0,3;0,5;0,1;11,2;0,1;2,4;0,1;2,6;0,8;0,1;2,7;17;0,0;34;-0.45;27;0,1;0;1873
Julius Alt;M/AM (C), ST (C);27;0 € - 75K €;Schleswig-Holstein;Germany;0,0;11,6;36%;0,0;6%;0;0,0;0,4;0,3;0%;9,2;0;0,0;0,0;0,0;0,0;0,9;0,8;0;0,0;0,0;0,0;0,4;0,0;0;0,0;2,3;0,0;0,0;0,1;0,0;0,2;0,0;0,3;0,0;0,0;0,4;0,0;0;0,0;0;-0.8;0;0,2;0;1313
Moritz Krause;D (RL);20;500 € - 3,5K €;Westphalia;Germany;3,0;8,3;5%;0,1;3%;0;0,0;0,9;0,2;84%;17,8;0;1,2;4,0;2,4;1,1;0,7;0,1;0;52,5;5,0;10,0;0,9;0,3;16;0,1;2,6;0,1;0,3;0,1;10,3;0,2;5,7;0,1;2,0;3,7;0,1;2,4;2;0,7;65;-2.34;19;0,2;0;1261
Sven Raude;DM;17;8K € - 75K €;Hessia;Germany;2,5;16,6;22%;0,1;11%;0;0,0;1,1;0,2;89%;4,7;0;1,5;3,6;1,2;0,9;0,3;0,1;0;45,0;5,1;8,8;1,3;0,3;12;0,0;0,7;0,1;0,5;0,1;11,5;0,1;2,7;0,2;0,1;1,8;0,3;0,1;0;0,1;67;0.3;14;0,1;0;1211
Bekem Bicki;ST (C);21;0 €;Baden-Württemberg;Germany;0,8;1,8;50%;0,0;12%;0;0,0;1,3;0,2;92%;23,8;0;0,2;1,3;0,9;0,1;0,5;1,7;0;24,7;0,9;3,1;1,3;0,5;1;0,1;3,3;0,0;0,1;0,4;9,4;0,4;9,5;0,1;0,3;1,9;0,2;0,3;25;0,1;20;0.46;3;0,4;0;1143
Gabriel Freimuth;DM, M (C);18;1,5K € - 14K €;Bavaria South;Germany;2,5;11,3;45%;0,1;15%;0;0,0;1,0;0,4;89%;6,6;0;1,3;6,1;1,0;0,8;0,6;0,6;0;50,9;3,4;10,2;1,0;0,1;12;0,1;1,3;0,5;0,5;0,2;10,8;0,1;2,8;0,2;0,3;1,5;0,1;0,4;16;0,0;53;0.86;14;0,1;0;1382
Andreas Schuster;D (LC), DM;34;0 €;Bavaria North;Germany;3,0;11,2;43%;0,2;0%;0;0,0;0,2;0,1;83%;4,3;0;1,3;3,0;1,2;0,7;0,2;0,2;0;48,0;3,0;2,7;0,2;0,0;8;0,0;0,6;0,2;0,7;0,0;9,3;0,0;7,5;0,1;0,1;5,2;0,0;0,1;0;1,1;69;-0.49;10;0,0;0;1093
Marwin Ailiesei;M (RC), AM (R);22;0 € - 8K €;Middle Rhine;Germany;2,2;5,6;58%;0,0;25%;0;0,0;1,1;0,3;92%;13,5;0;0,6;8,3;1,8;0,9;0,1;0,4;0;40,7;4,5;18,0;1,1;2,3;14;1,0;0,8;0,0;0,2;0,2;12,6;0,1;4,5;0,2;4,0;0,3;0,4;4,0;25;0,3;6;0.69;29;0,1;0;1414
Sam Hobert;AM (L);18;0 €;Lower Rhine;Germany;2,3;4,1;35%;0,0;13%;0;0,0;2,0;0,4;91%;21,7;0;0,4;7,4;1,9;1,4;0,4;0,5;0;43,3;4,0;12,0;2,0;2,5;23;1,0;1,4;0,0;0,2;0,2;11,4;0,1;4,7;0,1;5,1;1,4;0,1;5,1;20;0,1;31;0.67;25;0,1;0;1497
Tim Galleski;M (R), AM (RL);28;0 € - 22K €;Lower Rhine;Germany;2,2;4,7;29%;0,1;11%;0;0,0;2,0;0,1;90%;14,5;0;0,5;8,4;1,8;1,0;0,8;0,6;0;41,6;3,3;11,4;3,1;4,0;18;1,4;2,2;0,0;0,2;0,2;11,5;0,3;3,9;0,1;6,7;0,9;0,2;14,1;16;0,0;23;-0.41;22;0,3;0;1578
Ryo Iwata;D (RL), WB/M (R);25;0 € - 8K €;RP/Saar;Germany;3,4;8,1;33%;0,0;11%;0;0,0;0,7;0,2;85%;17,8;0;0,9;4,2;1,5;1,2;0,1;0,1;0;53,7;5,8;12,5;0,7;0,8;25;0,3;0,5;0,1;0,5;0,1;11,9;0,1;4,4;0,1;3,7;2,1;0,1;9,3;6;0,1;48;-0.15;30;0,1;0;1800
Achilleas Oikonomidis;D (RC);21;1,5K € - 12K €;North East-South;Germany;3,4;8,7;31%;0,1;3%;0;0,0;0,9;0,1;85%;12,4;0;0,9;5,7;1,8;0,7;0,6;0,5;0;55,5;6,2;13,6;0,9;0,3;13;0,2;1,6;0,1;0,4;0,1;11,2;0,2;4,3;0,1;2,0;2,0;0,1;2,2;12;0,4;46;-2.24;18;0,2;0;1614
Cornelius Pfeiffer;ST (C);19;2,5K € - 26K €;Bavaria North;Germany;0,7;2,2;49%;0,0;17%;0;0,0;1,2;0,2;86%;20,6;0;0,1;1,8;0,7;0,3;1,0;1,3;0;31,6;0,9;4,7;1,2;0,5;4;0,1;2,7;0,1;0,1;0,5;10,1;0,3;11,4;0,2;0,3;3,5;0,3;0,3;25;0,1;31;3;4;0,3;0;1369
Serdar Bingöl;D (RL), WB/M (R);29;0 € - 50K €;Westphalia;Germany;3,3;16,4;17%;0,0;0%;0;0,0;1,3;0,1;82%;14,0;0;1,2;3,6;1,5;0,9;0,3;0,3;0;53,2;5,9;10,0;1,3;0,4;16;0,3;1,5;0,5;0,3;0,0;10,5;0,2;5,0;0,1;2,3;3,0;0,1;2,3;13;0,4;60;-3.62;25;0,2;0;1686
Vincent Zajaczkowski;D (RL);20;10K € - 35K €;Lower Rhine;Germany;3,7;18,2;10%;0,1;5%;0;0,0;1,0;0,4;85%;11,9;0;1,0;5,3;1,1;0,8;0,4;0,2;0;50,7;6,9;10,2;1,0;0,7;16;0,6;2,0;0,2;0,6;0,1;10,6;0,2;4,6;0,1;2,3;2,5;0,2;3,1;20;0,3;55;-2.44;19;0,2;0;1794
Lucas Markert;AM (C), ST (C);25;0 € - 20K €;Bavaria North;Germany;0,9;4,0;43%;0,0;20%;0;0,0;0,8;0,2;90%;17,7;0;0,3;2,2;0,6;0,1;0,7;0,9;0;27,9;0,5;4,2;0,8;0,4;1;0,0;2,1;0,0;0,2;0,4;10,1;0,3;7,4;0,1;0,6;1,2;0,1;0,6;0;0,0;17;2.87;4;0,3;0;1696
Maximilian Sollfrank;DM, M (LC);18;0 €;Bavaria South;Germany;0,0;9,9;33%;0,0;17%;0;0,0;0,1;0,0;0%;12,2;0;0,0;0,0;0,0;0,0;0,1;0,2;0;0,0;0,0;0,0;0,1;0,0;0;0,0;0,5;0,0;0,0;0,1;0,0;0,1;0,0;0,2;0,0;0,0;0,1;1,4;6;0,0;0;-0.34;0;0,1;0;1032
Georgios Shengelia;AM (RL), ST (C);22;0 € - 45K €;RP/Saar;Germany;2,0;3,5;44%;0,0;20%;0;0,0;1,4;0,2;90%;18,7;0;0,5;7,7;2,1;1,3;1,0;1,1;0;43,0;2,8;9,2;1,4;3,8;21;0,8;2,5;0,0;0,5;0,5;11,0;0,2;5,2;0,1;6,2;2,2;0,2;6,2;12;0,1;43;4.73;24;0,2;0;1498
Baran Özmen;WB (R), DM, M/AM (RC);17;0 €;Bavaria South;Germany;2,5;12,1;17%;0,0;17%;0;0,0;1,6;0,2;86%;14,1;0;1,3;8,2;1,9;1,5;0,2;0,1;0;49,5;5,1;16,4;1,6;1,3;26;1,0;0,3;0,1;0,3;0,1;12,4;0,0;3,2;0,1;6,5;1,3;0,1;6,5;15;0,2;42;0.43;30;0,0;0;1556
Gino Portella;D (LC);24;3K € - 12K €;Baden-Württemberg;Germany;3,7;15,2;55%;0,1;27%;0;0,0;0,3;0,1;86%;3,5;0;0,8;2,3;0,8;0,4;0,1;0,3;0;48,9;2,5;2,5;0,3;0,0;7;0,0;0,6;0,4;0,8;0,2;10,1;0,1;6,7;0,1;0,1;4,2;0,2;0,1;0;1,1;63;1.63;8;0,1;0;1611
Donat Morina;D (C), DM;21;0 €;Baden-Württemberg;Germany;3,5;14,1;0%;0,1;0%;0;0,0;0,1;0,0;92%;3,6;0;0,8;2,4;0,6;0,2;0,5;0,0;0;47,8;1,7;3,7;0,1;0,0;3;0,0;0,9;0,5;0,8;0,0;9,7;0,0;5,7;0,0;0,0;3,2;0,0;0,0;0;0,3;56;-0.81;5;0,0;0;1560
Tim Kortüm;DM, M (C);21;0 €;North East-North;Germany;2,6;14,8;27%;0,1;9%;0;0,0;0,4;0,2;89%;9,4;0;1,1;4,2;1,0;0,6;0,2;0,2;0;40,7;2,4;7,4;0,6;0,1;12;0,0;0,6;0,3;0,4;0,1;9,7;0,1;3,3;0,1;0,1;1,9;0,2;1,4;19;0,3;58;-0.25;14;0,1;0;1681
Ali Ferati;M/AM (C);26;0 €;Baden-Württemberg;Germany;1,3;5,8;29%;0,0;9%;0;0,0;1,2;0,2;87%;16,2;0;0,2;6,5;1,4;0,7;0,5;0,6;0;35,0;2,8;9,5;1,2;2,5;11;0,9;2,1;0,0;0,3;0,2;9,6;0,2;3,5;0,1;6,5;0,9;0,2;6,5;13;0,0;26;-1.18;17;0,2;0;1510
Alex Chiarodia;D (LC), DM, M (C);24;0 € - 35K €;Lower Saxony;Germany;2,5;14,3;20%;0,1;0%;0;0,0;0,7;0,3;87%;7,0;0;1,4;3,6;1,0;0,7;0,2;0,1;0;46,2;3,1;8,3;0,7;0,0;11;0,0;0,6;0,1;0,7;0,0;11,1;0,1;3,4;0,1;0,1;1,8;0,2;0,1;0;0,2;52;-1.03;13;0,1;0;1462
Marco Dawid;D/WB (R), DM, M/AM (R);31;0 € - 30K €;Hessia;Germany;1,9;12,3;20%;0,1;0%;0;0,0;0,6;0,1;86%;7,3;0;0,9;6,0;1,6;0,7;0,2;0,1;0;47,0;3,2;8,4;0,6;0,5;13;0,1;0,6;0,1;0,7;0,0;11,1;0,1;2,1;0,1;0,3;0,6;0,1;0,3;20;0,1;26;-1.03;21;0,1;0;1602
Stefan Kiefer;GK;24;0 € - 35K €;North East-South;Germany;0,0;2,1;0%;0,0;0%;65;-0,0;0,1;0,0;67%;6,9;-0.66;4,8;0,0;0,0;0,0;0,0;0,0;90;25,9;0,0;0,0;0,1;0,0;0;0,0;0,0;0,0;0,0;0,0;5,2;0,0;0,0;0,0;0,0;0,0;0,0;0,0;0;0,0;0;0;0;0,0;16;1472
Mischa Häuser;M/AM (RL), ST (C);25;0 €;Hessia;Germany;0,7;3,0;44%;0,0;14%;0;0,0;1,6;0,2;88%;18,2;0;0,2;2,7;1,1;0,6;0,5;0,9;0;27,5;1,4;4,7;2,0;0,8;13;0,2;2,1;0,0;0,0;0,3;8,8;0,3;8,9;0,2;1,0;1,8;0,2;7,6;6;0,1;21;-0.39;15;0,3;0;1807
Alex da Graca Marques;ST (C);20;0 €;North East-North;Germany;1,0;2,1;62%;0,0;21%;0;0,0;1,2;0,1;90%;16,4;0;0,2;1,0;0,4;0,1;0,7;1,2;0;23,3;0,5;4,0;1,2;0,6;2;0,0;2,0;0,0;0,0;0,4;9,2;0,2;9,2;0,1;0,3;2,8;0,1;0,3;0;0,1;30;3.5;2;0,2;0;1298
Jerome Leroy;DM, M (RC), AM (C);36;0 € - 5K €;North East-North;Germany;2,3;17,6;19%;0,0;5%;0;0,0;1,0;0,2;91%;12,1;0;0,7;5,9;1,4;0,6;0,4;0,2;0;43,2;2,4;9,4;1,2;0,3;11;0,2;1,1;0,1;0,2;0,1;11,4;0,2;4,0;0,2;0,7;2,1;0,3;0,7;23;0,2;53;-2.32;19;0,2;0;1692
Johan Spallek;GK;18;0 € - 30K €;North East-South;Germany;0,0;2,8;0%;0,0;0%;65;-0,2;0,0;0,0;73%;7,1;-2.29;3,6;0,0;0,0;0,0;0,0;0,0;88;26,5;0,0;0,0;0,0;0,0;0;0,0;0,0;0,0;0,0;0,0;5,3;0,0;0,0;0,0;0,0;0,0;0,0;0,0;0;0,0;0;0;1;0,0;27;1350
Luan Braun;D/WB/M/AM (L);19;0 € - 30K €;Middle Rhine;Germany;2,7;14,4;17%;0,1;0%;0;0,0;1,4;0,2;88%;12,2;0;1,1;5,2;2,3;1,8;0,1;0,1;0;51,9;5,5;12,2;1,4;0,5;34;0,2;0,3;0,5;0,3;0,0;11,6;0,0;4,9;0,1;2,2;2,9;0,0;2,2;9;0,7;59;-0.93;38;0,0;0;1733
Ruwen Albrecht;ST (C);19;500 € - 3,5K €;Lower Saxony;Germany;1,0;0,9;50%;0,0;18%;0;0,0;0,4;0,0;88%;16,0;0;0,2;1,3;0,4;0,1;0,4;0,9;0;24,7;0,2;3,1;0,4;1,0;2;0,0;1,8;0,0;0,1;0,3;9,0;0,2;9,5;0,0;0,2;1,1;0,0;0,2;0;0,0;12;1.76;3;0,2;0;1426
Nico Neukirch;D (RC), WB (R), DM, M (C);19;0 €;Hessia;Germany;3,4;15,9;0%;0,1;0%;0;0,0;0,4;0,4;87%;3,9;0;0,8;2,3;0,7;0,4;0,4;0,0;0;42,9;2,2;5,7;0,4;0,4;6;0,1;1,2;0,3;0,7;0,0;10,7;0,1;5,3;0,2;0,4;3,7;0,1;0,4;40;0,4;69;-1.76;7;0,1;0;1230
Kerim Carolus;D (C), DM;31;500 € - 7K €;Hamburg;Germany;4,3;20,7;29%;0,1;7%;0;0,0;0,2;0,1;90%;2,5;0;1,0;2,6;0,7;0,3;0,2;0,2;0;45,1;2,0;3,0;0,2;0,0;5;0,1;0,8;0,3;0,7;0,1;8,9;0,1;7,0;0,0;0,1;5,1;0,1;0,1;100;1,1;74;-0.95;10;0,1;0;1670
Michael Okoroafor;ST (C);25;500 € - 4,5K €;Middle Rhine;Germany;0,8;1,0;49%;0,0;22%;0;0,0;0,7;0,0;88%;18,8;0;0,2;1,1;0,3;0,1;1,1;1,4;0;24,6;0,5;3,5;0,7;0,8;2;0,1;2,8;0,0;0,1;0,6;9,6;0,3;8,8;0,1;0,2;2,2;0,1;0,2;33;0,1;25;4.44;3;0,3;0;1433
Leon Steffen;D (C), DM;20;0 € - 14K €;Schleswig-Holstein;Germany;3,1;19,4;25%;0,1;9%;0;0,0;0,2;0,1;90%;3,1;0;0,9;2,1;0,6;0,2;0,5;0,4;0;48,5;2,4;2,9;0,2;0,0;4;0,0;1,8;1,0;0,6;0,2;9,9;0,2;7,2;0,0;0,0;5,5;0,0;0,0;0;1,3;76;-0.57;7;0,2;0;1604
Marian Albustin;D/WB/M (L);35;0 €;North East-South;Germany;2,8;13,9;0%;0,1;0%;0;0,0;1,5;0,3;85%;12,6;0;1,3;4,9;1,8;1,5;0,1;0,0;0;57,2;6,2;10,2;1,5;0,4;29;0,2;0,3;1,1;0,4;0,0;11,1;0,1;5,1;0,1;2,0;3,5;0,1;5,2;7;1,0;67;-1.18;36;0,1;0;1768
Moritz Singbeil;D (RC), DM, M (C);23;12K € - 40K €;North East-South;Germany;2,1;15,1;71%;0,0;29%;0;0,0;0,3;0,1;89%;7,6;0;0,7;4,8;0,7;0,4;0,2;0,3;0;38,5;2,2;7,6;0,3;0,1;7;0,0;0,4;0,6;0,8;0,1;9,6;0,0;3,1;0,0;0,1;1,9;0,1;0,1;0;0,3;60;1.3;9;0,0;0;1585
Sam Zander;M (RC), AM (R);25;0 € - 60K €;Bavaria North;Germany;2,4;7,5;38%;0,1;13%;0;0,0;1,8;0,1;92%;13,3;0;0,5;6,4;1,9;1,4;0,7;0,8;0;42,1;2,5;13,2;1,8;3,4;25;1,0;2,1;0,0;0,2;0,3;11,5;0,3;4,2;0,1;6,8;1,2;0,2;6,8;15;0,1;29;0.39;27;0,3;0;1642
Jost Krone;D (C);20;1,5K € - 12K €;Lower Saxony;Germany;2,7;16,5;30%;0,2;20%;0;0,0;0,4;0,1;85%;3,1;0;1,3;2,7;0,9;0,4;0,2;0,2;0;48,6;2,7;2,6;0,4;0,0;6;0,0;0,7;0,5;1,0;0,1;9,8;0,0;6,2;0,0;0,0;3,7;0,0;0,0;0;0,6;60;1.35;7;0,0;0;1334
Onur Alagöz;D (RC), DM;31;0 € - 22K €;Middle Rhine;Germany;3,2;19,9;24%;0,2;10%;0;0,0;0,3;0,1;90%;2,5;0;0,8;2,7;0,8;0,3;0,4;0,3;0;43,3;2,4;3,2;0,3;0,0;6;0,0;1,2;1,1;0,3;0,1;9,1;0,1;7,4;0,1;0,0;5,1;0,1;0,2;0;1,1;70;-0.44;9;0,1;0;1591
Bartłomiej Jelonek;GK;24;0 € - 24K €;North East-South;Germany;0,0;4,8;0%;0,0;0%;80;0,5;0,0;0,0;68%;5,5;9.3;5,5;0,0;0,0;0,0;0,0;0,0;89;26,9;0,0;0,0;0,7;0,0;0;0,0;0,0;0,0;0,0;0,0;4,9;0,0;0,0;0,0;0,0;0,0;0,0;0,0;0;0,0;0;0;2;0,0;10;1681
Julian Grupp;D (RL), DM, M (C);34;0 € - 4K €;Baden-Württemberg;Germany;3,7;20,5;8%;0,0;8%;0;0,0;0,9;0,4;86%;8,2;0;1,1;5,0;1,5;1,4;0,4;0,1;0;48,9;4,6;10,3;1,3;0,2;20;0,1;0,9;1,1;0,4;0,1;11,1;0,1;4,5;0,2;2,1;2,6;0,0;5,4;12;0,4;58;0.06;22;0,1;0;1276
Felix Golkowski;DM, M/AM (C);21;12K € - 40K €;Lower Saxony;Germany;0,1;18,4;40%;0,0;13%;0;0,0;0,3;0,3;95%;10,6;0;0,1;0,3;0,1;0,0;0,3;0,4;0;2,7;0,3;0,1;0,3;0,0;0;0,0;1,0;0,0;0,1;0,1;0,8;0,1;0,3;0,2;0,0;0,3;0,3;1,5;9;0,0;80;0.71;0;0,1;0;1301
Janosz Heidrich;D (C), AM (R), ST (C);17;14K € - 140K €;North East-South;Germany;1,4;7,6;24%;0,0;12%;0;0,0;1,4;0,1;89%;21,9;0;0,4;7,7;1,7;1,0;0,1;0,3;0;40,5;2,7;12,2;1,5;3,0;14;1,4;1,2;0,0;0,2;0,1;11,5;0,2;5,4;0,2;7,2;2,9;0,1;7,2;19;0,1;53;-0.35;21;0,2;0;1243
Pascal Sauer;M (L), AM (RL), ST (C);25;1,5K € - 14K €;North East-South;Germany;1,9;7,1;45%;0,0;19%;0;0,0;1,7;0,1;88%;13,8;0;0,4;6,9;1,7;1,1;0,4;0,7;0;43,9;3,6;12,9;1,9;2,5;22;0,6;1,6;0,0;0,1;0,3;12,3;0,2;5,9;0,2;4,4;2,5;0,3;4,5;14;0,1;42;1.44;26;0,2;0;1745
Faris Moumouni;AM (RL), ST (C);22;0 €;Baden-Württemberg;Germany;1,8;7,2;23%;0,1;8%;0;0,0;1,7;0,3;87%;14,7;0;0,5;7,8;2,1;0,9;0,3;0,3;0;40,6;3,5;10,5;1,9;4,3;10;1,0;1,1;0,0;0,3;0,1;11,6;0,1;4,6;0,1;7,2;1,1;0,1;10,0;12;0,1;25;0.32;13;0,1;0;1043
Egon Weber;GK;34;4,5K € - 16K €;Bavaria South;Germany;0,1;3,8;0%;0,0;0%;74;0,4;0,0;0,0;77%;7,4;7.54;3,9;0,0;0,0;0,0;0,0;0,0;87;27,5;0,2;0,1;0,1;0,0;0;0,0;0,0;0,0;0,0;0,0;5,3;0,0;0,0;0,0;0,0;0,0;0,0;0,0;0;0,0;0;0;0;0,0;15;1710
Kevin Urban;GK;29;0 € - 26K €;RP/Saar;Germany;0,0;4,5;0%;0,0;0%;73;0,4;0,0;0,0;77%;4,5;7.17;4,5;0,0;0,0;0,0;0,0;0,0;87;26,4;0,0;0,0;0,0;0,0;0;0,0;0,0;0,0;0,0;0,0;5,1;0,0;0,0;0,0;0,0;0,0;0,0;0,0;0;0,0;0;0;1;0,0;11;1800
Justin Reichstein;M (R), AM (RC), ST (C);22;500 € - 5K €;North East-North;Germany;2,0;2,9;52%;0,0;29%;0;0,0;1,4;0,4;91%;20,5;0;0,2;7,4;2,0;1,1;0,5;0,7;0;41,9;2,5;9,6;1,4;3,7;17;1,4;1,3;0,0;0,4;0,4;11,1;0,2;4,2;0,2;7,3;1,1;0,1;7,3;18;0,0;27;3.6;19;0,2;0;1430
Oliwier Bosacki;AM (RLC), ST (C);19;3,5K € - 12K €;Lower Saxony;Germany;1,7;8,2;48%;0,0;16%;0;0,0;2,5;0,5;90%;15,3;0;0,4;5,1;1,4;1,1;0,4;0,7;0;43,0;3,0;8,9;2,7;1,6;20;0,8;1,4;0,0;0,0;0,2;11,5;0,2;4,6;0,2;3,2;1,7;0,1;4,2;21;0,0;36;0.13;22;0,2;0;1646
Ante Kutschke;M/AM (R), ST (C);28;1,5K € - 14K €;Hamburg;Germany;1,4;5,3;29%;0,0;15%;0;0,0;1,7;0,1;88%;16,9;0;0,3;6,5;2,0;1,5;0,6;0,7;0;39,3;2,7;9,0;1,7;3,8;29;0,7;2,4;0,0;0,4;0,4;10,5;0,2;4,9;0,2;6,1;0,9;0,1;6,1;11;0,1;18;2.68;32;0,2;0;1797
Kevin Krüger;DM, M (C);23;0 €;Baden-Württemberg;Germany;2,8;13,2;33%;0,1;11%;0;0,0;0,3;0,3;89%;6,1;0;0,8;6,3;1,2;0,2;0,3;0,2;0;49,4;3,3;8,9;0,3;0,1;3;0,0;0,7;0,1;1,0;0,1;11,2;0,1;3,3;0,2;0,0;1,4;0,1;0,0;0;0,2;42;-0.06;13;0,1;0;1244
Sami Akova;D (C), DM;19;0 €;North East-North;Germany;3,7;15,9;0%;0,1;0%;0;0,0;0,1;0,0;89%;3,5;0;1,3;2,8;0,6;0,5;0,0;0,0;0;49,3;2,1;4,5;0,1;0,0;8;0,0;0,1;1,0;0,8;0,0;10,0;0,0;6,5;0,0;0,1;3,8;0,0;0,1;0;0,4;59;-0.11;8;0,0;0;1474
Edison Osmani;DM, M (C);18;0 €;North East-North;Germany;2,5;16,5;20%;0,0;10%;0;0,0;1,1;0,8;86%;6,5;0;0,6;4,5;1,6;0,9;0,3;0,1;0;45,5;4,8;7,9;1,1;0,1;12;0,1;0,7;0,1;0,2;0,1;10,5;0,1;1,6;0,4;0,1;1,1;0,1;0,1;50;0,0;65;0.12;18;0,1;0;1263
Phil Heidrich;ST (C);17;14K € - 130K €;North East-South;Germany;0,7;2,0;47%;0,0;21%;0;0,0;1,1;0,3;92%;19,9;0;0,1;1,3;0,7;0,1;0,8;1,0;0;23,4;0,6;3,9;1,4;0,8;2;0,0;2,1;0,0;0,0;0,4;9,1;0,2;8,7;0,1;0,3;2,8;0,1;0,3;0;0,3;32;4.2;9;0,2;0;1437
Anton Lattke;GK;25;0 € - 26K €;Hamburg;Germany;0,0;4,6;0%;0,0;0%;64;0,0;0,2;0,0;61%;6,3;0.79;5,1;0,0;0,0;0,0;0,0;0,0;91;25,6;0,0;0,0;0,2;0,0;0;0,0;0,0;0,0;0,0;0,0;5,7;0,0;0,0;0,0;0,0;0,0;0,0;0,0;0;0,0;0;0;1;0,0;24;1713
Emre Gündoğdu;ST (C);18;0 €;Hessia;Germany;2,1;5,8;70%;0,1;40%;0;0,0;0,9;0,0;89%;14,8;0;0,5;6,0;1,5;1,1;0,1;0,4;0;42,3;3,4;9,2;0,9;2,0;20;0,6;0,5;0,0;0,4;0,2;10,5;0,1;4,3;0,0;2,6;1,8;0,0;2,6;22;0,0;42;1.99;24;0,1;0;1710
Luis Beck;D (R);17;500 € - 7K €;RP/Saar;Germany;3,5;10,2;0%;0,1;0%;0;0,0;0,7;0,2;79%;14,5;0;1,1;6,2;1,4;0,9;0,3;0,0;0;53,5;6,3;11,2;0,7;0,7;10;0,5;0,8;0,7;0,6;0,0;10,6;0,1;5,2;0,1;2,6;3,7;0,3;2,6;20;0,5;71;-1.06;12;0,1;0;1030
Sanjin Vrebac;M/AM (C), ST (C);25;0 € - 45K €;Lower Rhine;Germany;1,6;17,0;39%;0,0;13%;0;0,0;1,9;0,3;92%;16,7;0;0,4;3,9;0,7;0,4;0,5;0,8;0;42,5;1,8;7,8;1,9;1,2;8;0,2;2,0;0,0;0,1;0,3;12,1;0,2;3,8;0,2;1,1;0,6;0,3;1,1;15;0,1;17;0.59;10;0,2;0;1669
Taykut Bezel;D (C);18;0 € - 26K €;North East-North;Germany;3,0;14,4;8%;0,1;8%;0;0,0;0,2;0,0;83%;3,8;0;0,8;2,9;0,9;0,3;0,3;0,1;0;49,1;2,4;2,2;0,2;0,0;4;0,0;0,9;0,3;0,5;0,1;9,3;0,0;7,2;0,0;0,0;4,5;0,0;0,0;0;1,2;62;0.44;5;0,0;0;1189
Tom Fron;D/WB/M (L);21;0 € - 18K €;North East-South;Germany;3,6;10,6;0%;0,1;0%;0;0,0;1,1;0,1;86%;17,3;0;1,5;8,2;1,8;0,9;0,0;0,0;0;50,8;3,9;18,0;1,1;1,6;19;1,5;0,1;0,1;0,9;0,0;12,4;0,0;3,3;0,2;7,7;1,6;0,1;9,6;18;0,1;50;-0.07;36;0,0;0;1920
Adonis Milaj;DM, M (C);20;0 € - 50K €;Lower Rhine;Germany;0,1;14,4;53%;0,0;21%;0;0,0;0,2;0,4;85%;13,0;0;0,0;0,2;0,0;0,0;0,2;0,6;0;2,4;0,3;0,4;0,3;0,0;0;0,0;1,2;0,0;0,1;0,2;0,4;0,1;0,1;0,2;0,0;0,1;0,2;0,2;33;0,0;100;1.02;0;0,2;0;1447
Silas Hechler;DM, M (C);20;2,5K € - 9K €;Bavaria North;Germany;2,3;16,1;38%;0,1;0%;0;0,0;0,6;0,3;92%;6,0;0;0,9;4,4;1,0;0,9;0,3;0,2;0;50,5;5,6;9,3;0,7;0,0;11;0,1;0,7;0,0;0,2;0,0;11,4;0,0;1,7;0,1;0,2;1,1;0,1;0,5;33;0,0;62;-0.46;12;0,0;0;1095
Valentin Zalli;M (R), AM (RL);24;0 €;Hamburg;Germany;1,8;3,9;26%;0,0;0%;0;0,0;2,1;0,4;91%;20,0;0;0,2;6,9;1,4;0,9;0,2;0,4;0;42,9;3,0;10,2;2,2;3,7;15;1,2;1,7;0,0;0,1;0,0;11,3;0,2;3,9;0,1;5,5;0,6;0,1;5,9;22;0,0;16;-3.27;18;0,2;0;1445
İlkan Atak;AM (RLC), ST (C);22;10K € - 35K €;Bavaria South;Germany;2,1;8,9;70%;0,0;19%;0;0,0;1,6;0,5;90%;15,4;0;0,3;6,6;1,8;1,2;0,5;1,1;0;43,2;3,3;9,6;1,6;3,3;20;0,5;1,6;0,1;0,4;0,3;11,8;0,2;5,6;0,2;3,7;3,0;0,2;3,7;12;0,1;53;1.5;29;0,2;0;1534
Niklas Linke;GK;23;500 € - 4K €;Hessia;Germany;0,0;6,3;0%;0,0;0%;74;0,6;0,1;0,0;62%;6,2;11.15;4,7;0,0;0,0;0,0;0,0;0,0;87;26,4;0,0;0,0;0,1;0,0;0;0,0;0,0;0,0;0,0;0,0;5,3;0,0;0,0;0,0;0,0;0,0;0,0;0,0;0;0,0;0;0;1;0,0;26;1800
Nico Wagner;M/AM (C);26;5K € - 18K €;Bavaria North;Germany;1,2;14,6;31%;0,1;10%;0;0,0;1,7;0,3;89%;16,7;0;0,6;2,4;0,8;0,2;1,1;0,8;0;43,8;2,0;6,2;1,7;1,6;3;0,4;2,5;0,0;0,1;0,2;11,4;0,3;5,5;0,3;1,3;2,4;0,3;1,3;27;0,1;44;-0.48;8;0,3;0;1520
Eric Schiffner;D (L);20;0 €;North East-North;Germany;4,5;10,8;0%;0,0;0%;0;0,0;0,6;0,2;85%;18,2;0;1,3;4,3;1,1;1,0;0,0;0,0;0;50,6;4,7;10,4;0,6;0,4;16;0,4;0,1;0,4;0,6;0,0;11,3;0,0;2,9;0,1;2,1;1,4;0,0;3,2;13;0,1;48;-0.24;20;0,0;0;1447
Janes Pollmann;D (C);19;0 €;Middle Rhine;Germany;3,7;20,9;17%;0,1;0%;0;0,0;0,2;0,1;86%;2,3;0;1,2;2,6;1,0;0,3;0,1;0,1;0;43,8;2,7;3,6;0,2;0,0;4;0,0;0,5;0,5;0,3;0,0;10,6;0,1;7,5;0,1;0,1;6,2;0,0;0,1;0;1,3;83;-0.68;8;0,1;0;1053
Kebir Ali Canpolat;M (R), AM (RL), ST (C);19;0 € - 90K €;RP/Saar;Germany;1,6;5,2;50%;0,0;25%;0;0,0;1,9;0,7;87%;17,6;0;0,7;6,7;1,6;1,0;0,4;0,6;0;44,3;3,8;9,4;1,9;3,9;18;1,2;1,1;0,0;0,3;0,3;10,8;0,1;4,5;0,3;4,9;1,0;0,3;5,4;23;0,1;22;3.74;22;0,1;0;1605
Kevin Agyemang;AM (R), ST (C);19;0 €;North East-South;Germany;0,4;2,7;62%;0,0;38%;0;0,0;1,6;0,0;87%;20,5;0;0,3;1,9;1,1;0,3;0,5;0,5;0;24,7;1,1;4,1;1,6;0,5;5;0,1;0,9;0,0;0,1;0,3;9,2;0,0;9,7;0,0;0,3;3,2;0,0;0,6;33;0,0;33;4.41;7;0,0;0;1348
Phil Spillmann;D (C);30;0 € - 12K €;Lower Rhine;Germany;3,5;15,4;11%;0,1;0%;0;0,0;0,3;0,0;85%;3,4;0;1,1;1,9;0,7;0,3;0,1;0,0;0;48,9;2,3;3,4;0,3;0,0;7;0,0;0,4;0,5;0,8;0,0;9,8;0,0;6,9;0,0;0,0;5,1;0,0;0,0;0;1,2;74;-0.9;8;0,0;0;1915
Yan Marcos Friessner Montas;M (L), AM (RLC);19;10K € - 35K €;Lower Rhine;Germany;3,4;9,3;80%;0,1;20%;0;0,0;0,9;0,1;85%;13,8;0;0,4;10,2;2,1;2,0;0,1;0,3;0;46,0;5,1;12,1;1,2;2,0;27;0,1;0,4;0,0;0,5;0,1;11,3;0,0;4,9;0,1;2,4;1,6;0,1;2,4;6;0,1;33;0.49;28;0,0;0;1224
Lennard Maßmann;D (RC), DM;30;0 € - 85K €;Westphalia;Germany;3,4;17,8;16%;0,1;5%;0;0,0;0,1;0,1;91%;2,4;0;0,9;2,4;1,0;0,5;0,5;0,2;0;48,4;3,2;2,6;0,1;0,1;9;0,0;1,0;0,5;0,3;0,1;9,8;0,1;6,0;0,0;0,1;3,3;0,1;0,1;0;0,8;56;-0.93;11;0,1;0;1751
Lennart Seufert;D/WB/M (L);28;2,5K € - 24K €;North East-South;Germany;3,8;11,5;25%;0,1;0%;0;0,0;1,4;0,4;87%;13,3;0;1,3;5,7;1,3;0,9;0,1;0,1;0;53,4;5,9;10,1;1,4;0,6;13;0,2;0,3;0,3;0,6;0,0;11,3;0,0;3,9;0,1;4,2;1,8;0,0;7,0;7;0,6;47;-0.23;17;0,0;0;1273
Philipp Divis;D (C), DM;27;4,5K € - 16K €;Lower Rhine;Germany;2,1;18,5;18%;0,0;9%;0;0,0;0,2;0,2;86%;6,5;0;0,9;4,6;1,1;0,7;0,1;0,1;0;44,0;3,4;8,3;0,2;0,2;15;0,0;0,5;0,6;0,3;0,0;10,7;0,0;4,1;0,1;0,0;2,2;0,0;0,0;0;0,5;53;0.22;17;0,0;0;1886
Johannes Stingl;D (R), DM, M (C);28;0 €;Bavaria South;Germany;3,1;30,4;0%;0,0;0%;0;0,0;0,8;0,1;86%;7,4;0;0,6;5,8;1,5;0,9;0,2;0,0;0;53,2;4,1;11,0;1,2;0,2;15;0,1;0,4;0,8;0,4;0,0;11,1;0,0;3,1;0,1;0,4;1,8;0,1;2,2;5;0,4;57;-0.62;19;0,0;0;1533
Christian Rave;D (C), DM, M (RC);36;0 €;Schleswig-Holstein;Germany;3,7;16,0;22%;0,0;7%;0;0,0;0,2;0,0;86%;2,7;0;0,9;2,1;0,5;0,2;0,4;0,3;0;47,5;2,3;3,0;0,2;0,0;3;0,0;1,4;0,1;0,5;0,1;9,6;0,2;6,0;0,0;0,1;4,5;0,0;0,1;0;0,6;75;-2.38;5;0,2;0;1734
Pius Schafft;D (LC);18;0 €;Bavaria South;Germany;2,2;16,3;50%;0,1;13%;0;0,0;0,6;0,2;90%;8,5;0;0,9;3,9;0,9;0,6;0,2;0,2;0;49,3;2,8;7,9;0,6;0,1;11;0,2;0,5;0,5;0,7;0,1;11,0;0,0;3,4;0,1;0,7;2,4;0,0;0,9;20;0,3;71;0.19;19;0,0;0;1577
Adrian Lenz;D (L);25;0 € - 80K €;Lower Saxony;Germany;4,6;12,2;20%;0,0;20%;0;0,0;0,5;0,1;88%;16,4;0;0,9;4,2;0,8;0,8;0,1;0,1;0;53,1;5,7;12,3;0,5;0,5;13;0,2;0,3;0,4;0,5;0,1;11,8;0,0;3,9;0,0;2,4;2,2;0,1;2,4;9;0,1;57;0.55;18;0,0;0;1560
Marc Meyer;ST (C);18;0 € - 1,5K €;Bavaria North;Germany;1,9;3,8;44%;0,0;16%;0;0,0;1,2;0,1;89%;20,3;0;0,7;6,8;1,7;1,2;0,6;0,8;0;40,4;1,8;9,7;1,2;2,6;22;0,7;1,8;0,0;0,4;0,3;11,6;0,2;5,8;0,0;4,2;1,6;0,0;4,2;17;0,0;28;1.74;24;0,2;0;1620
Joel Aschenbroich;D (L);23;2,5K € - 10K €;Lower Rhine;Germany;3,1;15,6;67%;0,0;0%;0;0,0;1,0;0,2;86%;18,1;0;1,4;4,7;1,5;1,7;0,0;0,1;0;52,1;5,6;10,4;1,0;0,3;33;0,5;0,2;1,4;0,6;0,0;11,4;0,0;4,6;0,0;2,8;2,3;0,0;2,8;16;0,6;51;-0.38;35;0,0;0;1728
Leon Müller-Wiesen;DM, M (RC);32;7K € - 26K €;Bavaria South;Germany;3,0;19,1;0%;0,1;0%;0;0,0;0,6;0,7;87%;6,8;0;1,0;6,0;1,3;0,8;0,1;0,0;0;47,6;4,8;9,6;0,6;0,2;12;0,1;0,7;0,4;0,6;0,0;11,2;0,1;1,4;0,4;0,2;0,7;0,2;2,7;12;0,0;48;-1.32;15;0,1;0;1304
Luca Auer;DM, M (RC), AM (C);21;28K € - 100K €;Bavaria North;Germany;2,0;17,4;20%;0,1;0%;0;0,0;0,3;0,3;88%;8,1;0;0,8;4,6;1,2;1,1;0,2;0,2;0;47,0;3,9;8,5;0,7;0,3;17;0,0;1,0;0,0;0,6;0,0;11,0;0,1;3,5;0,2;0,0;1,5;0,3;1,4;40;0,1;44;-2.27;19;0,1;0;1399
Henry Page;D (C);19;0 € - 28K €;Lower Rhine;Germany;4,0;14,5;17%;0,2;0%;0;0,0;0,2;0,0;85%;3,2;0;0,8;2,7;0,8;0,5;0,2;0,1;0;48,5;2,6;3,4;0,2;0,0;11;0,0;0,5;0,9;0,7;0,0;9,4;0,1;6,5;0,1;0,0;4,6;0,0;0,0;0;0,5;71;-1.56;12;0,1;0;1980
Tim Probst;AM (RL), ST (C);27;0 €;Baden-Württemberg;Germany;2,1;4,6;35%;0,0;10%;0;0,0;1,6;0,0;89%;14,7;0;0,3;6,6;1,5;0,6;0,7;0,8;0;40,9;2,7;13,6;1,6;2,7;13;0,9;2,3;0,0;0,1;0,2;11,5;0,3;6,2;0,1;4,1;2,6;0,1;4,1;20;0,0;42;-1.79;23;0,3;0;1881
Nico Lucas;D (L), DM, M (C);28;0 € - 40K €;Lower Rhine;Germany;2,3;19,8;21%;0,1;0%;0;0,0;1,2;0,3;88%;5,6;0;0,6;3,8;1,0;0,9;0,3;0,2;0;45,1;4,9;8,5;2,1;0,2;14;0,1;0,9;0,5;0,5;0,0;11,0;0,1;2,8;0,3;0,1;1,4;0,5;5,5;17;0,1;49;-1.14;15;0,1;0;1392
Kevin Schmidt;GK;34;10K € - 40K €;Bavaria North;Germany;0,2;3,5;0%;0,0;0%;64;-0,1;0,0;0,0;65%;7,9;-2.17;3,3;0,0;0,0;0,0;0,0;0,0;88;26,5;0,2;0,0;0,0;0,0;0;0,0;0,0;0,0;0,0;0,0;5,7;0,0;0,0;0,0;0,0;0,0;0,0;0,0;0;0,0;0;0;0;0,0;16;1440
Samir Ouro-Bang'Na;AM (RL);17;0 €;Hamburg;Germany;2,1;5,4;25%;0,0;6%;0;0,0;1,4;0,5;89%;12,9;0;0,4;7,1;1,7;1,1;0,3;0,4;0;43,6;2,6;8,9;1,4;3,7;19;1,1;1,8;0,0;0,5;0,1;10,7;0,1;5,2;0,2;5,7;1,7;0,1;5,7;18;0,1;32;-0.56;24;0,1;0;1620
Selim Ajkić;ST (C);24;5K € - 18K €;Hamburg;Germany;0,7;1,6;56%;0,0;36%;0;0,0;0,9;0,2;90%;15,5;0;0,1;1,6;0,7;0,2;0,6;0,8;0;25,0;0,5;3,5;0,9;0,3;4;0,1;1,4;0,0;0,1;0,5;10,1;0,2;9,9;0,1;0,6;2,5;0,0;0,6;9;0,1;26;5.6;7;0,2;0;1590
Niclas Treu;D/WB/M/AM (RL);28;0 € - 40K €;North East-South;Germany;2,0;4,3;38%;0,0;14%;0;0,0;2,2;0,1;90%;19,2;0;0,6;7,5;1,7;1,1;0,4;0,5;0;41,7;3,9;11,4;2,2;4,1;18;0,4;1,3;0,0;0,1;0,2;11,9;0,3;3,3;0,0;6,6;0,8;0,0;6,6;6;0,1;24;-1.7;21;0,3;0;1411
Leon Schürer;M (C);18;0 € - 16K €;Baden-Württemberg;Germany;0,0;10,9;75%;0,0;0%;0;0,0;0,2;0,4;0%;12,7;0;0,0;0,0;0,0;0,0;0,0;0,2;0;0,0;0,0;0,0;0,2;0,0;0;0,0;0,2;0,0;0,0;0,0;0,0;0,0;0,0;0,2;0,0;0,0;0,2;0,0;0;0,0;0;-0.78;0;0,0;0;1521
Jan-Hubert Elpermann;D (RLC);32;500 € - 6K €;Lower Saxony;Germany;2,9;17,9;18%;0,0;0%;0;0,0;0,2;0,4;88%;5,8;0;1,3;2,5;0,8;0,4;0,3;0,2;0;47,2;3,7;5,9;0,2;0,2;7;0,0;0,9;0,8;0,9;0,0;9,9;0,1;5,3;0,2;1,0;3,1;0,0;1,0;0;0,6;59;-2.86;8;0,1;0;1797
Yasa Eyrice;D (RC), DM, M (C);21;0 €;Hessia;Germany;2,8;10,5;14%;0,0;0%;0;0,0;1,2;0,4;87%;5,6;0;1,2;3,9;0,9;0,7;0,1;0,1;0;47,5;3,4;6,7;1,2;0,1;9;0,1;0,5;0,1;0,5;0,0;10,0;0,0;4,4;0,2;0,1;2,7;0,6;3,2;11;0,4;62;-0.68;12;0,0;0;1234
Burak Muş;D (RL), WB/M (R);28;0 € - 35K €;Middle Rhine;Germany;3,5;14,0;0%;0,1;0%;0;0,0;0,9;0,2;86%;13,2;0;1,2;5,6;1,9;1,4;0,1;0,0;0;53,6;5,7;10,3;0,9;0,6;24;0,6;0,1;0,1;0,7;0,0;11,0;0,0;3,9;0,0;2,1;1,5;0,1;3,7;21;0,2;40;-0.28;33;0,0;0;1586
Vincent Huber;GK;17;22K € - 220K €;Bavaria South;Germany;0,3;5,1;0%;0,0;0%;65;-0,0;0,0;0,0;62%;6,7;-0.7;6,1;0,0;0,0;0,0;0,0;0,0;89;25,9;0,1;0,0;0,0;0,0;0;0,0;0,0;0,0;0,0;0,0;5,9;0,0;0,0;0,0;0,0;0,0;0,0;0,0;0;0,0;0;0;0;0,0;22;1260
Finn Hinze;D/WB (R), DM, M (R);21;0 € - 14K €;North East-North;Germany;2,3;13,1;12%;0,1;3%;0;0,0;0,6;0,2;85%;11,7;0;0,7;6,2;1,6;1,3;0,6;0,2;0;49,9;5,5;10,5;0,6;0,6;25;0,2;1,7;0,8;0,2;0,1;10,6;0,2;5,7;0,1;2,1;2,8;0,1;2,1;10;1,2;48;-2.13;29;0,2;0;1724
Deqi-Leo Wu;DM, M (C);19;2K € - 18K €;Bavaria South;Germany;0,2;15,6;25%;0,0;25%;0;0,0;0,3;0,4;85%;10,5;0;0,1;0,6;0,1;0,0;0,0;0,2;0;4,8;0,8;0,4;1,1;0,0;0;0,0;0,7;0,0;0,0;0,2;0,9;0,1;0,1;0,2;0,0;0,1;0,3;2,9;6;0,0;100;0.69;1;0,1;0;1023
Vadym Patkevych;GK;21;0 € - 5K €;Hessia;Germany;0,0;2,1;0%;0,0;0%;68;0,2;0,0;0,0;68%;5,7;4.37;5,0;0,0;0,0;0,0;0,0;0,0;88;26,7;0,0;0,0;0,0;0,0;0;0,0;0,0;0,0;0,0;0,0;5,2;0,0;0,0;0,0;0,0;0,0;0,0;0,0;0;0,0;0;0;0;0,0;16;1800
Frederic Schütze;D (RC);32;0 €;North East-North;Germany;3,1;12,7;8%;0,1;0%;0;0,0;0,2;0,1;89%;4,2;0;1,5;2,8;1,1;0,3;0,1;0,1;0;47,3;2,1;3,2;0,2;0,0;6;0,1;0,6;0,1;0,6;0,0;9,0;0,1;5,8;0,0;0,1;3,5;0,0;0,1;100;0,7;60;-1.73;11;0,1;0;1710
Jonas Krautschick;D/WB (L), M/AM (RL);29;6K €;North East-South;Germany;3,1;8,7;43%;0,1;17%;0;0,0;1,6;0,3;86%;14,1;0;0,5;7,0;1,5;1,3;0,4;0,6;0;50,4;4,7;10,9;1,8;2,4;22;0,6;1,4;0,3;0,2;0,2;11,6;0,2;5,4;0,2;4,3;1,7;0,2;5,5;13;0,5;32;0.91;26;0,2;0;1513
Kaan Özkaya;D (C), DM, M (C);23;0 € - 35K €;RP/Saar;Germany;2,3;19,6;50%;0,0;25%;0;0,0;1,0;0,5;90%;5,6;0;1,4;5,2;2,0;1,3;0,4;0,3;0;45,2;4,1;8,7;1,0;0,0;16;0,0;0,7;0,2;0,2;0,2;11,6;0,1;3,4;0,6;0,3;1,6;0,4;0,3;0;0,8;49;1.27;22;0,1;0;1098
Can Pohl;D (R), DM, M (C);24;0 €;Bremen;Germany;2,5;20,1;20%;0,0;4%;0;0,0;0,7;0,4;90%;4,8;0;1,0;4,7;0,8;0,7;0,4;0,3;0;44,7;3,4;8,8;0,8;0,1;11;0,0;1,5;0,4;0,5;0,1;11,7;0,2;2,4;0,1;0,2;1,1;0,1;0,2;0;0,2;49;-2.13;15;0,2;0;1489
Yusuf Akdaş;DM, M (LC), AM (C);28;10K € - 35K €;Lower Saxony;Germany;2,4;16,4;31%;0,0;19%;0;0,0;0,5;0,5;88%;6,2;0;0,7;6,5;1,2;0,7;0,2;0,3;0;57,4;4,6;9,4;0,5;0,3;13;0,0;0,8;0,1;0,5;0,2;12,1;0,1;1,7;0,2;0,2;0,7;0,1;0,2;0;0,1;41;0.98;17;0,1;0;1758
Salah El Berd;ST (C);25;0 € - 40K €;Bavaria North;Germany;0,8;3,2;46%;0,0;18%;0;0,0;0,9;0,1;91%;14,2;0;0,1;1,6;0,8;0,2;0,7;0,9;0;25,2;0,6;4,2;0,9;0,7;4;0,1;1,9;0,0;0,1;0,3;9,8;0,2;10,5;0,0;0,5;3,6;0,0;0,5;20;0,1;34;2.66;6;0,2;0;1800
Emil Geißelmann;DM, M (C);17;0 € - 35K €;RP/Saar;Germany;3,0;18,9;0%;0,0;0%;0;0,0;0,9;0,2;89%;7,2;0;0,8;4,8;1,1;0,7;0,6;0,0;0;43,7;4,2;9,0;0,9;0,2;12;0,0;1,3;0,1;0,5;0,0;11,7;0,1;2,6;0,2;0,2;1,5;0,2;0,2;0;0,2;60;-2.1;14;0,1;0;1457
Franz Lohse;GK;23;500 € - 3K €;North East-South;Germany;0,0;2,7;0%;0,0;0%;61;0,2;0,0;0,0;72%;7,0;3.54;6,0;0,0;0,0;0,0;0,0;0,0;89;25,6;0,0;0,0;0,0;0,0;0;0,0;0,0;0,0;0,0;0,0;5,4;0,0;0,0;0,0;0,0;0,0;0,0;0,0;0;0,0;0;0;1;0,0;23;1800
Kelvin Cao;M (L), AM (RLC);19;3,5K € - 12K €;Lower Saxony;Germany;1,9;5,0;38%;0,0;19%;0;0,0;1,4;0,4;90%;15,2;0;0,5;8,3;1,6;1,0;0,4;0,4;0;45,7;3,9;12,4;1,4;3,0;15;0,8;1,1;0,0;0,2;0,2;11,5;0,1;4,0;0,2;5,6;1,0;0,1;5,6;14;0,0;24;1.67;18;0,1;0;1326
Stefan Wolk;D (C), DM, M (C);35;0 €;Lower Saxony;Germany;2,2;14,5;17%;0,1;6%;0;0,0;0,7;0,5;87%;7,1;0;1,2;5,1;0,9;0,8;0,2;0,2;0;46,5;3,0;9,3;0,9;0,1;14;0,0;1,1;0,2;0,5;0,1;11,4;0,2;2,9;0,2;0,2;2,0;0,2;0,2;0;0,4;69;-2.74;15;0,2;0;1538
Jakub Hrudka;ST (C);23;10K € - 40K €;Bavaria North;Germany;0,7;1,7;47%;0,0;16%;0;0,0;1,1;0,1;91%;17,1;0;0,3;1,7;0,9;0,2;0,7;1,0;0;26,9;0,3;5,0;1,7;0,5;3;0,1;2,1;0,0;0,0;0,3;9,8;0,2;10,9;0,1;0,7;2,1;0,1;6,9;9;0,0;20;1.65;5;0,2;0;1353
Don Nweke;D (C), DM;22;0 €;North East-South;Germany;2,0;16,8;0%;0,0;0%;0;0,0;0,5;0,1;89%;5,1;0;1,2;3,6;0,7;0,6;0,1;0,0;0;47,8;3,0;9,6;0,5;0,1;8;0,0;0,4;0,3;0,8;0,0;11,2;0,0;3,6;0,0;0,0;2,0;0,1;0,0;0;0,5;57;-0.36;10;0,0;0;1230
Dominic Schmüser;D (LC);21;9K € - 30K €;North East-North;Germany;3,4;13,0;0%;0,1;0%;0;0,0;1,4;0,1;87%;15,4;0;1,5;4,5;1,7;1,5;0,0;0,0;0;51,2;4,8;10,2;1,4;0,4;31;0,6;0,3;1,7;0,7;0,0;10,8;0,0;4,8;0,1;2,1;3,0;0,1;2,8;24;0,6;64;-0.36;35;0,0;0;1817
Enes Yilmaz;DM, M (C);21;2,5K € - 28K €;Middle Rhine;Germany;2,2;15,9;13%;0,1;0%;0;0,0;0,5;0,4;89%;5,3;0;0,8;5,3;1,1;0,7;0,3;0,1;0;51,2;3,2;9,0;0,8;0,1;12;0,1;0,8;0,0;0,3;0,0;11,2;0,1;2,9;0,2;0,2;1,8;0,1;2,2;7;0,1;60;-1.47;16;0,1;0;1644
Bob Okezie-Andicene;AM (RC);23;0 €;North East-North;Germany;1,1;16,4;55%;0,0;27%;0;0,0;1,3;0,3;86%;17,0;0;0,2;5,5;1,1;0,5;0,1;0,4;0;41,2;2,0;9,9;1,3;2,1;8;0,4;0,7;0,0;0,3;0,2;12,3;0,1;4,2;0,2;3,6;0,9;0,1;3,6;9;0,0;21;1.96;13;0,1;0;1521
Sören Wald;M/AM (C), ST (C);27;0 € - 22K €;Westphalia;Germany;0,3;2,2;39%;0,0;12%;0;0,0;1,2;0,3;90%;15,6;0;0,0;1,9;0,9;0,2;0,7;0,9;0;23,9;0,6;3,1;1,2;0,6;4;0,0;2,3;0,0;0,1;0,3;8,9;0,3;11,1;0,2;0,5;2,5;0,1;0,5;0;0,3;23;0.28;5;0,3;0;1632
Maximilian Berschneider;D (RC);21;0 €;Hessia;Germany;3,2;13,4;8%;0,2;3%;0;0,0;0,7;0,3;86%;13,4;0;1,0;3,6;1,3;1,2;0,4;0,2;0;52,2;4,8;9,5;0,7;0,3;22;0,2;2,1;1,0;0,3;0,1;10,2;0,2;5,5;0,2;2,0;3,5;0,3;2,0;8;0,7;63;-2.46;27;0,2;0;1609
Leo Felgenträger;M (L), AM (RL), ST (C);26;12K € - 40K €;North East-South;Germany;2,1;4,0;25%;0,0;7%;0;0,0;1,6;0,2;92%;16,8;0;0,6;7,3;1,4;0,6;0,6;0,4;0;43,5;3,2;10,7;1,6;3,3;10;1,1;1,8;0,0;0,2;0,1;11,9;0,1;5,4;0,2;6,9;2,1;0,1;6,9;15;0,3;40;0.02;16;0,1;0;1427
Tiziano Mulas;DM, M/AM (C);23;24K € - 80K €;Bavaria South;Germany;2,3;13,1;28%;0,1;11%;0;0,0;1,1;0,5;91%;7,2;0;0,6;5,3;1,5;0,9;0,3;0,3;0;58,7;4,8;9,0;1,1;0,2;13;0,1;1,2;0,1;0,2;0,1;11,2;0,1;2,5;0,3;0,7;0,7;0,3;0,7;20;0,1;26;0.44;14;0,1;0;1376
Mahmud Sahintürk;ST (C);19;9K € - 30K €;Lower Rhine;Germany;1,4;7,0;45%;0,0;9%;0;0,0;0,6;0,3;88%;17,7;0;0,7;5,5;1,1;0,6;0,5;0,6;0;40,5;2,0;8,2;0,6;2,4;10;0,5;1,4;0,0;0,6;0,1;10,1;0,2;3,6;0,1;3,8;1,0;0,0;3,8;11;0,0;27;-0.88;11;0,2;0;1385
Robie Seibt;DM, M (C), AM (RC);20;0 €;Schleswig-Holstein;Germany;2,2;19,5;22%;0,0;22%;0;0,0;0,7;0,5;89%;5,7;0;0,9;4,1;1,2;0,9;0,1;0,1;0;51,1;4,7;8,5;1,0;0,2;16;0,1;0,5;0,1;0,5;0,1;11,2;0,1;2,5;0,1;0,3;1,1;0,0;2,3;7;0,2;45;0.55;22;0,1;0;1586
Albert Vincetić;DM, M/AM (RLC);27;0 €;North East-South;Germany;1,6;5,4;44%;0,0;4%;0;0,0;1,9;0,4;88%;23,7;0;0,6;8,7;1,6;1,2;0,7;0,8;0;39,2;3,0;9,3;1,9;3,7;16;1,4;1,9;0,0;0,3;0,1;10,8;0,2;4,2;0,3;6,2;0,3;0,1;8,8;17;0,0;7;-1.82;17;0,2;0;1213
Samuel Quainoo;D/WB/M/AM (R);19;140K € - 475K €;Baden-Württemberg;Germany;1,4;4,1;53%;0,0;20%;0;0,0;1,6;0,1;89%;18,4;0;1,0;8,5;1,4;0,8;0,2;0,6;0;38,7;2,9;11,0;1,6;3,8;10;1,4;1,2;0,0;0,2;0,2;11,6;0,1;4,9;0,1;8,2;1,7;0,0;8,2;17;0,1;34;1.15;14;0,1;0;1123
Ole Päffgen;D (RC), DM;28;0 € - 35K €;Lower Rhine;Germany;2,9;11,2;27%;0,1;12%;0;0,0;0,8;0,2;85%;15,1;0;1,3;4,1;1,4;1,2;0,6;0,4;0;53,2;5,4;8,7;0,8;0,2;21;0,3;1,5;0,1;0,5;0,2;10,0;0,2;5,4;0,0;2,2;3,6;0,0;2,2;15;0,5;67;0.07;24;0,2;0;1545
Sami Kusumovic;D (R);18;1,5K € - 14K €;RP/Saar;Germany;2,8;10,0;20%;0,1;5%;0;0,0;0,7;0,3;86%;20,2;0;0,7;3,5;1,1;0,9;0,6;0,5;0;53,2;5,5;11,1;0,7;0,6;16;0,5;2,3;0,1;0,6;0,1;10,9;0,3;4,5;0,1;2,3;3,1;0,2;2,3;20;0,1;68;-3.09;18;0,3;0;1585
Justin Kohlisch;D (C);21;0 €;North East-North;Germany;3,5;11,0;29%;0,1;14%;0;0,0;0,1;0,1;83%;3,7;0;1,2;2,0;0,7;0,5;0,0;0,1;0;47,9;1,9;3,0;0,1;0,0;7;0,0;0,5;0,7;0,7;0,1;9,1;0,1;6,4;0,1;0,0;3,3;0,0;0,0;0;0,9;52;-0.18;7;0,1;0;1345
Ertan Ataseven;ST (C);18;0 €;RP/Saar;Germany;0,7;2,1;23%;0,0;9%;0;0,0;0,6;0,1;89%;18,7;0;0,2;1,1;0,7;0,2;0,9;0,5;0;24,5;0,3;3,9;0,6;0,8;3;0,1;2,2;0,0;0,2;0,2;8,9;0,2;11,2;0,0;0,5;3,3;0,0;0,5;12;0,1;29;-0.28;5;0,2;0;1465
Albright Eneghabu;ST (C);20;500 € - 6K €;Middle Rhine;Germany;1,1;0,7;41%;0,0;15%;0;0,0;0,5;0,0;88%;20,0;0;0,2;1,4;0,4;0,1;0,5;0,7;0;23,1;0,2;3,7;0,5;1,2;1;0,1;1,8;0,0;0,2;0,3;10,5;0,2;9,6;0,1;0,4;1,2;0,0;0,4;16;0,0;12;0.91;1;0,2;0;1326
Thomas-Lê Desurmont;DM, M/AM (C);19;0 €;RP/Saar;Germany;2,3;28,0;18%;0,1;6%;0;0,0;1,0;0,2;89%;8,4;0;1,3;4,2;1,0;0,8;0,2;0,2;0;44,8;4,8;8,3;1,2;0,2;13;0,1;1,1;0,2;0,5;0,1;11,1;0,1;2,0;0,3;0,2;0,9;0,1;0,2;66;0,0;44;-0.95;16;0,1;0;1448
Leo Ackermann;D/WB/M/AM (R);21;0 €;North East-South;Germany;2,4;4,9;22%;0,1;11%;0;0,0;1,2;0,0;88%;21,0;0;0,8;5,6;1,4;0,9;0,4;0,3;0;47,9;3,9;10,6;1,2;2,0;12;0,5;1,4;0,1;0,5;0,2;11,0;0,1;4,1;0,0;4,9;1,2;0,0;4,9;10;0,0;30;0.2;14;0,1;0;1167
Sebastian Reiniger;D (C), DM, ST (C);36;0 €;North East-North;Germany;2,5;11,9;12%;0,0;12%;0;0,0;0,2;0,3;90%;5,4;0;0,8;3,2;1,0;0,5;0,4;0,1;0;49,0;2,6;2,9;0,2;0,1;10;0,0;0,9;0,7;0,5;0,1;9,5;0,1;6,5;0,0;0,0;3,7;0,1;0,0;0;1,4;57;0.59;11;0,1;0;1796
Abdul Rauf;D/WB/M/AM (L);24;0 € - 22K €;Hamburg;Germany;3,0;10,4;38%;0,1;19%;0;0,0;1,0;0,1;86%;14,4;0;0,5;5,9;1,3;1,0;0,3;0,4;0;48,5;4,3;9,7;1,8;2,3;14;0,7;1,2;0,1;0,3;0,2;10,5;0,1;4,7;0,2;4,4;2,0;0,1;11,4;13;0,4;43;1.57;18;0,1;0;1218
Till von Gehlen;GK;18;1,5K € - 5K €;RP/Saar;Germany;0,0;1,8;0%;0,0;0%;66;0,3;0,0;0,0;80%;6,4;6.89;4,9;0,0;0,0;0,0;0,0;0,0;85;26,3;0,0;0,0;0,4;0,0;0;0,0;0,0;0,0;0,0;0,0;5,2;0,0;0,0;0,0;0,0;0,0;0,0;0,0;0;0,0;0;0;3;0,0;21;1950
Arnaud Fezui;D (C);30;0 € - 60K €;Baden-Württemberg;Germany;2,1;15,5;13%;0,1;13%;0;0,0;0,0;0,0;83%;4,0;0;1,0;2,7;1,2;0,5;0,2;0,1;0;44,0;3,6;2,8;1,0;0,1;7;0,1;0,5;0,5;0,4;0,1;9,6;0,0;6,1;0,0;0,2;4,2;0,0;0,2;66;0,8;69;0.51;12;0,0;0;1343
Matthias Bräuer;GK;21;0 € - 30K €;Westphalia;Germany;0,0;4,9;0%;0,0;0%;74;0,3;0,1;0,0;71%;5,2;5.58;6,0;0,0;0,0;0,0;0,0;0,0;90;26,1;0,0;0,0;0,1;0,0;0;0,0;0,0;0,0;0,0;0,0;5,6;0,0;0,0;0,0;0,0;0,0;0,0;0,0;0;0,0;0;0;1;0,0;20;1800
Gaël Deves;M/AM (R);19;0 € - 14K €;Middle Rhine;Germany;2,6;2,6;24%;0,0;12%;0;0,0;2,5;1,0;85%;13,7;0;0,8;8,0;2,0;0,9;0,4;0,3;0;44,1;4,9;13,2;2,5;2,1;13;1,2;1,2;0,0;0,5;0,1;12,9;0,1;5,5;0,3;6,9;1,0;0,3;11,4;13;0,1;19;0.46;27;0,1;0;1322
Jarno Engler;D (R), DM, M (C);24;500 € - 2,5K €;Lower Saxony;Germany;3,0;13,8;38%;0,1;19%;0;0,0;0,5;0,4;88%;5,6;0;1,2;4,2;1,4;0,9;0,4;0,4;0;50,0;3,6;9,7;0,5;0,1;12;0,0;1,2;0,0;0,5;0,2;11,8;0,1;1,9;0,1;0,2;1,1;0,0;0,2;0;0,0;58;1.8;15;0,1;0;1238
Jannik Joas;D/WB/M/AM (L);19;0 €;Bavaria North;Germany;2,7;11,1;11%;0,0;0%;0;0,0;0,9;0,4;86%;14,4;0;0,8;5,2;1,3;1,3;0,0;0,0;0;47,3;3,9;10,4;0,9;1,2;28;0,8;0,4;0,5;0,4;0,0;11,1;0,1;6,0;0,1;3,6;3,0;0,1;3,7;22;0,6;50;-1.3;32;0,1;0;1881
Elefterios Theocharis;D/WB/M (R);21;0 € - 30K €;Lower Rhine;Germany;2,9;11,5;20%;0,2;8%;0;0,0;1,2;0,4;88%;11,2;0;1,2;4,3;1,8;1,4;0,3;0,4;0;51,5;6,2;11,3;1,4;0,4;26;0,1;2,2;0,2;0,6;0,2;11,7;0,3;4,4;0,2;1,8;2,4;0,2;4,7;7;0,2;56;-3.12;27;0,3;0;1618
Dominik Almeida;D (RLC);31;0 € - 20K €;Baden-Württemberg;Germany;2,9;17,3;33%;0,0;0%;0;0,0;0,9;0,2;87%;12,5;0;0,9;7,0;1,3;1,0;0,2;0,1;0;54,7;5,1;10,0;0,9;0,2;17;0,4;0,4;1,3;0,4;0,0;11,1;0,0;4,3;0,1;2,8;1,4;0,0;7,0;12;0,3;31;-0.26;19;0,0;0;1463
Younes El Haddoudi;D (C), DM;20;0 € - 12K €;Hessia;Germany;2,6;16,3;25%;0,1;0%;0;0,0;0,4;0,0;85%;4,2;0;1,1;2,5;0,9;0,5;0,1;0,1;0;48,2;3,0;4,0;0,4;0,1;9;0,0;0,2;0,2;0,6;0,0;9,9;0,0;5,4;0,0;0,1;3,6;0,1;0,1;0;0,7;67;-0.37;12;0,0;0;1689
Micha Bareis;D/WB/M (R);22;28K € - 100K €;Bavaria South;Germany;3,0;11,9;18%;0,1;5%;0;0,0;1,0;0,1;85%;14,5;0;0,7;7,1;1,6;0,9;0,7;0,2;0;48,3;5,0;14,8;1,0;1,8;16;0,7;1,3;0,6;0,3;0,1;12,0;0,1;4,9;0,1;4,6;2,2;0,1;4,7;13;0,2;45;-1.08;20;0,1;0;1516
Noah Zwick;D/WB (R), DM, M (R);26;12K € - 40K €;Baden-Württemberg;Germany;2,6;14,7;18%;0,2;6%;0;0,0;0,7;0,2;90%;10,9;0;0,9;4,6;1,6;1,2;0,5;0,2;0;51,8;5,5;9,6;0,7;0,4;19;0,1;1,0;0,4;0,5;0,1;10,6;0,1;5,2;0,1;1,6;3,5;0,0;1,9;6;0,3;67;-0.28;30;0,1;0;1483
Louis Grobauer;M (R), AM (RL);19;3,5K € - 12K €;Schleswig-Holstein;Germany;1,3;6,0;35%;0,0;17%;0;0,0;1,8;0,3;91%;16,5;0;0,3;8,1;2,4;1,4;0,6;0,5;0;44,4;3,1;10,5;1,8;2,1;23;0,6;1,4;0,0;0,1;0,2;11,3;0,1;6,0;0,2;4,4;2,1;0,4;4,6;12;0,3;36;1.72;28;0,1;0;1467
Thorben Kern;D (L), DM, M/AM (C);25;20K € - 70K €;Lower Rhine;Germany;2,1;14,7;27%;0,1;18%;0;0,0;1,0;0,3;87%;10,6;0;1,3;4,9;1,2;1,0;0,3;0,2;0;50,0;4,5;10,2;1,0;0,6;14;0,0;0,8;0,1;0,6;0,1;11,5;0,1;2,7;0,1;0,5;1,3;0,1;0,5;0;0,1;48;0.88;15;0,1;0;1310
Lasse Homann;DM, M/AM (C);21;0 € - 7K €;Lower Saxony;Germany;2,1;16,1;53%;0,0;20%;0;0,0;1,3;0,0;89%;6,9;0;1,1;4,5;1,3;0,9;0,1;0,4;0;47,6;5,7;8,8;1,5;0,1;18;0,0;0,7;0,0;0,2;0,1;11,1;0,1;3,6;0,1;0,1;1,6;0,1;0,9;21;0,2;46;1.62;22;0,1;0;1818
Serdar Arslan;D (C), DM;23;8K € - 28K €;RP/Saar;Germany;3,2;17,2;15%;0,0;0%;0;0,0;0,2;0,0;87%;4,8;0;0,9;3,3;0,6;0,2;0,3;0,1;0;47,3;2,3;4,5;0,2;0,0;4;0,0;0,8;0,6;0,8;0,0;9,6;0,1;5,9;0,1;0,1;4,0;0,1;0,1;0;1,2;68;-1.02;8;0,1;0;1536
Blend Etemi;D (C), DM;22;0 € - 24K €;Baden-Württemberg;Germany;2,8;14,6;31%;0,1;6%;0;0,0;0,1;0,2;87%;3,6;0;0,9;2,5;0,9;0,5;0,3;0,3;0;48,1;2,3;3,0;0,1;0,0;10;0,0;0,8;0,5;0,6;0,1;9,7;0,1;6,9;0,0;0,1;4,8;0,1;0,1;0;1,3;69;-0.77;11;0,1;0;1732
Shayan Sarrafyar;DM, M/AM (C);21;500 € - 4K €;Westphalia;Germany;1,7;15,7;40%;0,0;0%;0;0,0;0,6;0,6;84%;10,3;0;0,8;3,0;0,6;0,6;0,1;0,1;0;33,9;2,5;4,8;0,6;0,1;9;0,0;0,3;0,4;0,4;0,0;6,2;0,0;0,7;0,2;0,1;0,5;0,1;0,1;0;0,0;67;-0.57;10;0,0;0;1453
Julian Adjege;AM (R), ST (C);19;0 €;Schleswig-Holstein;Germany;2,4;4,6;32%;0,0;14%;0;0,0;1,4;0,4;86%;12,9;0;0,5;6,6;1,5;0,8;0,4;0,5;0;40,7;2,4;10,9;1,4;3,7;12;1,3;1,4;0,0;0,2;0,2;11,8;0,2;4,4;0,1;7,1;1,5;0,1;7,1;18;0,0;34;-0.22;16;0,2;0;1378
Abraham Efrem;AM (L);17;500 € - 7K €;Middle Rhine;Germany;1,1;2,5;33%;0,0;0%;0;0,0;1,4;0,1;90%;15,1;0;0,4;8,2;1,9;0,9;0,5;0,4;0;43,9;2,9;10,4;1,4;3,9;12;0,9;1,1;0,0;0,2;0,0;11,6;0,2;4,1;0,1;4,4;1,1;0,0;4,4;20;0,0;26;-2.43;18;0,2;0;1262
Winzent Suchanek;D/WB/M/AM (L);22;1K € - 12K €;Middle Rhine;Germany;4,3;21,9;35%;0,0;18%;0;0,0;1,0;0,3;83%;11,1;0;1,3;5,8;1,5;1,2;0,3;0,3;0;55,8;6,7;14,7;1,0;0,6;27;0,3;0,8;0,2;0,5;0,1;11,1;0,1;4,0;0,2;3,2;2,0;0,2;7,5;10;0,5;49;1.37;30;0,1;0;1980
Migjen Kabashi;D/WB (L);19;500 € - 5K €;Bavaria South;Germany;3,0;16,5;50%;0,1;0%;0;0,0;1,1;0,3;86%;13,2;0;1,4;7,7;2,3;1,8;0,1;0,1;0;50,5;4,4;18,1;1,2;1,1;35;0,8;0,2;0,3;0,5;0,0;12,6;0,0;2,9;0,2;6,5;1,1;0,1;6,9;13;0,3;40;-0.52;40;0,0;0;1800
Paul Skowronnek;D (C);19;0 €;Hessia;Germany;2,7;15,4;13%;0,0;13%;0;0,0;0,0;0,1;85%;3,2;0;1,1;2,8;1,1;0,8;0,2;0,1;0;48,3;1,9;3,1;0,0;0,1;14;0,0;0,4;0,4;0,2;0,1;9,4;0,0;6,5;0,0;0,1;4,5;0,0;0,1;0;1,5;69;0.41;16;0,0;0;1673
Tom Sebastian;GK;21;0 €;Hamburg;Germany;0,0;3,4;0%;0,0;0%;68;-0,0;0,1;0,0;58%;7,1;-0.9;5,3;0,0;0,0;0,0;0,0;0,0;88;26,2;0,0;0,0;0,1;0,0;0;0,0;0,0;0,0;0,0;0,0;5,0;0,0;0,0;0,0;0,0;0,0;0,0;0,0;0;0,0;0;0;4;0,0;22;1710
Matthias Layer;GK;26;2K € - 18K €;Baden-Württemberg;Germany;0,0;3,5;0%;0,0;0%;64;-0,0;0,0;0,0;71%;6,6;-0.13;4,9;0,0;0,0;0,0;0,0;0,0;88;25,7;0,0;0,0;0,0;0,0;0;0,0;0,0;0,0;0,0;0,0;5,1;0,0;0,0;0,0;0,0;0,0;0,0;0,0;0;0,0;0;0;0;0,0;13;1260
Nerman Mačkić;D (C), DM, M (C);23;0 € - 24K €;Bavaria South;Germany;1,3;9,9;36%;0,0;21%;0;0,0;0,5;0,1;90%;13,5;0;0,2;4,6;1,2;0,8;0,2;0,3;0;24,6;1,6;4,8;0,5;0,6;14;0,3;0,8;0,0;0,2;0,2;6,0;0,1;2,0;0,0;1,6;0,8;0,1;1,6;18;0,1;40;1.99;18;0,1;0;1551
Kilian-Joel Wagenaar;D (LC), DM, M (C);19;0 € - 12K €;Middle Rhine;Germany;2,8;17,7;14%;0,1;0%;0;0,0;1,0;0,2;88%;5,8;0;1,2;3,6;1,1;0,9;0,3;0,1;0;59,7;5,5;9,6;1,0;0,0;12;0,0;0,5;0,2;0,5;0,0;11,9;0,0;3,1;0,3;0,1;1,6;0,4;0,1;0;0,1;51;-0.57;13;0,0;0;1207
Paul Gögele;D (RC);19;0 €;Baden-Württemberg;Germany;3,7;12,8;9%;0,2;5%;0;0,0;0,5;0,0;84%;4,8;0;1,7;2,6;1,2;0,6;0,5;0,1;0;48,8;2,4;3,4;0,5;0,0;10;0,1;1,2;1,1;0,6;0,1;9,2;0,1;5,9;0,0;0,1;3,8;0,1;0,1;50;0,5;65;-1.38;17;0,1;0;1590
Luis Lemke;M/AM (R);17;24K € - 240K €;Bavaria North;Germany;1,9;7,2;38%;0,0;13%;0;0,0;1,8;0,1;91%;20,2;0;0,3;7,9;2,2;1,0;0,6;0,7;0;41,6;2,6;10,9;2,4;4,4;14;1,0;1,8;0,0;0,3;0,2;10,6;0,2;4,5;0,2;6,9;1,2;0,2;7,0;14;0,1;27;0.01;18;0,2;0;1202
Johannes Hofmann;DM, M/AM (C);30;0 € - 30K €;Hessia;Germany;2,3;19,1;10%;0,0;0%;0;0,0;2,1;0,3;87%;10,0;0;0,6;4,9;1,1;0,5;0,4;0,1;0;45,0;5,0;10,4;2,3;0,3;8;0,1;1,4;0,5;0,5;0,0;12,3;0,2;4,5;0,3;0,5;0,7;0,1;2,3;5;0,1;15;-3.34;10;0,2;0;1347
Maximilian Zunker;GK;31;0 € - 28K €;North East-North;Germany;0,0;1,7;0%;0,0;0%;52;-0,2;0,0;0,0;68%;8,3;-2.92;5,2;0,0;0,0;0,0;0,0;0,0;87;27,4;0,0;0,0;0,0;0,0;0;0,0;0,0;0,0;0,0;0,0;4,7;0,0;0,0;0,0;0,0;0,0;0,0;0,0;0;0,0;0;0;3;0,0;19;1650
Lennart Bollenberg;D (C);20;0 € - 30K €;Westphalia;Germany;3,5;15,6;0%;0,1;0%;0;0,0;0,0;0,1;90%;3,9;0;0,8;2,1;1,0;0,3;0,3;0,0;0;48,3;1,9;2,6;0,0;0,0;5;0,0;1,0;0,3;0,4;0,0;9,6;0,1;7,7;0,0;0,0;5,5;0,0;0,0;0;1,6;72;-2.13;6;0,1;0;1434
Lucas Genkinger;D (RL), DM, M (C);30;0 €;Baden-Württemberg;Germany;1,9;10,6;50%;0,0;17%;0;0,0;0,5;0,1;87%;6,4;0;0,9;4,6;1,4;0,9;0,1;0,2;0;45,1;3,0;9,1;0,5;0,1;13;0,1;0,4;0,1;0,4;0,1;10,9;0,1;2,1;0,0;0,1;0,7;0,0;0,1;100;0,1;35;-0.77;21;0,1;0;1327
Oskar Preil;GK;22;2,5K € - 22K €;Bavaria North;Germany;0,0;6,2;0%;0,0;0%;75;0,6;0,0;0,0;72%;5,2;8.31;4,7;0,0;0,0;0,0;0,0;0,0;89;26,2;0,0;0,0;0,2;0,0;0;0,0;0,0;0,0;0,0;0,0;5,2;0,0;0,0;0,0;0,0;0,0;0,0;0,0;0;0,0;0;0;1;0,0;14;1357
Marvin Gnaase;M (RC), AM (R);31;0 € - 10K €;Baden-Württemberg;Germany;1,4;3,0;33%;0,0;8%;0;0,0;1,9;0,5;88%;20,0;0;0,5;7,5;1,9;1,2;0,5;0,3;0;41,1;3,4;10,8;1,9;3,3;16;1,1;0,9;0,0;0,3;0,1;11,8;0,1;3,5;0,3;6,8;0,6;0,0;6,8;15;0,0;18;0;21;0,1;0;1163
Melvin Williams;GK;24;1,5K € - 6K €;North East-North;Germany;0,0;5,0;0%;0,0;0%;66;0,4;0,0;0,0;68%;6,1;7.07;5,4;0,0;0,0;0,0;0,0;0,0;86;25,8;0,0;0,0;0,6;0,0;0;0,0;0,0;0,0;0,0;0,0;5,6;0,0;0,0;0,0;0,0;0,0;0,0;0,0;0;0,0;0;0;0;0,0;29;1671
Aris Andrikopoulos;M/AM (RL);19;4,5K € - 16K €;Schleswig-Holstein;Germany;1,5;7,1;41%;0,0;6%;0;0,0;2,2;0,4;87%;14,8;0;0,4;9,4;1,9;1,0;0,1;0,4;0;41,8;3,4;9,6;2,2;3,4;16;1,1;1,1;0,0;0,1;0,1;10,9;0,2;2,7;0,1;7,7;0,8;0,1;7,7;13;0,0;30;-1.73;19;0,2;0;1417
Philipp Horster;D/WB/M (L);21;500 € - 4K €;Lower Rhine;Germany;3,4;7,2;0%;0,1;0%;0;0,0;1,0;0,4;87%;13,3;0;1,3;4,8;1,1;1,2;0,2;0,0;0;50,1;5,5;9,3;1,0;0,7;20;0,3;0,5;0,0;0,7;0,0;10,2;0,0;3,0;0,4;1,8;1,1;0,2;3,0;20;0,1;37;-0.74;22;0,0;0;1510
Isaak Masongele;D (C);19;0 €;Middle Rhine;Germany;2,9;22,6;8%;0,1;0%;0;0,0;0,4;0,1;80%;4,0;0;1,7;3,8;1,1;0,4;0,3;0,1;0;43,6;2,3;4,0;0,4;0,3;8;0,1;0,7;1,7;0,4;0,0;9,8;0,0;7,3;0,0;0,7;5,3;0,1;0,7;7;1,3;72;-0.76;11;0,0;0;1679
Buda Bittera;M/AM (L);18;2K € - 18K €;Hessia;Germany;1,3;4,2;32%;0,0;13%;0;0,0;1,7;0,2;85%;17,6;0;0,6;7,4;1,6;0,9;0,5;0,6;0;42,9;3,1;11,3;1,7;2,5;16;1,5;1,8;0,0;0,2;0,2;11,5;0,2;5,7;0,1;5,8;2,0;0,1;5,8;26;0,2;35;0.85;18;0,2;0;1579
Leonardo Marino;D (R);23;0 €;Bremen;Germany;2,6;16,9;17%;0,1;7%;0;0,0;1,3;0,3;87%;12,8;0;1,3;4,6;1,6;1,5;0,9;0,4;0;52,3;5,4;10,1;1,3;0,4;27;0,6;2,2;0,7;0,3;0,2;10,6;0,2;5,4;0,2;2,9;4,2;0,3;2,9;20;0,6;78;-1;28;0,2;0;1675
Tanyel Deliboyraz;M/AM (L);21;30K € - 100K €;Bavaria North;Germany;2,4;5,5;46%;0,1;19%;0;0,0;2,0;0,2;91%;16,0;0;0,6;8,0;1,6;0,8;0,5;0,7;0;43,8;3,5;10,0;2,0;5,0;14;1,4;1,4;0,0;0,1;0,3;11,3;0,2;4,5;0,1;6,1;1,2;0,2;6,7;22;0,0;27;2.28;20;0,2;0;1629
Nikola Barjasic;D (C);17;2,5K € - 24K €;Bavaria South;Germany;3,5;9,2;60%;0,1;60%;0;0,0;0,3;0,0;85%;4,5;0;1,5;2,2;1,0;0,5;0,1;0,2;0;45,9;2,4;3,1;0,3;0,0;7;0,0;0,4;0,1;0,8;0,2;9,7;0,1;7,1;0,1;0,0;5,1;0,0;0,0;0;0,4;72;2.21;9;0,1;0;1208
Zinedine Durmus;D (C), DM, M (C);19;3,5K € - 12K €;Lower Rhine;Germany;1,9;15,8;14%;0,1;0%;0;0,0;1,0;0,6;89%;6,7;0;1,6;5,6;1,1;0,8;0,2;0,1;0;51,9;3,5;8,2;1,0;0,1;13;0,0;0,8;0,1;0,6;0,0;10,4;0,1;4,0;0,3;0,1;2,1;0,2;0,1;0;0,3;52;-2.11;14;0,1;0;1551
Özgür Özdemir;D (C), DM;30;3K € - 10K €;Hessia;Germany;2,6;13,0;17%;0,0;0%;0;0,0;0,2;0,1;89%;4,0;0;1,4;1,9;0,7;0,4;0,4;0,1;0;44,2;2,2;3,1;0,2;0,0;4;0,0;0,5;1,1;0,6;0,0;9,5;0,0;7,4;0,0;0,0;5,0;0,0;0,0;0;1,5;68;-0.41;5;0,0;0;1019
Toby Warkentin;D (RL), WB/M/AM (L);19;0 €;North East-South;Germany;1,8;16,5;0%;0,0;0%;0;0,0;1,9;0,1;87%;18,0;0;0,8;8,0;1,6;1,4;0,0;0,0;0;50,0;4,7;18,5;3,4;1,2;17;1,3;0,0;2,0;0,3;0,0;12,6;0,0;5,8;0,1;7,2;3,3;0,0;7,9;17;1,0;58;0;19;0,0;0;1076
Hayrullah Alici;AM (RL), ST (C);28;0 € - 12K €;Westphalia;Germany;0,6;1,6;56%;0,0;16%;0;0,0;1,2;0,2;93%;20,8;0;0,2;1,3;0,7;0,1;0,5;1,4;0;24,4;0,8;4,2;1,2;0,4;2;0,1;2,4;0,0;0,0;0,4;9,9;0,3;9,2;0,0;0,8;2,0;0,0;0,8;10;0,0;21;1.56;2;0,3;0;2021
Michel Kusch;ST (C);21;0 €;North East-North;Germany;1,0;0,8;50%;0,0;19%;0;0,0;0,5;0,0;88%;22,9;0;0,1;1,1;0,5;0,2;0,3;0,9;0;22,6;0,3;3,3;0,5;0,6;3;0,0;1,7;0,0;0,4;0,3;9,0;0,2;8,9;0,0;0,1;1,7;0,0;0,1;0;0,0;20;1.76;3;0,2;0;1352
Jaden Garris;D (C), DM;19;0 € - 55K €;Westphalia;Germany;2,4;11,6;11%;0,1;0%;0;0,0;0,3;0,0;84%;4,8;0;0,9;3,6;1,3;0,6;0,3;0,1;0;48,7;2,4;3,6;0,3;0,0;7;0,0;0,8;0,4;0,3;0,0;9,6;0,1;5,2;0,0;0,0;2,5;0,1;0,0;0;1,3;48;-0.79;7;0,1;0;1042
Tom Damrath;DM;18;0 €;Schleswig-Holstein;Germany;2,7;15,3;18%;0,0;0%;0;0,0;0,9;0,2;91%;5,4;0;1,2;3,9;1,6;1,0;0,3;0,2;0;46,3;3,5;9,2;1,8;0,1;19;0,1;1,1;0,3;0,3;0,0;11,8;0,2;3,1;0,2;0,3;1,4;0,2;2,0;20;0,4;44;-3.45;26;0,2;0;1778
Salvatore Marrone;D (RL), WB/M/AM (L);24;Unknown;Baden-Württemberg;Germany;2,9;15,5;27%;0,1;4%;0;0,0;1,3;0,3;88%;12,1;0;1,0;4,3;1,6;1,6;0,1;0,4;0;50,7;6,1;10,9;2,1;0,5;31;0,7;1,3;0,6;0,3;0,1;11,1;0,2;4,7;0,2;3,0;2,8;0,1;5,3;17;0,4;60;-2.47;35;0,2;0;1735
Jay Archard;D (L), AM (RL);19;2K € - 20K €;Hamburg;Germany;2,9;14,4;10%;0,0;10%;0;0,0;1,0;0,4;88%;11,1;0;1,0;4,8;1,1;1,3;0,2;0,1;0;55,3;6,2;9,9;1,0;0,9;20;0,8;0,6;0,2;0,6;0,1;10,7;0,1;5,2;0,1;2,5;3,3;0,2;3,2;26;0,7;64;-0.33;26;0,1;0;1398
Philipp Eggert;D (LC), WB/M (L);23;12K € - 40K €;Lower Saxony;Germany;3,3;11,0;18%;0,1;0%;0;0,0;1,0;0,2;84%;13,7;0;1,3;3,8;1,1;0,6;0,1;0,1;0;51,0;4,5;8,3;1,0;0,2;14;0,2;0,5;0,3;0,5;0,0;10,6;0,1;5,0;0,1;1,8;3,1;0,0;1,8;10;1,0;63;-1.51;24;0,1;0;1980
Sebastian Gleißner;DM, M (C);31;Not for Sale;Baden-Württemberg;Germany;2,5;15,4;33%;0,1;0%;0;0,0;0,8;0,2;89%;6,5;0;1,0;5,6;1,9;1,2;0,2;0,2;0;47,4;3,3;9,2;0,8;0,2;23;0,0;0,5;0,6;0,3;0,0;11,9;0,0;3,2;0,1;0,1;1,9;0,1;0,1;0;0,4;60;-0.71;25;0,0;0;1702
Joel Schlotter;M (L), AM (RL);18;2K € - 7K €;Westphalia;Germany;1,5;1,7;21%;0,0;14%;0;0,0;1,1;0,1;90%;21,0;0;0,9;8,3;1,3;0,5;0,2;0,2;0;41,3;2,7;11,1;1,1;4,1;7;1,0;1,0;0,0;0,4;0,1;11,8;0,1;4,4;0,1;5,5;0,7;0,1;5,5;17;0,0;17;0.71;11;0,1;0;1220
Robin Heydt;D (C);17;0 € - 95K €;Westphalia;Germany;2,4;23,1;0%;0,0;0%;0;0,0;1,4;0,0;85%;19,3;0;1,1;7,1;1,4;0,7;0,2;0,0;0;48,4;4,8;20,2;1,4;1,8;9;0,5;0,2;0,1;0,2;0,0;13,4;0,0;4,4;0,1;7,4;2,5;0,1;7,4;6;0,6;57;-0.05;17;0,0;0;1098
Felix Popp;D (C);28;10K € - 35K €;Bavaria South;Germany;3,3;19,3;8%;0,2;0%;0;0,0;0,2;0,2;85%;3,6;0;1,0;3,1;1,2;0,2;0,2;0,1;0;46,9;2,5;2,5;0,2;0,0;3;0,0;1,0;0,2;0,6;0,0;10,1;0,1;6,3;0,0;0,0;3,8;0,0;0,0;0;0,7;59;-1.26;8;0,1;0;1126
Nils Staiger;D (LC), WB/M (L);27;0 € - 95K €;Baden-Württemberg;Germany;2,6;11,8;17%;0,0;0%;0;0,0;1,1;0,1;86%;15,0;0;1,2;5,1;1,7;1,2;0,2;0,1;0;51,2;5,0;10,4;1,1;0,5;24;0,4;0,3;0,6;0,5;0,0;10,7;0,0;4,5;0,1;2,3;2,8;0,2;2,3;17;0,7;62;-0.51;27;0,0;0;1784
Nils Bremer;D/WB/M (R);29;1K € - 10K €;North East-North;Germany;4,3;10,9;23%;0,0;3%;0;0,0;0,6;0,3;89%;13,7;0;0,8;6,3;1,3;0,7;0,8;0,5;0;52,4;5,4;10,3;1,4;0,6;12;0,5;2,0;0,4;0,4;0,1;10,7;0,1;4,5;0,3;2,5;2,2;0,3;4,7;13;0,1;50;-1.56;14;0,1;0;1537
Tomek Pauer;DM, M/AM (C);31;1K € - 8K €;Lower Saxony;Germany;1,3;15,0;50%;0,0;8%;0;0,0;1,5;0,6;91%;19,4;0;0,4;3,3;0,9;0,3;0,3;0,7;0;41,8;1,5;8,0;1,5;0,8;6;0,1;1,3;0,0;0,2;0,1;11,2;0,2;6,0;0,3;1,4;1,9;0,5;1,4;7;0,1;32;-1.39;9;0,2;0;1762
Jonathan Kafu;D (C), DM;19;0 €;Middle Rhine;Germany;2,2;11,6;20%;0,1;10%;0;0,0;0,6;0,1;87%;6,3;0;1,2;3,9;1,3;1,0;0,3;0,2;0;45,2;2,8;7,2;0,6;0,0;11;0,0;0,9;0,1;0,4;0,1;10,6;0,1;3,5;0,0;0,3;1,8;0,0;0,3;0;0,4;51;0.1;14;0,1;0;1005
Leonardo Kreier;DM, M (C);19;0 €;Hamburg;Germany;2,1;24,8;0%;0,0;0%;0;0,0;1,0;0,4;87%;6,1;0;1,3;4,5;1,5;0,9;0,1;0,0;0;46,2;5,5;8,6;1,0;0,2;10;0,0;0,4;0,3;0,5;0,0;10,9;0,0;2,9;0,4;0,1;0,6;0,2;0,1;0;0,1;21;-0.46;12;0,0;0;1007
Artem Popov;M (R), AM (RL), ST (C);28;0 € - 95K €;Lower Saxony;Germany;1,9;3,2;36%;0,1;18%;0;0,0;1,7;0,1;89%;13,5;0;0,6;6,5;2,0;1,3;0,5;0,6;0;40,8;3,1;11,4;1,7;3,2;18;0,9;1,5;0,0;0,2;0,3;11,5;0,2;4,8;0,2;5,7;2,8;0,1;5,7;16;0,1;58;0.81;22;0,2;0;1284
Linos Fourniadis;D (C);17;0 € - 50K €;RP/Saar;Germany;4,1;10,8;25%;0,1;25%;0;0,0;0,2;0,0;88%;4,6;0;0,9;2,1;1,0;0,4;0,1;0,1;0;49,8;2,5;3,1;0,7;0,0;7;0,0;0,3;0,7;0,5;0,1;10,4;0,0;6,8;0,1;0,1;5,1;0,1;0,1;0;1,6;74;0.75;9;0,0;0;1420
Carlos Hartig;D (C);19;0 €;North East-North;Germany;3,2;8,4;38%;0,0;15%;0;0,0;0,1;0,0;84%;4,5;0;0,8;2,4;0,7;0,3;0,4;0,3;0;47,3;2,3;3,2;0,1;0,0;6;0,0;0,7;0,9;0,4;0,1;9,6;0,0;7,6;0,0;0,0;5,8;0,0;0,0;0;1,4;76;1.44;10;0,0;0;1795
Jason Prodanović;D (RL), WB/M (R);24;0 € - 18K €;Baden-Württemberg;Germany;3,9;11,9;17%;0,0;8%;0;0,0;0,7;0,3;83%;11,9;0;1,2;5,6;0,8;0,7;0,3;0,2;0;52,3;5,6;13,3;0,7;0,3;8;0,2;1,0;0,0;0,9;0,1;11,3;0,1;4,6;0,2;2,0;2,2;0,2;2,0;12;0,3;48;-0.11;10;0,1;0;1100
Daniel Spiegel;D (L);30;0 € - 35K €;Middle Rhine;Germany;3,2;24,3;0%;0,2;0%;0;0,0;1,1;0,1;84%;12,6;0;1,3;4,1;1,1;1,1;0,0;0,0;0;53,6;5,7;10,9;1,1;0,2;19;0,3;0,0;1,2;0,9;0,0;11,4;0,0;5,1;0,1;1,9;2,8;0,0;1,9;17;0,4;55;0;21;0,0;0;1616
Lewin Finn Heinz;GK;17;0 € - 60K €;Hessia;Germany;0,0;5,7;0%;0,0;0%;68;0,1;0,0;0,0;59%;7,2;0.94;5,0;0,0;0,0;0,0;0,0;0,0;90;27,8;0,0;0,0;0,0;0,0;0;0,0;0,0;0,0;0,0;0,0;5,5;0,0;0,0;0,0;0,0;0,0;0,0;0,0;0;0,0;0;0;3;0,0;18;1268
Tom Keller;AM (RL), ST (C);19;0 € - 85K €;Bavaria North;Germany;1,0;3,6;52%;0,0;20%;0;0,0;1,4;1,0;90%;18,4;0;0,2;6,4;1,5;1,2;0,7;1,1;0;38,3;2,1;10,7;1,6;2,4;15;1,0;2,1;0,0;0,0;0,4;11,3;0,2;6,7;0,1;5,5;1,5;0,2;5,5;17;0,1;22;2.35;16;0,2;0;1094
Marius Herzig;GK;26;8K € - 26K €;Bavaria South;Germany;0,2;5,4;0%;0,1;0%;75;0,1;0,0;0,0;69%;7,2;1.23;5,8;0,0;0,0;0,0;0,0;0,0;90;24,3;0,5;0,1;0,0;0,0;0;0,0;0,0;0,0;0,0;0,0;5,0;0,0;0,0;0,0;0,0;0,0;0,0;0,0;0;0,0;0;0;0;0,0;14;1640
Jan Honert;DM, M (C);18;0 €;RP/Saar;Germany;2,6;16,7;17%;0,1;8%;0;0,0;0,7;0,4;92%;8,4;0;0,6;4,0;1,0;1,0;0,2;0,1;0;53,6;4,6;8,5;0,7;0,1;15;0,0;0,8;0,1;0,3;0,1;10,6;0,1;2,0;0,4;0,3;0,8;0,2;0,3;0;0,1;42;-1.32;17;0,1;0;1401
Lennart Keßner;M (R), AM (RLC);28;14K € - 45K €;Hamburg;Germany;1,5;14,3;48%;0,1;24%;0;0,0;1,6;0,4;92%;15,6;0;0,3;7,1;1,9;0,9;0,3;0,8;0;42,6;2,5;10,2;1,6;2,8;17;1,0;1,6;0,0;0,2;0,4;11,6;0,1;4,4;0,1;4,5;1,6;0,1;4,5;21;0,1;37;4.75;24;0,1;0;1646
Tim Buchmann;D (RL), WB/M (R);30;0 € - 45K €;Bavaria South;Germany;3,0;12,8;20%;0,2;20%;0;0,0;1,4;0,1;87%;11,2;0;1,3;4,9;1,4;1,3;0,1;0,1;0;55,1;6,5;11,2;1,5;0,6;16;0,2;0,4;0,2;0,7;0,1;11,7;0,1;4,3;0,1;2,8;1,7;0,0;2,8;8;0,2;40;0.16;18;0,1;0;1140
Leonard Hüttl;GK;19;500 € - 4,5K €;Bavaria North;Germany;0,0;2,8;0%;0,0;0%;69;0,3;0,0;0,0;64%;8,7;5.82;5,6;0,0;0,0;0,0;0,0;0,0;87;25,6;0,1;0,1;0,0;0,0;0;0,0;0,0;0,0;0,0;0,0;5,3;0,0;0,0;0,0;0,0;0,0;0,0;0,0;0;0,0;0;0;0;0,0;14;1665
Luca Baer;M (C), AM (RLC);17;0 € - 60K €;Lower Rhine;Germany;1,5;13,3;42%;0,0;33%;0;0,0;1,2;0,3;90%;19,8;0;0,5;6,4;1,9;0,9;0,2;0,4;0;45,5;2,7;11,3;1,7;2,9;11;1,0;1,0;0,0;0,4;0,3;11,6;0,1;4,2;0,1;4,1;1,2;0,2;4,1;25;0,1;29;2.78;13;0,1;0;1053
Rodan Kolčak;D (RC);25;0 €;RP/Saar;Germany;3,3;14,0;22%;0,1;6%;0;0,0;0,3;0,0;82%;3,8;0;1,5;2,5;0,8;0,6;0,2;0,2;0;49,0;2,4;2,3;0,3;0,0;13;0,0;0,9;0,6;0,7;0,0;9,5;0,1;6,2;0,0;0,1;3,8;0,0;0,1;0;0,4;62;-0.94;15;0,1;0;1811
Samba Baldé;M (C), AM (LC);20;0 € - 1K €;RP/Saar;Germany;0,9;5,9;38%;0,0;13%;0;0,0;1,4;0,1;91%;18,6;0;0,4;4,9;1,0;0,4;0,9;0,8;0;41,7;1,8;8,9;1,4;1,3;8;0,7;2,1;0,0;0,2;0,3;11,3;0,2;3,9;0,1;3,0;1,0;0,2;3,0;22;0,0;25;1.22;8;0,2;0;1637
Eric Birkholz;D (C), DM;30;8K € - 28K €;North East-North;Germany;1,5;16,7;0%;0,1;0%;0;0,0;0,1;0,1;87%;9,8;0;0,5;1,1;0,3;0,2;0,1;0,0;0;22,9;0,8;2,6;0,1;0,0;3;0,0;0,6;0,3;0,3;0,0;4,9;0,1;2,3;0,2;0,0;1,5;0,0;0,0;0;0,4;67;-2.52;3;0,1;0;1534
Elias Wolf;AM (C);17;16K € - 55K €;RP/Saar;Germany;1,4;18,2;56%;0,0;33%;0;0,0;2,1;0,3;92%;16,3;0;0,3;3,2;1,0;0,2;0,3;0,4;0;42,9;2,5;6,3;2,2;0,6;3;0,3;0,7;0,0;0,2;0,2;10,9;0,0;3,1;0,2;1,0;1,4;0,1;1,0;30;0,0;44;2.43;6;0,0;0;1132
Ismail Ceesay;ST (C);22;0 € - 35K €;North East-North;Germany;0,9;1,7;43%;0,0;24%;0;0,0;0,8;0,0;91%;15,0;0;0,5;0,9;0,4;0,2;0,8;0,7;0;24,2;0,5;4,3;0,8;0,6;2;0,1;1,6;0,0;0,2;0,4;9,5;0,2;10,9;0,1;0,4;3,1;0,1;0,4;20;0,0;29;2.37;3;0,2;0;1155
Ruvejd Perović;M (L), AM (RLC);21;1K € - 9K €;Bavaria South;Germany;2,0;6,5;38%;0,0;0%;0;0,0;2,0;0,2;88%;10,9;0;0,9;7,7;1,6;1,1;0,1;0,2;0;46,8;4,2;13,2;2,0;1,8;18;0,2;0,5;0,1;0,3;0,0;11,9;0,0;3,7;0,1;2,4;1,6;0,1;2,4;7;0,1;42;-0.8;18;0,0;0;1537
Robert Norf;M (L), AM (RLC);34;0 € - 7K €;Bremen;Germany;2,8;9,1;31%;0,0;0%;0;0,0;2,2;0,3;83%;12,2;0;0,6;5,9;1,2;1,0;0,3;0,3;0;44,7;4,8;15,3;2,6;1,4;16;0,3;0,8;0,0;0,5;0,0;11,7;0,1;4,1;0,1;2,5;0,6;0,1;10,5;9;0,0;15;-1.83;19;0,1;0;1431
Efekan Çalıkoğlu;M/AM (L);20;6K € - 20K €;Hamburg;Germany;2,3;5,3;26%;0,0;17%;0;0,0;1,2;0,3;89%;16,7;0;0,9;7,7;1,7;1,0;0,3;0,4;0;43,3;2,9;10,7;1,2;3,5;17;0,8;1,4;0,0;0,5;0,2;11,7;0,2;5,0;0,2;5,5;0,9;0,1;6,2;13;0,0;18;1.22;21;0,2;0;1467
Nils Gatzke;DM, M (RLC), AM (C);22;0 € - 90K €;Lower Rhine;Germany;1,9;13,0;43%;0,1;14%;0;0,0;0,4;0,1;88%;7,4;0;0,5;4,1;0,7;0,8;0,2;0,2;0;46,8;3,0;8,9;0,4;0,5;10;0,0;0,5;0,0;0,5;0,1;11,2;0,1;2,0;0,1;0,1;0,6;0,1;0,6;0;0,1;31;0.34;11;0,1;0;1166
Henrik Brugner;M (C);22;0 €;Bavaria South;Germany;0,4;9,8;33%;0,0;7%;0;0,0;0,1;0,3;86%;13,9;0;0,1;1,0;0,3;0,1;0,7;0,3;0;7,5;1,0;1,2;0,3;0,0;2;0,0;1,0;0,0;0,0;0,1;1,6;0,1;0,2;0,1;0,0;0,1;0,1;0,5;28;0,1;33;-0.61;2;0,1;0;1381
Shayan Sadeghi;M (R), AM (RL);19;0 €;Westphalia;Germany;1,9;3,9;57%;0,0;23%;0;0,0;1,8;0,1;89%;13,1;0;0,4;8,9;1,7;0,8;0,7;0,8;0;42,2;3,5;10,5;1,8;3,4;17;1,1;1,5;0,0;0,3;0,3;10,6;0,1;4,6;0,1;5,1;1,2;0,1;5,6;20;0,0;26;4.86;25;0,1;0;1847
Dominik Salz;ST (C);38;0 €;Baden-Württemberg;Germany;1,0;1,6;43%;0,0;23%;0;0,0;0,7;0,1;90%;19,6;0;0,2;1,4;0,6;0,1;0,6;0,8;0;24,2;0,4;3,3;0,7;0,3;2;0,1;2,0;0,0;0,2;0,5;9,3;0,3;11,3;0,1;0,4;3,7;0,1;0,5;22;0,2;33;2.56;4;0,3;0;1599
Tommy Kind;ST (C);36;0 €;North East-South;Germany;0,9;2,7;46%;0,0;15%;0;0,0;0,8;0,3;88%;15,8;0;0,3;1,2;0,6;0,2;0,3;0,7;0;24,4;0,6;3,2;0,8;0,5;3;0,2;1,5;0,0;0,1;0,2;9,5;0,3;10,7;0,1;0,3;4,9;0,2;0,3;50;0,2;46;-0.66;4;0,3;0;1595
Philipp Schmidt;ST (C);36;0 €;Lower Rhine;Germany;0,8;1,7;40%;0,0;4%;0;0,0;0,6;0,0;88%;17,3;0;0,4;1,2;0,4;0,2;1,2;1,5;0;24,2;0,3;4,0;0,6;0,5;3;0,0;3,8;0,0;0,0;0,1;9,2;0,4;10,5;0,1;0,3;5,0;0,1;0,3;0;0,1;47;-4.35;3;0,5;0;1252
Florian Bäker;D (C);20;0 € - 20K €;North East-North;Germany;3,0;15,6;0%;0,1;0%;0;0,0;0,2;0,0;86%;3,3;0;1,3;2,0;0,9;0,3;0,1;0,0;0;47,5;2,2;4,1;0,2;0,0;6;0,0;0,3;1,3;0,7;0,0;9,5;0,0;5,6;0,0;0,1;3,4;0,0;0,1;0;0,6;60;-0.42;8;0,0;0;1570
Philipp Heller;D (RC), DM, M (C);21;0 € - 30K €;North East-South;Germany;2,8;18,1;0%;0,1;0%;0;0,0;0,4;0,1;87%;6,2;0;0,8;3,9;1,2;1,1;0,0;0,0;0;44,2;2,8;8,1;0,4;0,2;15;0,0;0,3;0,1;0,4;0,0;10,8;0,0;3,5;0,1;0,1;2,7;0,0;0,1;0;0,4;77;-0.41;16;0,0;0;1238
Miran Ağırbaş;D (C), DM;24;0 € - 10K €;Middle Rhine;Germany;2,6;19,4;8%;0,0;8%;0;0,0;0,1;0,0;86%;3,7;0;0,6;3,0;1,2;0,3;0,3;0,1;0;49,7;2,4;2,5;0,1;0,1;6;0,0;0,7;0,8;0,1;0,1;8,8;0,1;6,3;0,0;0,0;3,9;0,0;0,0;0;0,7;62;-1.08;8;0,1;0;1598
Bennet Kluge;DM, M/AM (C);22;0 €;Bavaria North;Germany;1,8;17,9;11%;0,1;0%;0;0,0;0,9;0,2;90%;8,4;0;1,1;3,9;0,7;0,6;0,1;0,1;0;44,1;4,9;7,3;0,9;0,1;9;0,1;0,6;0,2;0,8;0,0;10,2;0,1;3,4;0,1;0,1;1,6;0,2;0,1;50;0,6;46;-1.87;11;0,1;0;1440
Jan Vogel;DM, M/AM (C);25;10K € - 35K €;RP/Saar;Germany;0,0;13,4;50%;0,0;15%;0;0,0;0,2;0,1;83%;13,0;0;0,0;0,1;0,0;0,0;0,3;0,6;0;0,3;0,1;0,1;0,2;0,0;0;0,0;1,1;0,0;0,0;0,2;0,1;0,1;0,0;0,1;0,0;0,0;0,2;0,0;0;0,0;0;0.91;0;0,1;0;1613
Martin Ruda;DM, M (C);24;1,5K € - 14K €;Bavaria North;Germany;1,8;19,1;0%;0,0;0%;0;0,0;0,4;0,2;89%;7,9;0;0,4;4,0;0,5;0,3;0,0;0,0;0;39,8;3,2;7,2;0,4;0,2;4;0,0;0,3;0,2;0,5;0,0;9,2;0,1;1,5;0,1;0,0;0,8;0,1;0,0;0;0,0;58;-0.69;5;0,1;0;1168
Noah Harms;ST (C);17;0 €;Bremen;Germany;1,5;8,1;54%;0,1;25%;0;0,0;0,7;0,2;86%;14,1;0;0,7;3,5;1,3;0,9;0,7;1,0;0;36,7;2,1;7,9;0,7;0,7;13;0,2;1,9;0,1;0,2;0,5;10,5;0,1;7,4;0,2;0,9;3,9;0,2;0,9;23;0,5;53;5.02;17;0,1;0;1356
Ali Hüseyin Gün;DM, M/AM (C);21;0 € - 40K €;Hessia;Germany;2,1;17,3;13%;0,0;7%;0;0,0;1,6;0,2;88%;6,1;0;1,5;5,9;1,2;0,8;0,2;0,1;0;45,9;5,1;9,7;1,6;0,2;13;0,0;0,9;0,1;0,4;0,1;11,9;0,1;3,6;0,4;0,0;2,1;0,5;0,3;16;0,5;59;-0.67;15;0,1;0;1544
Ferdinand Leis;D (C);19;12K € - 40K €;Bavaria South;Germany;3,2;11,8;42%;0,1;8%;0;0,0;0,1;0,0;89%;5,5;0;1,5;2,1;0,8;0,8;0,2;0,3;0;51,9;3,7;2,8;0,1;0,1;14;0,0;0,7;0,4;0,5;0,1;9,6;0,1;4,8;0,0;0,0;3,0;0,0;0,0;0;0,5;63;-0.03;14;0,1;0;1550
Matay Birol;GK;28;500 € - 5K €;RP/Saar;Germany;0,0;5,0;0%;0,0;0%;73;0,2;0,1;0,0;63%;6,0;4.43;4,3;0,0;0,0;0,1;0,0;0,0;91;26,5;0,0;0,0;0,1;0,0;1;0,0;0,0;0,0;0,0;0,0;5,7;0,0;0,0;0,0;0,0;0,0;0,0;0,0;0;0,0;0;0;4;0,0;24;1800
Eren Özat;DM, M (RLC), AM (C);21;1K € - 12K €;Westphalia;Germany;0,0;14,6;26%;0,0;11%;0;0,0;0,3;0,4;50%;11,4;0;0,0;0,1;0,1;0,1;0,4;0,3;0;0,5;0,1;0,1;0,3;0,1;1;0,0;1,2;0,0;0,0;0,1;0,2;0,3;0,1;0,2;0,1;0,0;0,3;0,1;0;0,0;0;-2.23;1;0,3;0;1410
Julius Kliti;M (RLC), AM (C);21;0 € - 10K €;Schleswig-Holstein;Germany;1,0;18,2;42%;0,1;12%;0;0,0;1,2;0,3;91%;18,5;0;0,5;2,7;0,8;0,6;0,6;0,6;0;41,5;1,7;7,5;1,2;1,3;11;0,2;1,5;0,0;0,1;0,2;12,4;0,1;5,1;0,2;1,2;0,6;0,0;1,2;14;0,2;11;1.3;12;0,1;0;1560
Ante Banden;D (RC), DM;19;0 € - 16K €;Bavaria South;Germany;2,9;17,0;27%;0,1;0%;0;0,0;0,1;0,0;88%;5,3;0;1,8;2,0;0,7;0,5;0,4;0,3;0;53,5;3,4;3,9;0,1;0,0;6;0,0;1,0;0,5;0,8;0,0;9,3;0,1;5,4;0,0;0,0;3,5;0,0;1,1;7;0,6;65;-0.88;9;0,1;0;1025
Amani Dickson Mbedule;AM (RL), ST (C);29;0 €;Lower Saxony;Germany;1,4;4,0;27%;0,0;12%;0;0,0;1,4;0,1;92%;16,8;0;1,0;5,9;1,5;0,8;0,5;0,6;0;37,6;2,8;11,5;1,4;3,4;10;1,0;2,1;0,0;0,2;0,2;11,6;0,3;5,5;0,1;5,6;2,0;0,2;5,6;17;0,0;37;-1.15;14;0,3;0;1118
Tom Breuers;GK;24;0 € - 16K €;Westphalia;Germany;0,0;1,6;0%;0,0;0%;65;-0,1;0,1;0,0;64%;6,5;-1.48;3,7;0,0;0,0;0,0;0,0;0,0;90;26,4;0,0;0,0;0,5;0,0;0;0,0;0,0;0,0;0,0;0,0;5,5;0,0;0,0;0,0;0,0;0,0;0,0;0,0;0;0,0;0;0;1;0,0;29;1744
Erik Lanfer;D (LC), DM, M (C);21;5K € - 20K €;Lower Rhine;Germany;2,7;12,4;25%;0,0;0%;0;0,0;0,6;0,5;86%;4,9;0;0,5;4,4;0,8;0,5;0,2;0,2;0;46,4;5,3;7,9;0,6;0,1;6;0,0;1,0;0,4;0,5;0,0;10,9;0,1;3,8;0,2;0,2;2,5;0,2;0,2;0;0,3;67;-1.21;8;0,1;0;1133
Joscha Oguazu;D/WB (R), DM, M/AM (C);20;1K € - 12K €;Hamburg;Germany;2,6;15,5;10%;0,0;0%;0;0,0;1,0;0,4;85%;7,7;0;0,9;4,2;1,4;1,0;0,2;0,1;0;47,2;3,9;9,3;1,0;0,3;13;0,0;0,8;0,2;0,3;0,0;11,0;0,1;2,4;0,2;0,4;1,0;0,1;0,4;0;0,2;41;-0.75;19;0,1;0;1195
Sertan Yiğenoğlu;D (LC), DM;30;0 € - 22K €;Lower Rhine;Germany;3,1;13,5;11%;0,1;11%;0;0,0;0,2;0,1;83%;3,6;0;1,4;2,5;1,0;0,6;0,2;0,0;0;43,8;2,0;2,9;0,2;0,0;14;0,0;0,4;0,4;0,7;0,0;9,7;0,1;7,0;0,0;0,0;5,4;0,0;0,0;0;0,9;76;-0.28;18;0,1;0;1980
Simon Taczkowski;M/AM (C);17;16K € - 55K €;Hessia;Germany;1,2;5,8;32%;0,0;16%;0;0,0;1,7;0,1;89%;17,6;0;0,5;3,6;1,2;0,4;0,4;0,4;0;41,4;1,7;6,2;1,7;0,9;5;0,2;1,3;0,0;0,2;0,2;11,6;0,1;5,1;0,1;1,0;0,4;0,1;1,0;21;0,1;8;1.18;9;0,1;0;1282
Samy Jakšić;D (R), DM;20;3,5K € - 12K €;Middle Rhine;Germany;2,7;11,4;18%;0,0;6%;0;0,0;0,6;0,2;90%;11,4;0;0,9;4,0;0,9;0,8;0,3;0,2;0;48,0;3,9;10,1;0,6;0,2;13;0,1;1,1;0,4;0,4;0,1;11,3;0,2;3,7;0,1;1,7;2,1;0,1;1,7;3;0,3;55;-1.67;15;0,2;0;1447
Erlind Zogjani;AM (C), ST (C);21;0 €;North East-North;Germany;1,0;2,9;45%;0,0;23%;0;0,0;0,9;0,1;91%;16,1;0;0,2;1,5;0,8;0,3;0,3;0,7;0;25,2;0,7;3,8;0,9;0,6;4;0,1;1,5;0,0;0,2;0,3;9,5;0,3;8,5;0,1;0,5;1,4;0,0;0,5;14;0,1;16;1.25;5;0,3;0;1287
Nima Amiri;AM (RL), ST (C);19;2K € - 7K €;North East-North;Germany;1,7;2,7;38%;0,0;5%;0;0,0;1,5;0,1;89%;14,8;0;1,0;6,5;1,7;0,8;1,0;0,7;0;42,0;2,8;9,5;1,5;3,8;9;1,0;1,8;0,0;0,4;0,1;10,7;0,1;3,4;0,1;5,7;0,9;0,1;5,7;16;0,0;26;-0.34;11;0,1;0;1034
Niklas Knichel;GK;24;2K € - 7K €;RP/Saar;Germany;0,2;6,1;0%;0,0;0%;73;0,1;0,2;0,0;74%;6,3;2.45;3,3;0,6;0,2;0,0;0,0;0,0;88;28,5;0,2;0,7;0,2;0,2;0;0,0;0,0;0,0;0,0;0,0;5,2;0,0;0,0;0,0;0,0;0,0;0,0;0,0;0;0,0;0;0;4;0,0;29;1575
Yasin Pirnal;M/AM (C);19;0 € - 70K €;Lower Rhine;Germany;1,3;21,7;49%;0,0;20%;0;0,0;1,1;0,3;90%;11,4;0;0,3;4,4;0,9;0,5;0,6;0,9;0;36,4;1,6;7,3;2,0;0,7;9;0,0;1,8;0,2;0,3;0,4;11,0;0,2;4,2;0,2;0,8;1,6;0,4;0,9;0;0,1;38;3.13;11;0,2;0;1774
Irfan Ćatović;DM, M/AM (C);22;30K € - 110K €;RP/Saar;Germany;1,9;29,5;0%;0,1;0%;0;0,0;1,6;0,3;87%;7,2;0;1,0;5,4;1,5;0,9;0,1;0,0;0;43,5;4,6;7,3;1,6;0,1;15;0,1;0,3;0,1;0,4;0,0;10,3;0,0;2,2;0,2;0,3;0,4;0,2;1,1;22;0,2;19;-0.49;24;0,0;0;1485
Emre Demir;M (RC), AM (C);33;0 €;North East-South;Germany;2,1;14,7;25%;0,0;25%;0;0,0;1,3;0,2;88%;5,8;0;1,0;6,2;1,7;1,3;0,3;0,2;0;48,7;6,0;9,2;2,6;0,0;17;0,2;0,6;0,2;0,4;0,2;11,3;0,0;1,3;0,2;0,4;0,9;0,2;0,9;36;0,0;71;1.54;20;0,0;0;1140
Ian Scheffler;D/WB/M (R);19;0 €;North East-South;Germany;2,5;15,1;33%;0,1;0%;0;0,0;1,5;0,1;82%;18,1;0;1,0;7,2;1,9;1,6;0,1;0,1;0;50,0;3,8;18,3;1,5;1,8;29;1,3;0,3;1,0;0,6;0,0;12,3;0,0;4,1;0,1;7,9;2,4;0,1;12,2;16;0,4;58;-0.89;35;0,0;0;1673
Dennis Eck;M (L), AM (LC), ST (C);34;0 €;Middle Rhine;Germany;3,0;3,9;40%;0,0;0%;0;0,0;1,2;0,3;80%;15,3;0;1,2;7,9;2,1;1,2;0,0;0,2;0;45,2;3,8;16,1;1,6;1,7;15;0,3;0,4;0,0;0,5;0,0;12,1;0,1;4,4;0,4;2,6;1,1;0,4;2,6;12;0,0;24;-0.63;16;0,1;0;1094
Mehmet Dalyanoğlu;D (RL), AM (R);25;0 € - 85K €;Westphalia;Germany;2,2;12,4;24%;0,1;7%;0;0,0;1,1;0,1;85%;16,1;0;1,5;4,2;1,7;1,3;0,3;0,3;0;52,2;5,0;9,8;1,1;0,3;27;0,1;1,4;0,7;0,4;0,1;10,5;0,1;3,5;0,1;2,3;1,7;0,2;2,4;6;0,1;49;-1.01;32;0,1;0;1857
Dennis Müller;D/WB (RL), DM, M (RL), AM (C);35;0 €;Hessia;Germany;2,3;20,9;36%;0,0;0%;0;0,0;1,0;0,3;91%;14,5;0;0,8;3,3;0,8;0,5;0,4;0,3;0;43,4;2,3;9,5;1,0;0,6;9;0,2;0,7;0,3;0,5;0,0;11,8;0,1;4,1;0,1;0,6;1,7;0,1;0,6;25;0,1;41;-1.08;11;0,1;0;1741
Noel Czapelka;D (RC);20;0 €;Lower Rhine;Germany;3,4;11,1;21%;0,1;3%;0;0,0;0,6;0,1;91%;8,3;0;0,9;2,9;0,9;0,6;0,5;0,3;0;50,8;3,2;4,6;0,6;0,0;11;0,0;1,6;0,2;0,4;0,1;9,7;0,2;6,0;0,0;0,9;3,9;0,0;0,9;0;0,9;65;-3.16;15;0,2;0;1633
Luis Werrmann;AM (RC), ST (C);21;0 €;North East-South;Germany;1,7;9,6;18%;0,1;6%;0;0,0;1,3;0,1;91%;18,0;0;0,6;5,1;1,7;1,0;0,2;0,2;0;38,5;1,7;8,3;1,3;2,5;13;1,0;1,3;0,0;0,3;0,1;11,6;0,1;4,4;0,1;4,4;0,8;0,2;4,4;22;0,0;19;-0.2;14;0,1;0;1199
Sion Beuker;D (C);20;0 €;Lower Rhine;Germany;2,1;15,4;22%;0,1;11%;0;0,0;1,0;0,1;87%;7,9;0;1,2;4,4;1,3;1,0;0,1;0,1;0;47,4;3,8;9,1;1,0;0,0;15;0,1;0,6;1,8;0,5;0,1;11,1;0,1;3,5;0,0;0,3;2,1;0,1;0,3;25;0,5;59;0.07;21;0,1;0;1382
Ewert Baram;DM, M/AM (C);22;0 €;Lower Rhine;Germany;1,6;13,1;42%;0,0;11%;0;0,0;1,3;0,2;91%;18,3;0;0,3;3,7;1,0;0,9;0,5;0,6;0;38,1;2,0;6,5;1,3;1,0;12;0,1;1,5;0,0;0,0;0,2;10,6;0,2;3,0;0,1;1,0;0,4;0,2;1,0;7;0,0;13;-0.2;12;0,2;0;1143
Tim Hecker;M/AM (R);30;22K € - 75K €;Baden-Württemberg;Germany;2,6;7,3;23%;0,0;8%;0;0,0;1,3;0,1;87%;12,3;0;0,4;9,6;1,8;1,2;0,3;0,2;0;43,5;4,1;8,5;1,3;2,2;18;1,0;0,8;0,0;0,5;0,1;12,6;0,2;3,9;0,1;6,9;0,9;0,1;6,9;15;0,0;23;-1.93;28;0,2;0;1381
Mohammed Ibrahim;M/AM (R);18;0 € - 18K €;Baden-Württemberg;Germany;1,8;3,5;36%;0,0;14%;0;0,0;1,7;0,1;87%;24,9;0;0,9;8,3;2,2;1,2;0,5;0,5;0;40,2;2,8;12,2;1,7;3,3;19;1,3;1,4;0,0;0,3;0,2;11,6;0,1;3,3;0,2;7,4;0,6;0,3;7,4;17;0,1;18;1.38;21;0,1;0;1392
Dominik Grader;D (LC);35;0 €;Bavaria North;Germany;3,1;20,9;13%;0,2;0%;0;0,0;0,1;0,1;85%;8,0;0;0,9;3,5;1,3;0,7;0,3;0,1;0;49,7;3,9;6,5;0,3;0,2;10;0,0;0,5;0,7;0,4;0,0;10,7;0,0;5,9;0,0;0,9;3,4;0,0;1,1;0;0,9;57;-0.37;14;0,0;0;1350
Giorgos Makridis;ST (C);21;0 €;Bavaria North;Germany;0,8;1,0;31%;0,0;16%;0;0,0;1,2;0,0;90%;17,1;0;0,1;1,6;0,9;0,3;1,0;0,9;0;23,8;0,9;3,4;1,2;0,3;3;0,0;2,8;0,0;0,0;0,4;9,8;0,4;10,0;0,0;0,3;5,0;0,0;0,3;0;0,1;50;0.93;5;0,4;0;1034
Godjes Yeboah;D/WB/M/AM (R);21;18K € - 65K €;North East-South;Germany;2,1;4,3;54%;0,1;13%;0;0,0;1,7;0,5;88%;15,2;0;0,6;7,4;1,6;1,0;0,5;0,8;0;43,3;3,3;9,4;1,8;3,9;17;1,0;1,4;0,0;0,2;0,2;10,8;0,3;5,6;0,2;7,4;1,3;0,1;7,4;13;0,2;23;-1.47;23;0,3;0;1529
Mark Bouzelha;D (L);18;0 €;Hessia;Germany;3,8;12,8;33%;0,1;0%;0;0,0;0,7;0,1;86%;13,7;0;0,7;5,2;1,5;1,1;0,1;0,1;0;53,5;6,1;10,1;0,7;0,7;20;0,3;0,3;0,2;0,2;0,0;11,1;0,0;4,0;0,0;2,6;1,9;0,0;2,6;12;0,2;48;-0.34;33;0,0;0;1650
Dino Fazlić;DM, M/AM (C);34;0 € - 6K €;North East-North;Germany;2,4;15,4;17%;0,0;0%;0;0,0;0,8;0,3;80%;5,1;0;0,8;5,3;1,3;1,1;0,1;0,2;0;45,8;5,3;8,0;2,1;0,2;14;0,0;0,9;0,1;0,4;0,0;10,7;0,2;2,5;0,3;0,2;2,0;0,3;0,2;0;0,2;79;-2.46;18;0,2;0;1196
Abdul Sankoh;M (R), AM (RL);25;0 € - 95K €;Hamburg;Germany;1,7;4,5;33%;0,0;0%;0;0,0;1,8;0,3;86%;15,2;0;0,6;8,2;1,9;0,8;0,6;0,8;0;42,0;3,2;12,8;1,8;4,7;13;1,5;2,5;0,0;0,3;0,0;11,1;0,2;3,6;0,1;6,7;0,9;0,2;6,7;21;0,0;25;-3.75;19;0,2;0;1413
Elischa Kollmannthaler;D (C);17;9K € - 90K €;Bavaria South;Germany;3,2;16,6;22%;0,1;11%;0;0,0;0,1;0,0;84%;5,6;0;1,4;1,4;0,5;0,3;0,3;0,1;0;48,4;1,9;3,1;0,1;0,0;5;0,0;0,6;1,6;0,5;0,1;9,0;0,0;5,8;0,0;0,1;3,4;0,0;0,1;0;0,4;58;0.56;5;0,0;0;1385
Alpay Karakuş;D (C), DM, M (C);20;0 € - 14K €;Hessia;Germany;0,0;13,4;25%;0,0;0%;0;0,0;0,1;0,1;0%;13,8;0;0,0;0,0;0,0;0,0;0,1;0,1;0;0,0;0,0;0,0;0,1;0,0;0;0,0;0,6;0,0;0,0;0,0;0,0;0,0;0,0;0,1;0,0;0,0;0,1;0,0;0;0,0;0;-0.7;0;0,0;0;1299
Francesco Di Pierro;DM, M (RLC), AM (LC);25;0 €;Lower Rhine;Germany;1,5;7,3;35%;0,0;16%;0;0,0;1,8;0,1;87%;16,6;0;0,4;7,9;1,5;1,2;0,6;0,7;0;43,0;3,3;14,2;1,8;2,7;20;1,1;1,9;0,0;0,2;0,3;11,8;0,3;5,4;0,1;4,3;1,9;0,1;4,3;26;0,1;34;0.81;25;0,3;0;1506
Guiliano Zimmerling;DM, M/AM (C);22;24K € - 80K €;Lower Rhine;Germany;0,0;23,3;30%;0,0;17%;0;0,0;0,4;1,4;0%;11,7;0;0,0;0,0;0,0;0,0;0,4;0,4;0;0,0;0,0;0,0;1,2;0,0;0;0,0;1,3;0,0;0,0;0,2;0,0;0,1;0,0;0,6;0,0;0,0;0,4;3,1;14;0,0;0;1.83;0;0,1;0;1642
Kerem Bakir;D (RL), WB (R);19;0 €;North East-South;Germany;3,6;14,4;0%;0,0;0%;0;0,0;0,3;0,2;89%;15,1;0;0,6;3,4;1,0;0,9;0,6;0,0;0;47,3;4,8;10,6;0,3;1,2;11;0,3;1,7;0,6;0,4;0,0;10,8;0,2;4,5;0,0;2,3;2,2;0,0;2,3;14;0,2;49;-1.98;12;0,2;0;1109
Ben Wolf;ST (C);20;2K € - 7K €;Westphalia;Germany;1,2;1,9;35%;0,0;4%;0;0,0;0,7;0,1;92%;20,6;0;0,2;1,2;0,4;0,1;0,6;0,5;0;24,2;0,4;4,2;0,7;0,8;2;0,1;1,4;0,0;0,5;0,1;9,7;0,1;9,0;0,1;0,2;2,2;0,2;0,2;25;0,1;24;-1.46;2;0,1;0;1483
Daniel Niedermann;D (RLC);33;500 € - 3,5K €;Baden-Württemberg;Germany;3,4;21,5;30%;0,2;0%;0;0,0;0,3;0,3;87%;4,9;0;1,0;3,3;0,6;0,2;0,2;0,2;0;49,9;2,6;3,9;0,3;0,1;3;0,1;0,5;1,9;0,8;0,0;10,0;0,1;6,7;0,1;0,4;4,7;0,1;0,4;12;1,2;70;-1.05;7;0,1;0;1682
Yarin Lipski;M/AM (C);17;0 € - 35K €;Bavaria North;Germany;1,4;11,3;27%;0,0;0%;0;0,0;1,1;0,3;89%;14,3;0;0,5;2,7;1,0;0,5;0,6;0,3;0;42,3;1,4;8,1;2,1;0,7;7;0,3;1,1;0,0;0,1;0,0;12,0;0,1;3,5;0,1;0,9;0,8;0,2;0,9;33;0,1;22;-1.14;8;0,1;0;1186
Jan Winterbauer;D (L);18;0 € - 9K €;Westphalia;Germany;3,0;13,8;25%;0,1;0%;0;0,0;0,9;0,1;87%;14,2;0;1,2;4,8;1,1;1,1;0,1;0,1;0;53,2;5,9;9,8;0,9;0,3;16;0,3;0,3;0,0;0,4;0,0;11,9;0,0;4,0;0,1;2,5;2,1;0,1;2,5;10;0,3;52;-0.37;20;0,0;0;1314
Julian Quistorff;ST (C);21;0 €;Hamburg;Germany;1,0;1,9;42%;0,0;15%;0;0,0;1,2;0,0;89%;17,6;0;0,4;1,7;0,8;0,3;1,0;0,9;0;24,3;0,6;3,9;1,2;0,3;4;0,1;2,1;0,0;0,1;0,3;9,9;0,3;9,0;0,0;0,3;2,2;0,0;0,3;40;0,1;24;0.81;6;0,3;0;1405
Mirko Dilber;DM, M (C);17;2K € - 20K €;Hessia;Germany;0,9;20,2;25%;0,0;13%;0;0,0;0,1;0,1;85%;12,5;0;0,6;1,4;0,1;0,1;0,2;0,1;0;22,7;2,8;3,4;0,1;0,0;2;0,0;0,6;0,0;0,4;0,1;4,5;0,1;0,7;0,0;0,0;0,3;0,0;0,0;0;0,0;44;0.29;2;0,1;0;1237
Filip Milišić;D (C), DM, M (C);31;0 € - 18K €;Baden-Württemberg;Germany;2,9;16,2;33%;0,0;13%;0;0,0;0,2;0,1;88%;3,7;0;1,0;2,2;0,8;0,5;0,3;0,2;0;43,9;2,3;2,7;0,2;0,0;11;0,0;0,7;0,1;0,6;0,1;9,9;0,0;6,3;0,0;0,0;4,2;0,0;0,0;0;0,5;67;1.31;11;0,0;0;1890
Mirkay Güler;D/WB/M (L);21;0 € - 55K €;Bremen;Germany;2,1;8,9;28%;0,0;16%;0;0,0;1,8;1,3;85%;10,6;0;0,4;6,4;1,9;1,0;0,3;0,4;0;44,9;5,0;15,8;1,8;2,0;20;0,5;1,3;0,0;0,4;0,2;12,2;0,2;5,9;0,7;3,6;1,6;0,6;8,0;11;0,2;27;0.3;22;0,2;0;1735
Enes Altay;AM (C), ST (C);18;0 €;Baden-Württemberg;Germany;0,9;2,5;47%;0,0;12%;0;0,0;1,4;0,1;90%;22,2;0;0,1;2,9;1,2;0,4;0,4;1,0;0;33,1;1,5;5,7;1,4;0,3;6;0,2;2,1;0,0;0,1;0,2;11,0;0,2;7,2;0,0;1,4;1,4;0,1;1,4;17;0,2;20;0.06;7;0,2;0;1453
Marcello Romano;M (C), AM (RLC), ST (C);24;28K € - 95K €;Lower Rhine;Germany;2,3;6,0;50%;0,0;28%;0;0,0;1,6;0,3;87%;14,8;0;0,5;7,6;1,8;1,1;0,5;0,9;0;44,7;3,3;13,6;1,6;2,4;21;0,8;1,7;0,0;0,5;0,5;11,4;0,2;4,6;0,2;4,4;1,2;0,2;4,4;18;0,0;26;6.09;24;0,2;0;1675
Achim Speiser;ST (C);28;12K € - 40K €;Bavaria South;Germany;0,6;1,9;45%;0,0;16%;0;0,0;0,7;0,1;88%;20,5;0;0,0;1,8;0,7;0,1;1,1;1,3;0;25,1;0,3;3,2;0,7;0,6;2;0,1;2,8;0,0;0,1;0,4;9,8;0,4;10,3;0,1;0,6;2,0;0,1;0,6;12;0,0;19;0.83;2;0,4;0;1218
Eugenio Lopes;D/WB/M/AM (L);23;0 € - 65K €;Hamburg;Germany;4,2;16,9;20%;0,2;10%;0;0,0;1,1;0,4;84%;11,6;0;0,9;4,4;1,7;1,5;0,4;0,2;0;55,1;5,4;10,5;1,2;1,2;18;0,1;0,8;0,0;0,5;0,1;11,5;0,1;4,5;0,4;2,0;2,9;0,4;2,2;3;0,2;65;0.09;20;0,1;0;1087
Aymen Belachemi;D/AM (R);19;0 € - 80K €;Hessia;Germany;2,1;6,5;27%;0,1;9%;0;0,0;1,9;0,3;87%;20,3;0;0,8;8,0;2,1;1,3;0,6;0,5;0;41,1;3,1;12,4;2,5;3,9;25;1,2;1,7;0,0;0,2;0,2;11,3;0,2;5,2;0,1;7,0;2,4;0,1;7,0;17;0,1;47;-0.19;34;0,2;0;1734
Arian Papenfort;M/AM (RC);20;0 € - 2K €;Westphalia;Germany;2,1;6,6;52%;0,0;26%;0;0,0;1,7;0,1;88%;14,6;0;0,5;8,3;1,7;1,0;0,6;0,8;0;39,4;3,2;10,1;1,7;4,2;20;1,4;1,5;0,0;0,1;0,4;10,6;0,1;3,4;0,1;7,6;0,4;0,1;7,6;17;0,0;13;5.33;22;0,1;0;1849
Yannick Babo;D (RC), WB (R);24;1K € - 10K €;Westphalia;Germany;4,2;18,3;29%;0,0;21%;0;0,0;0,2;0,0;87%;3,4;0;1,1;2,0;0,6;0,5;0,2;0,3;0;45,8;2,0;3,3;0,2;0,0;6;0,0;1,1;0,6;0,5;0,2;9,3;0,2;5,8;0,1;0,1;3,9;0,1;0,1;0;0,5;67;0.91;6;0,2;0;1187
Luis Zwingmann;D (C);17;0 €;Middle Rhine;Germany;3,5;19,6;18%;0,2;0%;0;0,0;0,2;0,2;81%;3,0;0;1,0;2,4;0,6;0,3;0,1;0,1;0;46,4;1,7;3,2;0,2;0,0;6;0,0;0,5;0,8;0,9;0,0;9,1;0,1;6,4;0,1;0,0;4,7;0,0;0,0;0;0,5;73;-1.76;8;0,1;0;1948
Jannis Maul;GK;22;1,5K € - 5K €;Hessia;Germany;0,0;3,0;0%;0,0;0%;59;-0,4;0,0;0,0;66%;7,4;-8.26;5,0;0,0;0,0;0,1;0,0;0,0;87;26,7;0,1;0,0;0,0;0,0;2;0,0;0,0;0,0;0,0;0,0;5,2;0,0;0,0;0,0;0,0;0,0;0,0;0,0;0;0,0;0;0;7;0,0;56;1800
Brandon-Louis Henze;D (RL), AM (R);17;50K € - 180K €;Hessia;Germany;3,5;11,7;13%;0,1;4%;0;0,0;0,7;0,1;84%;13,3;0;0,9;5,9;1,8;1,1;0,5;0,2;0;52,1;5,3;11,7;1,4;0,6;18;0,1;1,4;0,6;0,7;0,1;11,4;0,2;5,5;0,1;1,7;2,6;0,0;2,4;7;0,5;46;-2.45;24;0,2;0;1516
Tim Schels;D (R), DM, M (C);26;8K € - 28K €;Bavaria South;Germany;2,4;15,5;9%;0,0;4%;0;0,0;0,5;0,2;88%;8,1;0;0,7;4,2;0,8;0,8;0,4;0,1;0;41,5;2,9;7,6;0,6;0,0;17;0,1;1,1;0,2;0,1;0,0;8,9;0,2;1,7;0,2;0,3;1,2;0,1;1,4;14;0,2;71;-3.12;20;0,2;0;1858
Yannick Blaszyk;AM (R), ST (C);19;500 € - 3,5K €;Westphalia;Germany;1,6;2,2;38%;0,0;13%;0;0,0;2,1;0,2;91%;21,5;0;0,4;6,2;1,8;0,9;0,7;0,7;0;37,8;3,3;9,5;2,1;4,4;12;1,7;1,9;0,0;0,2;0,2;11,1;0,2;4,1;0,1;8,0;1,4;0,0;8,4;21;0,0;35;0.77;17;0,2;0;1141
Ali Hassan Hammoud;ST (C);26;0 € - 45K €;Lower Rhine;Germany;0,5;2,4;50%;0,0;15%;0;0,0;0,6;0,1;91%;14,8;0;0,0;1,9;0,6;0,2;1,6;2,9;0;24,3;0,5;3,2;0,6;0,5;3;0,1;5,9;0,0;0,0;0,9;9,6;0,6;8,3;0,1;0,4;1,4;0,1;1,2;20;0,2;17;2.91;5;0,6;0;1137
Blero Kuqi;GK;17;1K € - 12K €;Hessia;Germany;0,0;2,5;0%;0,0;0%;60;-0,1;0,0;0,0;57%;5,6;-1.1;5,9;0,0;0,0;0,1;0,0;0,0;89;25,4;0,0;0,0;0,2;0,0;1;0,0;0,0;0,0;0,0;0,0;5,5;0,0;0,0;0,0;0,0;0,0;0,0;0,0;0;0,0;0;0;3;0,0;19;1564
Lukas Yılmaz;D (LC);20;0 € - 7K €;Bavaria South;Germany;3,4;15,9;0%;0,1;0%;0;0,0;0,4;0,2;87%;7,9;0;1,3;2,6;0,9;0,6;0,1;0,0;0;52,9;3,4;4,9;0,4;0,1;10;0,0;0,1;0,5;0,6;0,0;10,4;0,0;5,4;0,0;0,8;4,0;0,0;0,8;0;0,5;74;-0.04;12;0,0;0;1576
Valentin Masuth;DM, M (C);20;0 €;North East-South;Germany;2,3;18,6;0%;0,0;0%;0;0,0;1,1;0,2;88%;7,6;0;0,8;5,3;1,3;1,0;0,0;0,0;0;58,8;5,2;9,0;1,1;0,1;17;0,0;0,4;1,6;0,2;0,0;11,2;0,0;2,0;0,2;0,3;0,9;0,1;0,3;0;0,2;44;-0.49;23;0,0;0;1502
Leif Thele;D/WB/M/AM (L);20;0 € - 14K €;Hamburg;Germany;3,6;16,1;50%;0,1;13%;0;0,0;0,9;0,0;85%;16,4;0;1,4;4,3;1,7;1,2;0,1;0,2;0;52,2;5,5;9,2;1,8;1,4;20;0,4;0,5;0,7;0,5;0,1;10,8;0,1;4,2;0,1;1,8;2,1;0,1;7,0;11;0,4;51;-0.6;29;0,1;0;1516
Dario Biancardi;DM, M (RC);24;28K € - 100K €;Westphalia;Germany;2,9;21,7;12%;0,1;12%;0;0,0;0,7;0,4;88%;4,8;0;1,2;4,6;1,4;0,6;0,4;0,1;0;54,0;3,3;8,9;0,7;0,1;9;0,0;1,1;0,2;0,4;0,1;11,0;0,2;2,5;0,2;0,1;1,1;0,2;2,4;10;0,1;41;-0.91;18;0,2;0;1449
Leroy-Kayne Webber;D/WB/M/AM (L);18;0 €;Lower Saxony;Germany;2,6;9,4;45%;0,1;36%;0;0,0;1,6;0,3;87%;16,3;0;1,0;5,9;1,9;1,5;0,4;0,3;0;48,9;5,1;10,1;1,6;1,8;26;0,3;0,6;0,0;0,3;0,2;11,3;0,0;4,0;0,1;3,2;1,1;0,1;4,2;10;0,3;28;3.35;32;0,0;0;1591
Kenan Akalp;DM, M (LC), AM (C);26;0 € - 40K €;Middle Rhine;Germany;0,3;13,7;38%;0,0;14%;0;0,0;0,3;0,3;79%;13,9;0;0,1;2,5;0,4;0,3;0,5;0,5;0;11,6;1,2;4,2;0,3;0,5;4;0,1;1,4;0,0;0,1;0,2;2,9;0,2;1,2;0,2;1,0;0,3;0,3;1,0;7;0,0;29;0.45;4;0,2;0;1312
Steffen Neelsen;D (RLC);30;0 € - 24K €;Schleswig-Holstein;Germany;2,2;17,3;19%;0,1;10%;0;0,0;0,4;0,3;92%;7,8;0;0,6;3,7;1,4;0,8;0,3;0,2;0;49,9;4,0;6,7;0,4;0,5;14;0,1;1,2;0,5;0,2;0,1;10,5;0,1;5,6;0,1;1,0;3,7;0,2;1,0;11;0,8;66;-0.36;19;0,1;0;1571
Andranik Ghubasaryan;D (C), DM, M (C);28;0 €;Hamburg;Germany;0,6;14,7;27%;0,0;0%;0;0,0;0,2;0,1;90%;14,8;0;0,1;0,7;0,3;0,2;0,1;0,2;0;9,7;0,6;1,2;0,2;0,1;3;0,0;0,8;0,1;0,1;0,0;2,5;0,1;0,9;0,1;0,0;0,5;0,1;0,0;0;0,1;56;-1.22;3;0,1;0;1770
Nils Krämer;D (C), DM;18;500 € - 3,5K €;Hessia;Germany;2,2;15,5;13%;0,0;6%;0;0,0;0,8;0,3;88%;6,4;0;1,3;4,8;1,4;1,2;0,4;0,1;0;46,9;3,9;8,8;1,6;0,0;17;0,0;1,1;0,5;0,5;0,1;11,6;0,1;2,5;0,3;0,1;1,4;0,1;0,1;0;0,1;57;-0.72;20;0,1;0;1329
Lennart Müller;D (C);21;0 € - 45K €;Hessia;Germany;3,4;30,0;30%;0,2;0%;0;0,0;0,2;0,0;91%;3,2;0;0,8;2,6;0,7;0,3;0,1;0,2;0;48,3;2,1;3,5;0,2;0,0;4;0,0;0,8;1,8;0,8;0,0;9,5;0,2;6,3;0,0;0,1;4,5;0,0;0,1;0;0,5;72;-2.06;4;0,2;0;1157
Lukas Schmitt;D (LC);20;0 € - 16K €;North East-North;Germany;3,5;10,4;17%;0,1;0%;0;0,0;0,9;0,2;90%;16,9;0;1,2;4,4;0,9;0,8;0,1;0,1;0;54,2;6,1;10,0;0,9;0,6;13;0,2;0,3;0,5;0,3;0,0;11,6;0,0;5,0;0,1;2,1;2,4;0,1;2,1;8;0,6;49;-0.65;18;0,0;0;1545
Ozan Suncak;D (L), DM, M/AM (C);21;0 € - 5K €;Baden-Württemberg;Germany;2,2;13,1;15%;0,1;0%;0;0,0;0,7;0,2;85%;6,5;0;1,4;4,8;1,6;0,8;0,3;0,1;0;51,4;3,4;8,7;0,7;0,1;14;0,1;0,8;0,1;0,4;0,0;12,0;0,1;1,9;0,1;0,2;1,0;0,1;0,2;25;0,1;55;-1.44;19;0,1;0;1505
Niclas Egerer;D (RLC);27;0 € - 35K €;Bavaria North;Germany;3,1;10,6;21%;0,1;3%;0;0,0;0,8;0,2;86%;15,2;0;0,8;4,2;1,5;1,3;0,5;0,4;0;55,3;6,4;11,0;0,8;0,7;25;0,3;1,8;0,3;0,3;0,1;11,0;0,2;5,1;0,1;2,7;3,3;0,1;2,7;11;0,6;65;-2.29;28;0,2;0;1675
Steven Keklik;D (C), DM;25;26K € - 95K €;Baden-Württemberg;Germany;2,7;24,3;13%;0,0;13%;0;0,0;0,3;0,0;83%;4,3;0;1,0;3,4;0,9;0,5;0,1;0,1;0;46,5;2,4;5,6;0,3;0,1;6;0,0;0,7;0,3;0,3;0,1;10,4;0,0;5,2;0,1;0,1;2,8;0,2;0,1;0;1,1;54;0.42;8;0,0;0;1056
Fernando Sadjó;M (C), AM (RLC);19;0 € - 7K €;North East-North;Germany;1,2;7,4;25%;0,1;6%;0;0,0;1,2;0,1;86%;22,3;0;0,4;4,8;1,4;0,9;0,3;0,3;0;24,8;1,7;6,2;1,2;2,3;13;0,4;1,1;0,0;0,1;0,1;6,4;0,1;2,0;0,2;3,0;0,5;0,3;3,9;15;0,1;28;-0.67;14;0,1;0;1322
Mustafa Efe Aktürk;D (RL), WB/M (R);21;12K € - 40K €;Hamburg;Germany;2,5;13,0;11%;0,1;6%;0;0,0;1,0;0,3;86%;11,4;0;1,1;4,3;1,5;1,2;0,9;0,2;0;51,8;6,1;11,1;1,0;1,1;19;0,4;2,2;0,4;0,3;0,1;11,3;0,2;5,0;0,1;3,0;3,3;0,2;7,8;11;0,6;68;-1.75;22;0,2;0;1454
Ben Schmit;GK;17;0 €;RP/Saar;Germany;0,0;2,2;0%;0,0;0%;70;0,1;0,1;0,0;73%;6,3;2.43;5,1;0,0;0,0;0,0;0,0;0,0;90;26,3;0,0;0,0;0,1;0,0;0;0,0;0,0;0,0;0,0;0,0;5,5;0,0;0,0;0,0;0,0;0,0;0,0;0,0;0;0,0;0;0;2;0,0;18;1530
Paul Büchel;GK;31;1,5K € - 5K €;North East-North;Germany;0,0;3,1;0%;0,0;0%;69;0,1;0,1;0,0;66%;8,5;1.03;3,1;0,0;0,0;0,0;0,0;0,0;87;25,6;0,0;0,0;0,1;0,0;0;0,0;0,0;0,0;0,0;0,0;4,6;0,0;0,0;0,0;0,0;0,0;0,0;0,0;0;0,0;0;0;1;0,0;24;1647
Jonas Daubermann;DM;17;1,5K € - 12K €;Bavaria South;Germany;2,5;10,4;38%;0,1;13%;0;0,0;0,7;0,1;87%;6,5;0;1,5;5,7;1,3;1,2;0,5;0,4;0;49,9;4,1;10,2;0,8;0,0;16;0,0;1,2;0,1;0,3;0,1;11,7;0,1;2,2;0,1;0,4;0,5;0,2;0,4;0;0,7;23;0.79;18;0,1;0;1208
Evangelos Karatzidis;M/AM (RC);19;0 € - 70K €;Lower Rhine;Germany;1,5;11,1;50%;0,0;21%;0;0,0;2,1;0,3;86%;14,6;0;0,5;7,7;2,6;1,8;0,4;0,8;0;41,7;3,0;11,1;3,2;2,5;31;1,2;1,6;0,0;0,1;0,3;11,5;0,1;5,4;0,2;4,5;1,4;0,2;8,0;15;0,3;26;3.42;34;0,1;0;1552
Santiago Peluso Briceno;D (C);18;0 €;Bavaria South;Germany;3,9;15,3;20%;0,3;7%;0;0,0;0,2;0,1;85%;5,6;0;1,2;2,3;0,6;0,5;0,3;0,2;0;48,0;1,9;3,2;0,2;0,0;7;0,0;1,0;1,2;0,6;0,1;9,6;0,1;7,7;0,0;0,0;5,3;0,0;0,0;0;1,3;69;-0.87;9;0,1;0;1387
Hasan Özdemir;AM (LC), ST (C);21;8K € - 28K €;Schleswig-Holstein;Germany;1,4;11,5;48%;0,1;18%;0;0,0;1,7;0,2;88%;14,3;0;0,5;3,1;0,9;0,7;1,0;1,3;0;42,2;1,9;7,0;1,7;1,0;12;0,1;2,7;0,0;0,1;0,5;11,9;0,3;3,3;0,2;0,9;0,3;0,1;0,9;13;0,0;9;3.74;12;0,3;0;1490
Glenn Byakoua Youbi;D (L);19;1K € - 8K €;Westphalia;Germany;3,5;17,1;50%;0,3;0%;0;0,0;1,1;0,1;90%;14,1;0;1,5;5,5;1,9;1,8;0,1;0,1;0;51,3;5,1;12,2;1,1;0,3;34;0,3;0,1;1,8;0,8;0,0;11,8;0,0;5,4;0,1;1,9;3,5;0,1;1,9;16;0,6;64;-0.17;38;0,0;0;1713
Leys Uçar;DM;18;0 €;North East-South;Germany;2,7;12,5;0%;0,1;0%;0;0,0;0,7;0,1;87%;6,6;0;0,8;5,0;1,7;1,1;0,2;0,0;0;44,4;3,5;9,2;0,7;0,2;18;0,1;0,7;0,1;0,1;0,0;11,3;0,1;2,3;0,1;0,2;1,2;0,4;0,2;33;0,1;53;-0.88;25;0,1;0;1502
Maik Ebersbach;GK;35;0 €;North East-South;Germany;0,0;5,8;0%;0,0;0%;72;0,3;0,0;0,0;67%;6,9;5.51;3,4;0,0;0,0;0,0;0,0;0,0;88;26,9;0,0;0,0;0,0;0,0;0;0,0;0,0;0,0;0,0;0,0;5,0;0,0;0,0;0,0;0,0;0,0;0,0;0,0;0;0,0;0;0;3;0,0;26;1676
Tim Becker;GK;33;0 € - 4,5K €;Lower Saxony;Germany;0,0;5,2;0%;0,0;0%;69;-0,2;0,0;0,0;78%;6,4;-2.27;4,8;0,0;0,0;0,0;0,0;0,0;88;25,6;0,0;0,0;0,0;0,0;0;0,0;0,0;0,0;0,0;0,0;5,8;0,0;0,0;0,0;0,0;0,0;0,0;0,0;0;0,0;0;0;3;0,0;26;1062
Akram-Dine Mohamadou;D (L), WB/M/AM (R);19;0 € - 6K €;Lower Saxony;Germany;1,5;3,3;25%;0,0;4%;0;0,0;1,9;0,2;86%;24,7;0;0,4;6,8;1,8;1,1;0,3;0,3;0;41,8;3,5;10,1;1,9;4,6;20;1,2;1,3;0,0;0,2;0,1;11,3;0,1;4,2;0,2;7,8;0,7;0,2;7,8;15;0,1;18;-1.49;26;0,1;0;1714
Lars Tyca;D (RC), DM;31;0 €;North East-North;Germany;3,3;15,3;19%;0,0;0%;0;0,0;0,9;0,0;85%;14,7;0;1,1;5,7;1,8;1,4;0,8;0,5;0;49,3;6,3;10,4;0,9;0,2;22;0,3;2,3;0,5;0,7;0,0;10,3;0,2;4,8;0,0;2,2;3,6;0,0;2,2;14;0,3;75;-3.18;31;0,2;0;1380
Mohamad Khani;D (L), AM (RL);18;0 € - 5K €;Westphalia;Germany;3,9;12,2;0%;0,2;0%;0;0,0;1,0;0,1;86%;13,4;0;1,2;5,6;1,4;1,3;0,1;0,0;0;50,2;5,1;10,5;1,0;0,6;23;0,5;0,3;0,7;0,6;0,0;10,8;0,0;4,6;0,0;2,8;2,7;0,0;2,8;16;0,6;59;-0.32;24;0,0;0;1597
Boran Yörük;D (C);18;10K € - 35K €;Middle Rhine;Germany;2,7;21,4;27%;0,1;0%;0;0,0;0,1;0,0;81%;3,5;0;0,9;2,9;1,0;0,5;0,1;0,2;0;47,9;2,4;2,5;0,1;0,0;9;0,0;0,6;0,5;0,2;0,0;9,4;0,1;7,8;0,0;0,0;4,6;0,1;0,0;0;2,0;59;-2.11;11;0,1;0;1556
Josip Bagarić;M (C);35;0 €;North East-South;Germany;0,0;9,8;30%;0,0;20%;0;0,0;0,3;0,4;0%;15,9;0;0,0;0,0;0,0;0,0;0,2;0,2;0;0,0;0,0;0,0;0,3;0,0;0;0,0;0,6;0,0;0,0;0,1;0,0;0,0;0,0;0,2;0,0;0,0;0,3;1,0;5;0,0;0;1.24;0;0,0;0;1633
Jedean Obiaso;ST (C);17;0 €;Middle Rhine;Germany;0,7;2,5;52%;0,0;26%;0;0,0;0,9;0,5;88%;17,7;0;0,3;1,5;0,8;0,3;0,9;1,0;0;25,5;0,4;4,0;2,4;0,3;4;0,2;2,0;0,0;0,0;0,5;9,2;0,2;7,8;0,1;0,5;2,2;0,1;0,5;33;0,1;29;3.63;4;0,2;0;1045
Melih Satılmış;DM, M (C);21;0 € - 2K €;Middle Rhine;Germany;2,4;21,4;14%;0,1;14%;0;0,0;0,6;0,2;87%;6,1;0;1,2;6,0;1,9;1,1;0,1;0,1;0;43,7;3,5;8,5;0,6;0,1;20;0,1;0,4;0,1;0,2;0,1;10,8;0,0;2,1;0,1;0,1;0,7;0,1;0,1;50;0,2;35;0.16;25;0,0;0;1703
Matěj Kyndl;M (C);32;0 €;Bavaria North;Germany;2,7;19,4;11%;0,2;0%;0;0,0;1,8;0,9;91%;6,1;0;1,3;5,1;1,3;0,9;0,2;0,1;0;46,7;5,2;8,6;1,8;0,1;12;0,0;0,7;0,1;0,5;0,0;10,2;0,0;3,0;0,4;0,1;1,6;0,1;0,1;0;0,4;51;-0.63;19;0,0;0;1218
Isaac Akinsete;D (R);23;0 €;North East-North;Germany;1,8;14,4;7%;0,1;0%;0;0,0;0,7;0,0;83%;14,5;0;1,2;5,3;1,0;0,9;0,1;0,1;0;47,8;5,0;12,2;0,7;2,0;15;0,6;0,9;0,8;0,7;0,0;11,6;0,2;4,7;0,0;3,5;3,2;0,1;3,5;16;0,2;68;-2.76;15;0,2;0;1434
Moussa Ajarar;M/AM (C);17;0 €;RP/Saar;Germany;1,2;7,4;42%;0,0;17%;0;0,0;1,4;0,1;90%;24,7;0;0,6;2,6;0,7;0,3;0,4;0,7;0;42,8;1,4;8,2;1,4;1,2;4;0,3;1,7;0,0;0,1;0,3;11,7;0,3;4,0;0,1;0,6;0,4;0,2;0,6;44;0,1;9;-0.33;6;0,3;0;1251
Tim Decker;DM;17;0 €;Baden-Württemberg;Germany;2,6;18,1;22%;0,0;11%;0;0,0;0,4;0,2;88%;6,5;0;0,8;3,8;0,8;0,7;0,1;0,1;0;47,1;2,7;7,8;0,4;0,1;9;0,0;0,7;0,3;0,8;0,1;10,7;0,1;2,2;0,2;0,1;0,9;0,2;0,1;0;0,1;41;-0.62;10;0,1;0;1205
Lino Labonte;D (RL), DM, M (C);19;0 €;Hessia;Germany;2,4;17,7;13%;0,1;13%;0;0,0;0,5;0,1;87%;9,5;0;1,3;5,1;0,7;0,6;0,4;0,2;0;49,2;4,7;10,2;0,5;0,3;12;0,3;1,2;0,1;0,9;0,2;10,3;0,1;3,6;0,1;1,5;2,4;0,1;1,5;20;0,3;67;0.32;13;0,1;0;1785
Mark-Patrick Redl;GK;32;0 € - 55K €;Baden-Württemberg;Germany;0,0;3,0;0%;0,0;0%;69;-0,0;0,0;0,0;69%;7,3;-0.51;3,7;0,0;0,0;0,1;0,0;0,0;88;27,0;0,0;0,0;0,1;0,0;1;0,0;0,0;0,0;0,0;0,0;5,3;0,0;0,0;0,0;0,0;0,0;0,0;0,0;0;0,0;0;0;3;0,0;25;1800
Max Neunhoeffer;D (C);21;500 € - 5K €;Baden-Württemberg;Germany;3,2;7,3;0%;0,1;0%;0;0,0;0,0;0,0;81%;4,7;0;0,7;2,8;1,0;0,6;0,1;0,0;0;47,4;2,3;2,6;0,0;0,0;7;0,0;0,4;0,2;0,4;0,0;8,9;0,0;7,7;0,0;0,1;4,2;0,0;0,1;0;1,5;55;-0.52;8;0,0;0;1005
Dominik Petzold;M/AM (L);20;0 € - 12K €;RP/Saar;Germany;2,3;10,3;38%;0,0;13%;0;0,0;1,3;0,2;89%;16,1;0;0,5;9,5;1,8;1,2;0,3;0,2;0;47,5;3,5;12,1;1,5;2,9;18;1,4;0,5;0,0;0,5;0,1;11,4;0,0;5,1;0,0;5,7;0,8;0,0;5,7;25;0,0;17;0.28;21;0,0;0;1388
Luis Breitenbruch;DM, M (C);20;0 € - 7K €;RP/Saar;Germany;2,5;27,8;31%;0,1;19%;0;0,0;0,7;0,1;88%;6,6;0;1,5;5,8;1,8;1,3;0,3;0,3;0;46,6;3,3;9,2;0,7;0,1;24;0,1;0,9;0,3;0,4;0,2;11,7;0,2;2,3;0,1;0,2;1,0;0,3;0,2;33;0,2;43;0.13;28;0,2;0;1640
Max Hering;D (C);28;0 € - 8K €;Bavaria North;Germany;2,7;12,8;28%;0,1;6%;0;0,0;0,3;0,1;90%;3,8;0;1,4;2,1;0,8;0,3;0,4;0,3;0;49,9;3,2;2,6;0,3;0,0;6;0,0;0,9;0,9;0,4;0,1;9,6;0,1;6,3;0,0;0,0;4,3;0,0;0,0;0;0,8;68;-0.41;7;0,1;0;1710
Tim Seibold;D (C);18;0 € - 1,5K €;Bavaria South;Germany;2,2;11,0;10%;0,1;5%;0;0,0;0,1;0,0;91%;4,4;0;1,4;2,5;1,1;0,4;0,3;0,1;0;48,7;2,6;2,6;0,1;0,0;8;0,0;1,0;0,4;0,4;0,1;9,6;0,1;5,6;0,0;0,0;3,9;0,0;0,0;0;0,7;69;-0.66;14;0,1;0;1733
André Luge;M (RL), AM (L);34;0 €;North East-South;Germany;1,6;7,6;14%;0,0;0%;0;0,0;1,7;0,2;87%;15,1;0;0,4;8,5;1,9;1,4;0,2;0,2;0;46,2;3,7;15,4;1,7;2,8;18;0,6;1,6;0,0;0,1;0,0;12,0;0,2;5,1;0,2;3,9;1,8;0,1;3,9;15;0,1;36;-2.5;22;0,2;0;1188
Malik Ceesay;D (C);24;500 € - 4K €;North East-North;Germany;3,3;16,0;23%;0,1;15%;0;0,0;0,1;0,1;86%;3,1;0;1,3;2,8;0,7;0,4;0,2;0,2;0;47,4;1,9;2,8;0,1;0,0;8;0,0;0,7;0,1;0,7;0,1;9,7;0,1;5,2;0,0;0,0;4,0;0,0;0,0;0;0,5;76;0.2;8;0,1;0;1773
Tom Warncke;DM, M/AM (C);32;12K € - 45K €;Schleswig-Holstein;Germany;1,0;16,3;42%;0,1;33%;0;0,0;0,4;0,5;89%;11,4;0;0,4;1,7;0,5;0,5;0,2;0,3;0;16,5;1,7;3,9;0,4;0,0;8;0,1;0,8;0,3;0,2;0,3;4,7;0,1;1,0;0,3;0,1;0,3;0,1;0,1;50;0,1;27;2.49;8;0,1;0;1409
Favour Derick;D (LC);19;0 € - 55K €;Westphalia;Germany;2,8;18,0;0%;0,1;0%;0;0,0;0,2;0,0;85%;2,7;0;1,1;2,7;1,2;0,5;0,1;0,0;0;44,4;2,4;2,7;0,2;0,0;8;0,0;0,5;1,0;0,5;0,0;9,6;0,0;6,9;0,0;0,0;4,4;0,0;0,0;0;1,7;65;-0.61;9;0,0;0;1377
Ricardo Vemba;DM, M/AM (C);19;0 €;Middle Rhine;Germany;1,6;10,9;30%;0,0;10%;0;0,0;1,1;0,5;89%;8,9;0;0,9;4,1;1,4;1,1;0,2;0,2;0;44,0;4,3;7,5;1,1;0,5;14;0,0;0,8;0,0;0,5;0,1;10,8;0,1;3,5;0,2;0,2;1,8;0,1;0,2;0;0,2;51;0.14;17;0,1;0;1194
Salih Gülvardar;DM, M/AM (C);18;0 €;North East-North;Germany;2,0;13,2;0%;0,0;0%;0;0,0;0,7;0,2;89%;7,4;0;0,9;4,4;1,0;0,7;0,0;0,0;0;45,2;3,5;8,8;0,7;0,2;11;0,0;0,5;0,1;0,5;0,0;11,4;0,1;1,3;0,1;0,1;0,2;0,1;0,1;0;0,0;16;-1.16;14;0,1;0;1357
Luca Stoldt;AM (RL), ST (C);19;3K € - 30K €;North East-North;Germany;0,7;1,9;42%;0,0;18%;0;0,0;1,0;0,1;80%;19,5;0;0,0;1,4;0,5;0,2;0,9;1,0;0;24,3;0,6;3,9;1,2;0,6;3;0,1;2,4;0,0;0,1;0,4;9,9;0,2;9,1;0,1;0,4;2,3;0,0;0,4;20;0,0;26;2.64;3;0,2;0;1234
Danny Klein;D (RL), WB/M/AM (L);33;0 € - 5K €;Hessia;Germany;2,2;10,2;16%;0,2;0%;0;0,0;1,4;0,4;83%;17,4;0;0,9;5,1;1,9;1,3;0,4;0,2;0;48,8;6,1;9,9;1,4;1,2;17;0,1;1,5;0,2;0,3;0,0;10,5;0,1;5,7;0,0;1,5;3,5;0,0;2,4;3;0,2;61;-1.68;20;0,1;0;1168
Direnç Güven;GK;25;0 € - 6K €;Lower Saxony;Germany;0,0;3,2;0%;0,0;0%;66;0,1;0,0;0,0;80%;7,7;1.02;4,8;0,0;0,0;0,0;0,0;0,0;86;26,9;0,0;0,0;0,1;0,0;0;0,0;0,0;0,0;0,0;0,0;5,2;0,0;0,0;0,0;0,0;0,0;0,0;0,0;0;0,0;0;0;2;0,0;26;1768
Dejan Ngemba;D (R), DM, M (C);23;0 €;RP/Saar;Germany;2,5;20,6;8%;0,0;8%;0;0,0;0,4;0,0;88%;8,1;0;1,0;5,1;1,3;1,3;0,1;0,1;0;44,0;3,2;9,1;0,4;0,1;21;0,0;0,7;0,1;0,3;0,1;11,5;0,1;1,7;0,1;0,3;1,0;0,1;0,3;0;0,0;61;-0.19;23;0,1;0;1506
Kevin Bartheld;M/AM (C);32;0 € - 16K €;Hessia;Germany;1,7;14,6;32%;0,0;20%;0;0,0;0,9;0,5;87%;14,7;0;1,0;3,5;0,6;0,3;0,3;0,4;0;44,3;2,4;6,3;1,1;1,2;5;0,2;1,4;0,0;0,4;0,3;11,3;0,1;5,4;0,2;0,7;1,9;0,2;1,8;18;0,0;35;2.74;6;0,1;0;1611
Robin Gallus;D (L), DM, M (C);33;0 € - 12K €;Westphalia;Germany;3,4;19,4;29%;0,1;14%;0;0,0;0,6;0,2;86%;8,7;0;1,0;6,3;1,3;0,7;0,2;0,1;0;59,0;4,1;9,9;0,6;0,1;13;0,2;0,4;0,3;0,6;0,1;11,4;0,0;4,2;0,2;0,9;3,0;0,3;1,4;18;0,1;72;0.28;24;0,0;0;1786
Salih Aktürk;DM, M (C);22;10K € - 35K €;North East-North;Germany;2,4;15,4;0%;0,0;0%;0;0,0;1,0;0,4;88%;5,8;0;1,1;4,0;1,3;0,6;0,1;0,0;0;52,7;5,3;9,6;1,0;0,0;10;0,1;0,6;0,0;0,4;0,0;11,5;0,1;3,5;0,2;0,3;2,3;0,2;0,3;20;0,4;65;-1.23;12;0,1;0;1470
Oskar Fijałkowski;DM, M (C);31;0 €;North East-North;Germany;0,0;11,6;11%;0,0;0%;0;0,0;0,1;0,1;0%;17,1;0;0,0;0,0;0,0;0,0;0,1;0,1;0;0,0;0,0;0,0;0,1;0,0;0;0,0;0,5;0,0;0,0;0,0;0,0;0,1;0,0;0,1;0,0;0,0;0,1;0,0;0;0,0;0;-1.44;0;0,1;0;1571
Mika Monden;D (R);18;0 €;Lower Saxony;Germany;3,3;13,9;0%;0,0;0%;0;0,0;0,6;0,1;86%;12,4;0;0,9;4,1;1,8;1,4;0,5;0,0;0;54,7;6,3;10,5;0,6;0,8;24;0,1;1,1;0,1;0,1;0,0;10,8;0,1;4,7;0,1;2,5;2,6;0,0;2,5;4;0,6;54;-1.38;29;0,1;0;1538
Francis Mbassi;D (LC);21;0 €;Lower Saxony;Germany;3,1;15,2;0%;0,0;0%;0;0,0;0,2;0,1;87%;4,5;0;0,8;3,1;0,7;0,3;0,0;0,0;0;48,4;2,7;3,4;0,2;0,1;5;0,0;0,3;0,4;0,5;0,0;9,8;0,1;6,3;0,0;0,0;4,7;0,1;0,0;0;0,6;74;-1;7;0,1;0;1715
Samed Škrijelj;D (RL), WB/M/AM (L);21;5K € - 18K €;Hamburg;Germany;3,2;11,1;0%;0,1;0%;0;0,0;2,1;0,1;84%;12,7;0;0,6;7,0;2,3;1,0;0,0;0,0;0;49,1;5,4;16,0;2,4;2,0;15;0,3;0,0;0,0;0,3;0,0;12,2;0,0;4,4;0,2;2,5;1,5;0,2;2,5;13;0,0;34;0;23;0,0;0;1312
Moritz Lamkemeyer;M (C);25;0 €;Westphalia;Germany;0,0;11,6;31%;0,0;13%;0;0,0;0,1;0,4;0%;15,2;0;0,0;0,0;0,0;0,0;0,3;0,2;0;0,0;0,0;0,0;0,1;0,0;0;0,0;0,8;0,0;0,0;0,1;0,0;0,1;0,0;0,1;0,0;0,0;0,1;0,0;0;0,0;0;0.25;0;0,1;0;1862
Manuel Reiß;D (LC), WB (L);23;0 € - 30K €;Bavaria North;Germany;3,8;15,4;0%;0,1;0%;0;0,0;1,8;0,3;88%;16,3;0;1,2;8,7;1,8;1,7;0,0;0,0;0;49,0;4,2;19,6;1,8;0,8;31;1,2;0,1;0,5;0,5;0,0;13,0;0,0;3,9;0,1;7,1;2,4;0,2;7,2;16;0,6;61;-0.08;42;0,0;0;1622
Zakaria Elhankouri;DM;19;0 € - 30K €;Westphalia;Germany;2,1;19,3;10%;0,0;0%;0;0,0;1,3;0,2;85%;4,6;0;1,1;5,4;1,8;1,6;0,1;0,1;0;44,5;5,0;9,2;1,3;0,2;22;0,1;0,7;0,8;0,3;0,0;11,8;0,1;2,0;0,2;0,4;1,1;0,2;0,4;20;0,3;52;-1.09;25;0,1;0;1277
Carlo Schwarzer;AM (C);19;0 €;Bavaria North;Germany;1,2;15,8;36%;0,0;7%;0;0,0;1,3;0,2;89%;16,0;0;0,4;3,2;1,0;0,7;0,4;0,3;0;38,6;1,8;8,5;1,3;1,1;12;0,1;0,9;0,0;0,2;0,1;12,0;0,1;4,6;0,2;1,2;0,9;0,0;1,2;10;0,1;20;-0.37;13;0,1;0;1477
Disimua Kanzi;D/WB/M (R);21;0 € - 10K €;Middle Rhine;Germany;1,4;7,7;41%;0,1;11%;0;0,0;1,6;0,2;85%;16,8;0;0,3;6,4;2,3;1,9;0,7;0,8;0;41,0;3,2;10,8;1,9;3,3;27;1,2;1,9;0,0;0,2;0,2;10,8;0,3;4,3;0,1;7,1;0,5;0,0;7,1;16;0,3;11;-0.68;32;0,3;0;1312
Ege Ibrahim Oruc;D (R);19;0 €;Lower Saxony;Germany;3,3;13,4;20%;0,0;10%;0;0,0;0,7;0,0;87%;16,7;0;1,2;5,3;1,7;1,6;0,4;0,2;0;52,8;5,4;13,0;0,7;0,9;26;0,7;1,2;1,3;0,5;0,1;11,0;0,1;4,7;0,0;4,8;3,4;0,1;4,8;14;0,2;73;-0.03;29;0,1;0;1508
Marko Ilić;DM, M (LC), AM (L);18;0 €;Middle Rhine;Germany;2,1;10,8;20%;0,1;13%;0;0,0;1,2;0,1;88%;8,6;0;0,5;5,6;1,7;1,5;0,3;0,2;0;47,8;2,8;9,3;1,2;0,6;27;0,4;0,8;0,2;0,1;0,1;10,9;0,1;3,0;0,2;1,6;1,5;0,2;1,6;27;0,0;51;-0.04;31;0,1;0;1668
Yiğit Yağmur;M/AM (C), ST (C);23;0 € - 50K €;Hamburg;Germany;1,6;17,2;49%;0,0;14%;0;0,0;1,3;0,6;88%;17,8;0;0,4;3,4;1,0;0,5;0,7;1,1;0;41,6;1,8;6,8;1,3;1,1;9;0,3;2,3;0,0;0,3;0,3;11,7;0,2;5,0;0,2;1,1;1,1;0,2;1,1;28;0,1;21;1.78;11;0,2;0;1679
Jonas Seidel;D (R);17;0 € - 14K €;RP/Saar;Germany;3,2;11,4;14%;0,1;2%;0;0,0;0,4;0,1;82%;15,3;0;0,6;4,9;1,1;0,7;0,9;0,4;0;53,6;5,8;10,2;0,4;0,9;11;0,5;2,6;1,3;0,7;0,1;10,6;0,4;5,9;0,1;1,6;3,1;0,0;1,6;29;0,3;53;-4.99;11;0,4;0;1474
Mats Melahn;DM, M/AM (C);25;0 €;Schleswig-Holstein;Germany;2,9;12,8;57%;0,1;14%;0;0,0;0,7;0,5;89%;5,8;0;0,9;4,5;0,7;0,6;0,2;0,3;0;46,3;5,7;8,9;0,7;0,0;7;0,0;0,6;0,0;0,9;0,1;11,2;0,0;1,3;0,1;0,2;0,2;0,1;0,2;0;0,2;13;0.47;10;0,0;0;1122
Choi In-Cheol;D (RL), WB/M (L);28;0 €;Hamburg;Germany;2,9;10,0;27%;0,0;9%;0;0,0;1,2;0,1;88%;19,0;0;0,6;6,2;1,6;1,4;0,3;0,3;0;48,9;4,2;13,8;1,2;1,9;30;0,5;1,0;0,0;0,3;0,1;12,2;0,2;4,2;0,1;3,6;2,0;0,0;3,6;15;0,3;48;-1.59;34;0,2;0;1975
Nick Hentze;ST (C);19;0 €;Lower Rhine;Germany;2,1;2,9;37%;0,0;11%;0;0,0;1,5;0,0;89%;20,1;0;0,6;7,8;1,9;1,1;0,6;0,5;0;44,3;2,9;9,7;1,5;4,2;16;1,0;1,3;0,0;0,3;0,1;11,0;0,1;3,8;0,0;5,0;1,2;0,0;5,0;19;0,0;32;-0.06;20;0,1;0;1269
Loung Thanh Hong Lac;D (L);19;16K € - 160K €;Bavaria North;Germany;3,5;14,4;50%;0,0;0%;0;0,0;1,3;0,1;87%;13,7;0;1,1;5,1;2,0;1,7;0,1;0,1;0;53,0;5,9;9,2;1,3;0,5;26;0,4;0,1;0,2;0,2;0,0;10,5;0,0;3,9;0,2;3,2;2,7;0,3;7,9;9;0,5;69;-0.11;31;0,0;0;1395
Ismaël François;GK;24;2K € - 8K €;Hamburg;Germany;0,0;4,0;0%;0,0;0%;69;0,4;0,1;0,0;74%;7,3;8.51;3,5;0,0;0,0;0,0;0,0;0,0;86;25,4;0,0;0,0;0,1;0,0;0;0,0;0,0;0,0;0,0;0,0;5,7;0,0;0,0;0,0;0,0;0,0;0,0;0,0;0;0,0;0;0;2;0,0;15;1890
Eralb Sinani;D/M (L);30;0 €;Bavaria South;Germany;2,1;15,4;50%;0,0;21%;0;0,0;0,8;0,1;87%;16,2;0;0,7;7,3;1,9;1,1;0,3;0,3;0;47,4;3,0;13,8;0,8;1,9;23;0,6;0,7;0,1;0,3;0,1;11,8;0,1;5,5;0,1;3,6;1,3;0,1;5,3;15;0,1;24;1.15;32;0,1;0;1800
Viktor Weber;GK;23;0 €;Hamburg;Germany;0,0;6,8;0%;0,0;0%;76;0,5;0,0;0,0;74%;7,3;9.91;5,3;0,0;0,0;0,0;0,0;0,0;90;26,1;0,0;0,0;0,0;0,0;1;0,0;0,0;0,0;0,0;0,0;5,1;0,0;0,0;0,0;0,0;0,0;0,0;0,0;0;0,0;0;0;4;0,0;24;1815
Tom Middelhoven;D/WB (RL);22;0 €;Middle Rhine;Germany;2,4;7,0;14%;0,0;0%;0;0,0;0,9;0,1;83%;12,4;0;1,0;5,8;1,7;1,4;0,6;0,1;0;50,0;5,8;11,0;0,9;0,8;21;0,5;0,9;0,1;0,4;0,0;10,9;0,1;3,8;0,0;2,5;1,6;0,1;2,5;18;0,2;43;-1.25;26;0,1;0;1385
Patrik Vacek;D (C);22;1,5K € - 5K €;Bavaria North;Germany;3,3;18,9;0%;0,0;0%;0;0,0;0,1;0,2;88%;5,8;0;1,2;3,2;0,9;0,5;0,2;0,0;0;48,7;2,6;4,4;0,1;0,0;6;0,0;0,6;1,3;0,5;0,0;10,2;0,1;6,2;0,1;0,0;4,2;0,0;0,0;0;1,2;68;-1.9;10;0,1;0;1154
Sharon Boateng;D (C);19;0 €;Lower Saxony;Germany;4,8;11,4;17%;0,1;17%;0;0,0;0,1;0,1;87%;3,8;0;0,8;2,2;0,5;0,2;0,4;0,2;0;47,0;1,8;3,2;0,1;0,0;3;0,0;1,3;2,2;0,6;0,2;9,9;0,2;6,8;0,1;0,0;3,5;0,0;0,0;0;1,6;52;0.3;4;0,2;0;1211
Björn Fröhlich;D (C);21;0 €;Bavaria South;Germany;3,3;14,6;14%;0,4;14%;0;0,0;0,3;0,1;88%;4,7;0;1,1;1,4;0,3;0,5;0,8;0,2;0;47,9;2,1;3,1;0,3;0,0;9;0,0;1,5;0,4;0,6;0,2;9,2;0,1;6,5;0,1;0,0;5,0;0,0;0,0;0;1,1;77;2.13;11;0,1;0;1651
Gradi Nkunga;ST (C);22;0 €;RP/Saar;Germany;1,3;6,2;27%;0,0;12%;0;0,0;1,2;0,2;88%;20,1;0;0,3;1,8;0,7;0,4;0,7;0,5;0;30,4;1,1;4,9;1,2;0,7;6;0,2;1,9;0,0;0,1;0,2;10,6;0,2;6,2;0,3;0,7;1,0;0,1;0,7;30;0,1;16;0.05;6;0,2;0;1224
Anas Boukara;M (R), AM (RL);20;0 €;Schleswig-Holstein;Germany;1,4;4,7;46%;0,0;27%;0;0,0;1,7;0,2;90%;12,5;0;0,4;8,4;1,6;1,1;0,7;0,8;0;41,8;2,9;12,7;1,7;3,4;16;1,6;1,8;0,0;0,3;0,5;11,8;0,2;4,7;0,3;6,6;0,8;0,1;6,6;24;0,1;16;4.08;17;0,2;0;1298
Timucin Kaan Turgut;DM, M/AM (C);23;0 €;Bavaria North;Germany;2,7;14,3;20%;0,0;0%;0;0,0;0,9;0,3;91%;7,5;0;1,0;5,2;1,3;1,2;0,2;0,1;0;45,1;4,4;9,7;0,9;0,3;14;0,1;0,4;0,2;0,4;0,0;11,0;0,0;1,8;0,0;0,1;1,0;0,1;0,1;100;0,0;55;-0.56;14;0,0;0;1017
Paul Schemat;AM (R), ST (C);22;12K € - 40K €;Bavaria South;Germany;1,9;3,7;55%;0,0;23%;0;0,0;2,5;0,3;83%;17,5;0;0,6;7,4;1,7;0,8;0,4;0,9;0;40,5;2,9;10,1;2,5;3,7;14;1,5;1,7;0,0;0,1;0,4;11,4;0,2;5,2;0,2;8,1;1,3;0,2;8,1;19;0,1;25;3.56;19;0,2;0;1633
Luke Knapp;DM, M (C), AM (RC);20;0 € - 12K €;Baden-Württemberg;Germany;2,5;13,0;0%;0,0;0%;0;0,0;0,6;0,2;87%;8,2;0;1,0;4,7;1,2;1,2;0,0;0,0;0;44,6;3,0;7,6;0,6;0,4;20;0,1;0,3;0,0;0,3;0,0;10,4;0,0;2,3;0,1;0,2;1,4;0,0;0,2;25;0,1;63;-0.74;21;0,0;0;1555
Henry Obermeyer;D (C), DM, M (C);19;0 €;Westphalia;Germany;0,6;9,6;43%;0,1;7%;0;0,0;0,3;0,3;96%;12,7;0;0,2;1,3;0,3;0,3;0,2;0,3;0;8,6;0,8;1,8;0,3;0,0;5;0,0;0,8;0,2;0,1;0,1;2,6;0,1;0,8;0,2;0,1;0,4;0,1;0,7;0;0,0;50;-0.98;6;0,1;0;1652
Julian Malburg;D/WB/M/AM (L);19;0 €;RP/Saar;Germany;2,6;12,1;33%;0,1;13%;0;0,0;1,6;0,3;86%;13,5;0;1,3;6,7;1,4;1,2;0,3;0,3;0;49,4;5,2;11,7;1,7;1,3;20;0,4;0,9;0,4;0,5;0,1;11,3;0,1;4,9;0,1;3,2;2,4;0,2;3,9;10;0,3;49;0.16;23;0,1;0;1502
Arbnor Murati;DM, M (C);21;0 € - 26K €;Westphalia;Germany;1,8;20,6;32%;0,1;5%;0;0,0;0,6;0,9;87%;8,8;0;0,5;3,4;0,6;0,5;0,5;0,3;0;31,0;1,8;6,0;0,6;0,1;9;0,0;1,0;0,1;0,3;0,1;7,6;0,1;2,2;0,4;0,0;1,0;0,4;0,0;0;0,2;47;-0.47;11;0,1;0;1720
Leon Gümpelein;M (R), AM (RL);27;0 € - 18K €;Bavaria North;Germany;1,6;5,2;58%;0,0;16%;0;0,0;1,6;0,2;89%;15,9;0;0,6;7,7;1,6;1,0;0,6;1,0;0;42,3;3,2;11,6;1,6;4,3;18;0,5;1,8;0,1;0,3;0,3;11,3;0,2;4,3;0,2;3,6;0,9;0,2;3,6;12;0,0;20;1.72;20;0,2;0;1560
Kerim Taşkale;M (C), AM (RC);20;0 € - 18K €;Middle Rhine;Germany;0,0;18,2;50%;0,0;25%;0;0,0;0,2;0,5;0%;16,6;0;0,0;0,0;0,0;0,0;0,2;0,2;0;0,0;0,0;0,0;1,1;0,0;0;0,0;0,5;0,0;0,0;0,1;0,0;0,1;0,0;0,2;0,0;0,0;0,2;4,2;9;0,0;0;1.03;0;0,1;0;1590
Julian Dudda;D (LC), DM;32;2K € - 6K €;Hessia;Germany;4,0;11,9;0%;0,1;0%;0;0,0;0,2;0,1;81%;3,4;0;1,6;1,5;0,5;0,2;0,2;0,0;0;48,9;1,9;3,2;0,2;0,0;4;0,0;0,7;0,5;0,9;0,0;9,8;0,1;7,8;0,0;0,0;5,5;0,0;0,0;0;0,8;71;-1.15;6;0,1;0;1517
Ardit Pervetica;ST (C);21;0 €;Westphalia;Germany;0,9;0,8;39%;0,0;14%;0;0,0;0,7;0,0;89%;19,1;0;0,2;1,4;0,8;0,2;0,5;0,8;0;23,9;0,2;3,4;0,7;0,8;2;0,2;2,2;0,0;0,2;0,3;8,8;0,3;8,5;0,0;0,5;1,9;0,0;0,5;42;0,1;23;0.64;2;0,3;0;1171
Erion Vishi;DM, M (C);20;0 € - 4,5K €;RP/Saar;Germany;2,2;12,9;33%;0,0;0%;0;0,0;0,9;0,2;88%;5,4;0;1,3;5,0;1,2;1,2;0,3;0,2;0;48,4;5,9;9,5;1,1;0,1;15;0,0;0,5;0,1;0,5;0,0;11,9;0,1;2,9;0,2;0,1;2,0;0,2;0,1;0;0,2;69;-0.89;15;0,1;0;1107
Matej Dybala;D (RLC);26;0 €;Bavaria North;Germany;3,7;11,7;0%;0,3;0%;0;0,0;1,5;0,0;83%;17,4;0;1,5;7,2;2,5;1,9;0,0;0,0;0;49,6;4,2;16,2;1,5;0,9;29;1,0;0,1;0,4;0,7;0,0;12,0;0,0;4,3;0,0;6,3;2,5;0,1;6,3;15;0,5;57;-0.25;34;0,0;0;1350
Pierre Nowitzki;DM, M (C);32;0 € - 14K €;Lower Rhine;Germany;2,8;24,5;17%;0,1;11%;0;0,0;0,7;0,3;90%;7,1;0;1,1;3,4;0,8;0,7;0,3;0,1;0;55,2;2,9;8,5;0,7;0,1;14;0,0;0,8;0,4;0,5;0,1;10,5;0,1;2,2;0,2;0,1;0,8;0,3;0,1;50;0,1;39;0.23;18;0,1;0;1920
Ole Bahr;GK;24;0 € - 22K €;Bremen;Germany;0,0;5,9;0%;0,0;0%;70;0,4;0,1;0,0;70%;6,9;7.39;4,8;0,0;0,0;0,1;0,0;0,0;89;26,6;0,0;0,0;0,2;0,0;1;0,0;0,0;0,0;0,0;0,0;5,1;0,0;0,0;0,0;0,0;0,0;0,0;0,0;0;0,0;0;0;3;0,0;20;1701
Immanuel Riether;M (RL), AM (R);16;0 € - 8K €;Bavaria South;Germany;2,4;3,6;42%;0,1;33%;0;0,0;1,6;0,2;91%;15,6;0;0,5;8,5;2,4;0,8;0,3;0,4;0;42,5;3,5;11,2;1,6;3,9;10;1,2;0,9;0,0;0,2;0,3;10,9;0,1;3,3;0,0;7,2;0,5;0,0;7,5;16;0,0;16;2.65;14;0,1;0;1168
Ricardo Retterath;D (C);34;0 €;Middle Rhine;Germany;3,7;18,9;17%;0,1;0%;0;0,0;0,1;0,1;87%;3,8;0;1,0;1,9;0,5;0,3;0,1;0,1;0;49,2;1,9;2,8;0,1;0,0;4;0,0;0,4;0,8;0,6;0,0;9,6;0,1;8,1;0,1;0,0;5,4;0,0;0,0;0;1,4;67;-1.21;5;0,1;0;1397
Sercan Süsin;AM (RL), ST (C);21;0 € - 12K €;Hessia;Germany;2,0;1,9;43%;0,0;11%;0;0,0;1,4;0,4;89%;15,0;0;0,6;4,6;1,4;1,0;0,6;0,7;0;34,5;2,2;8,3;1,4;2,7;16;1,2;1,7;0,0;0,2;0,2;11,0;0,2;5,1;0,1;4,6;1,3;0,1;4,6;25;0,0;26;0.18;17;0,2;0;1445
Nico Grucza;AM (RC);18;1K € - 8K €;Baden-Württemberg;Germany;1,2;13,8;37%;0,0;11%;0;0,0;1,6;0,3;91%;14,3;0;0,5;3,7;0,9;0,5;0,6;0,5;0;42,0;1,7;10,6;1,6;0,6;7;0,5;1,3;0,0;0,2;0,1;12,2;0,1;3,4;0,1;1,0;1,8;0,1;1,0;50;0,0;53;0.66;13;0,1;0;1303
Titus Jakob;D/WB/M (R);20;0 € - 45K €;Lower Saxony;Germany;2,7;11,0;23%;0,0;10%;0;0,0;1,4;0,1;87%;14,2;0;1,4;4,9;1,5;1,1;0,5;0,4;0;52,2;5,7;10,8;1,4;0,7;18;0,5;1,8;0,1;0,2;0,2;11,5;0,2;4,8;0,1;3,6;1,8;0,1;3,6;15;0,4;38;-0.69;24;0,2;0;1510
Shamil Zirarov;D/WB (L);19;0 € - 22K €;North East-North;Germany;3,2;12,6;0%;0,1;0%;0;0,0;1,0;0,1;86%;14,0;0;1,1;4,9;1,7;1,4;0,0;0,0;0;53,5;6,1;10,6;1,0;0,9;21;0,3;0,1;0,1;0,6;0,0;11,2;0,0;3,4;0,1;2,4;1,7;0,1;2,4;13;0,1;50;-0.26;25;0,0;0;1339
Sebastian Kurkiewicz;DM, M (C), AM (RLC), ST (C);38;0 €;Bremen;Germany;1,7;24,5;13%;0,0;0%;0;0,0;0,8;0,8;88%;7,7;0;0,7;4,6;1,1;1,1;0,2;0,1;0;39,7;2,9;8,2;1,5;0,2;21;0,0;0,8;0,3;0,4;0,0;10,0;0,1;2,3;0,3;0,1;0,9;0,4;4,3;6;0,2;39;-1.81;22;0,1;0;1719
Ben Luca Nohns;AM (C), ST (C);22;500 € - 3,5K €;Schleswig-Holstein;Germany;0,5;2,0;32%;0,0;12%;0;0,0;1,0;0,5;90%;15,9;0;0,1;1,4;0,6;0,1;1,2;1,3;0;24,1;0,6;3,8;1,0;0,6;1;0,0;4,1;0,0;0,0;0,5;9,2;0,6;7,9;0,2;0,3;1,2;0,1;0,3;0;0,1;15;-1.62;2;0,6;0;1316
Marvin Wolf;AM (RL), ST (C);26;0 € - 30K €;Schleswig-Holstein;Germany;2,7;2,3;55%;0,0;17%;0;0,0;1,5;0,1;89%;15,6;0;0,5;7,2;1,6;1,0;0,7;1,2;0;42,5;2,8;9,6;1,5;3,3;19;1,0;2,2;0,0;0,3;0,4;10,7;0,2;5,9;0,1;4,6;2,4;0,2;4,6;21;0,0;42;3.25;19;0,2;0;1727
Sergej Evljuskin;DM, M/AM (C);37;0 €;Lower Rhine;Germany;1,9;13,9;50%;0,0;13%;0;0,0;0,9;0,6;89%;10,5;0;0,8;3,4;0,8;0,6;0,4;0,6;0;39,3;4,4;6,2;1,6;0,4;9;0,1;1,1;0,0;0,4;0,1;9,4;0,2;3,2;0,3;0,4;1,3;0,3;0,4;40;0,2;42;-0.96;11;0,2;0;1285
Lennart Busch;D (RLC), DM;27;0 € - 28K €;Schleswig-Holstein;Germany;3,8;13,5;21%;0,0;5%;0;0,0;0,4;0,1;85%;12,0;0;0,7;3,2;0,8;0,7;0,7;0,5;0;51,8;5,2;10,6;0,4;0,2;11;0,1;2,3;0,5;0,4;0,1;10,4;0,3;3,8;0,1;1,3;2,1;0,1;1,3;9;0,0;55;-3.07;13;0,3;0;1478
Dylan Pires;M/AM (R);22;8K € - 28K €;Westphalia;Germany;2,0;4,4;33%;0,0;13%;0;0,0;1,5;0,3;91%;19,0;0;0,8;6,7;1,2;0,9;0,3;0,4;0;42,4;2,3;9,9;1,5;4,7;17;1,3;1,2;0,0;0,2;0,2;11,4;0,1;4,7;0,2;7,4;1,4;0,2;11,0;14;0,2;29;0.6;18;0,1;0;1791
Amar Kashtanjevac;D (C);19;0 €;Middle Rhine;Germany;3,2;26,2;17%;0,2;0%;0;0,0;0,1;0,0;86%;3,5;0;1,1;3,2;1,2;0,4;0,4;0,1;0;49,2;2,1;2,2;0,1;0,1;6;0,0;0,9;1,3;0,5;0,0;9,5;0,1;5,0;0,0;0,0;3,3;0,1;0,0;0;0,7;66;-1.08;10;0,1;0;1220
Dennis Bergmann;M (L), AM (LC);32;Not for Sale;Hamburg;Germany;1,5;5,9;38%;0,0;19%;0;0,0;1,7;0,3;90%;14,3;0;0,6;6,9;1,4;1,2;0,6;0,7;0;42,2;2,3;13,2;2,0;2,9;24;1,2;1,8;0,0;0,3;0,3;11,7;0,2;5,9;0,2;4,8;1,7;0,4;5,8;21;0,0;29;3.55;24;0,2;0;1821
Paul Krause;GK;21;0 €;North East-North;Germany;0,0;1,9;0%;0,0;0%;62;-0,2;0,0;0,0;74%;7,7;-4.87;3,3;0,0;0,0;0,0;0,0;0,0;85;25,8;0,0;0,0;0,0;0,0;0;0,0;0,0;0,0;0,0;0,0;5,5;0,0;0,0;0,0;0,0;0,0;0,0;0,0;0;0,0;0;0;1;0,0;37;1793
Tarek Iraki;D (R);20;0 € - 20K €;North East-North;Germany;3,1;13,4;20%;0,0;16%;0;0,0;0,4;0,0;85%;15,5;0;1,2;3,2;1,0;0,9;0,9;0,4;0;52,3;5,1;9,0;0,4;0,3;11;0,3;2,0;0,2;0,5;0,3;10,1;0,2;5,9;0,1;2,6;3,8;0,1;2,6;12;0,5;64;1.3;12;0,2;0;1151
Salvatore Catanzano;AM (RL), ST (C);26;500 € - 3K €;Baden-Württemberg;Germany;0,7;0,7;48%;0,0;11%;0;0,0;0,7;0,2;89%;21,1;0;0,3;1,1;0,4;0,0;0,9;1,5;0;23,4;0,1;4,1;0,7;0,6;0;0,1;3,0;0,0;0,2;0,3;9,7;0,3;9,0;0,1;0,4;2,3;0,1;0,4;12;0,0;26;0.06;1;0,3;0;1657
Karl-Linus Kreibich;D (R);21;0 €;North East-North;Germany;3,8;9,7;11%;0,1;0%;0;0,0;0,6;0,2;88%;18,2;0;0,8;3,2;1,0;0,9;0,8;0,2;0;52,4;5,2;9,7;0,6;0,8;12;0,3;1,4;0,5;0,5;0,0;10,1;0,1;3,8;0,1;2,2;1,6;0,1;2,2;14;0,2;43;-1.45;13;0,1;0;1170
Amadou Sarr;ST (C);26;0 €;Lower Saxony;Germany;0,7;0,5;39%;0,0;22%;0;0,0;0,9;0,2;93%;17,1;0;0,2;2,2;1,0;0,3;1,2;1,2;0;23,6;0,4;3,4;0,9;0,5;3;0,0;3,0;0,0;0,0;0,7;10,4;0,3;11,3;0,1;0,6;4,4;0,2;0,6;0;0,3;39;4.48;3;0,3;0;1076
Precious Spittmann;M (R), AM (RL);21;0 €;Middle Rhine;Germany;1,7;1,4;26%;0,0;9%;0;0,0;1,9;0,3;90%;20,9;0;0,7;8,0;2,1;0,9;0,4;0,4;0;39,4;3,4;10,0;1,9;2,5;15;1,5;1,4;0,0;0,2;0,1;11,3;0,2;3,9;0,1;7,8;0,7;0,1;8,8;17;0,1;17;-0.88;22;0,2;0;1465
Jannis Sauer;AM (RL), ST (C);23;0 €;Bavaria North;Germany;1,0;1,2;33%;0,0;6%;0;0,0;0,7;0,2;90%;19,1;0;0,3;2,9;1,0;0,7;1,1;1,0;0;28,9;0,8;5,8;0,7;1,2;8;0,3;2,9;0,0;0,3;0,2;10,0;0,2;8,9;0,1;1,0;2,4;0,0;1,0;27;0,1;27;-0.46;8;0,2;0;1035
Levi Waldmann;AM (RC), ST (C);19;0 €;Bremen;Germany;0,6;1,2;55%;0,0;18%;0;0,0;1,2;0,1;90%;14,7;0;0,5;1,0;0,6;0,1;0,7;1,5;0;26,8;0,4;3,4;1,2;0,1;1;0,1;2,7;0,0;0,1;0,5;9,7;0,4;8,6;0,1;0,5;1,5;0,1;0,5;12;0,1;18;0.54;3;0,4;0;1348
Andrei Cioară;GK;31;0 €;Baden-Württemberg;Germany;0,0;3,4;0%;0,0;0%;70;0,1;0,2;0,0;71%;6,5;2.91;3,6;0,0;0,0;0,1;0,0;0,0;88;25,6;0,0;0,0;0,2;0,0;1;0,0;0,0;0,0;0,0;0,0;5,6;0,0;0,0;0,0;0,0;0,0;0,0;0,0;0;0,0;0;0;4;0,0;35;1772
Eudel Monteiro;D (RL), WB/M/AM (R);31;0 €;Hamburg;Germany;2,6;13,6;54%;0,0;0%;0;0,0;1,1;0,1;86%;15,6;0;1,4;6,2;1,5;1,0;0,3;0,4;0;52,9;5,8;12,5;1,1;1,5;20;0,9;0,7;0,5;0,3;0,0;11,1;0,1;4,2;0,1;5,2;1,8;0,1;9,7;14;0,4;42;-1.48;29;0,1;0;1718
Colin Decker;M/AM (R), ST (C);19;0 €;Lower Saxony;Germany;1,0;2,7;50%;0,0;20%;0;0,0;0,9;0,3;90%;14,7;0;0,4;1,7;0,4;0,1;0,5;0,7;0;27,3;0,8;4,1;0,9;0,8;3;0,0;1,4;0,0;0,0;0,3;9,0;0,2;8,6;0,1;0,7;1,9;0,0;1,3;15;0,1;22;2;6;0,2;0;1864
Mika Gutovsky;ST (C);20;0 €;Bremen;Germany;0,4;2,4;34%;0,0;9%;0;0,0;0,9;0,1;89%;21,3;0;0,0;1,9;0,7;0,2;0,7;0,8;0;22,7;0,3;3,4;0,9;0,4;3;0,2;2,3;0,0;0,0;0,2;9,1;0,3;9,5;0,0;0,7;2,0;0,1;0,7;30;0,0;21;-0.48;4;0,3;0;1246
Aristotelis Dimitriadis;D (L);21;500 € - 7K €;Bavaria North;Germany;3,9;13,7;25%;0,0;0%;0;0,0;1,0;0,1;87%;13,3;0;1,3;4,4;1,6;1,6;0,1;0,1;0;53,1;5,6;10,5;1,0;0,5;27;0,2;0,2;0,4;0,2;0,0;11,4;0,0;4,1;0,1;3,8;1,7;0,0;3,9;6;0,5;42;-0.47;28;0,0;0;1503
Bas Peeters;DM, M/AM (R);28;1,5K €;Bavaria North;Germany;1,7;7,0;24%;0,0;6%;0;0,0;1,2;0,1;90%;15,6;0;0,8;6,4;1,5;0,9;0,6;0,6;0;40,3;2,2;11,0;1,2;3,0;11;1,2;2,6;0,0;0,2;0,2;12,2;0,3;4,3;0,1;6,1;2,3;0,1;6,1;19;0,0;54;-1.77;15;0,3;0;1160
Otis Breustedt;D/WB/M/AM (L), ST (C);30;3K € - 10K €;Bremen;Germany;1,7;4,7;36%;0,0;11%;0;0,0;1,0;0,3;88%;15,3;0;0,4;2,9;0,7;0,6;0,7;0,7;0;28,7;1,7;6,2;1,0;1,1;10;0,1;2,1;0,1;0,3;0,2;9,9;0,2;9,0;0,1;0,3;2,3;0,2;0,3;16;0,0;25;0.06;11;0,2;0;1576
Jan Filipp Schulz;AM (C), ST (C);19;0 €;Lower Saxony;Germany;0,9;1,4;58%;0,0;32%;0;0,0;0,5;0,1;87%;24,9;0;0,3;1,1;0,3;0,0;0,3;0,6;0;23,2;0,2;3,5;0,5;0,5;0;0,1;1,1;0,0;0,1;0,3;9,2;0,1;9,5;0,1;0,2;2,2;0,1;0,2;25;0,0;23;4.3;2;0,1;0;1568
Sören Maas;AM (C), ST (C);22;0 € - 18K €;RP/Saar;Germany;0,7;3,1;44%;0,0;14%;0;0,0;0,9;0,2;90%;14,7;0;0,1;1,7;0,8;0,3;0,7;1,0;0;23,5;0,5;3,7;0,9;0,5;6;0,1;2,2;0,0;0,1;0,3;9,6;0,2;10,3;0,1;0,7;2,4;0,1;0,7;15;0,1;24;1.37;7;0,2;0;1734
Michael Gries;AM (RL), ST (C);24;1K € - 8K €;Hamburg;Germany;0,6;1,5;59%;0,0;22%;0;0,0;0,9;0,0;90%;13,1;0;0,3;1,2;0,8;0,1;1,5;1,6;0;24,1;0,4;3,3;0,9;0,6;2;0,1;2,6;0,0;0,0;0,6;9,2;0,2;8,7;0,2;0,5;1,8;0,1;0,5;14;0,0;20;5.27;4;0,2;0;1260
Dorian Corley-Skawran;M/AM (L);17;0 €;Bavaria North;Germany;1,8;3,7;42%;0,1;4%;0;0,0;1,9;0,1;91%;19,3;0;0,2;6,1;1,8;0,8;0,4;0,7;0;42,5;4,5;11,5;2,0;3,1;13;0,8;1,5;0,0;0,2;0,1;11,3;0,2;5,4;0,2;6,6;2,0;0,2;9,7;12;0,1;37;-1.61;18;0,2;0;1513
Leonardo Lapre;D (RL);21;3,5K € - 12K €;Hessia;Germany;3,0;12,8;0%;0,1;0%;0;0,0;0,8;0,2;86%;16,2;0;1,1;4,9;1,2;1,1;0,1;0,0;0;54,7;6,6;10,0;0,8;0,5;20;0,3;0,3;0,4;0,5;0,0;10,9;0,1;5,2;0,1;2,1;3,2;0,0;2,1;15;0,6;62;-1.02;23;0,1;0;1655
Julius Petsch;D (RL), AM (R);17;3,5K € - 12K €;Bavaria South;Germany;3,5;9,3;24%;0,1;0%;0;0,0;0,9;0,1;86%;15,8;0;1,3;5,5;0,6;0,4;0,7;0,4;0;51,4;5,6;10,2;0,9;0,8;7;0,2;1,7;1,1;0,9;0,0;10,1;0,1;5,1;0,0;2,6;2,5;0,1;2,6;8;0,2;49;-2.28;10;0,1;0;1564
Jephtah Asare;M (L), AM (RLC);24;3,5K € - 12K €;Hamburg;Germany;1,8;5,1;28%;0,0;16%;0;0,0;1,5;0,2;86%;14,3;0;0,2;7,6;2,2;1,2;0,4;0,4;0;43,0;3,1;10,2;1,5;3,4;19;1,1;1,6;0,0;0,3;0,3;11,7;0,2;4,0;0,2;6,3;0,5;0,1;6,3;18;0,0;13;1.08;25;0,2;0;1436
Denizhan Yazici;AM (C), ST (C);23;0 €;Middle Rhine;Germany;1,8;6,2;20%;0,1;4%;0;0,0;2,0;0,3;92%;17,3;0;0,7;7,2;1,6;0,9;0,4;0,3;0;42,2;3,4;10,2;2,0;3,3;17;0,9;1,4;0,0;0,2;0,1;11,7;0,2;5,4;0,2;5,7;2,5;0,3;5,7;16;0,1;46;-2.38;23;0,2;0;1644
Maas Ketz;DM, M (C);17;40K € - 150K €;Hessia;Germany;2,3;11,7;25%;0,1;0%;0;0,0;0,8;0,0;88%;8,4;0;1,4;4,8;1,4;1,1;0,2;0,2;0;47,9;3,0;8,7;0,8;0,0;19;0,1;0,7;0,0;0,5;0,0;11,0;0,1;1,0;0,0;0,3;0,6;0,0;0,3;16;0,2;61;-1.45;23;0,1;0;1575
Marvin Fork;DM, M/AM (C);19;0 €;Hessia;Germany;2,2;18,3;29%;0,1;7%;0;0,0;1,2;0,3;90%;11,0;0;1,0;3,9;1,4;1,2;0,3;0,3;0;44,5;2,5;9,0;1,5;0,3;19;0,1;0,9;0,4;0,5;0,1;11,8;0,2;3,4;0,2;0,5;1,7;0,5;6,9;11;0,1;50;-1.45;19;0,2;0;1394
Robin Schultealbert;M/AM (R);22;0 € - 9K €;Westphalia;Germany;2,2;6,2;60%;0,0;20%;0;0,0;0,8;0,6;88%;14,8;0;0,8;7,9;1,8;1,6;0,0;0,3;0;43,7;3,7;12,5;1,3;2,3;19;0,5;0,4;0,0;0,6;0,1;12,1;0,1;5,2;0,5;6,6;0,6;0,3;6,6;7;0,2;11;-0.01;21;0,1;0;1076
Julian Brandt;M/AM (R);31;0 € - 20K €;Bavaria South;Germany;1,8;6,8;44%;0,0;15%;0;0,0;2,5;0,3;89%;14,5;0;0,5;8,2;1,9;1,4;0,6;0,9;0;41,1;3,8;15,0;2,7;3,4;28;1,3;2,0;0,1;0,2;0,3;11,9;0,2;4,9;0,3;6,8;2,2;0,2;9,7;15;0,1;45;1.73;35;0,2;0;1768
Lukas Glaser;D (RL);25;0 € - 12K €;Baden-Württemberg;Germany;4,2;11,1;0%;0,0;0%;0;0,0;0,9;0,2;90%;13,5;0;0,9;5,7;1,3;1,1;0,0;0,0;0;55,0;5,7;14,1;1,3;0,7;16;0,4;0,1;0,3;0,3;0,0;11,8;0,0;3,1;0,0;3,2;1,7;0,1;8,9;9;0,3;53;-0.27;19;0,0;0;1351
Fabio Bachmann;D (C);21;0 € - 14K €;Lower Rhine;Germany;3,0;16,0;0%;0,1;0%;0;0,0;0,3;0,0;81%;3,5;0;1,1;2,9;1,3;0,7;0,1;0,0;0;48,0;2,1;3,2;0,3;0,0;10;0,0;0,5;0,4;0,4;0,0;9,6;0,0;5,1;0,1;0,0;3,4;0,1;0,0;0;0,4;67;-0.63;10;0,0;0;1235
Omar Kujabi;M (R), AM (RL), ST (C);24;0 € - 10K €;Lower Saxony;Germany;2,5;2,7;20%;0,0;0%;0;0,0;1,0;0,2;81%;13,4;0;0,2;7,9;1,7;1,0;0,1;0,1;0;45,1;3,8;13,7;1,0;3,1;12;1,8;0,4;0,0;0,2;0,0;13,1;0,1;2,3;0,1;7,7;0,3;0,2;7,7;23;0,0;14;-1.06;13;0,1;0;1087
Robin Grewohl;D (R);21;0 € - 1,5K €;Bremen;Germany;3,0;19,5;5%;0,2;5%;0;0,0;1,0;0,0;89%;12,8;0;1,1;3,3;1,3;0,9;0,2;0,1;0;52,4;5,1;10,4;1,0;0,4;11;0,2;1,7;1,8;0,5;0,1;10,9;0,2;4,4;0,1;2,0;2,7;0,0;4,1;7;0,2;61;-1.71;13;0,2;0;1107
Antonio Casa;M (C);20;0 €;Bavaria North;Germany;2,4;11,6;25%;0,0;0%;0;0,0;0,6;0,1;89%;6,4;0;0,9;4,6;0,9;0,6;0,2;0,1;0;48,6;3,2;7,5;0,6;0,0;8;0,1;0,6;0,0;0,6;0,0;10,1;0,0;1,6;0,1;0,1;0,4;0,2;0,1;50;0,0;27;-0.68;13;0,0;0;1252
Sebastian Grecu;M (C);19;0 €;Bremen;Germany;0,0;10,9;31%;0,0;19%;0;0,0;0,0;0,2;0%;13,3;0;0,0;0,0;0,0;0,0;0,4;0,4;0;0,0;0,0;0,0;0,0;0,0;0;0,0;1,1;0,0;0,0;0,2;0,0;0,2;0,0;0,2;0,0;0,0;0,0;0,0;0;0,0;0;0.29;0;0,2;0;1276
Nuri Bektas;D (C), DM;20;0 €;Bavaria South;Germany;2,9;11,8;20%;0,1;0%;0;0,0;0,8;0,3;86%;6,6;0;1,4;4,7;1,8;1,5;0,1;0,1;0;44,1;2,8;9,9;0,8;0,0;20;0,0;0,4;0,5;0,4;0,0;11,4;0,0;2,9;0,0;0,3;1,5;0,0;0,3;0;0,4;51;-0.54;24;0,0;0;1205
Mats Feckler;D (R);20;0 € - 5K €;Westphalia;Germany;2,8;12,3;32%;0,0;0%;0;0,0;1,4;0,0;87%;19,0;0;1,2;5,4;1,2;0,6;0,1;0,5;0;46,9;4,1;8,9;1,4;1,8;7;1,0;1,6;1,0;0,6;0,0;9,9;0,2;3,8;0,0;5,3;0,9;0,1;5,9;16;0,2;24;-2.35;12;0,2;0;1087
Lukáš Kýček;GK;27;0 € - 6K €;Bavaria North;Germany;0,1;3,2;0%;0,0;0%;70;0,1;0,1;0,0;67%;6,9;2.22;4,3;0,0;0,0;0,0;0,0;0,0;88;25,3;0,0;0,0;0,1;0,0;0;0,0;0,0;0,0;0,0;0,0;5,3;0,0;0,0;0,0;0,0;0,0;0,0;0,0;0;0,0;0;0;2;0,0;24;1556
Daniel Rapp;ST (C);20;3,5K € - 12K €;Baden-Württemberg;Germany;0,7;1,4;35%;0,0;18%;0;0,0;0,7;0,1;89%;17,5;0;0,4;1,1;0,7;0,2;0,6;0,7;0;23,8;0,4;4,3;0,7;0,2;4;0,1;2,1;0,0;0,2;0,4;9,2;0,2;8,8;0,1;0,6;2,3;0,0;0,6;11;0,0;26;2.12;4;0,2;0;1448
Adam Rohlík;D/WB/M (L), ST (C);27;0 € - 8K €;North East-South;Germany;3,6;11,0;20%;0,1;0%;0;0,0;1,4;0,3;85%;18,0;0;1,1;6,7;1,6;0,9;0,1;0,1;0;48,9;4,2;16,9;1,4;2,1;16;0,7;0,3;0,3;0,6;0,0;12,5;0,0;4,6;0,1;7,3;2,7;0,1;7,3;9;0,4;59;-0.64;25;0,0;0;1578
Mohamed Khalil;M/AM (C);21;0 € - 10K €;Hamburg;Germany;0,0;14,6;14%;0,0;14%;0;0,0;0,2;0,3;0%;14,4;0;0,0;0,0;0,0;0,0;0,2;0,1;0;0,0;0,0;0,0;0,2;0,0;0;0,0;0,5;0,0;0,0;0,1;0,0;0,1;0,0;0,2;0,0;0,0;0,2;0,0;0;0,0;0;-0.74;0;0,1;0;1185
Sakariye Abdulle;D (R);19;0 €;Middle Rhine;Germany;2,6;9,6;38%;0,0;21%;0;0,0;1,3;0,2;89%;14,8;0;0,5;5,4;1,2;0,8;0,3;0,5;0;48,4;4,7;9,3;1,3;1,9;15;0,8;1,3;0,3;0,2;0,3;10,2;0,2;4,5;0,1;4,3;2,3;0,2;4,3;17;0,1;50;2.06;20;0,2;0;1639
Noah Haller;D (C);22;6K € - 22K €;Baden-Württemberg;Germany;3,1;14,3;18%;0,1;9%;0;0,0;0,2;0,0;86%;4,1;0;1,2;2,3;0,9;0,3;0,2;0,1;0;49,1;2,1;2,6;0,2;0,0;5;0,0;0,6;0,2;0,4;0,1;9,6;0,0;7,3;0,0;0,0;4,5;0,0;0,0;0;0,8;62;0.06;7;0,0;0;1744
Mohamed Cissé;AM (RL), ST (C);28;3K € - 12K €;Lower Rhine;Germany;1,7;3,6;39%;0,0;10%;0;0,0;1,7;0,0;89%;17,3;0;0,4;7,2;1,4;0,6;0,5;0,8;0;41,2;3,6;12,8;1,7;3,5;11;1,2;2,2;0,0;0,1;0,2;11,7;0,2;6,1;0,1;6,5;1,6;0,0;6,5;17;0,2;27;-0.55;20;0,2;0;1710
Nick Leptien;ST (C);21;500 € - 7K €;Hamburg;Germany;1,0;4,6;62%;0,0;23%;0;0,0;0,9;0,2;87%;15,8;0;0,2;2,3;1,0;0,6;0,3;0,9;0;27,3;0,8;5,2;0,9;0,6;10;0,2;1,5;0,0;0,4;0,3;10,3;0,1;7,8;0,1;0,9;2,8;0,2;0,9;18;0,0;36;3.63;10;0,1;0;1544
Simon Hüer;DM;19;0 €;Lower Saxony;Germany;2,7;16,2;25%;0,2;0%;0;0,0;0,9;0,4;90%;8,9;0;1,3;4,4;1,0;0,7;0,2;0,1;0;46,2;3,6;7,8;0,9;0,0;12;0,0;0,4;0,1;0,5;0,0;10,5;0,0;1,5;0,1;0,2;0,7;0,1;0,2;0;0,0;48;-0.84;19;0,0;0;1659
Kai Schusters;M/AM (L), ST (C);24;2,5K € - 8K €;Middle Rhine;Germany;2,2;3,2;25%;0,0;13%;0;0,0;1,7;0,1;88%;19,1;0;0,3;7,5;2,4;1,3;0,5;0,4;0;42,0;2,7;9,7;1,7;2,5;21;0,7;1,4;0,0;0,2;0,2;11,9;0,1;4,2;0,1;5,0;0,5;0,1;5,0;14;0,0;11;0.91;28;0,1;0;1506
Pascal Piontek;ST (C);23;0 € - 16K €;RP/Saar;Germany;0,7;1,5;44%;0,0;19%;0;0,0;0,6;0,2;92%;18,2;0;0,1;1,4;0,5;0,1;0,4;0,8;0;23,5;0,5;4,2;0,6;0,8;2;0,1;1,9;0,0;0,1;0,4;10,4;0,2;8,6;0,1;0,5;1,7;0,1;0,5;25;0,1;19;2.2;2;0,2;0;1526
Silas Meier;D (LC), WB/M (L);20;0 € - 2K €;Baden-Württemberg;Germany;3,6;9,8;100%;0,1;100%;0;0,0;0,8;0,1;88%;16,3;0;1,3;4,2;1,1;1,0;0,1;0,1;0;52,2;5,2;10,2;0,8;0,5;20;0,3;0,1;0,4;0,7;0,1;11,8;0,0;4,0;0,0;2,7;2,7;0,1;2,7;9;0,5;67;1;26;0,0;0;1768
Jude Chikere;GK;20;0 €;Schleswig-Holstein;Germany;0,0;2,2;0%;0,0;0%;69;0,4;0,1;0,0;72%;7,0;7.2;3,0;0,0;0,0;0,0;0,0;0,0;87;28,0;0,0;0,0;0,3;0,0;0;0,0;0,0;0,0;0,0;0,0;5,2;0,0;0,0;0,0;0,0;0,0;0,0;0,0;0;0,0;0;0;3;0,0;16;1574
Aykut Civelek;M/AM (LC);31;0 € - 2,5K €;Bavaria North;Germany;1,4;12,9;29%;0,1;18%;0;0,0;1,5;0,1;88%;13,3;0;0,6;5,8;1,0;0,4;0,2;0,3;0;40,1;2,1;8,0;1,7;1,3;6;0,6;1,1;0,0;0,3;0,2;10,6;0,2;5,1;0,1;2,3;0,7;0,0;6,0;14;0,0;14;0.62;12;0,2;0;1377
Marius Mohr;D (C);22;0 € - 2K €;Hamburg;Germany;3,3;24,4;18%;0,1;18%;0;0,0;0,2;0,1;90%;3,1;0;1,3;3,5;1,0;0,4;0,2;0,1;0;47,6;3,0;3,3;0,2;0,0;7;0,0;0,7;2,0;0,7;0,1;9,2;0,1;5,8;0,1;0,0;3,7;0,1;0,0;0;1,5;63;1.08;11;0,1;0;1423
Jonas Ströker;D (C), DM, M/AM (C);26;2,5K € - 9K €;Westphalia;Germany;2,6;20,1;14%;0,1;14%;0;0,0;0,3;0,3;88%;4,8;0;1,2;3,1;0,9;0,6;0,1;0,1;0;38,0;2,4;4,4;0,3;0,1;12;0,0;0,4;0,4;0,5;0,1;8,8;0,1;5,6;0,1;0,0;3,2;0,1;0,0;0;0,5;58;-0.26;14;0,1;0;1702
Tomislav Bandic;ST (C);20;0 €;Bavaria South;Germany;1,0;1,2;33%;0,0;11%;0;0,0;1,0;0,1;91%;20,0;0;0,5;1,7;0,4;0,1;0,6;0,8;0;22,8;0,4;3,9;1,0;0,3;2;0,1;2,5;0,0;0,0;0,3;9,2;0,3;7,3;0,1;0,4;2,1;0,1;0,4;33;0,0;28;-0.35;2;0,3;0;1309
Alan Kolacki;ST (C);18;0 €;Bavaria South;Germany;0,6;1,5;17%;0,0;6%;0;0,0;0,9;0,1;90%;20,7;0;0,2;1,5;0,9;0,4;0,2;0,2;0;26,2;0,6;3,8;0,9;0,5;6;0,1;1,3;0,0;0,1;0,1;9,4;0,2;11,5;0,1;0,5;4,3;0,1;0,5;14;0,0;38;-2.07;8;0,2;0;1229
Renato Domislić;AM (RL), ST (C);24;0 €;Bavaria South;Germany;0,6;1,0;50%;0,0;17%;0;0,0;0,8;0,2;91%;17,2;0;0,2;1,5;0,6;0,2;0,6;1,0;0;23,3;0,4;4,0;0,8;0,4;4;0,1;1,9;0,0;0,1;0,3;9,8;0,2;9,3;0,1;0,4;2,4;0,2;0,4;28;0,1;26;1.95;4;0,2;0;1672
Barbaros Inan;DM, M/AM (C);23;0 € - 9K €;Westphalia;Germany;2,0;13,5;7%;0,1;7%;0;0,0;0,6;0,1;90%;6,7;0;1,2;4,3;1,2;1,1;0,2;0,1;0;45,3;2,6;9,3;0,6;0,2;21;0,0;0,7;0,2;0,5;0,1;11,4;0,1;1,9;0,2;0,1;0,7;0,1;0,1;0;0,1;37;-0.38;23;0,1;0;1777
Jonas Adler;D (LC);20;0 € - 9K €;North East-South;Germany;4,1;10,5;17%;0,1;17%;0;0,0;0,2;0,1;88%;4,8;0;0,9;1,5;0,3;0,2;0,1;0,1;0;48,8;1,6;3,4;0,2;0,0;3;0,0;0,3;0,2;0,9;0,1;9,7;0,0;6,7;0,1;0,0;3,6;0,1;0,0;0;0,5;55;0.38;3;0,0;0;1583
David Loheider;ST (C);34;0 €;Middle Rhine;Germany;0,5;1,0;43%;0,0;20%;0;0,0;0,9;0,2;91%;19,8;0;0,1;1,7;0,7;0,1;0,7;0,9;0;24,7;0,4;3,4;0,9;0,5;2;0,1;2,2;0,0;0,1;0,4;9,7;0,3;9,9;0,0;0,7;2,7;0,1;0,7;10;0,0;27;2.23;3;0,3;0;1242
Danny Simmo;M (RL), AM (R);22;0 €;Middle Rhine;Germany;1,6;8,2;37%;0,0;22%;0;0,0;1,9;0,3;86%;19,0;0;0,7;7,5;1,7;1,0;0,4;0,5;0;40,5;3,1;12,3;1,9;3,3;22;1,1;1,3;0,0;0,2;0,3;11,5;0,2;3,9;0,2;6,9;0,7;0,1;7,1;16;0,0;17;2.44;29;0,2;0;1890
Roen Fordyce Hlywka;M (RL), AM (R);24;0 €;RP/Saar;Germany;2,6;3,3;26%;0,0;10%;0;0,0;1,6;0,2;91%;18,9;0;0,3;7,1;1,3;0,8;0,6;0,4;0;41,7;3,2;12,3;1,6;3,6;15;0,8;1,7;0,0;0,2;0,2;11,2;0,2;3,5;0,2;6,8;0,6;0,2;7,8;12;0,1;17;-0.47;20;0,2;0;1620
Maximilian Mild;D (C);19;0 €;Bavaria South;Germany;3,9;8,4;18%;0,1;6%;0;0,0;0,1;0,1;84%;5,2;0;0,7;2,5;0,8;0,4;0,4;0,2;0;46,6;2,3;2,9;0,1;0,1;6;0,0;1,0;0,6;0,5;0,1;9,4;0,1;6,8;0,1;0,0;4,0;0,0;0,0;0;1,7;58;-0.42;8;0,1;0;1495
Divine Nduchekwe;D (C);18;0 €;Middle Rhine;Germany;3,8;21,0;27%;0,2;0%;0;0,0;0,3;0,0;85%;3,3;0;1,4;2,8;1,0;0,5;0,2;0,2;0;48,5;2,3;3,5;0,3;0,0;9;0,0;0,8;1,2;0,5;0,0;9,6;0,1;6,4;0,0;0,1;4,0;0,1;0,1;0;0,5;64;-1.05;14;0,1;0;1712
Ilja Banasik;DM, M (C);18;0 €;Bavaria North;Germany;2,2;15,5;17%;0,1;17%;0;0,0;1,0;0,3;88%;6,6;0;1,0;4,6;1,5;0,8;0,1;0,1;0;49,4;4,5;8,4;1,0;0,2;13;0,0;0,4;0,1;0,3;0,1;11,1;0,0;1,0;0,1;0,3;0,4;0,3;0,3;0;0,1;38;0.57;18;0,0;0;1404
Niklas Grünitz;GK;27;1,5K € - 6K €;Hamburg;Germany;0,0;5,3;0%;0,0;0%;61;-0,2;0,1;0,0;68%;6,8;-3.46;4,1;0,0;0,0;0,0;0,0;0,0;91;25,9;0,0;0,0;0,1;0,0;0;0,0;0,0;0,0;0,0;0,0;4,9;0,0;0,0;0,0;0,0;0,0;0,0;0,0;0;0,0;0;0;2;0,0;27;1530
İsmail Deveci;D (LC);25;0 €;Lower Rhine;Germany;2,8;10,8;20%;0,0;0%;0;0,0;1,1;0,0;87%;10,4;0;1,2;4,0;1,3;1,4;0,0;0,1;0;50,8;4,3;10,2;1,1;0,4;18;0,5;0,4;0,5;0,5;0,0;11,9;0,0;5,4;0,0;2,4;4,0;0,0;2,4;18;0,6;73;-0.36;19;0,0;0;1179
Norik Höhn;M/AM (C);21;5K € - 18K €;Bavaria North;Germany;1,6;14,3;55%;0,1;36%;0;0,0;1,4;0,3;83%;18,6;0;0,4;5,9;1,4;0,9;0,1;0,8;0;39,7;2,4;8,8;1,4;2,1;15;0,7;1,4;0,0;0,2;0,5;10,5;0,2;5,2;0,1;4,0;0,8;0,0;4,0;17;0,3;14;4.8;21;0,2;0;1439
Tidiane Keita;D (C);21;0 €;Lower Saxony;Germany;2,6;12,0;50%;0,1;10%;0;0,0;0,7;0,0;89%;11,5;0;1,2;4,2;1,5;1,5;0,2;0,3;0;45,2;3,3;7,3;0,7;0,5;21;0,1;0,7;0,3;0,6;0,1;10,5;0,1;4,5;0,1;1,5;2,9;0,0;1,5;9;0,5;63;-0.57;21;0,1;0;1287
Nick Neca;D (C), DM;26;2K € - 7K €;Schleswig-Holstein;Germany;3,4;13,5;21%;0,0;7%;0;0,0;0,6;0,1;85%;6,3;0;1,1;3,4;1,1;0,8;0,4;0,3;0;45,9;2,9;6,0;0,6;0,2;17;0,1;1,3;0,3;0,4;0,1;10,1;0,1;5,6;0,1;0,9;4,0;0,1;0,9;10;1,0;73;-1.04;22;0,1;0;1957
Julius Mehnert;DM, M/AM (C);20;0 € - 2,5K €;North East-South;Germany;1,9;17,6;14%;0,0;7%;0;0,0;1,2;0,2;87%;6,0;0;0,7;4,4;1,9;1,2;0,3;0,1;0;59,4;5,3;9,7;1,2;0,2;24;0,2;0,7;0,2;0,3;0,1;12,2;0,1;3,2;0,3;0,3;1,2;0,6;0,3;50;0,4;37;-0.7;30;0,1;0;1743
Max Schmitten;D (RL), DM;23;0 € - 8K €;RP/Saar;Germany;2,9;7,0;16%;0,0;9%;0;0,0;1,0;0,0;86%;15,2;0;1,7;4,1;1,9;1,2;0,4;0,3;0;53,7;5,9;9,8;1,1;0,2;21;0,9;1,8;1,2;0,4;0,2;10,1;0,3;5,2;0,0;3,0;4,2;0,0;3,0;28;0,6;81;-1.54;33;0,3;0;1563
Maximilian Weiß;M (C), AM (RLC), ST (C);27;0 €;Bavaria North;Germany;0,1;9,1;38%;0,0;8%;0;0,0;0,3;0,2;90%;16,9;0;0,1;2,0;0,6;0,3;0,2;0,4;0;14,7;1,1;2,7;0,3;0,1;4;0,4;1,0;0,0;0,1;0,1;3,5;0,1;0,8;0,1;0,9;0,4;0,0;0,9;50;0,0;55;-0.71;5;0,1;0;1227
Anakin-Jo Nienstedt;D (C);18;0 €;Hamburg;Germany;2,9;11,4;33%;0,1;27%;0;0,0;0,2;0,0;86%;3,6;0;1,2;2,4;1,3;0,6;0,3;0,3;0;50,2;2,7;3,0;0,2;0,1;11;0,0;0,9;0,8;0,6;0,2;9,0;0,1;6,1;0,0;0,0;4,2;0,0;0,0;0;0,7;69;3;13;0,1;0;1566
Alen Šuljević;AM (L), ST (C);26;3K € - 10K €;Lower Saxony;Germany;1,8;4,1;42%;0,0;17%;0;0,0;1,6;0,2;89%;16,6;0;0,6;6,7;1,7;1,2;0,2;0,3;0;41,8;2,8;9,2;1,6;3,3;24;0,5;0,6;0,0;0,1;0,1;10,8;0,1;5,7;0,0;4,8;2,1;0,0;4,8;10;0,0;38;0.26;25;0,1;0;1736
Yves Brinkmann;D/WB (R), M (RL), AM (RC);33;0 €;North East-North;Germany;2,7;7,1;17%;0,0;6%;0;0,0;1,2;0,1;88%;18,6;0;0,5;5,9;1,4;1,0;0,3;0,2;0;44,6;3,8;11,5;1,2;2,0;20;0,5;0,9;0,2;0,3;0,1;11,4;0,1;5,5;0,1;3,0;2,9;0,1;3,0;17;0,2;53;-1.18;22;0,1;0;1740
Mika Völker;D (R);19;0 € - 4,5K €;Westphalia;Germany;3,3;11,4;14%;0,1;3%;0;0,0;0,7;0,1;86%;13,2;0;1,3;3,0;0,9;0,8;0,7;0,3;0;51,7;5,1;10,2;0,7;0,5;14;0,5;2,0;0,3;0,7;0,1;10,5;0,2;4,5;0,1;2,0;2,2;0,1;2,2;23;0,1;49;-2.75;15;0,2;0;1563
Tom Sorgalla;D/WB/M (R), AM (RL);17;0 € - 8K €;Bavaria North;Germany;2,0;4,0;47%;0,0;5%;0;0,0;1,7;0,3;89%;19,5;0;0,4;6,6;1,4;1,0;0,6;0,6;0;41,9;2,9;11,0;1,8;3,2;15;1,7;1,2;0,0;0,3;0,1;11,2;0,1;5,2;0,1;9,1;2,3;0,1;9,3;18;0,3;44;-0.42;19;0,1;0;1413
Simeon Hawwary;GK;22;0 € - 5K €;North East-North;Germany;0,0;1,5;0%;0,0;0%;68;0,4;0,0;0,0;66%;6,8;9.33;5,4;0,0;0,0;0,0;0,0;0,0;89;26,4;0,0;0,0;0,0;0,0;0;0,0;0,0;0,0;0,0;0,0;5,3;0,0;0,0;0,0;0,0;0,0;0,0;0,0;0;0,0;0;0;1;0,0;15;1890
Iddris Sedy;D (RL);24;0 € - 5K €;Hessia;Germany;3,8;17,1;0%;0,2;0%;0;0,0;1,0;0,1;89%;15,3;0;1,4;4,5;1,3;1,0;0,1;0,0;0;52,8;5,5;10,5;1,0;1,2;19;0,3;0,3;1,0;0,5;0,0;11,4;0,0;4,8;0,0;2,5;2,9;0,1;2,5;10;0,7;60;-0.4;26;0,0;0;1788
Nils Hahne;GK;21;0 € - 2K €;Westphalia;Germany;0,0;4,1;0%;0,0;0%;66;-0,1;0,0;0,0;67%;6,5;-2.06;5,1;0,0;0,0;0,0;0,0;0,0;88;25,0;0,0;0,0;0,1;0,0;1;0,0;0,0;0,0;0,0;0,0;5,5;0,0;0,0;0,0;0,0;0,0;0,0;0,0;0;0,0;0;0;2;0,0;27;1804
Glayne Wago;AM (L), ST (C);22;2K € - 7K €;Lower Rhine;Germany;0,7;3,5;47%;0,0;26%;0;0,0;1,0;0,2;87%;18,1;0;0,1;1,4;0,5;0,1;0,7;0,7;0;23,2;0,2;3,6;1,0;0,6;1;0,1;1,4;0,0;0,1;0,4;8,9;0,1;10,8;0,1;0,4;5,0;0,2;0,4;20;0,0;47;3.71;2;0,1;0;1196
Nils Friebe;AM (C), ST (C);24;0 € - 7K €;Lower Rhine;Germany;1,1;6,1;30%;0,0;12%;0;0,0;2,0;0,1;91%;17,1;0;0,3;3,5;1,2;0,6;0,4;0,5;0;42,2;2,3;6,9;2,0;0,9;12;0,3;1,8;0,0;0,1;0,2;11,8;0,2;3,5;0,0;1,1;1,3;0,1;1,1;23;0,1;38;-0.49;12;0,2;0;1678
Niko Dymek;M/AM (C);25;0 €;Hamburg;Germany;0,0;10,4;30%;0,0;20%;0;0,0;0,1;0,2;0%;17,7;0;0,0;0,0;0,0;0,0;0,1;0,3;0;0,0;0,0;0,0;0,1;0,0;0;0,0;0,8;0,0;0,0;0,2;0,0;0,1;0,0;0,3;0,0;0,0;0,1;0,0;0;0,0;0;0.56;0;0,1;0;1060
Alexander Kastanov;D (C);19;0 €;Hamburg;Germany;3,7;12,6;17%;0,1;3%;0;0,0;0,2;0,0;88%;4,3;0;1,1;1,8;0,6;0,4;0,5;0,3;0;49,4;2,2;2,9;0,2;0,0;7;0,0;1,8;1,1;0,8;0,1;9,7;0,2;7,5;0,0;0,1;5,4;0,1;0,1;0;1,4;72;-2.53;7;0,2;0;1491
Mika Keute;D (C), DM, M (C);21;0 € - 7K €;Westphalia;Germany;2,8;20,0;38%;0,1;0%;0;0,0;0,5;0,3;89%;5,3;0;0,5;4,4;1,3;0,7;0,2;0,2;0;46,2;5,4;8,5;0,5;0,2;12;0,2;0,5;1,3;0,5;0,0;11,0;0,1;3,4;0,2;0,2;1,6;0,1;0,2;100;0,4;46;-0.88;22;0,1;0;1500
Burak Keskin;DM, M (C);20;0 €;Hamburg;Germany;1,9;14,3;9%;0,1;0%;0;0,0;1,0;0,3;90%;8,2;0;1,2;3,6;1,1;1,0;0,3;0,1;0;35,3;3,1;6,6;1,1;0,0;14;0,1;0,8;0,0;0,3;0,0;8,7;0,1;0,8;0,2;0,3;0,6;0,2;0,3;50;0,0;73;-1.05;16;0,1;0;1299
Mengistu Schmidt;ST (C);18;0 €;Bavaria North;Germany;0,8;0,7;44%;0,0;28%;0;0,0;1,1;0,3;94%;17,1;0;0,2;1,2;0,5;0,2;0,4;1,0;0;23,7;0,3;3,4;1,1;0,8;2;0,1;2,2;0,0;0,2;0,6;10,2;0,4;8,8;0,0;0,4;2,7;0,0;0,4;20;0,1;30;2.98;2;0,4;0;1012
Kimbyze-Kimby Januário;AM (RL), ST (C);25;0 €;North East-South;Germany;0,8;1,1;38%;0,0;8%;0;0,0;0,9;0,1;90%;18,9;0;0,2;2,5;0,7;0,1;0,4;0,7;0;28,5;0,6;4,7;0,9;0,9;2;0,1;1,8;0,0;0,4;0,1;10,1;0,3;9,0;0,1;1,1;2,2;0,0;1,1;12;0,0;24;-2.93;4;0,3;0;1277
Sascha Luft;DM, M (C);25;0 € - 6K €;Bavaria North;Germany;2,0;13,7;22%;0,1;0%;0;0,0;1,1;0,3;87%;7,0;0;1,2;5,1;1,5;0,8;0,3;0,1;0;53,2;4,1;9,2;1,1;0,1;14;0,0;0,5;0,2;0,4;0,0;11,6;0,0;1,7;0,2;0,1;0,5;0,2;0,1;0;0,0;27;-0.78;18;0,0;0;1568
Christopher Grünewald;D (R);23;0 € - 1,5K €;Hamburg;Germany;2,9;13,4;19%;0,2;4%;0;0,0;0,7;0,1;89%;15,0;0;1,6;2,9;1,2;1,0;0,7;0,4;0;52,1;5,0;10,4;0,7;0,1;13;0,2;2,1;0,5;0,7;0,1;10,8;0,2;4,1;0,0;1,7;1,7;0,0;1,7;9;0,9;42;-1.14;15;0,2;0;1151
Julian Donges;D (RC);20;0 € - 6K €;RP/Saar;Germany;3,8;9,3;11%;0,1;0%;0;0,0;0,2;0,0;86%;4,8;0;0,8;2,8;1,0;0,5;0,4;0,1;0;49,4;2,6;3,5;0,2;0,0;8;0,0;1,1;1,1;0,5;0,0;9,3;0,1;5,4;0,0;0,2;4,3;0,0;0,2;0;0,6;78;-2.26;10;0,1;0;1524
Leonhard Thiel;AM (C), ST (C);29;0 € - 7K €;Bavaria South;Germany;0,8;3,0;56%;0,0;18%;0;0,0;1,1;0,2;88%;14,3;0;0,3;2,2;0,9;0,3;0,8;1,3;0;28,9;1,1;4,9;1,1;1,0;6;0,2;2,4;0,0;0,1;0,4;10,2;0,3;7,8;0,1;1,5;1,9;0,1;1,5;14;0,1;25;3.08;6;0,3;0;1667
Rojan Sarıbaş;D (LC);22;1,5K € - 6K €;North East-North;Germany;2,7;12,8;13%;0,1;0%;0;0,0;0,7;0,2;83%;13,6;0;1,1;5,4;1,9;1,5;0,1;0,1;0;51,8;4,9;10,2;0,7;0,6;30;0,3;0,4;0,3;0,7;0,0;11,1;0,1;5,1;0,1;2,2;3,7;0,1;2,2;15;0,6;73;-1.29;37;0,1;0;1800
Lenny Müller;M/AM (L);18;0 € - 16K €;Bavaria North;Germany;1,7;2,2;47%;0,0;18%;0;0,0;1,5;0,2;91%;20,2;0;0,2;7,4;2,2;1,4;0,4;0,7;0;43,6;2,6;11,2;1,5;2,7;17;0,8;1,4;0,0;0,2;0,2;12,1;0,1;5,5;0,1;5,3;1,4;0,1;5,3;15;0,0;26;1.45;20;0,1;0;1088
Kohei Nakano;DM, M (C);22;2K € - 6K €;Lower Rhine;Germany;0,2;8,8;25%;0,0;25%;0;0,0;0,2;0,2;90%;14,8;0;0,0;0,1;0,0;0,0;0,2;0,2;0;1,7;0,2;0,4;0,2;0,0;0;0,0;0,6;0,0;0,0;0,2;0,5;0,1;0,1;0,1;0,0;0,0;0,2;0,0;0;0,0;0;1.32;0;0,1;0;1126
Artur Galtsew;AM (R), ST (C);21;0 €;Lower Saxony;Germany;1,0;0,3;56%;0,0;25%;0;0,0;0,9;0,0;90%;17,7;0;0,3;1,0;0,5;0,2;0,4;0,7;0;23,5;0,3;4,4;0,9;0,4;2;0,0;1,3;0,0;0,0;0,3;10,3;0,1;9,3;0,0;0,3;1,3;0,0;0,3;0;0,0;14;2.19;2;0,1;0;1130
Maik Emmrich;M/AM (R), ST (C);24;2K € - 7K €;Lower Saxony;Germany;1,8;3,2;47%;0,0;37%;0;0,0;1,6;0,1;88%;19,9;0;0,4;7,2;1,1;0,7;0,6;0,7;0;41,5;3,3;10,4;1,6;3,5;9;1,3;1,4;0,0;0,3;0,5;10,7;0,2;3,8;0,1;8,4;1,0;0,1;8,4;15;0,0;27;4.47;12;0,2;0;1218
Lee Chang-Jae;D (C), DM;23;0 €;Hessia;Germany;3,9;15,6;22%;0,2;0%;0;0,0;0,3;0,0;87%;3,2;0;1,3;1,7;0,7;0,2;0,1;0,2;0;48,0;2,6;3,0;0,3;0,0;2;0,0;0,7;0,3;1,4;0,0;10,1;0,1;5,7;0,0;0,1;3,8;0,0;0,1;0;0,2;68;-1.08;8;0,1;0;1126
Cristiano Sonntag;D (LC), DM;19;0 € - 5K €;Westphalia;Germany;2,9;9,3;14%;0,1;0%;0;0,0;1,0;0,2;84%;16,0;0;0,7;3,9;1,4;1,5;0,1;0,1;0;46,7;5,0;11,1;1,0;0,4;28;0,3;0,4;0,2;0,4;0,0;10,3;0,0;4,6;0,1;2,3;3,4;0,3;2,3;14;0,5;75;-0.89;33;0,0;0;1651
Kevin Akogo;M (R), AM (RL), ST (C);20;0 € - 7K €;North East-North;Germany;2,0;3,9;30%;0,0;5%;0;0,0;1,9;0,1;87%;15,6;0;0,6;7,5;1,5;1,1;0,3;0,4;0;42,3;3,4;11,5;1,9;3,2;18;1,0;1,2;0,0;0,2;0,1;11,5;0,1;5,3;0,0;4,9;2,1;0,1;4,9;20;0,1;39;-1.11;21;0,1;0;1464
Jan Fauseweh;GK;24;1,5K € - 5K €;Lower Rhine;Germany;0,0;4,6;0%;0,0;0%;73;0,4;0,0;0,0;68%;7,4;7.53;5,3;0,0;0,0;0,1;0,0;0,0;89;25,2;0,0;0,0;0,0;0,0;1;0,0;0,0;0,0;0,0;0,0;5,2;0,0;0,0;0,0;0,0;0,0;0,0;0,0;0;0,0;0;0;5;0,0;32;1668
Mohamed El Mouhouti;M/AM (C);21;0 € - 14K €;Lower Rhine;Germany;1,2;10,3;50%;0,0;17%;0;0,0;1,6;0,1;91%;20,1;0;0,2;3,3;1,3;0,2;0,3;0,7;0;42,1;1,6;7,4;1,6;0,9;4;0,5;1,4;0,0;0,0;0,2;12,0;0,2;4,3;0,1;1,5;1,0;0,1;1,5;36;0,0;23;0.51;7;0,2;0;1534
Tim Welker;D (RC), WB/M (R);32;0 €;Hessia;Germany;2,9;15,2;20%;0,1;7%;0;0,0;0,0;0,0;85%;3,5;0;1,5;2,5;1,0;0,6;0,2;0,1;0;44,4;2,4;2,9;0,0;0,0;14;0,0;0,7;0,9;0,7;0,0;9,6;0,1;5,2;0,0;0,2;3,3;0,0;0,2;0;0,6;63;-0.45;18;0,1;0;1980
Niclas Hüttig;D (C);19;500 € - 4,5K €;North East-South;Germany;3,1;10,4;44%;0,2;17%;0;0,0;0,3;0,1;88%;3,6;0;0,8;2,9;0,9;0,6;0,2;0,4;0;48,0;2,6;2,6;0,3;0,0;11;0,0;0,9;0,8;0,5;0,2;9,3;0,1;6,6;0,1;0,0;3,9;0,1;0,0;0;1,6;58;1.11;11;0,1;0;1795
Paul Kalischko;ST (C);22;0 €;Bavaria North;Germany;0,8;0,9;62%;0,0;19%;0;0,0;0,3;0,1;93%;18,0;0;0,3;0,7;0,3;0,1;0,9;1,1;0;24,1;0,2;3,7;0,3;0,9;1;0,1;1,8;0,0;0,2;0,4;9,2;0,1;10,2;0,1;0,1;2,3;0,0;0,1;50;0,0;23;3.15;1;0,1;0;1265
Liam Schein;D (C);17;0 €;Bavaria South;Germany;2,5;11,4;23%;0,0;8%;0;0,0;0,1;0,0;87%;4,4;0;1,1;2,4;0,9;0,5;0,3;0,2;0;45,3;2,7;3,8;0,1;0,0;8;0,0;0,8;1,5;0,5;0,1;9,7;0,1;6,7;0,0;0,0;4,8;0,0;0,0;0;0,9;72;-0.53;11;0,1;0;1544
Julius Max Wiedemann;D (C), DM, M (C);21;0 € - 2K €;Westphalia;Germany;1,9;20,3;15%;0,0;0%;0;0,0;0,8;0,2;89%;5,4;0;1,1;4,8;1,0;0,7;0,2;0,1;0;44,5;3,4;8,4;0,8;0,1;12;0,0;0,8;0,0;0,7;0,0;10,6;0,1;3,5;0,1;0,2;2,1;0,2;0,2;0;0,2;60;-1.6;14;0,1;0;1475
Aoba Kawamo;DM, M (C);17;0 €;Middle Rhine;Germany;1,9;8,9;17%;0,0;0%;0;0,0;0,3;0,1;87%;7,5;0;0,6;4,1;0,9;0,8;0,1;0,1;0;45,5;2,0;9,2;0,3;0,3;12;0,1;0,4;0,5;0,3;0,0;11,8;0,0;3,1;0,1;0,1;1,5;0,1;0,1;100;0,1;50;-0.47;16;0,0;0;1340
Martin Jakubietz;DM, M/AM (C);21;0 €;Hamburg;Germany;2,2;20,5;22%;0,0;0%;0;0,0;1,1;0,2;90%;8,4;0;0,8;4,8;1,3;1,1;0,2;0,1;0;48,0;4,7;8,8;1,1;0,1;16;0,0;0,6;0,1;0,3;0,0;10,7;0,1;1,7;0,3;0,1;0,9;0,3;0,1;0;0,1;50;-0.83;19;0,1;0;1344
Can Denis Yildiz;D (RC);24;1,5K € - 6K €;Hamburg;Germany;3,3;22,8;10%;0,1;5%;0;0,0;0,1;0,2;86%;3,9;0;1,0;2,6;0,7;0,4;0,2;0,1;0;47,4;2,3;4,5;0,1;0,0;9;0,0;1,0;0,4;0,5;0,0;10,3;0,2;6,0;0,0;0,0;4,4;0,0;0,0;0;0,7;74;-2.08;12;0,2;0;1844
Jonas Simon;D (C), DM, M (C);22;0 € - 6K €;Hessia;Germany;2,3;21,6;22%;0,1;0%;0;0,0;0,6;0,4;86%;8,4;0;0,8;5,2;1,7;0,8;0,2;0,1;0;46,4;4,0;10,3;0,6;0,1;15;0,0;0,5;0,0;0,4;0,0;11,8;0,0;1,5;0,1;0,1;0,8;0,2;0,1;0;0,1;56;-0.6;18;0,0;0;1612
Fabio Fuhs;D (C);37;0 €;Middle Rhine;Germany;2,9;14,0;44%;0,1;0%;0;0,0;0,4;0,1;86%;3,5;0;1,4;2,4;1,0;0,4;0,2;0,2;0;47,6;2,6;3,1;0,4;0,0;8;0,0;0,5;1,8;0,5;0,0;9,4;0,1;5,9;0,1;0,0;4,0;0,1;0,0;0;0,3;67;-1.14;9;0,1;0;1684
Julian Kreuzpaintner;DM, M (C);17;0 €;Bavaria South;Germany;2,2;13,1;12%;0,0;0%;0;0,0;1,2;0,3;85%;7,0;0;1,1;3,9;1,4;1,1;0,5;0,1;0;51,4;4,7;8,8;1,5;0,1;20;0,1;0,9;0,2;0,3;0,0;11,3;0,1;2,2;0,1;0,1;1,1;0,1;0,1;50;0,2;48;-0.95;23;0,1;0;1689
Yannick Filipović;D (C), DM;27;0 €;Westphalia;Germany;3,2;16,8;20%;0,1;0%;0;0,0;0,3;0,1;85%;3,9;0;0,8;2,2;0,3;0,1;0,1;0,1;0;49,3;1,7;3,6;0,3;0,1;2;0,0;0,6;1,0;1,1;0,0;9,7;0,1;6,8;0,0;0,0;5,3;0,0;0,0;0;1,3;78;-2.06;3;0,1;0;1592
Amer Hodza;M/AM (C), ST (C);21;5K € - 18K €;Westphalia;Germany;0,9;2,2;63%;0,0;32%;0;0,0;0,9;0,2;91%;17,3;0;0,6;1,0;0,2;0,1;0,5;0,9;0;24,1;0,3;3,7;0,9;0,5;1;0,0;1,5;0,0;0,1;0,5;10,5;0,2;10,3;0,1;0,0;2,8;0,2;0,0;0;0,0;28;2.73;1;0,3;0;1141
Daniel Gareis;D (RC);39;0 €;Bavaria North;Germany;2,7;17,2;0%;0,1;0%;0;0,0;0,4;0,2;90%;4,9;0;1,0;2,8;0,8;0,2;0,3;0,0;0;45,8;2,9;2,8;0,4;0,1;3;0,1;0,9;0,6;0,4;0,0;9,6;0,1;6,5;0,1;0,5;5,4;0,3;0,5;14;0,7;84;-1.6;8;0,1;0;1309
Moritz Lotzen;D (C), DM, M (C);28;0 € - 6K €;Bavaria North;Germany;3,5;15,0;9%;0,2;9%;0;0,0;0,4;0,2;89%;6,6;0;0,8;3,4;0,7;0,6;0,2;0,1;0;49,9;2,9;8,1;0,4;0,1;10;0,1;0,6;0,5;0,5;0,1;11,7;0,1;4,1;0,1;0,1;2,5;0,0;0,1;50;0,3;61;-0.26;13;0,1;0;1576
Dorian Rostoucher;AM (C), ST (C);17;4,5K € - 16K €;Baden-Württemberg;Germany;1,0;5,1;43%;0,0;21%;0;0,0;1,4;0,3;86%;20,9;0;0,3;3,3;1,2;0,5;0,2;0,4;0;42,4;1,5;6,2;1,4;0,7;8;0,3;0,9;0,0;0,1;0,2;11,6;0,1;5,0;0,1;1,3;1,2;0,1;1,3;20;0,1;24;1.32;9;0,1;0;1340
Julian Janz;D (C);22;0 € - 1,5K €;North East-South;Germany;3,5;11,8;22%;0,2;11%;0;0,0;0,2;0,1;90%;5,4;0;1,0;3,0;1,0;0,6;0,1;0,1;0;45,8;2,6;5,2;0,2;0,0;9;0,0;0,6;0,3;0,6;0,1;10,0;0,1;4,7;0,0;0,1;2,9;0,0;0,1;0;0,2;62;0.1;13;0,1;0;1292
Junior Koné;ST (C);27;0 €;Lower Saxony;Germany;0,5;1,5;46%;0,0;15%;0;0,0;0,7;0,1;89%;20,1;0;0,2;1,5;0,5;0,0;0,5;0,8;0;21,8;0,1;3,6;0,7;0,7;0;0,1;1,7;0,0;0,1;0,3;8,7;0,1;7,9;0,1;0,5;1,7;0,1;0,5;28;0,0;21;1.89;1;0,1;0;1377
Tim Kosmala;D (RC), DM;32;0 €;Lower Rhine;Germany;2,7;11,4;36%;0,3;7%;0;0,0;0,3;0,1;89%;3,4;0;1,1;2,8;1,0;0,4;0,3;0,3;0;47,8;2,6;3,8;0,3;0,0;7;0,0;0,7;1,1;0,7;0,1;9,6;0,1;7,2;0,0;0,0;5,2;0,0;0,0;0;1,6;72;-0.55;12;0,1;0;1796
Bastian Skorski;D (LC), DM;25;0 €;RP/Saar;Germany;2,1;7,8;0%;0,1;0%;0;0,0;0,4;0,0;85%;4,7;0;1,2;2,8;1,4;0,7;0,1;0,0;0;47,3;2,8;3,4;0,4;0,0;12;0,0;0,6;0,2;0,3;0,0;10,0;0,1;5,6;0,0;0,0;3,7;0,0;0,0;0;0,9;66;-0.92;17;0,1;0;1599
Merouane Taghzoute;M (R), AM (RL), ST (C);27;0 € - 7K €;RP/Saar;Germany;1,5;6,1;24%;0,0;10%;0;0,0;1,4;0,2;89%;19,5;0;0,5;6,8;1,0;0,6;0,4;0,3;0;39,4;2,5;9,1;1,4;4,3;12;1,1;1,1;0,0;0,2;0,1;10,6;0,1;5,1;0,1;7,1;2,1;0,1;7,1;15;0,1;41;0.2;13;0,1;0;1687
Bernd Rathgeber;M/AM (C), ST (C);19;0 €;Bavaria South;Germany;1,0;12,3;35%;0,0;18%;0;0,0;2,1;0,7;89%;16,4;0;0,5;3,7;0,8;0,3;0,6;0,7;0;42,5;2,0;6,6;2,1;0,8;5;0,2;1,9;0,0;0,2;0,3;11,2;0,2;4,0;0,3;1,1;0,6;0,3;1,1;15;0,0;14;2.1;7;0,2;0;1576
Samuel Scharf;DM, M/AM (C);24;0 € - 1,5K €;Hamburg;Germany;1,2;15,6;44%;0,0;19%;0;0,0;1,8;0,2;93%;18,4;0;0,5;4,0;1,1;0,5;0,4;0,8;0;40,2;1,9;7,1;1,8;0,6;8;0,3;1,8;0,0;0,2;0,3;12,1;0,2;4,9;0,0;0,9;1,0;0,1;0,9;37;0,1;21;2.2;14;0,2;0;1584
Silas Frey;GK;18;0 € - 4,5K €;Middle Rhine;Germany;0,0;4,1;0%;0,0;0%;70;0,5;0,1;0,0;75%;5,9;7.01;5,1;0,0;0,0;0,1;0,0;0,0;86;26,6;0,0;0,0;0,1;0,0;1;0,0;0,0;0,0;0,0;0,0;5,1;0,0;0,0;0,0;0,0;0,0;0,0;0,0;0;0,0;0;0;2;0,0;17;1260
Kenan Doğan;D (R);23;2K € - 8K €;RP/Saar;Germany;1,6;10,6;17%;0,0;9%;0;0,0;1,6;0,2;88%;18,3;0;0,3;8,9;1,5;1,2;0,3;0,2;0;40,6;2,7;9,0;1,6;3,4;23;1,4;1,2;0,0;0,3;0,1;11,2;0,1;5,5;0,1;8,0;1,6;0,1;8,0;17;0,2;30;-0.72;26;0,1;0;1761
Abdullah Yilmaz;D (LC);36;0 €;Hamburg;Germany;2,7;24,4;8%;0,0;0%;0;0,0;0,4;0,1;83%;8,2;0;0,8;4,7;1,0;0,5;0,3;0,1;0;45,9;3,1;8,5;0,4;0,1;9;0,1;0,7;0,7;0,5;0,0;11,2;0,1;3,8;0,0;0,1;1,8;0,1;0,1;50;0,4;48;-1.02;13;0,1;0;1481
Leon Schmeißer;M/AM (R);20;500 € - 4,5K €;North East-North;Germany;1,9;4,6;67%;0,0;17%;0;0,0;2,3;0,5;85%;16,1;0;0,8;9,8;2,0;1,1;0,2;0,5;0;39,7;4,8;19,1;3,0;2,4;19;0,9;0,7;0,0;0,1;0,1;13,1;0,1;3,1;0,4;4,6;0,5;0,4;10,2;14;0,0;17;0.63;26;0,1;0;1575
David Baizel;GK;17;0 € - 8K €;RP/Saar;Germany;0,0;6,5;0%;0,0;0%;66;-0,2;0,0;0,0;72%;7,5;-2.75;6,4;0,0;0,0;0,1;0,0;0,0;88;27,4;0,0;0,0;0,0;0,0;1;0,0;0,0;0,0;0,0;0,0;5,2;0,0;0,0;0,0;0,0;0,0;0,0;0,0;0;0,0;0;0;2;0,0;22;1052
Justin Borchardt;GK;23;0 € - 1,5K €;North East-North;Germany;0,0;1,4;0%;0,0;0%;68;-0,3;0,1;0,0;73%;6,4;-5.27;3,5;0,0;0,0;0,0;0,0;0,0;89;26,1;0,0;0,0;0,1;0,0;0;0,0;0,0;0,0;0,0;0,0;5,4;0,0;0,0;0,0;0,0;0,0;0,0;0,0;0;0,0;0;0;1;0,0;27;1740
David Spizert;ST (C);23;3,5K € - 12K €;Bavaria South;Germany;1,1;2,8;46%;0,0;14%;0;0,0;1,4;0,2;91%;20,1;0;0,3;5,8;1,3;1,1;0,5;0,8;0;35,9;2,3;8,3;1,4;2,4;21;0,5;1,8;0,0;0,3;0,3;11,3;0,2;8,6;0,1;3,9;3,5;0,1;3,9;13;0,0;41;0.65;23;0,2;0;1765
Altrin Hoti;M/AM (C);19;0 € - 2K €;RP/Saar;Germany;0,0;9,0;36%;0,0;27%;0;0,0;0,3;0,3;0%;15,1;0;0,0;0,0;0,0;0,0;0,2;0,2;0;0,0;0,0;0,0;0,3;0,0;0;0,0;0,6;0,0;0,0;0,2;0,0;0,1;0,0;0,1;0,0;0,0;0,3;0,0;0;0,0;0;1.63;0;0,1;0;1629
Justus Zimmermann;DM, M/AM (C);19;0 €;Westphalia;Germany;0,1;11,8;50%;0,0;0%;0;0,0;0,2;0,2;92%;18,9;0;0,0;0,3;0,1;0,1;0,1;0,1;0;2,4;0,2;0,6;0,2;0,1;2;0,0;0,3;0,0;0,0;0,0;0,6;0,0;0,5;0,0;0,3;0,5;0,1;0,3;0;0,0;100;-0.33;2;0,0;0;1398
Yannik Ernst;D (LC);22;1,5K € - 5K €;RP/Saar;Germany;2,5;16,2;38%;0,2;0%;0;0,0;0,2;0,1;86%;3,6;0;1,1;2,5;1,1;0,4;0,2;0,2;0;49,1;2,5;2,4;0,2;0,0;7;0,0;0,4;0,9;0,3;0,0;9,9;0,0;7,4;0,0;0,0;4,9;0,1;0,0;0;1,6;66;-0.27;14;0,0;0;1673
Tim Scherer;D (RL), WB/M/AM (L);17;0 € - 2K €;Baden-Württemberg;Germany;2,4;10,1;25%;0,1;0%;0;0,0;0,9;0,1;88%;15,8;0;1,3;4,6;1,4;1,3;0,1;0,1;0;50,0;4,8;9,8;1,1;0,9;22;0,6;0,2;0,3;0,8;0,0;11,0;0,0;5,1;0,1;2,7;1,9;0,1;2,7;22;0,4;38;-0.49;24;0,0;0;1582
Franjo Serdarušić;GK;21;0 € - 5K €;RP/Saar;Germany;0,0;1,6;0%;0,0;0%;67;-0,1;0,1;0,0;71%;7,4;-1.38;4,6;0,0;0,0;0,0;0,0;0,0;90;27,3;0,0;0,0;0,1;0,0;0;0,0;0,0;0,0;0,0;0,0;5,7;0,0;0,0;0,0;0,0;0,0;0,0;0,0;0;0,0;0;0;0;0,0;25;1481
Martin Sautner;D (R), DM, M (C);35;0 €;Bavaria North;Germany;2,9;12,9;14%;0,0;0%;0;0,0;0,9;0,2;85%;8,0;0;1,3;6,5;1,4;0,8;0,2;0,1;0;45,6;3,1;9,9;1,0;0,1;13;0,1;0,8;0,1;0,5;0,0;11,7;0,1;3,7;0,2;0,3;2,4;0,2;2,9;12;0,3;66;-0.99;18;0,1;0;1547
Kimi Müller;D (RC), WB/M (R);19;0 €;Lower Saxony;Germany;2,8;23,2;11%;0,1;0%;0;0,0;0,2;0,0;89%;3,9;0;1,2;2,1;0,6;0,3;0,6;0,1;0;44,3;1,7;3,6;0,2;0,1;5;0,2;1,1;0,8;0,9;0,0;9,6;0,1;6,1;0,0;0,2;4,7;0,1;0,2;75;0,3;76;-1.99;7;0,1;0;1566
Usman Taiwo;AM (RL), ST (C);27;0 €;North East-South;Germany;0,9;0,9;38%;0,0;17%;0;0,0;0,9;0,0;88%;21,8;0;0,3;1,8;0,7;0,2;0,4;0,6;0;26,1;0,9;4,9;0,9;1,1;4;0,2;1,5;0,0;0,1;0,2;10,1;0,2;10,0;0,0;1,2;2,5;0,1;1,2;15;0,1;25;1.31;5;0,2;0;1452
Paul Kassens;D (R), DM, M (C);20;0 € - 40K €;Lower Saxony;Germany;2,7;13,5;10%;0,1;5%;0;0,0;0,8;0,2;89%;9,4;0;0,7;4,6;0,7;0,8;0,5;0,1;0;48,2;5,4;9,8;0,8;0,2;14;0,1;1,3;0,1;0,5;0,1;11,5;0,1;1,8;0,3;0,4;0,8;0,3;0,4;28;0,1;45;-0.6;15;0,1;0;1486
Ali-Bey Yilmaz;D (C);22;0 €;Baden-Württemberg;Germany;3,4;8,6;13%;0,0;13%;0;0,0;0,2;0,2;85%;4,5;0;0,8;2,5;0,9;0,4;0,1;0,1;0;50,2;2,4;2,9;0,2;0,0;6;0,0;0,5;0,9;0,2;0,1;9,9;0,0;5,7;0,0;0,0;3,9;0,0;0,0;0;0,5;69;0.53;7;0,0;0;1440
Mohamed Abd El Aal Ali;M (C), AM (RLC);23;0 € - 1,5K €;Hamburg;Germany;1,8;6,8;21%;0,0;7%;0;0,0;2,0;0,0;89%;14,1;0;0,4;7,4;1,7;1,2;0,4;0,3;0;44,8;4,1;10,6;2,1;2,6;22;0,6;1,6;0,0;0,2;0,1;11,1;0,1;4,5;0,1;3,4;0,7;0,2;3,4;16;0,0;16;-0.51;23;0,1;0;1609
Mohamed-Ali El-Ahmar;D (RLC);28;0 €;North East-North;Germany;2,8;14,1;20%;0,1;0%;0;0,0;0,3;0,1;88%;4,2;0;1,3;2,4;1,1;0,5;0,1;0,0;0;48,7;2,4;2,8;0,3;0,0;10;0,0;0,2;0,6;0,5;0,0;9,5;0,1;5,9;0,1;0,1;3,4;0,1;0,1;0;0,8;58;-1.53;16;0,1;0;1805
Albert Pistol;D (LC), DM;21;500 € - 4K €;North East-South;Germany;3,4;9,9;13%;0,1;0%;0;0,0;0,5;0,0;86%;5,6;0;1,2;3,5;1,1;0,9;0,2;0,1;0;45,7;2,9;5,3;0,5;0,1;15;0,0;0,5;0,5;0,5;0,0;10,5;0,0;4,7;0,0;0,1;3,4;0,0;0,1;0;0,6;72;-0.31;17;0,0;0;1537
Jens Mühlig;D (C);21;0 €;Middle Rhine;Germany;2,7;15,5;9%;0,1;0%;0;0,0;0,1;0,0;89%;4,8;0;1,3;3,3;1,2;0,9;0,4;0,1;0;48,8;3,3;3,0;0,1;0,0;11;0,0;0,9;0,4;0,6;0,0;9,7;0,1;6,9;0,1;0,0;4,7;0,0;0,0;0;1,2;69;-0.65;12;0,1;0;1063
Luca-Christian Fenzl;GK;23;1K € - 4,5K €;Lower Rhine;Germany;0,0;2,2;0%;0,0;0%;81;0,4;0,1;0,0;74%;5,9;4.22;5,7;0,0;0,0;0,0;0,0;0,0;90;26,4;0,0;0,0;0,1;0,0;0;0,0;0,0;0,0;0,0;0,0;4,9;0,0;0,0;0,0;0,0;0,0;0,0;0,0;0;0,0;0;0;0;0,0;7;1001
Dominik Hahn;M (LC), AM (L);22;0 € - 2K €;Bavaria North;Germany;1,9;6,6;32%;0,1;3%;0;0,0;1,3;0,3;88%;16,3;0;0,5;8,2;2,2;1,2;0,9;0,5;0;43,1;2,8;10,8;1,3;3,4;22;0,8;1,6;0,0;0,3;0,1;11,2;0,1;4,9;0,1;4,5;1,6;0,1;4,5;17;0,1;34;-1;29;0,1;0;1701
Jason Wink;DM, M/AM (C);23;0 € - 6K €;Baden-Württemberg;Germany;2,6;20,6;0%;0,0;0%;0;0,0;0,8;0,0;87%;5,5;0;0,6;3,9;1,8;1,1;0,1;0,0;0;48,5;5,8;9,0;0,8;0,2;16;0,1;0,3;0,4;0,4;0,0;11,1;0,0;1,7;0,0;0,2;0,6;0,1;0,2;66;0,0;38;-0.39;17;0,0;0;1256
Enes Tekin;D (C), DM;21;0 € - 6K €;Lower Rhine;Germany;2,3;15,8;17%;0,1;8%;0;0,0;0,3;0,1;88%;6,9;0;1,1;4,7;0,9;0,5;0,1;0,1;0;47,4;2,5;7,7;0,3;0,1;10;0,0;0,6;0,2;0,6;0,1;10,6;0,1;3,6;0,0;0,1;2,6;0,0;0,1;0;0,2;73;-0.46;12;0,1;0;1663
Bela Rebensburg;GK;20;1,5K € - 4,5K €;North East-North;Germany;0,0;2,0;0%;0,0;0%;69;0,1;0,0;0,0;71%;7,5;2.38;5,3;0,0;0,0;0,1;0,0;0,0;88;25,8;0,0;0,0;0,1;0,0;1;0,0;0,0;0,0;0,0;0,0;4,9;0,0;0,0;0,0;0,0;0,0;0,0;0,0;0;0,0;0;0;2;0,0;22;1800
Philipp Katzenberger;D (LC), WB/M (L);26;0 € - 5K €;North East-South;Germany;3,7;13,1;100%;0,1;100%;0;0,0;0,8;0,0;87%;12,8;0;1,1;3,8;1,1;1,1;0,0;0,1;0;51,0;4,8;8,0;0,8;0,2;16;0,4;0,1;0,0;0,9;0,1;10,7;0,0;4,4;0,1;1,3;2,4;0,0;1,3;27;0,1;55;0.9;17;0,0;0;1266
Sven Wieczorek;M/AM (L);33;0 €;Bavaria North;Germany;1,9;7,9;30%;0,0;5%;0;0,0;1,6;0,2;90%;19,3;0;0,3;8,6;2,4;1,3;0,2;0,3;0;45,0;3,0;11,2;1,7;3,1;22;0,7;1,1;0,0;0,2;0,1;12,0;0,1;5,8;0,2;5,1;1,6;0,1;7,1;14;0,2;27;-1.44;26;0,1;0;1577
Lukas Rehbein;M (RL), AM (RC);32;0 €;North East-North;Germany;1,5;5,6;28%;0,0;4%;0;0,0;1,9;0,1;87%;20,9;0;0,5;7,3;2,2;1,5;0,4;0,3;0;40,4;3,2;13,6;1,9;3,2;30;1,2;1,2;0,0;0,1;0,0;11,7;0,1;4,0;0,1;5,7;1,2;0,1;6,0;20;0,0;30;-1.53;37;0,1;0;1810
Kamil Zieliński;ST (C);31;0 €;North East-North;Germany;0,4;1,6;56%;0,0;12%;0;0,0;0,9;0,1;91%;20,3;0;0,1;1,7;0,7;0,2;0,8;1,6;0;23,6;0,3;3,9;0,9;0,5;2;0,1;2,9;0,0;0,1;0,3;9,7;0,4;9,2;0,1;0,3;1,5;0,1;0,3;33;0,0;16;-0.52;3;0,4;0;1072
Julius Schmidt;M (LC), AM (C);22;0 € - 6K €;North East-South;Germany;0,0;14,0;64%;0,0;0%;0;0,0;0,4;0,4;0%;18,5;0;0,0;0,0;0,0;0,0;0,3;0,6;0;0,0;0,0;0,0;0,6;0,0;0;0,0;1,0;0,0;0,0;0,0;0,0;0,1;0,0;0,4;0,0;0,0;0,4;0,6;11;0,0;0;-1.4;0;0,1;0;1291
Tim Matuschewsky;GK;24;0 €;Lower Saxony;Germany;0,0;2,7;0%;0,0;0%;72;0,3;0,0;0,0;73%;5,8;4.16;5,9;0,0;0,0;0,0;0,0;0,0;89;27,1;0,0;0,0;0,4;0,0;0;0,0;0,0;0,0;0,0;0,0;5,2;0,0;0,0;0,0;0,0;0,0;0,0;0,0;0;0,0;0;0;2;0,0;15;1170
Berke Tundzha;ST (C);17;1K € - 10K €;Middle Rhine;Germany;0,8;0,5;33%;0,0;20%;0;0,0;0,7;0,0;90%;16,8;0;0,2;2,0;0,7;0,2;0,5;0,4;0;21,8;0,3;4,2;0,7;0,8;2;0,1;1,2;0,0;0,1;0,2;10,1;0,1;7,8;0,0;0,6;1,7;0,0;0,6;12;0,0;22;2.03;4;0,1;0;1156
Leon Roth;D (RL), WB/M (L);24;0 € - 5K €;Bavaria South;Germany;2,3;6,7;29%;0,0;7%;0;0,0;1,0;0,1;88%;17,7;0;0,7;6,9;1,8;1,3;0,2;0,3;0;46,3;2,9;10,2;1,0;1,9;20;0,4;0,9;0,1;0,3;0,1;10,8;0,1;4,8;0,1;3,6;1,7;0,1;4,4;10;0,3;35;-0.34;22;0,1;0;1335
Wolfgang Osei Otchere;D (C), DM, M (C);18;0 €;Lower Saxony;Germany;1,2;17,5;29%;0,0;0%;0;0,0;0,8;0,2;89%;14,5;0;0,4;3,5;1,0;0,5;0,1;0,2;0;40,3;2,4;7,3;0,8;0,5;9;0,2;0,8;0,3;0,2;0,0;10,1;0,1;2,9;0,0;0,4;0,8;0,0;0,4;50;0,0;27;-1.44;14;0,1;0;1510
Sebastian Beikert;ST (C);21;0 € - 7K €;RP/Saar;Germany;0,9;0,6;46%;0,0;18%;0;0,0;0,5;0,2;91%;14,4;0;0,4;1,1;0,3;0,1;0,6;0,9;0;23,3;0,1;3,7;0,5;0,7;1;0,1;2,0;0,0;0,0;0,4;8,5;0,3;9,7;0,1;0,2;3,1;0,1;0,2;33;0,0;32;1.12;1;0,3;0;1254
Lennart Brandes;GK;22;0 €;Lower Rhine;Germany;0,0;4,7;0%;0,0;0%;68;0,2;0,0;0,0;67%;7,7;3.88;5,4;0,0;0,0;0,1;0,0;0,0;89;26,2;0,0;0,0;0,0;0,0;1;0,0;0,0;0,0;0,0;0,0;5,3;0,0;0,0;0,0;0,0;0,0;0,0;0,0;0;0,0;0;0;3;0,0;33;1620
Emirhan Özen;M (R), AM (RC);25;0 €;Middle Rhine;Germany;1,8;4,5;20%;0,0;0%;0;0,0;2,3;0,3;90%;15,2;0;0,7;8,3;1,9;1,3;0,3;0,3;0;43,5;4,7;13,7;2,3;2,3;28;2,0;1,4;0,0;0,3;0,0;13,1;0,2;5,3;0,2;7,1;2,4;0,2;7,1;27;0,1;46;-4;37;0,2;0;1890
Niklas Liebich;DM, M (C);24;1,5K € - 5K €;North East-North;Germany;3,5;13,4;13%;0,2;0%;0;0,0;0,5;0,1;89%;6,4;0;0,9;4,7;0,7;0,5;0,2;0,1;0;46,1;3,4;7,8;0,5;0,1;8;0,0;0,5;0,0;0,5;0,0;10,8;0,0;1,3;0,1;0,0;0,7;0,0;0,0;0;0,0;58;-0.71;11;0,0;0;1346
Lennis Bonnet;DM, M/AM (C);19;0 €;Lower Rhine;Germany;1,7;16,2;17%;0,0;3%;0;0,0;0,9;0,4;89%;16,2;0;0,6;3,4;1,2;0,9;0,5;0,2;0;42,5;1,4;7,2;0,9;0,8;18;0,1;1,4;0,1;0,2;0,0;11,4;0,1;5,1;0,1;0,5;1,3;0,1;0,5;18;0,0;25;-1.97;21;0,1;0;1905
Lukas Prasch;D (C), DM;25;0 €;Bavaria North;Germany;2,1;14,3;36%;0,1;9%;0;0,0;0,3;0,1;88%;8,2;0;0,7;4,5;1,1;1,0;0,3;0,2;0;43,1;2,7;8,9;0,3;0,2;17;0,0;0,7;0,2;0,2;0,1;11,5;0,1;3,5;0,1;0,1;2,2;0,0;0,1;0;0,5;63;0.11;21;0,1;0;1505
Dominik Auerhammer;D (LC), DM;22;0 €;Bavaria South;Germany;3,2;12,0;29%;0,1;0%;0;0,0;0,2;0,0;91%;3,6;0;0,8;3,0;0,9;0,5;0,2;0,1;0;50,7;2,8;2,8;0,2;0,0;9;0,0;0,4;0,3;0,6;0,0;9,9;0,0;4,9;0,1;0,0;2,7;0,1;0,0;0;0,7;55;-0.63;11;0,0;0;1565
Janis Hagemann;M/AM (L);20;0 € - 40K €;Lower Saxony;Germany;1,3;3,8;62%;0,0;19%;0;0,0;1,4;0,2;89%;18,9;0;0,3;7,5;1,9;1,1;0,4;0,8;0;42,1;3,3;10,5;1,4;2,6;18;0,6;1,2;0,0;0,4;0,2;11,1;0,2;4,2;0,1;4,2;0,7;0,0;4,2;14;0,0;17;1.41;22;0,2;0;1532
Michael Müller;DM, M (C);26;0 €;RP/Saar;Germany;3,4;11,7;16%;0,1;11%;0;0,0;0,3;0,1;83%;5,9;0;0,7;3,5;1,0;0,4;0,3;0,2;0;43,7;2,9;4,6;0,3;0,1;6;0,0;1,3;0,2;0,3;0,1;9,8;0,1;4,9;0,0;0,1;2,8;0,0;0,1;0;0,7;58;0.29;10;0,1;0;1336
Max-Niklas Milde;GK;21;1K € - 4,5K €;Lower Saxony;Germany;0,0;3,4;0%;0,0;0%;70;0,2;0,0;0,0;74%;7,0;4.11;4,9;0,0;0,0;0,0;0,0;0,0;89;26,3;0,0;0,0;0,0;0,0;0;0,0;0,0;0,0;0,0;0,0;5,3;0,0;0,0;0,0;0,0;0,0;0,0;0,0;0;0,0;0;0;1;0,0;20;1585
Tom Marquardt;D (LC);22;1,5K € - 4,5K €;Schleswig-Holstein;Germany;3,2;16,3;17%;0,1;17%;0;0,0;0,6;0,5;85%;12,9;0;0,6;5,1;1,2;1,5;0,1;0,1;0;52,9;5,6;10,7;0,6;0,5;27;0,2;0,3;0,6;0,8;0,1;11,3;0,1;6,3;0,2;2,0;3,2;0,2;2,0;8;0,5;50;0.02;29;0,1;0;1663
Mamadou Ba;DM, M/AM (C);22;0 €;RP/Saar;Germany;2,8;28,1;14%;0,0;14%;0;0,0;0,7;0,5;87%;6,1;0;0,9;5,2;1,3;1,1;0,1;0,1;0;45,4;5,2;9,2;0,7;0,2;16;0,0;0,5;0,3;0,5;0,1;11,4;0,1;2,9;0,2;0,0;1,2;0,2;0,5;0;0,1;42;-0.44;19;0,1;0;1328
Maximilian Höhenberger;DM, M/AM (C);31;0 € - 1K €;Bavaria North;Germany;1,9;14,6;18%;0,0;0%;0;0,0;1,2;0,2;88%;11,8;0;0,7;4,1;0,9;0,9;0,2;0,1;0;40,3;3,6;6,4;1,4;0,3;14;0,2;0,7;0,0;0,4;0,0;10,5;0,0;3,3;0,1;0,8;1,5;0,0;1,8;13;0,1;44;-0.69;15;0,0;0;1481
Jannik Weingarten;D (C), DM, M (C);32;0 €;Hessia;Germany;0,5;16,5;40%;0,0;10%;0;0,0;0,2;0,0;78%;9,5;0;0,3;0,2;0,0;0,0;0,3;0,3;0;10,8;0,5;0,8;0,2;0,0;0;0,0;0,7;0,4;0,1;0,1;2,2;0,1;1,7;0,1;0,0;1,0;0,1;0,0;0;0,0;56;-0.13;0;0,1;0;1288
Rafael;M (C);20;0 €;Schleswig-Holstein;Germany;0,0;13,8;67%;0,0;17%;0;0,0;0,2;0,2;0%;9,9;0;0,0;0,0;0,0;0,0;0,1;0,2;0;0,0;0,0;0,0;0,2;0,0;0;0,0;0,3;0,0;0,0;0,1;0,0;0,1;0,0;0,1;0,0;0,0;0,2;0,0;0;0,0;0;-0.85;0;0,1;0;1728
Jakob Thomas;GK;17;0 € - 1,5K €;Lower Rhine;Germany;0,0;3,5;0%;0,0;0%;52;-0,7;0,0;0,0;75%;8,5;-8.08;4,2;0,0;0,0;0,0;0,0;0,0;88;26,2;0,0;0,0;0,0;0,0;0;0,0;0,0;0,0;0,0;0,0;5,7;0,0;0,0;0,0;0,0;0,0;0,0;0,0;0;0,0;0;0;0;0,0;24;1028
Taric Boland;AM (C), ST (C);24;0 € - 6K €;Lower Rhine;Germany;1,3;10,8;35%;0,0;12%;0;0,0;1,3;0,2;90%;22,5;0;0,6;4,8;1,4;0,7;0,5;0,4;0;43,0;1,6;8,2;1,3;2,0;11;0,1;1,0;0,0;0,2;0,1;11,7;0,1;4,5;0,1;2,0;1,0;0,1;2,0;5;0,0;21;0.52;12;0,1;0;1504
Kevin Dabo;AM (RL), ST (C);32;0 €;Westphalia;Germany;0,8;1,5;36%;0,0;14%;0;0,0;1,1;0,1;88%;19,3;0;0,3;1,2;0,7;0,1;0,7;1,0;0;28,0;0,6;4,0;1,1;0,1;2;0,1;2,8;0,0;0,1;0,4;10,1;0,3;11,3;0,1;0,3;2,7;0,1;0,8;8;0,0;24;2.06;2;0,3;0;1408
Marvin-Osaze Wema;M (RL), AM (LC);24;0 €;Hamburg;Germany;1,6;11,2;67%;0,0;22%;0;0,0;1,8;0,2;92%;16,3;0;0,9;6,9;1,6;1,2;0,3;0,8;0;40,8;2,4;12,7;1,8;2,4;18;0,7;1,2;0,0;0,3;0,3;12,2;0,1;4,5;0,1;3,9;0,5;0,2;3,9;16;0,0;10;2.11;19;0,1;0;1373
Goga Khvedelidze;D/WB/M (R);25;0 € - 4,5K €;Middle Rhine;Germany;1,9;3,6;20%;0,0;7%;0;0,0;2,1;0,1;85%;19,1;0;0,2;6,5;2,0;1,3;0,3;0,2;0;40,7;3,8;11,5;2,1;3,1;23;1,2;0,8;0,0;0,1;0,1;11,7;0,1;4,1;0,1;7,6;1,4;0,2;7,6;15;0,2;34;-0.25;33;0,1;0;1652
Koray Temiz;D/WB/M (R);21;Unknown;Lower Rhine;Germany;3,4;11,5;22%;0,1;6%;0;0,0;0,8;0,2;86%;12,1;0;0,9;3,6;0,9;0,6;0,6;0,4;0;53,7;5,7;9,8;0,9;0,4;11;0,2;1,9;0,5;0,5;0,1;10,3;0,2;3,6;0,3;1,9;1,9;0,2;6,6;9;0,2;54;-1.59;15;0,2;0;1528
Benedikt Fallbrock;ST (C);20;0 € - 4,5K €;Westphalia;Germany;1,5;2,5;40%;0,0;15%;0;0,0;0,5;0,2;94%;20,4;0;0,3;1,4;0,3;0,1;0,3;0,7;0;26,4;0,6;4,3;0,5;0,4;1;0,1;1,7;0,0;0,2;0,3;10,3;0,2;6,4;0,0;0,3;1,0;0,0;0,3;33;0,1;16;1.17;1;0,2;0;1029
Elia Boakye;D (RLC);21;0 € - 5K €;Hamburg;Germany;3,8;11,0;19%;0,0;5%;0;0,0;0,9;0,1;85%;13,3;0;1,0;3,3;1,0;0,8;0,2;0,2;0;51,4;5,2;10,1;0,9;0,3;15;0,3;1,1;0,1;0,2;0,1;11,0;0,2;5,6;0,1;2,3;3,8;0,1;2,3;14;0,9;68;-2.7;19;0,2;0;1674
Burhan Bahadır;D (C), DM, M (C);28;0 € - 1,5K €;Bavaria South;Germany;3,0;15,3;29%;0,1;0%;0;0,0;0,7;0,4;85%;7,8;0;1,3;4,3;1,2;1,1;0,5;0,3;0;55,6;4,7;8,4;0,7;0,1;16;0,0;1,1;0,3;0,5;0,0;11,1;0,1;4,7;0,2;0,2;2,9;0,2;0,2;0;1,0;61;-2.24;19;0,1;0;1349
Niclas Schmidt;GK;19;0 €;RP/Saar;Germany;2,0;17,5;20%;0,1;0%;72;0,2;0,6;0,1;87%;6,5;3.02;1,4;4,2;0,8;0,0;0,0;0,1;92;42,0;2,5;7,7;0,6;0,1;0;0,0;0,4;0,0;0,0;0,0;10,9;0,0;0,0;0,1;0,0;0,0;0,0;0,0;0;0,4;0;-0.39;0;0,0;3;1254
Abdullah Doğan;M (R), AM (RLC);28;0 € - 5K €;Bremen;Germany;1,4;6,7;33%;0,0;22%;0;0,0;2,1;0,3;84%;14,8;0;0,9;7,5;2,0;1,1;0,3;0,2;0;46,2;4,9;8,8;2,1;2,7;18;2,2;0,6;0,1;0,3;0,1;12,7;0,1;3,2;0,2;7,4;0,8;0,0;7,4;29;0,1;24;0.91;31;0,1;0;1415
Mücahit Özkul;AM (RL), ST (C);29;0 € - 1,5K €;Bremen;Germany;1,1;2,3;42%;0,0;26%;0;0,0;0,6;0,2;89%;19,8;0;0,3;1,5;0,5;0,2;0,5;0,8;0;24,3;0,4;3,9;0,6;0,9;3;0,0;1,8;0,0;0,1;0,5;9,2;0,2;9,6;0,1;0,2;2,9;0,1;0,2;0;0,1;30;4.34;4;0,2;0;1530
Taha Firtina;DM, M (C);17;0 € - 16K €;Lower Saxony;Germany;2,5;20,5;25%;0,0;0%;0;0,0;0,6;0,1;91%;10,4;0;0,4;4,2;0,9;0,7;0,1;0,1;0;41,6;1,6;7,1;2,1;0,7;9;0,1;0,3;0,7;0,1;0,0;10,6;0,1;3,8;0,0;0,4;1,7;0,0;0,4;33;0,1;45;-0.69;11;0,1;0;1211
Jay Mbayabu;DM, M (C);21;0 € - 6K €;Middle Rhine;Germany;2,1;16,0;0%;0,1;0%;0;0,0;0,6;0,2;87%;8,2;0;0,8;3,8;1,0;0,8;0,1;0,0;0;40,2;2,8;7,5;0,6;0,1;14;0,1;0,5;0,2;0,2;0,0;9,3;0,1;1,4;0,2;0,2;0,8;0,1;0,7;33;0,1;58;-1.03;17;0,1;0;1568
Til Achtenberg;AM (L);19;0 €;Hamburg;Germany;2,0;5,8;31%;0,0;15%;0;0,0;1,4;0,4;87%;17,0;0;0,5;7,6;1,5;0,9;0,5;0,4;0;44,2;3,1;11,9;1,4;3,2;16;0,8;1,4;0,0;0,3;0,2;12,7;0,1;4,5;0,2;4,1;0,8;0,2;4,1;18;0,0;18;2.24;19;0,1;0;1645
Yuta Sakamaki;AM (C);28;0 €;Middle Rhine;Germany;1,4;6,7;41%;0,0;11%;0;0,0;1,4;0,0;90%;19,2;0;0,3;2,9;0,6;0,2;0,3;0,7;0;40,0;1,6;7,1;1,4;1,1;4;0,1;1,8;0,0;0,2;0,2;11,3;0,2;4,8;0,1;0,8;0,7;0,2;0,8;12;0,0;15;-0.38;6;0,2;0;1817
Nico Frisch;DM, M/AM (C);21;0 € - 5K €;Bavaria South;Germany;1,4;10,6;29%;0,0;16%;0;0,0;1,6;0,2;90%;13,9;0;0,4;4,8;1,4;0,6;0,4;0,4;0;45,9;2,6;7,5;1,6;1,0;13;0,2;1,5;0,1;0,1;0,2;11,8;0,2;3,3;0,2;0,9;0,5;0,0;0,9;21;0,0;15;0.34;22;0,2;0;1817
Dicle Şahin;DM, M/AM (C);19;0 €;Westphalia;Germany;0,0;10,3;40%;0,0;0%;0;0,0;0,0;0,1;0%;16,0;0;0,0;0,0;0,0;0,0;0,2;0,2;0;0,0;0,0;0,0;0,0;0,0;0;0,0;0,4;0,0;0,0;0,0;0,0;0,0;0,0;0,1;0,0;0,0;0,0;0,0;0;0,0;0;-0.39;0;0,0;0;1114
Cedric Cordes;GK;23;0 € - 10K €;Schleswig-Holstein;Germany;0,3;9,1;0%;0,1;0%;71;0,6;0,1;0,0;74%;8,2;7.24;2,7;0,5;0,1;0,0;0,0;0,0;87;28,0;0,2;0,5;0,1;0,0;0;0,0;0,0;0,0;0,0;0,0;5,8;0,0;0,0;0,0;0,0;0,0;0,0;0,0;0;0,0;0;0;5;0,0;27;1056
Luis Rödel;GK;21;0 €;North East-South;Germany;0,0;1,8;0%;0,0;0%;66;-0,1;0,1;0,0;64%;7,9;-1.68;5,4;0,0;0,0;0,0;0,0;0,0;88;27,1;0,0;0,0;0,1;0,0;0;0,0;0,0;0,0;0,0;0,0;4,9;0,0;0,0;0,0;0,0;0,0;0,0;0,0;0;0,0;0;0;1;0,0;23;1530
Ermal Pepshi;D (C);21;0 € - 1,5K €;Lower Saxony;Germany;3,4;17,7;33%;0,1;17%;0;0,0;0,2;0,1;89%;3,5;0;1,3;2,8;1,0;0,4;0,1;0,1;0;46,9;2,4;3,1;0,2;0,0;6;0,0;0,4;1,0;0,5;0,1;9,7;0,1;6,0;0,1;0,0;4,0;0,0;0,0;0;1,0;67;-0.28;7;0,1;0;1218
Luca Bruß;GK;23;2K € - 7K €;Bremen;Germany;0,0;4,1;0%;0,0;0%;71;0,3;0,0;0,0;75%;8,3;5.55;5,8;0,0;0,0;0,0;0,0;0,0;88;26,1;0,0;0,0;0,0;0,0;0;0,0;0,0;0,0;0,0;0,0;5,1;0,0;0,0;0,0;0,0;0,0;0,0;0,0;0;0,0;0;0;0;0,0;11;1800
Niklas Ambrosius;DM, M (C);21;0 €;Bavaria North;Germany;1,9;11,4;0%;0,0;0%;0;0,0;0,5;0,2;89%;7,7;0;0,9;5,2;1,1;0,7;0,1;0,0;0;51,2;3,4;8,8;0,5;0,1;12;0,2;0,4;0,0;0,4;0,0;11,6;0,0;1,8;0,1;0,2;1,1;0,1;0,2;75;0,1;62;-0.5;19;0,0;0;1443
Tegan Doll;M/AM (C);21;0 €;RP/Saar;Germany;1,1;10,3;44%;0,0;11%;0;0,0;1,4;0,2;90%;21,1;0;0,7;3,6;1,3;0,9;0,5;0,5;0;41,8;1,7;7,6;1,4;1,0;14;0,3;1,2;0,0;0,1;0,1;12,3;0,1;3,9;0,1;1,1;0,6;0,1;1,1;23;0,0;15;0.01;16;0,1;0;1366
Fiete Amborn;D (LC);16;0 € - 2K €;RP/Saar;Germany;3,0;13,2;0%;0,1;0%;0;0,0;0,3;0,1;90%;4,0;0;1,2;2,7;1,2;0,5;0,2;0,0;0;47,6;3,0;4,5;0,3;0,0;6;0,1;0,5;3,1;0,6;0,0;9,7;0,0;4,9;0,0;0,2;3,0;0,0;0,2;33;0,5;62;-0.33;11;0,0;0;1189
Sven Waldschmidt;D (C), DM;34;0 €;Bremen;Germany;3,7;18,8;0%;0,1;0%;0;0,0;0,5;0,0;88%;4,3;0;1,2;2,6;0,7;0,4;0,1;0,0;0;47,8;2,7;3,6;0,5;0,0;6;0,0;0,4;2,2;0,6;0,0;9,9;0,1;6,4;0,0;0,1;2,9;0,1;0,1;0;0,3;45;-1.13;8;0,1;0;1314
Lando-Maximilian Homik;D (RLC);22;0 €;Bavaria North;Germany;3,5;12,5;67%;0,1;33%;0;0,0;0,7;0,2;86%;15,9;0;1,0;3,9;0,8;1,1;0,1;0,2;0;54,1;5,2;10,4;0,7;0,4;12;0,5;0,3;0,6;0,6;0,1;11,6;0,0;5,1;0,1;2,4;2,3;0,1;2,4;22;0,4;45;0.8;13;0,0;0;1019
Julian Schneider;GK;31;0 €;Bavaria North;Germany;0,4;5,7;0%;0,0;0%;71;0,1;0,0;0,0;60%;8,0;1.8;5,7;0,0;0,0;0,0;0,0;0,0;88;24,9;0,1;0,1;0,0;0,0;0;0,0;0,0;0,0;0,0;0,0;5,2;0,0;0,0;0,0;0,0;0,0;0,0;0,0;0;0,0;0;0;1;0,0;23;1390
Xanjo Ghizzoni;GK;17;1,5K € - 5K €;Middle Rhine;Germany;0,0;5,7;0%;0,0;0%;67;0,0;0,0;0,0;69%;9,1;0.21;4,8;0,0;0,0;0,1;0,0;0,0;87;26,7;0,0;0,0;0,0;0,0;1;0,0;0,0;0,0;0,0;0,0;4,1;0,0;0,0;0,0;0,0;0,0;0,0;0,0;0;0,0;0;0;3;0,0;29;1350
Samir Amiri;DM, M (C);20;0 € - 12K €;Hamburg;Germany;1,7;16,4;26%;0,0;21%;0;0,0;0,7;0,3;88%;6,3;0;1,0;5,2;1,3;1,0;0,5;0,3;0;48,4;3,1;9,3;0,7;0,2;18;0,0;1,1;0,1;0,3;0,2;11,7;0,1;2,4;0,1;0,2;1,5;0,2;0,2;0;0,2;63;2.18;21;0,1;0;1569
Alexio Brauer;AM (L), ST (C);28;0 € - 4,5K €;RP/Saar;Germany;2,7;3,9;34%;0,0;7%;0;0,0;1,8;0,3;89%;17,8;0;0,7;6,9;1,7;1,0;0,5;0,5;0;42,9;3,1;9,7;1,8;2,4;19;1,2;1,6;0,0;0,2;0,1;11,1;0,2;4,1;0,1;5,7;0,9;0,1;5,7;20;0,0;22;-1.38;25;0,2;0;1639
Hammed Nawaz;M (RL), AM (L);27;0 €;Hamburg;Germany;2,9;5,2;54%;0,0;8%;0;0,0;1,4;0,7;87%;14,0;0;0,3;5,5;2,2;1,7;0,2;0,5;0;48,6;4,7;12,4;1,4;1,9;22;0,2;1,0;0,0;0,2;0,1;11,7;0,1;4,0;0,3;2,1;1,1;0,2;2,1;10;0,0;28;-0.89;24;0,1;0;1193
Fabian Klose;M (C), AM (LC);32;0 €;Bavaria North;Germany;1,9;11,3;47%;0,0;24%;0;0,0;1,2;0,1;86%;16,3;0;0,9;8,2;1,6;1,7;0,3;0,4;0;41,8;2,6;12,3;1,3;2,6;33;0,7;0,9;0,1;0,2;0,2;11,3;0,1;5,1;0,0;3,8;1,1;0,0;8,5;15;0,1;21;1.92;34;0,1;0;1731
Maximilian Reißner;DM, M/AM (C);20;0 € - 4K €;North East-North;Germany;0,0;12,4;43%;0,0;14%;0;0,0;0,3;0,3;0%;18,1;0;0,0;0,0;0,0;0,0;0,0;0,2;0;0,0;0,0;0,0;0,3;0,0;0;0,0;0,4;0,0;0,0;0,1;0,0;0,1;0,0;0,1;0,0;0,0;0,3;0,0;0;0,0;0;-0.18;0;0,1;0;1427
Nico Purtscher;GK;24;0 €;Baden-Württemberg;Germany;0,0;5,2;0%;0,0;0%;68;-0,1;0,1;0,0;70%;7,5;-1.5;5,7;0,0;0,0;0,0;0,0;0,0;90;25,7;0,0;0,0;0,1;0,0;0;0,0;0,0;0,0;0,0;0,0;5,8;0,0;0,0;0,0;0,0;0,0;0,0;0,0;0;0,0;0;0;1;0,0;28;1458
Luis Billep;D (C);18;0 € - 10K €;North East-North;Germany;3,2;9,6;27%;0,2;18%;0;0,0;0,1;0,1;88%;4,8;0;1,3;3,0;1,1;0,6;0,2;0,2;0;42,3;2,4;2,2;0,1;0,0;10;0,0;0,7;0,6;0,6;0,1;8,4;0,1;5,5;0,0;0,2;3,7;0,0;0,2;0;0,5;66;0.84;16;0,1;0;1448
Danilo John;D/WB/M (R);21;0 € - 5K €;North East-North;Germany;3,4;9,0;18%;0,2;18%;0;0,0;0,9;0,0;83%;13,5;0;1,0;4,4;1,5;1,1;0,5;0,2;0;51,8;5,1;10,3;1,9;1,0;20;0,7;0,9;0,4;0,7;0,2;10,8;0,1;5,0;0,0;3,5;3,0;0,0;6,8;16;0,2;59;2;24;0,1;0;1633
Marko Krasić;M (R), AM (RLC);21;0 € - 4,5K €;Hessia;Germany;2,1;4,6;21%;0,0;0%;0;0,0;2,1;0,2;89%;17,7;0;0,2;8,3;1,9;0,9;0,5;0,2;0;40,8;2,9;8,7;2,1;4,2;15;0,9;1,2;0,0;0,1;0,0;10,0;0,2;4,5;0,0;8,6;1,4;0,0;8,6;10;0,1;32;-3.48;22;0,2;0;1446
Lars Schilling;D (L);19;0 € - 1K €;Bavaria North;Germany;3,3;10,9;25%;0,0;0%;0;0,0;0,8;0,3;87%;12,8;0;0,7;4,5;1,4;1,0;0,2;0,1;0;49,8;5,1;10,9;0,8;1,2;16;0,7;0,3;1,1;0,7;0,0;11,3;0,0;4,7;0,1;4,1;2,4;0,1;4,1;17;0,5;50;-0.35;17;0,0;0;1377
Dardan Pepa;DM, M/AM (C);19;0 €;Lower Rhine;Germany;1,6;12,2;30%;0,1;15%;0;0,0;1,0;0,2;89%;13,1;0;0,8;4,5;1,1;0,7;0,4;0,5;0;40,3;2,2;7,9;1,0;1,0;9;0,2;1,5;0,0;0,2;0,2;10,4;0,2;3,5;0,1;1,7;1,1;0,2;3,2;9;0,1;30;0.97;13;0,2;0;1198
Connor McLeod;DM, M (C);23;0 €;Westphalia;Germany;2,5;20,2;0%;0,1;0%;0;0,0;1,0;0,4;88%;7,5;0;1,1;4,2;1,2;1,0;0,3;0,0;0;45,3;4,0;8,9;1,0;0,1;20;0,0;0,8;0,3;0,4;0,0;11,3;0,1;2,1;0,3;0,3;0,8;0,4;0,3;0;0,1;37;-1.23;24;0,1;0;1802
Ricky Edun;D (C);19;0 €;Middle Rhine;Germany;3,5;22,2;21%;0,1;0%;0;0,0;0,1;0,1;86%;3,6;0;0,8;2,8;0,6;0,2;0,2;0,2;0;48,6;2,6;3,3;0,3;0,0;4;0,0;0,9;2,0;0,5;0,0;10,2;0,1;7,0;0,1;0,1;4,8;0,1;0,1;0;1,2;68;-2.01;5;0,1;0;1462
Niklas Harth;M (R), AM (RL);23;0 € - 1,5K €;Lower Rhine;Germany;1,5;4,4;20%;0,0;6%;0;0,0;1,8;0,2;91%;14,5;0;0,4;8,1;1,7;1,1;0,9;0,6;0;41,8;2,9;9,5;1,8;3,8;18;1,5;3,0;0,0;0,2;0,2;10,6;0,3;4,8;0,2;7,5;1,3;0,1;7,5;20;0,0;27;-2.27;19;0,3;0;1528
Malte Wesberg;D (RLC);23;0 €;Westphalia;Germany;3,6;13,2;0%;0,1;0%;0;0,0;0,3;0,2;88%;4,4;0;1,4;3,2;1,0;0,4;0,1;0,0;0;46,4;2,5;4,7;0,3;0,1;8;0,0;0,5;1,0;0,5;0,0;9,7;0,1;6,2;0,0;0,1;3,9;0,1;0,1;0;1,1;63;-1.19;15;0,1;0;1758
Jarosław Matys;D/WB/M/AM (L);39;0 €;Hessia;Germany;3,6;11,7;33%;0,0;0%;0;0,0;1,2;0,2;86%;13,5;0;0,9;6,3;1,0;1,2;0,1;0,1;0;55,3;6,4;10,2;1,2;0,6;20;0,1;0,2;0,2;0,4;0,0;11,1;0,0;3,5;0,0;2,9;1,7;0,0;2,9;4;0,3;50;-0.16;22;0,0;0;1444
Evren Akahiskali;ST (C);19;0 €;RP/Saar;Germany;1,0;0,4;44%;0,0;28%;0;0,0;0,7;0,1;89%;24,4;0;0,3;1,4;0,4;0,1;0,7;0,7;0;24,7;0,3;3,4;0,7;0,8;1;0,1;1,5;0,0;0,0;0,4;10,3;0,1;8,2;0,1;0,3;2,4;0,0;0,3;33;0,0;30;3.51;1;0,1;0;1075
Sammy Mathieu;D (C);18;0 €;Baden-Württemberg;Germany;3,4;13,8;6%;0,0;0%;0;0,0;0,1;0,0;79%;3,3;0;1,4;2,0;0,8;0,4;0,4;0,0;0;48,6;2,9;2,9;0,1;0,0;9;0,0;0,9;0,6;0,7;0,0;10,0;0,1;6,1;0,0;0,1;4,2;0,0;0,1;50;0,7;70;-1.78;11;0,1;0;1812
Alan Murillo;D (LC);25;0 €;Schleswig-Holstein;Germany;3,4;19,5;0%;0,1;0%;0;0,0;0,5;0,1;85%;9,8;0;1,3;2,6;1,2;0,7;0,1;0,0;0;48,6;3,6;7,0;0,5;0,3;13;0,2;0,5;0,7;0,5;0,0;10,7;0,0;6,6;0,1;1,0;4,6;0,1;1,0;22;0,7;69;-0.78;19;0,0;0;1697
Perry Dodoo;D/WB/M/AM (RL);23;0 €;Schleswig-Holstein;Germany;2,5;7,0;18%;0,1;4%;0;0,0;0,8;0,3;83%;15,0;0;1,0;4,7;1,5;1,4;0,6;0,5;0;51,7;4,8;9,4;0,8;0,4;26;0,2;2,9;0,0;0,4;0,1;10,0;0,3;3,8;0,1;2,2;1,8;0,1;2,2;7;0,3;47;-4.31;28;0,3;0;1692
Devin Güzelcan;ST (C);17;0 € - 20K €;RP/Saar;Germany;1,1;3,0;45%;0,0;10%;0;0,0;0,6;0,0;90%;18,8;0;0,1;0,9;0,3;0,1;0,5;0,8;0;28,0;0,4;4,7;0,6;0,9;1;0,0;1,7;0,0;0,2;0,2;10,0;0,1;8,8;0,1;0,2;0,6;0,0;0,2;0;0,0;7;0.29;1;0,1;0;1043
Philipp Basmaci;AM (C), ST (C);25;0 €;RP/Saar;Germany;0,9;0,4;43%;0,0;11%;0;0,0;0,7;0,1;88%;24,5;0;0,2;1,2;0,5;0,2;0,6;0,7;0;24,5;0,4;3,3;0,7;0,5;4;0,0;1,7;0,0;0,1;0,2;9,3;0,2;9,6;0,0;0,4;2,8;0,1;0,4;0;0,1;29;0;4;0,2;0;1446
Toirik Onlam Takia;AM (RL), ST (C);23;0 €;Hamburg;Germany;1,9;4,1;50%;0,0;13%;0;0,0;2,0;0,4;88%;13,3;0;0,7;7,1;2,1;1,4;0,6;0,8;0;38,7;3,2;10,1;2,0;3,4;20;1,3;1,7;0,0;0,2;0,2;11,5;0,1;5,0;0,2;6,8;1,1;0,1;8,5;15;0,1;22;1;25;0,1;0;1289
Federico Zulian;D (C);18;0 €;RP/Saar;Germany;3,5;13,8;21%;0,1;7%;0;0,0;0,2;0,1;86%;4,0;0;1,0;1,9;0,8;0,2;0,2;0,2;0;47,1;2,3;2,8;0,2;0,0;3;0,0;0,8;1,5;0,6;0,1;9,8;0,1;6,6;0,1;0,0;4,0;0,0;0,0;0;1,3;61;-1.03;5;0,1;0;1534
Christian Lamb;AM (LC), ST (C);18;0 €;Bavaria South;Germany;1,4;3,9;33%;0,0;0%;0;0,0;1,3;0,2;90%;17,6;0;0,4;2,7;0,6;0,3;0,5;0,5;0;39,0;1,2;8,1;1,3;1,0;6;0,1;1,6;0,1;0,3;0,0;11,7;0,2;6,4;0,0;0,7;1,7;0,1;0,7;14;0,1;26;-4.23;6;0,2;0;1710
Cihat Topatan;M (R), AM (RL);24;0 €;Westphalia;Germany;1,6;7,3;40%;0,0;15%;0;0,0;2,2;0,2;89%;19,3;0;0,4;6,8;2,1;1,3;0,3;0,4;0;39,9;3,7;9,6;2,2;3,7;26;1,5;1,0;0,0;0,2;0,1;10,9;0,1;3,7;0,1;7,8;1,0;0,0;7,8;18;0,1;28;0.93;33;0,1;0;1824
Maximilian Addai;D (RC);20;0 €;Hamburg;Germany;3,7;16,2;33%;0,2;10%;0;0,0;0,6;0,1;87%;8,2;0;1,3;3,3;1,1;0,6;0,3;0,4;0;48,5;2,9;5,7;0,6;0,1;10;0,1;1,3;0,2;0,3;0,1;9,9;0,1;6,0;0,0;1,1;3,9;0,0;1,1;11;0,4;66;-0.24;15;0,1;0;1447
Finn Hoffmann;M/AM (R), ST (C);21;0 €;Lower Saxony;Germany;2,1;2,3;44%;0,0;7%;0;0,0;1,5;0,2;86%;20,0;0;0,4;6,4;1,4;1,0;0,5;0,7;0;40,2;2,5;11,9;1,5;3,2;17;1,4;1,6;0,0;0,2;0,1;11,6;0,2;3,8;0,1;7,6;0,8;0,1;7,6;18;0,1;22;-1.09;20;0,2;0;1532
Samuel Derkum;D (LC);23;0 €;Lower Rhine;Germany;2,3;12,3;24%;0,1;18%;0;0,0;0,3;0,1;88%;7,1;0;0,9;4,1;1,1;1,0;0,2;0,2;0;45,6;3,0;8,0;0,3;0,2;17;0,0;1,0;0,5;0,3;0,2;10,7;0,1;4,7;0,1;0,1;2,9;0,1;0,1;0;0,4;62;0.8;20;0,1;0;1577
Kelana Mahessa;DM, M/AM (C);24;0 €;Middle Rhine;Germany;2,9;11,6;25%;0,1;0%;0;0,0;0,9;0,3;89%;6,6;0;1,5;4,6;1,2;1,2;0,1;0,1;0;45,9;2,9;10,5;0,9;0,1;15;0,1;0,3;0,0;0,7;0,0;12,6;0,0;1,6;0,1;0,3;0,7;0,1;0,3;25;0,3;40;-0.36;15;0,0;0;1107
Lukas Zieglmeier;D (R);24;0 €;Bavaria North;Germany;3,2;10,6;17%;0,1;7%;0;0,0;0,9;0,2;90%;15,8;0;1,7;4,5;1,4;1,0;0,4;0,3;0;53,2;5,2;9,8;0,9;0,3;16;0,3;1,8;0,8;0,5;0,1;10,5;0,3;5,9;0,0;2,2;3,1;0,1;2,2;14;0,4;52;-2.72;21;0,3;0;1440
Elyas Ben Brahim;M/AM (L);21;0 €;Lower Saxony;Germany;1,4;3,3;55%;0,0;0%;0;0,0;1,7;0,2;86%;18,5;0;0,3;7,5;1,8;1,2;0,2;0,5;0;42,1;3,0;12,1;1,7;2,4;15;0,6;0,9;0,0;0,2;0,0;11,6;0,1;5,0;0,1;5,2;1,4;0,2;5,2;11;0,1;28;-1.42;16;0,1;0;1164
Bene Brecht;D/WB/M (RL);33;0 €;North East-North;Germany;1,9;8,5;33%;0,0;0%;0;0,0;1,3;0,0;91%;20,1;0;0,4;7,9;1,9;1,6;0,2;0,1;0;43,9;3,9;11,6;1,5;2,8;20;0,7;0,2;0,0;0,4;0,0;11,9;0,0;5,0;0,0;4,7;1,1;0,0;6,8;13;0,2;21;-0.15;22;0,0;0;1096
Alexander Kusin;M (C);19;0 €;Baden-Württemberg;Germany;0,0;7,3;0%;0,0;0%;0;0,0;0,2;0,2;0%;19,0;0;0,0;0,0;0,0;0,0;0,1;0,0;0;0,0;0,0;0,0;0,2;0,0;0;0,0;0,3;0,0;0,0;0,0;0,0;0,0;0,0;0,1;0,0;0,0;0,2;0,0;0;0,0;0;-0.19;0;0,0;0;1654
Daniel Gorden Raul;ST (C);20;1,5K € - 4,5K €;Lower Rhine;Germany;1,7;6,9;28%;0,1;11%;0;0,0;1,6;0,1;90%;20,9;0;0,4;6,3;1,2;0,6;0,2;0,3;0;41,2;2,4;8,6;1,6;2,8;12;1,2;1,0;0,0;0,1;0,1;10,7;0,1;4,8;0,1;6,1;1,5;0,1;6,1;19;0,0;30;0.23;15;0,1;0;1664
Jonas Köstler;D (C);24;0 €;Bavaria North;Germany;3,6;11,8;0%;0,0;0%;0;0,0;0,1;0,0;86%;4,2;0;0,3;2,3;0,6;0,1;0,0;0,0;0;46,8;2,1;2,9;0,1;0,0;2;0,0;0,2;0,1;0,3;0,0;9,6;0,0;4,9;0,0;0,0;3,6;0,1;0,0;0;0,5;73;-0.35;2;0,0;0;1343
Stoyan Manolski;D (C);28;0 €;Hamburg;Germany;3,6;11,4;38%;0,1;0%;0;0,0;0,2;0,3;86%;4,2;0;0,8;2,2;0,6;0,4;0,1;0,2;0;48,5;2,0;2,9;0,2;0,0;6;0,0;0,5;0,8;0,5;0,0;9,3;0,1;7,4;0,1;0,0;4,6;0,0;0,0;0;0,8;62;-0.94;6;0,1;0;1417
Antonyos Çelik;M (LC), AM (RL);31;0 €;Hessia;Germany;1,5;3,9;50%;0,1;8%;0;0,0;1,8;0,2;91%;20,6;0;0,6;6,5;1,9;1,3;0,1;0,3;0;43,2;3,0;10,0;1,8;2,7;23;0,6;0,7;0,0;0,2;0,1;11,7;0,1;5,4;0,1;5,5;1,0;0,1;5,5;10;0,1;19;-0.23;25;0,1;0;1559
Monir Hassan;ST (C);19;0 €;Middle Rhine;Germany;0,6;0,2;47%;0,0;25%;0;0,0;0,9;0,1;90%;20,5;0;0,1;1,2;0,5;0,0;0,7;1,0;0;24,2;0,2;4,4;0,9;0,5;0;0,2;2,1;0,0;0,1;0,5;9,6;0,2;9,9;0,0;0,5;2,2;0,0;0,5;42;0,0;23;4.44;0;0,2;0;1371
Mehmet Durgun;D (LC);17;500 € - 2,5K €;Hessia;Germany;3,6;13,9;0%;0,1;0%;0;0,0;0,6;0,1;87%;10,6;0;1,6;4,8;1,4;0,9;0,2;0,0;0;50,8;3,4;9,8;0,6;0,8;17;0,4;0,3;0,7;0,7;0,0;10,3;0,0;5,4;0,0;3,2;4,3;0,0;3,2;14;0,7;79;-0.23;21;0,0;0;1620
Tom Burmeister;D (C);23;0 €;Hamburg;Germany;2,7;19,9;44%;0,1;22%;0;0,0;0,6;0,3;88%;6,5;0;1,5;5,0;1,3;1,1;0,2;0,3;0;44,6;2,8;8,2;0,6;0,3;15;0,1;0,7;0,6;0,2;0,1;10,9;0,1;3,5;0,0;0,3;2,4;0,0;0,3;25;0,7;68;1.34;17;0,1;0;1202
Christian Gurny;DM, M/AM (C);32;0 €;Lower Rhine;Germany;1,7;21,6;56%;0,0;0%;0;0,0;1,9;0,2;90%;14,4;0;0,6;4,9;1,5;0,7;0,1;0,3;0;42,2;3,0;9,4;1,9;0,5;13;0,3;0,5;0,1;0,1;0,0;11,6;0,1;4,7;0,1;1,2;1,4;0,0;1,2;23;0,2;29;-1.17;20;0,1;0;1574
Deran Toksöz;DM, M/AM (C);37;0 €;Hamburg;Germany;0,0;17,3;21%;0,0;7%;0;0,0;0,1;0,4;0%;10,8;0;0,0;0,0;0,0;0,0;0,4;0,2;0;0,0;0,0;0,0;0,1;0,0;0;0,0;0,8;0,0;0,0;0,1;0,0;0,1;0,0;0,1;0,0;0,0;0,1;7,6;10;0,0;0;-0.51;0;0,1;0;1489
Raiju Obuchi;DM, M (C);22;0 € - 4K €;Middle Rhine;Germany;1,2;16,2;36%;0,1;0%;0;0,0;0,6;0,2;89%;7,7;0;0,6;3,7;0,9;0,8;0,3;0,2;0;39,9;3,8;6,7;0,6;0,2;14;0,0;0,6;0,0;0,2;0,0;8,7;0,1;1,3;0,1;0,1;0,7;0,2;0,1;0;0,0;54;-1.12;17;0,1;0;1632
Moritz Wallmann;DM, M/AM (C);21;0 €;North East-South;Germany;0,0;12,4;36%;0,0;9%;0;0,0;0,3;0,8;0%;17,1;0;0,0;0,0;0,0;0,0;0,3;0,3;0;0,0;0,0;0,0;0,3;0,0;0;0,0;0,9;0,0;0,0;0,1;0,0;0,1;0,0;0,4;0,0;0,0;0,3;0,0;0;0,0;0;0.35;0;0,1;0;1071
Arlind Zeqiraj;D (C);20;0 €;RP/Saar;Germany;3,2;15,1;40%;0,2;0%;0;0,0;0,2;0,1;84%;4,2;0;1,1;2,7;0,8;0,6;0,1;0,1;0;47,5;2,7;2,6;0,2;0,0;10;0,0;0,3;0,9;0,5;0,0;10,1;0,0;6,8;0,0;0,0;4,1;0,0;0,0;0;0,6;61;-0.49;12;0,0;0;1456
René Osei Kofi;D (RLC);33;0 €;Hamburg;Germany;2,1;18,1;17%;0,2;17%;0;0,0;1,1;0,2;92%;6,5;0;1,1;4,0;1,7;1,3;0,3;0,1;0;44,8;4,3;9,2;1,1;0,2;14;0,1;0,5;1,1;0,3;0,1;11,4;0,0;3,0;0,1;0,4;1,0;0,3;0,4;25;0,4;33;0.63;18;0,0;0;1006
Melvin Krol;M (L), AM (RL), ST (C);27;0 €;Hamburg;Germany;2,3;4,0;21%;0,0;14%;0;0,0;1,3;0,3;89%;20,9;0;0,6;7,4;1,3;0,9;0,5;0,3;0;40,6;2,8;9,5;1,3;3,4;15;0,8;1,6;0,0;0,3;0,2;11,3;0,2;5,3;0,2;5,5;1,2;0,1;5,5;13;0,0;22;0.95;16;0,2;0;1556
Sekou Eickholt;M (R), AM (RL);22;0 €;Westphalia;Germany;1,8;0,2;43%;0,0;9%;0;0,0;1,9;0,0;89%;26,0;0;0,3;7,6;2,3;1,5;0,7;0,8;0;42,4;3,6;10,5;1,9;3,5;20;0,8;1,8;0,0;0,1;0,2;11,4;0,2;5,0;0,1;5,9;1,0;0,0;7,8;12;0,1;20;-0.44;20;0,2;0;1181
Lukas Beszczyński;D (C);26;0 €;Bavaria North;Germany;2,9;10,4;36%;0,1;9%;0;0,0;0,3;0,0;83%;5,6;0;1,1;2,4;0,6;0,3;0,1;0,3;0;47,8;2,2;3,6;0,3;0,0;5;0,0;0,7;0,5;0,5;0,1;9,6;0,1;6,1;0,0;0,0;2,9;0,0;0,0;0;0,5;48;-0.16;8;0,1;0;1411
Johann Saalfrank;M (LC), AM (C);23;0 €;Bavaria North;Germany;1,5;7,6;29%;0,1;0%;0;0,0;0,3;0,2;89%;18,2;0;0,5;2,1;0,8;0,9;0,2;0,2;0;22,7;1,6;5,7;0,4;0,5;12;0,4;0,5;0,1;0,1;0,0;5,5;0,1;1,3;0,1;1,5;0,3;0,0;1,8;26;0,1;24;-0.78;12;0,1;0;1167
Ryan Nelson Mawamba Menougong;D (LC), WB (L), DM;21;0 €;Hessia;Germany;2,2;17,4;67%;0,2;67%;0;0,0;0,8;0,1;88%;8,5;0;1,2;5,3;1,3;0,8;0,1;0,1;0;48,9;3,3;7,8;0,8;0,1;14;0,1;0,2;1,4;0,6;0,1;10,3;0,0;4,1;0,0;1,1;2,6;0,0;1,1;5;0,3;63;1.64;19;0,0;0;1505
Jeffrey Mensah;ST (C);23;0 €;Hamburg;Germany;1,8;6,4;35%;0,0;0%;0;0,0;1,2;0,0;89%;18,2;0;0,3;7,1;1,9;1,0;0,6;0,4;0;41,2;2,9;9,7;1,2;2,5;14;0,9;1,2;0,0;0,4;0,0;11,3;0,2;4,3;0,1;5,5;0,6;0,0;5,5;15;0,0;15;-2.58;20;0,2;0;1259
Arbes Tahirsylaj;AM (C), ST (C);22;0 €;Hamburg;Germany;1,1;3,2;56%;0,0;19%;0;0,0;1,5;0,1;92%;21,8;0;0,1;3,5;1,4;0,3;0,4;0,9;0;39,4;1,7;6,0;1,5;0,5;5;0,2;1,7;0,0;0,0;0,3;11,4;0,2;5,5;0,1;1,3;1,4;0,1;1,3;13;0,2;26;2.33;7;0,2;0;1468
Aaron Nkansah;D (RL);32;0 €;Hamburg;Germany;2,9;16,8;21%;0,1;6%;0;0,0;0,9;0,1;85%;14,7;0;1,5;3,8;1,4;1,1;0,7;0,3;0;54,5;6,3;12,3;0,9;0,3;22;0,4;1,6;0,3;0,4;0,1;10,8;0,1;4,3;0,0;1,9;2,3;0,1;1,9;21;0,1;53;-0.68;27;0,1;0;1800
Angelo Di Stefano;D/WB/M/AM (R);20;0 €;Baden-Württemberg;Germany;2,1;3,1;43%;0,0;5%;0;0,0;1,6;0,3;91%;16,5;0;0,7;5,5;1,5;0,8;0,6;0,7;0;40,7;3,6;11,5;1,6;4,1;10;1,3;1,7;0,0;0,3;0,1;11,5;0,2;3,7;0,1;6,7;0,7;0,2;6,7;19;0,1;17;-1.42;13;0,2;0;1105
Adrian Albrings;GK;16;0 € - 6K €;Bremen;Germany;0,0;5,2;0%;0,0;0%;60;-0,1;0,0;0,0;77%;8,5;-2.62;4,0;0,0;0,0;0,0;0,0;0,0;88;26,7;0,0;0,0;0,0;0,0;0;0,0;0,0;0,0;0,0;0,0;5,2;0,0;0,0;0,0;0,0;0,0;0,0;0,0;0;0,0;0;0;3;0,0;31;1800
Kevin Buycks;DM, M (RC);36;0 €;RP/Saar;Germany;1,9;5,0;33%;0,2;17%;0;0,0;2,1;0,9;84%;17,8;0;0,8;7,2;1,4;1,2;0,4;0,5;0;41,0;3,3;12,8;2,4;3,2;21;0,9;1,4;0,0;0,2;0,2;11,0;0,2;4,4;0,4;6,5;1,3;0,3;6,5;14;0,0;29;1.22;22;0,2;0;1569
Hagen Blohm;D (LC), WB/M (L);23;0 €;Middle Rhine;Germany;3,2;13,9;0%;0,1;0%;0;0,0;1,6;0,3;85%;15,2;0;1,5;5,1;1,5;1,6;0,1;0,0;0;50,7;5,5;11,8;2,3;0,5;27;0,4;0,2;0,5;0,4;0,0;11,7;0,0;3,9;0,1;3,3;1,4;0,0;3,4;12;0,4;36;-0.43;30;0,0;0;1514
Jonas Wolz;GK;24;0 €;Schleswig-Holstein;Germany;0,0;7,5;0%;0,0;0%;69;-0,1;0,0;0,0;72%;5,9;-1.33;5,4;0,0;0,0;0,0;0,0;0,0;89;25,7;0,0;0,0;0,0;0,0;0;0,0;0,0;0,0;0,0;0,0;5,2;0,0;0,0;0,0;0,0;0,0;0,0;0,0;0;0,0;0;0;2;0,0;23;1080
Berkant Özenc;D (C);23;0 €;Hamburg;Germany;3,6;5,9;10%;0,2;0%;0;0,0;0,3;0,0;86%;4,8;0;1,3;2,6;0,8;0,4;0,5;0,1;0;48,4;1,8;2,8;0,3;0,0;8;0,0;1,1;1,0;0,9;0,0;9,3;0,1;6,5;0,0;0,0;4,4;0,0;0,0;0;0,4;69;-1.16;11;0,1;0;1728
Julian Seitz;D (C), DM;22;0 €;Schleswig-Holstein;Germany;3,0;16,3;40%;0,0;20%;0;0,0;0,1;0,2;86%;4,1;0;1,1;2,3;0,8;0,3;0,2;0,2;0;47,9;2,0;3,0;0,1;0,0;4;0,0;0,4;0,4;0,5;0,1;9,9;0,0;6,3;0,1;0,0;4,4;0,1;0,0;0;0,7;70;0.58;4;0,0;0;1106
Mieszko Szczerbiak;AM (C);19;0 €;Westphalia;Germany;1,0;7,5;30%;0,0;15%;0;0,0;1,9;0,3;89%;19,3;0;0,2;3,8;1,3;0,5;0,7;0,5;0;42,2;2,3;7,4;1,9;1,2;6;0,0;1,7;0,0;0,2;0,3;11,5;0,1;4,5;0,1;2,5;0,4;0,2;2,5;0;0,0;9;1.44;8;0,1;0;1073
Mika Urbanski;M/AM (L);22;0 €;Hamburg;Germany;1,1;9,5;36%;0,0;7%;0;0,0;1,5;0,2;90%;16,8;0;0,2;5,6;1,3;0,5;0,5;0,6;0;43,3;2,2;8,7;1,5;1,7;9;0,5;1,6;0,0;0,3;0,1;11,9;0,1;4,6;0,1;2,6;1,4;0,3;5,4;11;0,0;30;-0.37;12;0,1;0;1576
Colin Piepenbrink;D (L);20;0 €;Lower Saxony;Germany;3,3;14,6;100%;0,0;0%;0;0,0;0,9;0,0;89%;15,4;0;1,1;7,1;1,7;1,6;0,0;0,1;0;50,7;4,6;11,9;0,9;0,4;20;0,5;0,1;0,5;0,5;0,0;10,9;0,0;4,3;0,1;3,8;2,2;0,1;3,8;14;0,4;51;-0.1;23;0,0;0;1146
Niklas Milletich;D (RC);22;0 €;Bavaria North;Germany;3,7;10,3;19%;0,0;15%;0;0,0;0,4;0,2;84%;13,5;0;0,8;3,0;1,0;0,8;0,5;0,3;0;48,3;4,7;7,9;0,4;0,2;16;0,1;1,4;0,5;0,3;0,2;10,5;0,1;5,8;0,1;1,9;3,8;0,0;1,9;5;0,8;65;1.31;20;0,1;0;1748
Divine Boateng;ST (C);17;0 € - 6K €;Lower Rhine;Germany;0,6;1,3;56%;0,0;28%;0;0,0;0,9;0,1;87%;25,8;0;0,3;1,5;0,8;0,3;0,6;0,8;0;24,1;0,4;3,6;0,9;0,4;4;0,1;1,4;0,0;0,0;0,4;8,8;0,2;8,0;0,0;0,6;1,8;0,0;0,6;14;0,1;23;2.69;5;0,2;0;1131
Mauro Alcaraz;GK;32;0 €;Hamburg;Germany;0,0;2,6;0%;0,0;0%;72;0,2;0,0;0,0;75%;7,2;5.21;3,6;0,0;0,0;0,0;0,0;0,0;89;26,6;0,0;0,0;0,0;0,0;1;0,0;0,0;0,0;0,0;0,0;5,4;0,0;0,0;0,0;0,0;0,0;0,0;0,0;0;0,0;0;0;4;0,0;23;1920
Johann Buttler;ST (C);29;0 €;Hamburg;Germany;1,5;4,3;36%;0,1;11%;0;0,0;2,2;0,1;88%;18,8;0;0,4;7,9;2,3;1,6;0,7;0,6;0;42,9;4,0;9,3;2,2;2,6;27;0,8;1,7;0,0;0,3;0,2;10,7;0,2;4,5;0,0;4,8;0,9;0,0;4,8;17;0,1;20;0.25;31;0,2;0;1519
Moritz Lutz;D (C);17;0 € - 7K €;Hessia;Germany;3,7;12,3;21%;0,1;7%;0;0,0;0,2;0,1;85%;3,5;0;1,1;2,4;0,7;0,3;0,4;0,2;0;47,7;3,1;3,8;0,2;0,0;5;0,0;0,9;1,3;0,9;0,1;9,9;0,1;6,4;0,0;0,1;4,6;0,0;0,1;0;0,5;72;-0.34;6;0,1;0;1473
Alessandro Vangelista;ST (C);19;0 €;RP/Saar;Germany;1,4;2,5;27%;0,1;13%;0;0,0;1,2;0,0;88%;20,1;0;0,3;4,5;1,1;0,7;0,2;0,2;0;31,1;1,9;6,6;1,2;1,4;12;0,4;0,9;0,0;0,2;0,1;9,9;0,1;6,0;0,1;2,3;1,2;0,1;2,3;15;0,0;20;0.99;12;0,1;0;1461
Diste Sylla;D (RLC), DM;24;0 €;Bremen;Germany;3,0;13,1;23%;0,0;9%;0;0,0;0,1;0,1;84%;4,9;0;0,6;3,8;0,9;0,3;0,4;0,3;0;45,4;2,7;5,7;0,1;0,1;6;0,0;1,2;0,1;0,4;0,1;10,4;0,2;4,1;0,1;0,1;2,5;0,1;0,1;0;0,3;61;-1.3;12;0,2;0;1662
Gianluca Rinchiuso;WB (L);20;0 €;RP/Saar;Germany;1,8;4,4;38%;0,0;12%;0;0,0;1,7;0,4;87%;15,6;0;0,6;7,8;1,5;0,9;0,4;0,5;0;41,9;2,8;10,1;1,7;4,1;18;1,8;1,3;0,0;0,4;0,2;11,3;0,1;3,5;0,2;8,3;0,9;0,4;8,3;21;0,0;26;0.33;21;0,1;0;1760
Florian Bauer;D (C), DM, M (R);37;0 €;Bavaria North;Germany;2,8;11,2;27%;0,1;9%;0;0,0;0,1;0,0;82%;6,9;0;1,2;3,0;0,7;0,6;0,3;0,2;0;43,6;1,9;4,8;0,1;0,2;11;0,0;0,6;0,7;0,7;0,1;9,7;0,1;6,1;0,0;0,3;4,6;0,0;0,3;0;1,0;76;-0.12;11;0,1;0;1586
Emil Strauch;GK;20;0 € - 16K €;Lower Saxony;Germany;0,0;2,0;0%;0,0;0%;52;-0,1;0,0;0,0;66%;8,3;-2.31;4,3;0,0;0,0;0,0;0,0;0,0;89;26,7;0,0;0,0;0,0;0,0;0;0,0;0,0;0,0;0,0;0,0;5,5;0,0;0,0;0,0;0,0;0,0;0,0;0,0;0;0,0;0;0;1;0,0;20;1710
Alexandre Varela;AM (L), ST (C);27;0 €;RP/Saar;Germany;1,1;2,3;47%;0,0;20%;0;0,0;1,6;0,1;88%;15,8;0;0,2;7,4;1,8;1,3;0,4;0,6;0;44,1;3,4;9,6;1,6;2,6;15;0,5;1,3;0,0;0,2;0,3;11,4;0,2;4,9;0,2;4,8;0,9;0,0;4,8;10;0,1;19;0.97;18;0,2;0;1058
Manuel Algenstaedt;GK;16;0 € - 5K €;Bavaria North;Germany;0,1;4,4;0%;0,0;0%;66;-0,0;0,0;0,0;75%;6,7;-0.5;4,4;0,0;0,0;0,1;0,0;0,0;87;26,6;0,2;0,0;0,0;0,0;1;0,0;0,0;0,0;0,0;0,0;4,6;0,0;0,0;0,0;0,0;0,0;0,0;0,0;0;0,0;0;0;2;0,0;23;1440
Damien Edusei;AM (R), ST (C);17;1,5K € - 6K €;Baden-Württemberg;Germany;2,0;3,5;37%;0,0;3%;0;0,0;1,6;0,1;89%;25,3;0;0,7;8,5;1,8;0,7;0,5;0,6;0;39,8;3,0;12,0;1,6;4,0;14;1,1;1,6;0,0;0,5;0,1;11,1;0,1;3,5;0,0;8,4;1,1;0,1;8,4;12;0,0;30;-1.42;22;0,1;0;1714
Holger Wunsch;D (LC);16;0 € - 2K €;Hamburg;Germany;4,0;8,0;14%;0,2;0%;0;0,0;0,5;0,0;88%;3,7;0;1,8;2,3;1,1;0,7;0,4;0,1;0;48,2;2,9;3,0;0,5;0,0;9;0,0;0,5;1,2;0,7;0,0;9,4;0,0;7,0;0,0;0,0;4,8;0,0;0,0;0;0,5;68;-0.51;11;0,0;0;1154
Christoph Wölm;D (LC);16;0 € - 2K €;Lower Saxony;Germany;3,8;12,5;33%;0,1;0%;0;0,0;0,5;0,1;84%;6,5;0;0,9;3,6;0,9;0,4;0,1;0,1;0;46,7;2,8;5,9;0,5;0,2;6;0,0;0,4;1,5;0,4;0,0;10,2;0,1;5,5;0,0;1,2;4,1;0,0;1,2;0;0,6;73;-0.92;12;0,1;0;1530
Ertan Akar;DM;16;2K € - 7K €;RP/Saar;Germany;2,0;13,3;20%;0,0;0%;0;0,0;0,8;0,0;89%;6,3;0;1,0;5,6;0,8;0,7;0,2;0,1;0;47,0;3,8;9,9;0,8;0,0;9;0,0;0,4;0,7;0,5;0,0;11,9;0,1;2,0;0,0;0,1;1,6;0,2;0,1;0;0,0;81;-0.75;13;0,1;0;1169
Marcel Becker;D (L), DM;30;0 €;Westphalia;Germany;2,7;18,9;13%;0,1;0%;0;0,0;0,8;0,1;88%;9,1;0;1,2;4,8;1,3;0,9;0,1;0,1;0;46,9;3,8;8,7;0,8;0,1;15;0,0;0,5;0,8;0,4;0,0;10,6;0,1;1,6;0,1;0,4;0,7;0,1;0,4;0;0,1;42;-0.92;23;0,1;0;1484
Jannik Füller;D (LC);21;0 €;Bavaria South;Germany;2,5;13,4;0%;0,1;0%;0;0,0;0,6;0,0;85%;9,4;0;1,2;5,7;1,1;0,6;0,2;0,0;0;49,5;3,2;9,2;0,6;0,1;7;0,0;0,3;0,0;0,7;0,0;11,0;0,0;3,5;0,1;0,6;1,3;0,0;0,6;0;0,5;37;-0.13;14;0,0;0;1062
Murat Sarıoğlu;DM, M (C);24;0 €;RP/Saar;Germany;1,4;16,7;22%;0,0;0%;0;0,0;0,8;0,0;90%;17,6;0;0,4;3,2;0,8;0,2;0,3;0,1;0;36,9;1,3;7,2;0,8;0,6;4;0,2;0,5;0,0;0,2;0,0;10,0;0,0;3,8;0,0;1,0;0,7;0,1;1,0;25;0,1;17;-0.66;9;0,0;0;1507
Andrei Mureşan;M (C), AM (RC);29;0 €;Hamburg;Germany;1,6;11,5;24%;0,0;17%;0;0,0;1,2;0,1;89%;17,4;0;0,6;3,2;0,9;0,3;0,4;0,4;0;42,5;1,5;7,7;1,2;1,0;6;0,1;1,6;0,1;0,3;0,3;11,2;0,2;2,9;0,1;0,7;0,3;0,0;0,7;15;0,0;10;2.17;10;0,2;0;1615
Eray Öztürk;M/AM (L), ST (C);29;0 €;RP/Saar;Germany;1,6;3,5;35%;0,0;10%;0;0,0;1,6;0,1;88%;19,0;0;0,5;8,0;2,2;1,4;0,2;0,3;0;45,1;3,1;9,4;1,6;2,8;29;1,2;1,0;0,0;0,2;0,1;10,9;0,2;5,2;0,1;5,5;1,1;0,1;5,5;22;0,1;22;-1.82;34;0,2;0;1800
Benedikt Baldermann;D (LC);16;2K € - 7K €;Hessia;Germany;3,1;9,9;20%;0,1;0%;0;0,0;0,1;0,1;86%;3,9;0;1,1;2,4;1,2;0,7;0,2;0,1;0;48,2;2,2;2,4;0,1;0,0;11;0,0;0,3;1,0;0,4;0,0;9,9;0,0;5,8;0,0;0,1;4,0;0,0;0,1;0;0,9;69;-0.35;12;0,0;0;1327
Jahn Gfreiter;GK;16;0 € - 4,5K €;Bavaria South;Germany;0,1;2,6;0%;0,1;0%;61;-0,4;0,0;0,0;62%;12,0;-7.18;4,3;0,0;0,0;0,0;0,0;0,0;89;26,2;0,4;0,1;0,0;0,0;0;0,0;0,0;0,0;0,0;0,0;5,2;0,0;0,0;0,0;0,0;0,0;0,0;0,0;0;0,0;0;0;1;0,0;31;1620
Nikola Šušnjar;D (LC);16;0 € - 2K €;North East-South;Germany;3,1;7,9;0%;0,1;0%;0;0,0;0,1;0,0;88%;6,0;0;1,0;2,9;0,9;0,6;0,0;0,0;0;43,8;2,3;4,0;0,1;0,0;10;0,0;0,3;0,2;0,5;0,0;9,9;0,1;5,9;0,0;0,1;4,1;0,0;0,1;0;0,8;69;-0.84;12;0,1;0;1471
Bekim Erkoçeviq;M/AM (C), ST (C);33;0 €;Schleswig-Holstein;Germany;0,2;12,1;30%;0,1;10%;0;0,0;0,8;0,2;89%;11,2;0;0,1;1,5;0,6;0,5;0,1;0,4;0;7,7;0,6;1,9;0,8;0,4;9;0,2;1,2;0,0;0,0;0,1;1,8;0,1;1,2;0,1;1,3;0,6;0,2;1,3;18;0,1;50;-0.4;9;0,1;0;1523
Elias Hoffmann;D (RLC);17;1,5K € - 6K €;Hessia;Germany;3,2;10,6;0%;0,0;0%;0;0,0;1,1;0,1;87%;15,7;0;1,4;4,8;1,1;1,0;0,1;0,0;0;53,6;6,1;11,8;1,1;0,2;15;0,1;0,1;2,0;0,7;0,0;11,8;0,0;5,4;0,1;2,3;2,2;0,0;2,3;2;0,3;41;0;17;0,0;0;1331
Ebenezer Biregey;AM (L), ST (C);23;0 €;Schleswig-Holstein;Germany;0,6;2,4;47%;0,0;16%;0;0,0;0,8;0,1;90%;19,0;0;0,2;1,7;0,8;0,3;0,5;0,6;0;23,5;0,5;4,2;0,8;0,3;5;0,1;1,3;0,0;0,1;0,2;9,4;0,1;10,7;0,1;0,8;3,0;0,0;0,8;8;0,1;28;1.56;5;0,1;0;1355
Bastian Kamole;D (LC), DM;20;0 €;Lower Saxony;Germany;2,6;8,7;8%;0,1;0%;0;0,0;0,4;0,3;84%;5,9;0;1,0;4,8;1,0;0,9;0,3;0,1;0;44,9;2,7;8,6;0,4;0,0;14;0,0;0,9;0,7;0,5;0,0;11,2;0,1;3,5;0,1;0,1;2,8;0,1;0,1;0;0,2;81;-1.63;16;0,1;0;1336
Noah Odiase;DM, M (C);21;0 €;Schleswig-Holstein;Germany;2,6;15,6;27%;0,0;8%;0;0,0;0,4;0,5;87%;8,9;0;1,2;5,9;1,8;1,3;0,5;0,4;0;45,7;2,2;8,5;0,4;0,3;23;0,1;1,4;0,1;0,3;0,1;11,7;0,2;4,4;0,1;0,1;2,5;0,1;0,1;50;0,5;56;-1.34;26;0,2;0;1635
Nikola Maras;AM (R), ST (C);16;0 € - 7K €;Lower Saxony;Germany;1,4;2,3;25%;0,0;13%;0;0,0;2,0;0,0;89%;27,0;0;0,6;7,4;1,9;1,1;0,3;0,2;0;38,7;3,3;8,9;2,0;3,3;13;1,3;0,7;0,0;0,0;0,1;10,6;0,1;5,5;0,1;7,1;1,8;0,0;7,1;17;0,1;32;0.08;16;0,1;0;1077
Mario Mai;GK;16;0 € - 6K €;Lower Rhine;Germany;0,0;1,8;0%;0,0;0%;64;-0,1;0,0;0,0;66%;9,1;-1.29;5,0;0,0;0,0;0,1;0,0;0,0;88;27,8;0,0;0,0;0,8;0,0;1;0,0;0,0;0,0;0,0;0,0;5,4;0,0;0,0;0,0;0,0;0,0;0,0;0,0;0;0,0;0;0;2;0,0;32;1300
Daniel Schultz;DM;16;0 € - 8K €;Hamburg;Germany;0,9;16,8;0%;0,1;0%;0;0,0;0,5;0,1;89%;7,3;0;0,8;5,7;1,1;0,6;0,2;0,0;0;46,3;2,6;8,9;0,5;0,4;8;0,0;0,5;0,6;0,2;0,0;10,8;0,0;1,7;0,1;0,1;0,5;0,0;0,1;0;0,0;32;-0.28;13;0,0;0;1163
Sören Schröder;DM, M (LC);16;0 € - 7K €;Bavaria North;Germany;2,3;8,3;38%;0,1;25%;0;0,0;0,4;0,1;89%;6,0;0;0,9;4,4;0,9;0,8;0,3;0,2;0;46,6;3,0;10,0;0,4;0,3;14;0,0;0,4;0,5;0,7;0,1;11,5;0,0;2,2;0,0;0,2;1,0;0,1;0,2;0;0,2;46;1.52;18;0,0;0;1620
Patrick Schäfer;D (C);16;0 € - 2K €;North East-North;Germany;3,0;6,8;0%;0,0;0%;0;0,0;0,4;0,0;83%;10,1;0;0,9;3,8;0,4;0,3;0,1;0,0;0;47,0;2,6;9,0;0,4;0,1;4;0,0;0,4;0,4;0,9;0,0;11,4;0,0;1,6;0,0;0,1;0,9;0,0;0,1;0;0,0;55;-0.39;5;0,0;0;1230
Andrej Riesselmann;ST (C);16;0 € - 8K €;Lower Rhine;Germany;1,9;2,6;0%;0,0;0%;0;0,0;1,4;0,1;92%;25,5;0;0,6;7,4;1,9;1,1;0,2;0,0;0;41,0;2,2;9,9;1,4;3,0;19;2,0;0,9;0,0;0,1;0,0;11,0;0,1;3,9;0,1;7,9;0,6;0,0;7,9;25;0,0;16;-1.09;23;0,1;0;1530
Gökhan Işcan;DM, M/AM (C);38;0 €;Hamburg;Germany;0,0;11,8;13%;0,0;0%;0;0,0;0,2;0,3;100%;16,4;0;0,0;0,0;0,0;0,0;0,1;0,1;0;0,3;0,1;0,1;0,2;0,0;0;0,0;0,6;0,0;0,0;0,0;0,1;0,1;0,0;0,1;0,0;0,0;0,2;0,0;0;0,0;0;-0.93;0;0,1;0;1207
Adrian Dumitru;AM (RL);31;0 €;Baden-Württemberg;Germany;1,5;3,2;36%;0,0;20%;0;0,0;2,1;0,2;91%;19,2;0;0,2;9,1;2,5;1,8;0,3;0,5;0;43,2;3,5;11,1;2,1;2,6;32;0,6;1,4;0,0;0,1;0,3;11,2;0,2;5,9;0,1;5,3;1,4;0,1;7,4;10;0,2;24;2.06;40;0,2;0;1610
Tomislav Blazheski;D (RLC);36;0 €;Schleswig-Holstein;Germany;3,0;13,2;23%;0,0;0%;0;0,0;0,1;0,1;89%;9,5;0;0,8;3,3;1,0;0,6;0,1;0,2;0;49,7;3,5;6,0;0,1;0,4;12;0,1;0,7;0,7;0,6;0,0;9,7;0,1;4,4;0,0;0,7;2,3;0,0;0,7;7;0,3;52;-1.62;18;0,1;0;1703
Sebastian Bonfert;DM, M (C);38;0 €;Bavaria South;Germany;1,7;11,1;18%;0,0;18%;0;0,0;0,7;0,2;92%;8,4;0;1,0;4,3;1,5;1,4;0,5;0,2;0;52,0;4,5;8,7;0,7;0,2;19;0,0;0,8;0,1;0,3;0,2;10,8;0,0;1,9;0,2;0,3;0,8;0,4;0,3;0;0,1;44;1.37;23;0,0;0;1181
Vladyslav Halytsky;GK;20;0 €;Schleswig-Holstein;Germany;0,0;0,2;0%;0,0;0%;57;-0,1;0,0;0,0;67%;10,4;-2.26;4,7;0,0;0,0;0,1;0,0;0,0;88;25,5;0,0;0,0;0,0;0,0;1;0,0;0,0;0,0;0,0;0,0;5,2;0,0;0,0;0,0;0,0;0,0;0,0;0,0;0;0,0;0;0;4;0,0;32;1710
