Player;Position;Age;Transfer Value;Division;Based In;Interceptions per 90;Possession Won per 90;Shots on Target Percentage;Key Tackles per 90;Conv %;Save Percentage;xGP/90;Open Play Key Passes per 90;Chances Created per 90;Pass Completion Percentage;Possession Lost per 90;xGP;Clearances per 90;Pres A/90;Pres C/90;Tackles Completed per 90;Shots From Outside The Box Per 90 minutes;Shots on Target per 90;Expected Save Percentage;Passes Attempted per 90;Progressive Passes per 90;Sprints/90;Key Passes per 90;Dribbles per 90;Tackled Completed;Open Play Crosses Completed per 90;Shot/90;Shts Blckd/90;Blk/90;Goals per 90 minutes;Dist/90;NP-xG/90;Headers Attempted per 90;xA/90;Open Play Crosses Attempted per 90;Headers Won per 90;Asts/90;Crosses Attempted per 90;Crosses Completed Ratio;Key Headers per 90;Headers Won Percentage;xG-OP;Tackles Attempted;xG/90;Goals Conceded;Minutes
Simon Straudi;D/WB (R), M (RC);26;160K € - 475K €;3. Liga;Germany;3,7;12,1;27%;0,1;0%;0;0,0;1,7;0,3;85%;15,3;0;1,2;6,2;2,1;1,6;0,7;0,2;0;61,8;7,1;23,1;1,7;2,0;27;1,5;0,9;0,3;0,7;0,0;13,0;0,0;4,6;0,1;5,9;2,8;0,2;5,9;25;0,4;61;-0.61;36;0,0;0;1544
Dennis Dressel;DM, M (C);27;450K € - 1,5M €;3. Liga;Germany;3,1;9,5;41%;0,0;5%;0;0,0;0,7;0,1;91%;5,1;0;0,5;7,2;1,9;0,8;0,9;0,4;0;52,3;5,0;13,0;0,7;0,3;16;0,0;1,1;0,5;0,7;0,0;12,4;0,0;3,6;0,0;0,0;1,8;0,1;0,2;0;0,5;50;0.04;23;0,0;0;1874
Manuel Polster;WB/M/AM (L), ST (C);23;18K € - 190K €;3. Liga;Germany;3,4;11,3;46%;0,0;5%;0;0,0;1,7;0,8;81%;16,7;0;0,9;9,1;2,3;1,7;1,4;1,1;0;37,9;3,0;25,2;1,7;4,5;29;1,1;2,5;0,2;0,6;0,1;13,1;0,2;5,9;0,3;7,8;4,1;0,2;7,8;14;0,4;69;-0.55;38;0,2;0;1501
Philipp Ochs;D/WB/M/AM (L);28;22K € - 230K €;Regional Div. Bavaria;Germany;1,7;9,3;38%;0,1;21%;0;0,0;2,3;0,6;86%;15,8;0;0,8;8,7;2,5;1,4;0,5;0,6;0;42,0;3,4;16,8;2,7;2,1;23;1,4;1,5;0,1;0,3;0,3;11,4;0,2;4,1;0,3;4,9;1,8;0,4;7,9;23;0,0;45;2.35;36;0,2;0;1465
Adrien Lebeau;AM (LC), ST (C);26;400K € - 1,2M €;3. Liga;Germany;1,4;4,1;46%;0,1;11%;0;0,0;1,9;0,7;87%;10,9;0;0,5;4,8;1,3;0,5;1,0;0,8;0;42,4;3,0;11,4;2,5;2,3;8;0,8;1,8;0,2;0,2;0,2;12,4;0,1;5,0;0,3;1,7;0,3;0,3;4,6;25;0,0;6;-0.09;14;0,2;0;1399
Marco Schuster;D (RC), DM, M (C);30;160K € - 1,6M €;3. Liga;Germany;2,4;9,5;26%;0,1;0%;0;0,0;1,0;0,2;90%;7,3;0;1,3;7,9;2,4;1,9;1,3;0,4;0;59,3;6,2;17,6;1,2;0,1;29;0,1;1,5;0,1;0,5;0,0;12,4;0,0;2,8;0,1;0,2;1,5;0,1;1,2;16;0,1;51;-0.48;36;0,0;0;1360
Calogero Rizzuto;D/WB/M (RL);33;7K € - 70K €;3. Liga;Germany;3,8;13,1;20%;0,1;0%;0;0,0;1,3;0,3;88%;12,1;0;0,7;7,7;2,1;2,0;0,8;0,2;0;61,0;9,9;17,8;1,3;1,1;38;0,6;0,8;0,3;0,4;0,0;12,8;0,0;4,6;0,1;4,5;2,5;0,1;4,5;14;0,2;53;-0.47;48;0,0;0;1680
Patrick Sontheimer;DM, M/AM (C);27;190K € - 1,9M €;3. Liga;Germany;2,4;8,5;57%;0,0;7%;0;0,0;0,9;0,1;91%;5,9;0;0,8;6,9;1,5;1,1;1,0;0,6;0;56,2;5,8;13,3;1,1;0,5;14;0,0;1,1;0,2;0,2;0,1;12,3;0,0;1,5;0,1;0,1;0,3;0,1;0,3;50;0,0;21;0.72;18;0,0;0;1179
Yannick Stark;D (C), DM, M (C);35;0 € - 14K €;Regional Div. Southwest;Germany;2,8;12,4;22%;0,0;11%;0;0,0;0,7;0,2;87%;6,0;0;0,6;4,4;1,3;0,5;0,1;0,1;0;47,0;5,7;9,0;1,2;0,2;8;0,0;0,6;0,1;0,4;0,1;10,9;0,0;3,6;0,2;0,1;2,2;0,2;0,1;0;0,4;61;0.33;14;0,0;0;1406
Berkan Taz;AM (C), ST (C);27;26K € - 250K €;3. Liga;Germany;1,0;4,8;52%;0,0;9%;0;0,0;1,7;0,3;89%;8,5;0;0,5;4,4;1,1;0,4;0,4;0,6;0;47,7;4,6;11,9;1,8;0,9;8;0,2;1,2;0,2;0,2;0,1;12,6;0,1;2,7;0,2;0,9;0,7;0,2;1,9;8;0,1;27;-0.74;18;0,1;0;1735
Florian Pick;AM (RLC), ST (C);30;28K € - 275K €;3. Liga;Germany;2,1;7,0;36%;0,1;6%;0;0,0;1,9;0,6;86%;16,3;0;1,2;12,9;2,7;1,7;1,5;0,9;0;48,2;4,5;19,2;2,1;6,4;32;1,3;2,5;0,2;0,4;0,2;13,0;0,2;4,0;0,2;5,4;0,8;0,1;6,4;22;0,0;20;-0.93;44;0,2;0;1675
Jannik Müller;D (C), DM;31;Not for Sale;3. Liga;Germany;3,4;12,7;50%;0,2;0%;0;0,0;0,4;0,1;82%;9,5;0;2,0;4,1;1,1;1,1;0,1;0,1;0;54,0;4,5;8,1;0,4;0,1;20;0,0;0,2;0,5;1,0;0,0;10,7;0,0;5,5;0,0;0,0;4,2;0,0;0,0;0;0,8;76;-0.05;30;0,0;0;1684
Niklas Wiemann;D (LC);26;190K € - 1,9M €;3. Liga;Germany;4,4;14,4;33%;0,1;22%;0;0,0;0,2;0,0;89%;7,1;0;1,6;1,8;0,4;1,0;0,1;0,2;0;58,5;5,4;6,5;0,2;0,0;19;0,2;0,5;0,3;0,5;0,1;10,7;0,0;7,7;0,0;0,2;5,5;0,0;0,2;75;1,2;72;-0.39;23;0,1;0;1710
Tolcay Ciğerci;M (C), AM (RC);30;400K € - 1,3M €;3. Liga;Germany;0,8;4,9;53%;0,1;20%;0;0,0;1,2;0,5;88%;10,7;0;0,5;7,1;2,1;1,1;1,1;1,1;0;39,7;2,4;16,1;1,8;0,4;15;0,2;2,1;0,1;0,1;0,4;12,5;0,3;3,4;0,1;0,8;1,2;0,1;6,5;12;0,0;35;1.63;21;0,3;0;1280
Lukas Klünter;D (RC), WB (R);29;425K € - 1,4M €;3. Liga;Germany;3,1;11,3;65%;0,1;6%;0;0,0;1,8;0,4;81%;21,4;0;1,4;10,9;3,4;2,3;0,4;0,6;0;49,8;6,7;22,9;1,8;4,1;39;0,8;1,0;0,1;0,5;0,1;13,4;0,1;4,2;0,1;9,0;2,2;0,1;9,0;9;0,4;53;-0.41;48;0,1;0;1527
Fatih Kaya;AM (LC), ST (C);26;425K € - 1,4M €;3. Liga;Germany;0,6;2,6;50%;0,0;13%;0;0,0;1,2;0,5;87%;10,0;0;0,3;1,9;0,4;0,2;1,2;1,1;0;28,8;1,3;9,2;1,4;0,9;4;0,2;2,2;0,1;0,1;0,3;11,9;0,2;7,3;0,2;1,2;1,9;0,1;3,8;10;0,1;26;1.36;6;0,2;0;1616
Klaus Gjasula;D (C), DM;36;0 € - 65K €;3. Liga;Germany;3,0;8,7;38%;0,1;6%;0;0,0;0,5;0,2;89%;5,3;0;0,8;6,7;2,0;0,7;0,5;0,4;0;50,0;4,7;12,8;0,5;0,1;11;0,0;1,0;0,9;1,2;0,1;12,0;0,1;3,7;0,0;0,0;2,0;0,0;0,0;0;0,5;53;-0.3;31;0,1;0;1493
Jakob Golz;GK;27;300K € - 1,1M €;3. Liga;Germany;0,5;11,0;0%;0,0;0%;79;-0,0;0,0;0,0;75%;8,9;-0.19;2,6;0,0;0,0;0,1;0,0;0,0;88;29,3;1,1;0,0;0,0;0,0;3;0,0;0,0;0,0;0,0;0,0;6,5;0,0;0,0;0,0;0,0;0,0;0,0;0,0;0;0,0;0;0;4;0,0;27;1860
Lucas Brumme;D/WB/M/AM (L);26;85K € - 850K €;3. Liga;Germany;3,5;11,2;33%;0,1;0%;0;0,0;0,9;0,1;86%;12,7;0;1,2;7,1;2,1;1,6;0,2;0,1;0;56,3;6,9;17,5;1,0;1,0;27;0,3;0,3;0,4;0,7;0,0;12,5;0,0;4,5;0,1;3,2;2,8;0,1;4,5;11;0,3;62;-0.29;45;0,0;0;1564
Lars Kehl;AM (RC), ST (C);23;100K € - 1M €;3. Liga;Germany;1,4;5,1;50%;0,2;23%;0;0,0;1,9;0,7;86%;11,3;0;0,1;7,6;2,1;1,1;0,6;0,7;0;42,8;3,6;15,4;2,4;2,6;18;0,3;1,3;0,2;0,2;0,3;12,8;0,2;3,3;0,2;1,9;0,3;0,1;4,6;14;0,1;9;2.11;22;0,2;0;1510
Marius Funk;GK;29;8K € - 75K €;3. Liga;Germany;0,4;12,2;0%;0,0;0%;78;-0,0;0,0;0,0;77%;11,8;-0.43;11,8;0,0;0,0;0,0;0,0;0,0;88;18,2;0,7;0,1;0,0;0,0;0;0,0;0,0;0,0;0,0;0,0;5,7;0,0;0,0;0,0;0,0;0,0;0,0;0,0;0;0,0;0;0;0;0,0;15;1080
José-Enrique Ríos Alonso;D (RC);25;100K € - 1M €;3. Liga;Germany;3,2;12,8;33%;0,1;11%;0;0,0;0,4;0,1;87%;7,0;0;1,6;3,6;1,0;1,1;0,2;0,2;0;52,6;4,6;8,6;0,4;0,1;18;0,1;0,6;0,2;0,6;0,1;11,0;0,0;4,9;0,0;0,9;3,6;0,0;0,9;7;0,4;73;0.24;21;0,0;0;1446
Felix Gebhardt;GK;23;180K € - 1,8M €;3. Liga;Germany;0,7;11,8;0%;0,0;0%;73;-0,5;0,0;0,0;67%;12,2;-9.29;3,8;0,0;0,0;0,0;0,0;0,0;86;25,4;1,5;0,1;0,0;0,0;0;0,0;0,0;0,0;0,0;0,0;6,6;0,0;0,0;0,0;0,0;0,0;0,0;0,0;0;0,0;0;0;0;0,0;31;1620
Phillip Menzel;GK;27;35K € - 375K €;3. Liga;Germany;0,7;11,5;0%;0,1;0%;80;0,2;0,1;0,0;75%;9,6;3.41;4,9;0,0;0,0;0,0;0,0;0,0;88;25,1;1,0;0,1;0,1;0,0;0;0,0;0,0;0,0;0,0;0,0;4,5;0,0;0,0;0,0;0,0;0,0;0,0;0,0;0;0,0;0;0;2;0,0;15;1500
Lukas Jonsson;GK;33;Not for Sale;3. Liga;Germany;0,4;9,7;0%;0,0;0%;77;-0,0;0,0;0,0;60%;12,1;-0.19;5,7;0,0;0,0;0,0;0,0;0,0;87;20,9;0,7;0,2;0,0;0,0;0;0,0;0,0;0,0;0,0;0,0;4,4;0,0;0,0;0,0;0,0;0,0;0,0;0,0;0;0,0;0;0;2;0,0;22;1710
Tarik Gözüsirin;DM, M/AM (C);24;65K € - 650K €;3. Liga;Germany;2,1;8,0;33%;0,0;8%;0;0,0;1,0;0,2;88%;9,7;0;0,6;9,1;2,4;2,6;0,5;0,2;0;58,8;6,2;11,8;1,1;0,7;44;0,1;0,7;0,2;0,4;0,1;11,7;0,1;1,8;0,1;0,7;0,7;0,1;0,8;15;0,1;35;-0.08;54;0,1;0;1521
Timur Gayret;M/AM (C), ST (C);27;100K € - 300K €;3. Liga;Germany;2,5;8,3;48%;0,0;3%;0;0,0;1,3;0,4;88%;8,6;0;0,6;7,5;2,0;1,4;1,6;1,2;0;41,7;2,6;17,6;1,8;1,1;20;0,4;2,4;0,1;0,2;0,1;11,4;0,2;1,9;0,2;0,7;0,5;0,3;2,7;24;0,0;27;-1.59;28;0,2;0;1247
Korbinian Burger;D (LC);30;35K € - 130K €;Regional Div. Southwest;Germany;2,4;17,5;11%;0,1;11%;0;0,0;0,1;0,1;88%;2,5;0;1,3;3,0;1,2;0,6;0,3;0,1;0;43,5;2,3;3,5;0,1;0,1;9;0,1;0,6;0,4;0,6;0,1;10,2;0,1;7,9;0,1;0,1;4,7;0,0;0,1;100;1,6;59;0.24;10;0,1;0;1272
Niklas Landgraf;D (LC);29;18K € - 180K €;Regional Div. Northeast;Germany;2,7;17,3;40%;0,0;0%;0;0,0;0,9;0,1;88%;10,6;0;0,8;6,9;1,8;1,8;0,1;0,1;0;52,5;6,4;16,6;0,9;0,6;36;0,3;0,3;0,8;0,2;0,0;11,7;0,0;3,1;0,1;2,9;1,0;0,2;2,9;10;0,3;31;-0.98;40;0,0;0;1793
Jonas Kühn;D (LC), WB/M (L);23;16K € - 170K €;Regional Div. Northeast;Germany;3,1;15,1;0%;0,0;0%;0;0,0;0,6;0,2;86%;10,1;0;0,9;6,2;1,0;1,5;0,0;0,0;0;54,1;5,9;13,7;0,6;0,6;24;0,4;0,1;1,3;0,5;0,0;11,3;0,0;4,0;0,1;1,4;2,6;0,0;1,4;30;0,5;66;-0.12;29;0,0;0;1469
Benjamin Uphoff;GK;32;24K € - 230K €;3. Liga;Germany;0,7;9,1;0%;0,0;0%;79;0,1;0,0;0,0;76%;9,1;1.02;5,2;0,0;0,0;0,0;0,0;0,0;85;20,3;0,6;0,0;0,0;0,0;0;0,0;0,0;0,0;0,0;0,0;4,3;0,0;0,0;0,0;0,0;0,0;0,1;0,0;0;0,0;0;0;0;0,0;16;1260
Christian Kühlwetter;DM, M/AM (C), ST (C);29;160K € - 550K €;3. Liga;Germany;2,1;6,1;35%;0,0;8%;0;0,0;1,3;0,1;91%;6,5;0;0,5;6,4;1,4;1,4;1,5;0,8;0;43,5;4,0;13,5;1,3;0,6;24;0,1;2,2;0,5;0,5;0,2;11,3;0,1;3,1;0,1;0,6;1,1;0,1;0,6;9;0,1;36;-0.06;37;0,2;0;1530
Niko Kijewski;D (LC), WB (L);29;70K € - 700K €;3. Liga;Germany;3,3;11,8;39%;0,2;0%;0;0,0;1,5;0,3;82%;18,6;0;1,4;8,4;1,9;1,8;0,8;0,3;0;56,6;8,7;25,1;1,9;2,2;39;1,1;0,8;0,3;1,3;0,0;13,1;0,0;4,2;0,1;7,0;2,9;0,3;11,0;14;0,6;70;-0.51;67;0,0;0;1970
Pascal Testroet;ST (C);35;0 € - 35K €;Regional Div. Southwest;Germany;0,8;3,1;42%;0,0;13%;0;0,0;1,2;0,2;89%;14,2;0;0,2;1,6;0,4;0,2;1,2;1,3;0;26,5;0,8;5,5;1,2;0,6;3;0,1;3,1;0,0;0,1;0,4;10,3;0,3;7,6;0,1;0,3;3,2;0,0;0,3;40;0,1;41;1.11;5;0,3;0;1308
Axel Borgmann;D/WB (L), M (C);31;55K € - 180K €;3. Liga;Germany;3,7;10,6;45%;0,0;18%;0;0,0;1,5;0,5;87%;16,0;0;0,7;8,7;2,4;2,3;0,3;0,3;0;64,7;9,2;25,5;1,6;2,0;44;1,3;0,6;0,4;0,7;0,1;13,4;0,0;3,6;0,1;6,3;1,7;0,2;7,5;18;0,3;47;1.23;60;0,0;0;1735
Kasim Rabihić;M/AM (RC), ST (C);32;4,5K € - 45K €;3. Liga;Germany;1,4;3,4;42%;0,0;13%;0;0,0;1,5;0,6;88%;9,4;0;0,1;2,2;0,8;0,2;1,1;1,1;0;41,1;2,3;6,9;2,1;1,7;3;0,2;2,7;0,1;0,1;0,4;11,8;0,5;3,4;0,2;0,8;0,5;0,4;3,4;17;0,0;15;-1.32;4;0,5;0;1258
Mika Hanraths;D (C);26;65K € - 650K €;3. Liga;Germany;3,6;12,2;0%;0,2;0%;0;0,0;0,3;0,1;87%;7,5;0;1,9;2,9;1,1;0,6;0,1;0,0;0;51,8;3,1;7,4;0,3;0,0;10;0,1;0,2;0,4;0,5;0,0;10,7;0,0;7,4;0,0;0,1;5,4;0,0;0,1;100;1,4;72;-0.13;14;0,0;0;1530
Manuel Zeitz;D (C), DM, M (C);35;0 € - 24K €;3. Liga;Germany;2,7;8,9;58%;0,1;8%;0;0,0;0,7;0,1;91%;4,3;0;0,9;5,1;1,2;1,3;1,0;0,6;0;49,3;4,8;14,3;0,7;0,3;15;0,0;1,0;0,5;0,6;0,1;12,1;0,0;3,4;0,0;0,0;1,5;0,0;0,7;0;0,0;44;0.02;20;0,1;0;1036
Felix Lohkemper;AM (RL), ST (C);30;65K € - 650K €;3. Liga;Germany;1,1;3,1;48%;0,0;3%;0;0,0;1,7;0,6;87%;6,7;0;0,2;1,6;0,6;0,3;0,9;1,1;0;28,1;1,1;8,2;1,7;1,3;4;0,5;2,2;0,1;0,1;0,1;11,1;0,2;7,4;0,2;1,6;1,8;0,1;1,7;29;0,0;24;-2.11;9;0,2;0;1280
Patrick Kammerbauer;D/WB (R);28;28K € - 275K €;3. Liga;Germany;3,8;11,7;45%;0,0;5%;0;0,0;1,7;0,5;81%;19,2;0;0,9;11,1;3,2;1,6;1,4;0,8;0;45,9;5,4;25,5;1,7;2,5;21;1,1;1,7;0,5;1,1;0,1;12,9;0,1;3,5;0,2;9,8;1,7;0,2;11,7;11;0,2;47;0.21;36;0,1;0;1197
Dominik Pelivan;D (C), DM;29;200K € - 700K €;3. Liga;Germany;2,7;9,1;33%;0,1;0%;0;0,0;0,5;0,1;93%;4,1;0;1,1;5,8;1,9;1,9;0,2;0,1;0;43,8;4,3;11,0;0,5;0,0;28;0,0;0,2;0,1;0,3;0,0;12,4;0,0;3,0;0,1;0,0;1,9;0,1;0,1;0;0,2;64;-0.05;36;0,0;0;1345
Michael Schultz;D (C), DM;32;35K € - 120K €;3. Liga;Germany;2,9;8,9;29%;0,0;0%;0;0,0;0,3;0,0;93%;3,2;0;1,1;2,6;1,1;0,4;0,2;0,1;0;43,5;2,6;5,6;0,3;0,0;9;0,0;0,3;0,4;0,3;0,0;10,4;0,0;3,4;0,0;0,0;1,6;0,0;0,0;0;0,4;46;-0.35;15;0,0;0;1834
Justin Janitzek;D (LC), WB (L);21;180K € - 1,8M €;3. Liga;Germany;3,2;12,1;44%;0,1;0%;0;0,0;0,4;0,0;87%;7,2;0;1,0;1,7;0,5;0,5;0,0;0,2;0;52,7;4,5;5,9;0,4;0,0;10;0,0;0,4;0,4;0,8;0,0;10,5;0,0;6,5;0,0;0,0;4,9;0,1;0,0;0;1,0;76;-0.49;12;0,0;0;1890
Timmy Thiele;ST (C);34;0 € - 35K €;3. Liga;Germany;0,9;2,3;70%;0,0;30%;0;0,0;1,8;0,9;90%;9,4;0;0,2;1,6;0,4;0,1;0,3;1,4;0;39,7;1,3;10,3;1,8;1,8;2;0,5;2,0;0,1;0,1;0,6;12,0;0,4;8,8;0,3;2,1;2,9;0,5;2,1;25;0,2;33;2.89;2;0,4;0;1324
Franz Pfanne;D (C), DM, M (C);31;Not for Sale;3. Liga;Germany;3,8;14,3;44%;0,1;11%;0;0,0;0,3;0,0;86%;8,6;0;1,3;2,4;1,0;0,5;0,2;0,2;0;58,5;4,9;7,6;0,3;0,0;10;0,0;0,5;0,5;0,6;0,1;10,6;0,0;8,0;0,0;0,1;6,4;0,0;0,1;0;1,1;80;0.54;16;0,0;0;1710
Jan Mejdr;D (RL), WB/M (R);30;20K € - 190K €;3. Liga;Germany;3,2;8,8;31%;0,1;6%;0;0,0;2,3;0,6;84%;18,8;0;0,6;8,7;2,2;2,3;0,6;0,4;0;48,6;6,3;29,0;2,3;2,3;30;1,9;1,3;0,2;0,6;0,1;13,3;0,1;3,9;0,2;11,1;2,0;0,0;11,1;16;0,2;50;0.05;37;0,1;0;1151
Ron Berlinski;AM (RL), ST (C);31;14K € - 150K €;Regional Div. Southwest;Germany;0,7;2,0;53%;0,0;21%;0;0,0;1,1;0,1;89%;20,0;0;0,1;2,0;0,6;0,1;0,6;1,1;0;24,4;0,8;5,8;1,1;0,4;2;0,2;2,1;0,0;0,1;0,4;10,4;0,3;7,9;0,1;0,7;1,6;0,1;0,7;30;0,2;21;2.94;8;0,3;0;1611
Christoph Greger;D (C), DM;28;8K € - 85K €;3. Liga;Germany;4,1;13,2;50%;0,1;0%;0;0,0;0,3;0,0;88%;6,3;0;1,3;2,0;0,6;0,4;0,0;0,1;0;46,3;3,3;5,6;0,3;0,1;8;0,1;0,2;0,6;0,7;0,0;10,4;0,0;7,6;0,0;0,1;6,2;0,0;0,6;23;2,2;81;-0.17;10;0,0;0;1830
Lukas Fröde;D (C), DM, M (C);30;45K € - 475K €;3. Liga;Germany;3,2;9,0;36%;0,0;0%;0;0,0;0,4;0,1;92%;5,7;0;1,0;7,2;1,9;1,6;0,1;0,2;0;61,2;4,3;9,6;0,4;0,0;26;0,0;0,7;0,1;0,2;0,0;11,9;0,0;5,6;0,0;0,1;3,4;0,0;0,1;0;0,7;61;-0.67;31;0,0;0;1507
Tim Campulka;D (C), DM;26;80K € - 275K €;3. Liga;Germany;3,2;10,0;0%;0,2;0%;0;0,0;0,3;0,0;93%;3,7;0;1,7;1,7;0,6;0,3;0,0;0,0;0;46,2;3,0;3,3;0,3;0,0;6;0,0;0,0;0,5;0,7;0,0;10,3;0,0;6,4;0,0;0,1;3,7;0,0;0,1;50;0,7;57;-0.02;9;0,0;0;1980
Niklas Hoffmann;D (C), DM;28;24K € - 240K €;3. Liga;Germany;3,7;13,2;25%;0,1;0%;0;0,0;0,4;0,0;89%;6,0;0;1,0;2,4;0,9;0,5;0,2;0,1;0;49,2;4,4;7,9;0,4;0,0;8;0,0;0,2;0,6;0,9;0,0;10,7;0,0;7,3;0,0;0,0;5,2;0,0;0,0;0;1,9;71;-0.2;15;0,0;0;1464
Tobias Kraulich;D (C), DM;26;85K € - 300K €;3. Liga;Germany;3,1;11,3;50%;0,0;0%;0;0,0;0,1;0,1;91%;4,8;0;1,1;3,1;1,0;0,4;0,0;0,1;0;49,1;2,7;5,7;0,1;0,0;8;0,0;0,3;0,6;0,7;0,0;10,2;0,0;5,2;0,0;0,0;3,9;0,0;0,0;0;0,7;74;-0.33;12;0,0;0;1813
Oualid Mhamdi;D (RC), WB (R);22;55K € - 550K €;3. Liga;Germany;4,2;12,7;20%;0,1;0%;0;0,0;1,7;0,2;84%;18,3;0;0,7;9,3;2,6;1,9;0,3;0,1;0;56,6;8,8;25,6;2,0;2,6;31;1,6;0,3;0,6;1,0;0,0;13,2;0,0;5,0;0,2;7,2;3,3;0,2;9,8;20;0,8;65;-0.15;37;0,0;0;1507
Brian Behrendt;D (C), DM;34;0 € - 30K €;Regional Div. North;Germany;3,6;18,7;0%;0,2;0%;0;0,0;0,4;0,2;91%;2,8;0;1,1;2,5;1,0;0,4;0,1;0,0;0;42,9;2,5;3,1;0,9;0,0;7;0,0;0,5;1,3;0,6;0,0;9,5;0,1;6,3;0,1;0,1;5,0;0,0;0,1;0;1,0;79;-0.94;11;0,1;0;1406
Yari Otto;M/AM (C), ST (C);26;80K € - 800K €;3. Liga;Germany;2,0;9,7;29%;0,0;0%;0;0,0;0,8;0,3;91%;7,0;0;0,4;7,6;1,9;0,8;1,0;0,3;0;48,5;5,3;9,4;0,8;0,3;14;0,2;1,2;0,1;0,3;0,0;9,5;0,0;2,0;0,1;0,6;0,8;0,2;0,6;36;0,0;39;-0.63;17;0,0;0;1641
Janne Sietan;D (RC), DM, M (C);23;12K € - 120K €;3. Liga;Germany;2,7;11,5;44%;0,2;0%;0;0,0;0,3;0,1;87%;8,2;0;1,4;4,8;1,2;1,6;0,2;0,2;0;56,9;4,4;13,1;0,4;0,0;28;0,0;0,5;0,1;0,2;0,0;11,4;0,0;5,5;0,0;0,0;3,2;0,1;0,3;0;0,8;59;-0.61;38;0,0;0;1542
Alexander Mühling;DM, M/AM (C);33;10K € - 100K €;Regional Div. West;Germany;1,3;16,8;20%;0,0;7%;0;0,0;0,9;0,7;92%;8,4;0;0,5;3,1;0,9;0,7;0,4;0,2;0;27,9;3,4;5,4;1,8;0,1;12;0,1;0,9;0,1;0,1;0,1;5,9;0,1;0,8;0,3;0,2;0,5;0,3;6,1;15;0,3;57;-0.56;16;0,1;0;1525
Jonas Arweiler;AM (L), ST (C);28;95K € - 325K €;3. Liga;Germany;1,0;2,4;54%;0,0;17%;0;0,0;1,1;0,4;88%;8,5;0;0,1;3,5;0,5;0,4;1,2;1,8;0;37,0;1,7;9,7;1,1;1,0;9;0,2;3,4;0,0;0,2;0,6;11,3;0,4;9,2;0,1;1,2;3,8;0,1;1,3;19;0,1;41;3.33;15;0,4;0;1847
Sven Sonnenberg;D (C);26;7K € - 70K €;3. Liga;Germany;3,8;11,4;17%;0,1;0%;0;0,0;0,2;0,0;90%;5,2;0;1,2;1,6;0,4;0,5;0,0;0,0;0;49,4;2,6;5,0;0,2;0,0;10;0,0;0,3;0,6;0,7;0,0;10,2;0,0;6,9;0,0;0,0;4,6;0,0;0,0;100;1,0;67;-0.41;14;0,0;0;1830
Arianit Ferati;DM, M/AM (C);28;28K € - 300K €;3. Liga;Germany;1,2;4,4;54%;0,0;15%;0;0,0;1,3;0,1;87%;8,5;0;0,3;5,9;1,2;0,6;1,2;1,0;0;34,6;2,8;10,9;1,7;0,7;8;0,2;1,9;0,1;0,2;0,3;12,0;0,2;1,5;0,1;0,7;0,1;0,1;4,3;11;0,0;10;1.26;13;0,2;0;1237
Dominik Nothnagel;D (LC);30;30K € - 325K €;3. Liga;Germany;3,2;9,1;67%;0,0;0%;0;0,0;0,1;0,0;90%;5,1;0;1,2;2,1;0,9;0,3;0,1;0,1;0;46,8;3,7;5,8;0,1;0,1;5;0,1;0,2;0,4;0,6;0,0;10,2;0,0;4,4;0,0;0,1;2,7;0,0;0,1;100;0,6;60;-0.3;7;0,0;0;1620
Robin Meißner;AM (RL), ST (C);26;50K € - 500K €;3. Liga;Germany;0,1;1,5;54%;0,0;20%;0;0,0;1,0;0,2;83%;5,0;0;0,1;2,1;0,2;0,1;0,7;1,2;0;17,0;1,0;6,8;1,0;0,3;2;0,1;2,3;0,1;0,2;0,5;10,8;0,4;10,7;0,1;0,7;2,1;0,1;0,7;18;0,1;20;0.79;2;0,4;0;1399
Christian Ortag;GK;30;90K € - 900K €;3. Liga;Germany;0,5;9,4;0%;0,0;0%;73;-0,3;0,0;0,0;62%;12,1;-5.35;4,6;0,0;0,0;0,0;0,0;0,0;86;22,7;1,1;0,1;0,0;0,0;0;0,0;0,0;0,0;0,0;0,0;4,9;0,0;0,0;0,0;0,0;0,0;0,0;0,0;0;0,0;0;0;3;0,0;28;1800
Nicolas Sessa;DM, M/AM (C);29;40K € - 400K €;3. Liga;Germany;2,3;5,8;43%;0,0;13%;0;0,0;1,6;0,5;88%;11,3;0;0,6;7,9;2,2;0,9;0,6;0,7;0;57,7;5,2;10,6;1,8;0,7;12;0,3;1,6;0,2;0,2;0,2;12,0;0,3;2,0;0,1;1,0;0,5;0,1;3,8;11;0,1;25;-0.89;21;0,3;0;1264
Florian Hübner;D (C);34;7K € - 26K €;3. Liga;Germany;2,8;10,9;100%;0,1;0%;0;0,0;0,3;0,1;81%;6,9;0;0,9;2,3;0,8;0,6;0,0;0,1;0;37,3;2,0;4,2;0,3;0,0;11;0,0;0,1;0,6;0,6;0,0;9,5;0,0;6,8;0,0;0,0;5,7;0,1;0,0;0;2,1;84;-0.1;17;0,0;0;1621
Marvin Stefaniak;M (RL), AM (RLC);30;60K € - 600K €;3. Liga;Germany;2,7;7,3;53%;0,1;5%;0;0,0;2,1;1,0;83%;20,1;0;0,5;9,6;2,1;1,4;1,3;0,9;0;47,3;4,1;13,7;2,7;6,1;16;1,3;1,7;0,0;0,5;0,1;12,4;0,1;4,5;0,3;6,8;1,0;0,2;12,0;14;0,0;22;0.33;21;0,1;0;1008
Simon Lorenz;D (C), DM;28;150K € - 500K €;3. Liga;Germany;3,4;10,6;100%;0,0;50%;0;0,0;0,1;0,1;92%;4,1;0;0,8;2,3;0,6;0,2;0,0;0,1;0;48,4;3,1;7,5;0,1;0,1;5;0,0;0,1;0,2;0,3;0,0;10,4;0,0;4,8;0,0;0,0;2,9;0,0;0,0;0;0,2;61;0.78;9;0,0;0;1937
Marcel Costly;D/WB/M/AM (R);30;55K € - 550K €;3. Liga;Germany;1,5;5,7;50%;0,0;7%;0;0,0;2,6;0,5;86%;17,4;0;0,4;6,4;1,3;1,0;0,7;0,8;0;44,9;4,1;15,5;3,4;7,2;18;1,7;1,5;0,2;0,3;0,1;12,1;0,1;3,8;0,3;8,3;1,4;0,3;13,9;17;0,1;37;-0.25;27;0,1;0;1675
Tim Sechelmann;D (LC), DM;26;45K € - 475K €;3. Liga;Germany;2,5;9,2;33%;0,1;17%;0;0,0;0,3;0,0;91%;5,4;0;1,3;2,7;0,9;0,5;0,3;0,1;0;56,8;4,0;10,1;0,3;0,0;7;0,0;0,4;0,3;0,4;0,1;10,8;0,0;4,6;0,0;0,0;2,6;0,0;0,3;20;0,2;57;0.85;13;0,0;0;1345
Dennis Chessa;M (R), AM (RC);33;50K € - 160K €;3. Liga;Germany;3,2;7,4;48%;0,0;13%;0;0,0;1,2;0,3;88%;13,6;0;0,5;8,9;2,1;2,1;1,2;1,2;0;45,2;3,6;22,3;1,6;4,8;33;0,4;2,5;0,1;0,4;0,3;13,1;0,2;3,5;0,1;2,7;1,1;0,4;5,0;15;0,0;31;1.05;40;0,2;0;1426
Meris Skenderović;AM (RL), ST (C);27;35K € - 120K €;Regional Div. Southwest;Germany;1,0;2,6;33%;0,1;11%;0;0,0;1,1;0,3;90%;18,2;0;0,2;2,7;0,8;0,3;0,8;0,8;0;28,8;0,9;6,3;1,1;1,5;4;0,3;2,3;0,0;0,3;0,3;10,2;0,3;8,9;0,1;0,5;2,8;0,2;0,5;50;0,0;31;-0.86;4;0,3;0;1072
Bryan Henning;DM, M/AM (C);30;50K € - 500K €;3. Liga;Germany;1,9;7,3;21%;0,0;8%;0;0,0;1,0;0,3;91%;6,2;0;0,7;5,6;1,6;1,0;1,0;0,3;0;48,1;4,8;11,4;1,1;0,7;17;0,2;1,5;0,4;0,5;0,1;12,2;0,1;2,7;0,1;0,5;0,4;0,2;0,8;28;0,1;14;0.02;21;0,1;0;1489
Tobias Eisenhuth;D (C), DM, M (C);24;20K € - 190K €;3. Liga;Germany;3,1;8,2;32%;0,1;5%;0;0,0;0,5;0,1;89%;7,4;0;0,5;6,2;1,5;0,8;1,0;0,4;0;56,2;6,4;12,7;0,6;0,2;15;0,1;1,1;0,3;0,4;0,1;12,2;0,0;2,3;0,0;0,2;1,2;0,0;1,3;7;0,2;52;0.41;22;0,0;0;1746
Sven Müller;GK;29;18K € - 180K €;Regional Div. Northeast;Germany;0,0;4,0;0%;0,0;0%;62;-0,2;0,0;0,0;79%;9,6;-3.95;4,3;0,0;0,0;0,0;0,0;0,0;88;24,5;0,0;0,0;0,0;0,0;0;0,0;0,0;0,0;0,0;0,0;5,5;0,0;0,0;0,0;0,0;0,0;0,0;0,0;0;0,0;0;0;1;0,0;25;1890
Nassim Boujellab;M/AM (C);26;26K € - 250K €;3. Liga;Germany;3,1;8,5;33%;0,0;3%;0;0,0;1,5;0,3;88%;10,6;0;1,0;7,6;1,8;2,0;1,6;0,7;0;57,7;6,0;11,8;2,1;0,6;36;0,8;2,0;0,1;0,3;0,1;11,7;0,1;1,4;0,2;1,3;0,6;0,2;4,9;28;0,0;44;-2.06;45;0,2;0;1603
Mika Schroers;M (L), AM (RL), ST (C);23;60K € - 600K €;3. Liga;Germany;2,2;7,1;61%;0,0;7%;0;0,0;1,8;0,7;89%;12,3;0;0,5;9,2;2,2;1,6;1,2;1,5;0;42,0;3,3;13,5;1,8;4,2;18;0,8;2,5;0,2;0,7;0,2;12,3;0,2;4,8;0,2;3,8;1,2;0,2;5,1;15;0,1;26;-0.24;27;0,2;0;1022
Yannik Möker;DM, M/AM (C);26;85K € - 300K €;Regional Div. North;Germany;2,6;13,8;18%;0,0;9%;0;0,0;1,3;0,2;91%;5,1;0;0,9;5,4;1,0;0,6;0,2;0,1;0;53,0;6,6;10,4;1,8;0,1;8;0,0;0,8;0,1;0,6;0,1;11,6;0,1;2,1;0,1;0,0;1,3;0,3;7,4;8;0,1;62;-0.24;14;0,1;0;1225
Danilo Wiebe;D (RC), DM;31;Not for Sale;3. Liga;Germany;3,2;9,2;25%;0,1;5%;0;0,0;0,4;0,0;90%;6,4;0;1,5;7,3;2,0;1,8;1,1;0,3;0;53,2;5,0;12,3;0,4;0,3;30;0,0;1,2;0,3;0,4;0,1;12,4;0,0;2,9;0,0;0,2;1,6;0,0;0,2;0;0,2;56;0.42;41;0,0;0;1498
Simon Handle;D/WB/M (L), AM (RL);32;0 € - 85K €;3. Liga;Germany;1,8;7,9;54%;0,3;0%;0;0,0;2,1;0,6;84%;14,2;0;0,9;10,0;2,8;2,5;1,0;0,6;0;51,3;4,3;25,4;2,1;2,3;29;1,1;1,1;0,1;0,3;0,0;13,3;0,0;3,9;0,2;6,5;1,5;0,2;6,8;16;0,1;38;-0.41;31;0,0;0;1047
Jannik Hofmann;D/WB (R);23;55K € - 550K €;3. Liga;Germany;3,8;10,8;67%;0,0;0%;0;0,0;1,5;0,4;86%;12,1;0;1,6;6,4;2,0;1,5;0,1;0,2;0;52,8;6,5;17,4;1,7;1,3;19;0,7;0,2;0,3;0,5;0,0;12,6;0,0;4,7;0,1;3,3;2,0;0,1;4,5;20;0,1;42;-0.17;24;0,0;0;1151
Christoph Ehlich;D/WB (RL);26;28K € - 275K €;Regional Div. Bavaria;Germany;3,0;16,3;25%;0,2;0%;0;0,0;1,3;0,2;89%;10,5;0;1,2;8,4;1,7;1,9;0,2;0,1;0;56,8;7,2;15,1;1,4;0,8;34;0,4;0,4;0,3;0,8;0,0;11,8;0,0;3,0;0,1;1,2;1,3;0,2;1,5;33;0,1;45;-0.49;38;0,0;0;1605
Gino Fechner;D (RC), WB (R), DM, M (C);28;14K € - 140K €;3. Liga;Germany;3,3;9,0;16%;0,2;0%;0;0,0;0,8;0,1;86%;9,1;0;0,8;7,3;2,1;1,5;0,9;0,2;0;43,9;3,6;14,5;0,9;0,4;28;0,4;1,0;0,3;0,5;0,0;12,3;0,1;3,0;0,0;1,7;1,7;0,1;2,4;20;0,3;57;-0.94;31;0,1;0;1629
Martin Männel;GK;37;5K € - 16K €;3. Liga;Germany;0,6;9,2;0%;0,0;0%;71;-0,4;0,0;0,0;67%;11,4;-6.55;7,1;0,0;0,0;0,1;0,0;0,0;85;22,1;1,4;0,1;0,0;0,0;1;0,0;0,0;0,0;0,0;0,0;6,6;0,0;0,0;0,0;0,0;0,0;0,0;0,0;0;0,0;0;0;3;0,0;28;1620
Lukas Rupp;DM, M (C), AM (RC);34;500 € - 6K €;Regional Div. Southwest;Germany;1,6;7,1;38%;0,0;8%;0;0,0;2,0;0,2;87%;15,4;0;0,9;9,2;2,0;1,7;0,3;0,7;0;44,2;4,0;14,1;2,0;3,7;22;1,3;1,8;0,0;0,4;0,2;10,9;0,2;3,8;0,0;3,3;1,1;0,1;3,6;36;0,1;28;-0.04;26;0,2;0;1179
Tim Rieder;D (RC), DM, M (C);32;16K € - 160K €;Regional Div. Northeast;Germany;2,8;14,3;33%;0,0;0%;0;0,0;0,7;0,2;92%;5,8;0;0,9;5,4;1,1;0,8;0,2;0,1;0;49,3;3,3;8,6;0,7;0,1;15;0,1;0,3;0,3;0,4;0,0;10,9;0,0;3,0;0,2;0,2;1,7;0,2;0,2;66;0,5;55;-0.54;19;0,0;0;1668
Cyrill Akono;AM (L), ST (C);25;6K € - 60K €;Regional Div. Northeast;Germany;0,5;2,1;39%;0,0;21%;0;0,0;1,0;0,1;90%;18,1;0;0,5;1,9;0,9;0,1;0,7;0,9;0;25,2;0,8;8,1;1,1;0,2;2;0,1;2,3;0,0;0,0;0,5;10,6;0,3;10,3;0,0;0,5;5,1;0,0;0,5;12;0,2;50;3.76;2;0,3;0;1488
Vincent Schaub;D/WB (R), M/AM (RL), ST (C);26;40K € - 140K €;Regional Div. West;Germany;2,8;9,8;40%;0,0;0%;0;0,0;1,7;0,2;84%;17,3;0;0,4;9,6;2,8;2,1;0,0;0,1;0;47,0;5,1;18,9;1,7;1,8;39;0,8;0,3;0,4;0,2;0,0;12,0;0,0;4,7;0,0;6,6;2,8;0,1;6,6;11;0,4;59;-0.85;51;0,0;0;1674
Sascha Mockenhaupt;D (RC), WB (R);34;0 € - 28K €;3. Liga;Germany;3,0;10,5;21%;0,0;0%;0;0,0;1,2;0,2;81%;14,0;0;0,6;7,9;2,0;1,3;0,5;0,2;0;43,3;3,4;19,7;1,2;1,6;24;0,6;0,8;0,4;0,6;0,0;12,4;0,0;4,8;0,1;4,1;3,2;0,2;4,1;15;0,5;66;-0.54;35;0,0;0;1676
Nico Neidhart;D/WB (RL);31;4,5K € - 45K €;3. Liga;Germany;2,6;11,0;100%;0,1;22%;0;0,0;1,7;0,6;88%;15,8;0;1,5;11,8;3,0;2,9;0,4;0,7;0;52,2;5,0;30,7;1,8;2,1;39;1,3;0,7;0,3;0,6;0,1;13,4;0,0;4,1;0,2;7,8;2,1;0,2;10,3;17;0,2;50;1.33;49;0,0;0;1229
Julian Riedel;D (RLC), DM;34;0 € - 24K €;Regional Div. West;Germany;2,4;22,1;0%;0,1;0%;0;0,0;0,2;0,2;87%;2,8;0;1,2;2,8;0,9;0,6;0,2;0,0;0;44,6;2,1;4,4;0,2;0,0;12;0,0;0,4;0,7;0,5;0,0;10,3;0,1;6,4;0,1;0,1;5,0;0,2;0,1;0;0,6;78;-1.21;13;0,1;0;1741
Julian Rieckmann;D (C), DM, M (C);25;170K € - 600K €;3. Liga;Germany;4,1;12,5;35%;0,1;6%;0;0,0;0,4;0,2;89%;7,3;0;0,8;11,0;3,2;1,7;0,7;0,4;0;57,3;6,2;13,4;0,4;0,4;29;0,0;1,0;0,1;0,2;0,1;12,6;0,1;3,8;0,0;0,2;2,0;0,1;0,2;0;0,1;53;-0.26;47;0,1;0;1528
Cedric Harenbrock;M (C), AM (LC);27;6K € - 60K €;3. Liga;Germany;1,6;4,5;41%;0,1;18%;0;0,0;1,1;0,2;87%;11,4;0;0,4;6,3;1,9;0,6;0,6;0,7;0;49,1;3,9;15,7;1,6;1,6;8;0,7;1,7;0,2;0,2;0,3;12,8;0,3;5,2;0,1;2,7;1,4;0,0;5,1;21;0,0;27;0.39;13;0,3;0;1149
Dennis Jastrzembski;M/AM (L);25;45K € - 475K €;3. Liga;Germany;2,7;6,6;54%;0,0;7%;0;0,0;2,9;0,8;88%;17,7;0;1,3;9,7;2,7;1,1;0,9;0,9;0;38,7;3,7;15,0;3,2;5,5;18;1,7;1,7;0,0;0,2;0,1;12,9;0,1;3,7;0,3;8,8;1,1;0,2;9,3;18;0,1;28;0.44;27;0,1;0;1442
Björn Rother;DM, M (C);29;50K € - 170K €;Regional Div. West;Germany;1,7;12,4;16%;0,0;8%;0;0,0;0,4;0,2;89%;8,7;0;0,6;4,3;0,9;0,6;0,3;0,2;0;35,9;2,2;6,6;1,1;0,1;13;0,1;1,1;0,4;0,3;0,1;7,4;0,2;2,3;0,1;0,2;1,3;0,1;0,4;22;0,1;58;-2.07;14;0,2;0;1961
Manuel Stiefler;D (C), DM, M (C);37;18K € - 60K €;Regional Div. Bavaria;Germany;2,8;16,6;13%;0,2;0%;0;0,0;0,7;0,2;90%;4,2;0;1,3;5,2;1,6;1,1;0,3;0,2;0;48,5;3,9;9,4;0,7;0,1;14;0,1;1,2;0,3;0,7;0,0;11,0;0,1;1,8;0,1;0,1;0,7;0,2;0,1;100;0,1;41;-1.59;18;0,1;0;1107
Florian Ballas;D (C);32;3K € - 28K €;Regional Div. Southwest;Germany;2,5;17,4;17%;0,2;0%;0;0,0;0,1;0,0;90%;3,2;0;1,3;2,8;1,2;0,9;0,0;0,1;0;41,7;2,5;3,9;0,1;0,0;12;0,0;0,5;0,6;0,9;0,0;9,7;0,1;5,5;0,1;0,0;4,1;0,0;0,0;0;1,4;74;-0.75;12;0,1;0;1137
Ahmet Gürleyen;D (C);26;160K € - 1,6M €;3. Liga;Germany;5,1;14,4;11%;0,2;0%;0;0,0;0,1;0,0;87%;6,4;0;1,2;2,6;0,6;0,9;0,2;0,1;0;49,1;2,9;3,7;0,1;0,1;16;0,0;0,5;0,4;0,6;0,0;10,4;0,0;6,5;0,0;0,0;5,9;0,0;0,0;0;0,9;92;-0.38;19;0,0;0;1530
Tom Baumgart;M/AM (RL), ST (C);28;5K € - 50K €;Regional Div. Northeast;Germany;2,1;6,2;52%;0,1;6%;0;0,0;1,5;0,2;89%;15,5;0;0,9;7,4;2,0;1,1;0,6;1,2;0;44,3;3,6;11,6;2,3;4,2;15;0,8;2,4;0,0;0,4;0,1;11,1;0,2;4,7;0,2;4,0;1,8;0,1;5,6;17;0,0;38;-1.19;23;0,2;0;1251
Leroy Kwadwo;D (LC), WB (L);29;0 € - 40K €;Regional Div. West;Germany;2,8;16,0;27%;0,1;9%;0;0,0;0,2;0,1;86%;2,8;0;1,4;2,7;1,4;0,8;0,2;0,2;0;41,2;2,6;4,0;0,2;0,0;15;0,0;0,6;1,1;0,9;0,1;10,3;0,1;4,0;0,0;0,1;2,9;0,1;0,1;0;0,7;73;-0.26;19;0,1;0;1645
Saša Strujić;D (LC), WB/M (L);34;0 € - 35K €;3. Liga;Germany;3,8;11,0;0%;0,2;0%;0;0,0;0,6;0,1;90%;9,3;0;1,2;3,4;1,2;1,6;0,1;0,0;0;54,5;6,1;10,8;0,6;0,3;23;0,1;0,1;0,3;0,8;0,0;11,2;0,0;3,3;0,0;1,4;2,3;0,0;2,4;2;0,2;69;-0.02;29;0,0;0;1316
Jonathan Meier;D/WB (L);26;30K €;3. Liga;Germany;3,2;9,9;20%;0,2;0%;0;0,0;1,3;0,2;86%;12,3;0;1,3;5,9;1,6;1,7;0,3;0,1;0;46,8;6,6;18,0;1,4;1,4;29;0,9;0,3;0,1;0,7;0,0;12,4;0,0;2,7;0,1;4,9;1,3;0,1;5,7;15;0,4;47;-0.15;34;0,0;0;1503
Lamar Yarbrough;D (C), DM;29;5K € - 55K €;3. Liga;Germany;3,0;14,0;11%;0,1;0%;0;0,0;0,3;0,1;83%;9,0;0;1,3;3,0;0,9;0,8;0,2;0,1;0;49,7;2,5;6,5;0,3;0,1;15;0,1;0,5;0,2;0,3;0,0;10,4;0,0;6,4;0,0;0,1;5,1;0,1;0,1;100;1,6;80;-0.26;21;0,0;0;1627
Erik Majetschak;D (C), DM, M (C);25;140K € - 475K €;3. Liga;Germany;2,6;10,3;40%;0,3;10%;0;0,0;1,1;0,1;89%;8,1;0;0,5;6,1;1,6;0,9;0,7;0,5;0;68,3;6,4;15,1;1,1;0,3;15;0,0;1,2;0,3;0,5;0,1;12,1;0,1;2,8;0,0;0,1;1,3;0,0;0,3;0;0,1;47;0.29;27;0,1;0;1508
Jayson Videira;M (R), AM (RL), ST (C);20;220K € - 650K €;Regional Div. Southwest;Germany;1,0;1,9;38%;0,1;8%;0;0,0;1,9;0,1;89%;16,7;0;0,5;7,3;3,0;1,7;0,8;0,9;0;40,9;2,9;14,3;1,9;5,0;28;0,9;2,4;0,0;0,1;0,2;12,2;0,3;4,8;0,0;5,9;2,9;0,0;5,9;15;0,1;61;-1.45;38;0,3;0;1501
Leon Damer;M (R), AM (RL), ST (C);25;14K € - 130K €;Regional Div. Northeast;Germany;2,3;8,5;48%;0,0;12%;0;0,0;2,1;0,1;88%;20,8;0;0,5;8,9;2,3;1,7;0,8;0,8;0;42,4;3,6;14,8;2,6;3,9;27;1,3;1,6;0,0;0,3;0,2;12,3;0,2;3,0;0,2;6,1;0,9;0,1;9,5;20;0,0;29;0.39;30;0,2;0;1421
Iba May;DM, M (C);27;3K € - 30K €;Regional Div. Northeast;Germany;2,2;16,8;0%;0,1;0%;0;0,0;0,4;0,3;89%;6,9;0;0,8;5,9;2,2;1,3;0,2;0,0;0;44,4;3,4;9,0;0,6;0,4;27;0,1;0,7;0,6;0,6;0,0;11,3;0,1;3,5;0,1;0,2;1,9;0,0;0,5;18;0,4;54;-1.5;34;0,1;0;1891
Patrick Schmidt;AM (L), ST (C);32;75K € - 250K €;3. Liga;Germany;1,2;3,3;63%;0,0;37%;0;0,0;0,9;0,4;87%;6,9;0;0,2;3,2;0,8;0,2;0,5;1,3;0;30,8;1,6;7,2;0,9;1,1;2;0,0;2,1;0,2;0,2;0,8;11,2;0,4;9,3;0,1;0,5;4,4;0,2;0,5;0;0,2;47;4.9;4;0,4;0;1154
Nunoo Sarpei;D (C), DM, M (C);27;0 € - 50K €;Regional Div. Southwest;Germany;2,8;13,8;33%;0,1;33%;0;0,0;0,7;0,0;89%;5,4;0;1,1;5,2;1,5;0,9;0,0;0,1;0;47,7;3,0;9,7;0,7;0,1;13;0,1;0,2;0,3;0,5;0,1;11,9;0,0;3,6;0,1;0,2;2,1;0,1;0,2;33;0,3;58;0.51;15;0,0;0;1338
Niklas Castelle;AM (RLC), ST (C);23;26K € - 250K €;3. Liga;Germany;2,0;6,6;46%;0,0;11%;0;0,0;1,4;0,5;87%;12,7;0;0,4;8,6;1,9;1,3;0,5;1,1;0;44,9;2,9;16,2;1,4;2,7;20;0,8;2,3;0,1;0,1;0,3;12,4;0,3;5,2;0,2;5,3;1,9;0,3;5,4;15;0,0;37;-0.29;25;0,3;0;1344
Leon Bürger;DM, M (C), AM (LC);26;8K € - 80K €;Regional Div. Northeast;Germany;0,0;11,8;50%;0,0;33%;0;0,0;0,4;0,5;78%;14,2;0;0,0;0,1;0,0;0,0;0,1;0,3;0;0,8;0,1;0,2;0,4;0,0;0;0,0;0,5;0,0;0,0;0,2;0,3;0,1;0,0;0,2;0,0;0,0;0,3;0,0;0;0,0;0;1.26;0;0,1;0;1022
Philip Türpitz;M/AM (RL), ST (C);34;1,5K € - 14K €;Regional Div. Northeast;Germany;2,2;5,7;30%;0,1;18%;0;0,0;1,8;0,3;90%;13,5;0;0,7;9,7;1,8;1,0;0,7;0,7;0;40,9;3,7;13,8;1,8;4,2;13;0,9;2,4;0,0;0,1;0,4;10,6;0,2;3,1;0,2;4,5;0,6;0,2;4,5;19;0,0;19;2.64;22;0,2;0;1229
Pierre Nadjombe;D/WB (RL);22;300K € - 1,1M €;3. Liga;Germany;4,4;11,9;25%;0,2;0%;0;0,0;1,5;0,5;90%;13,3;0;1,5;6,5;1,8;2,3;0,4;0,1;0;59,4;10,3;19,1;1,6;2,2;43;1,2;0,4;0,2;0,6;0,0;12,9;0,0;4,1;0,2;7,1;2,5;0,4;7,1;17;0,2;60;-0.3;54;0,0;0;1704
Michel Stöcker;D (LC), WB (L);26;20K € - 200K €;3. Liga;Germany;3,6;9,8;17%;0,2;0%;0;0,0;0,3;0,0;88%;5,4;0;1,1;2,3;0,6;0,5;0,1;0,0;0;44,7;3,5;6,2;0,3;0,0;11;0,0;0,3;0,4;0,7;0,0;10,7;0,0;5,0;0,0;0,3;2,9;0,0;0,3;12;0,7;57;-0.46;14;0,0;0;2073
Felix Herzenbruch;D (LC), WB (L);33;2,5K € - 24K €;Regional Div. West;Germany;3,2;16,2;11%;0,0;0%;0;0,0;1,2;0,0;90%;9,8;0;1,0;5,9;1,6;1,5;0,2;0,1;0;52,0;5,3;11,0;1,2;0,4;25;0,2;0,6;1,2;0,3;0,0;11,1;0,0;4,0;0,1;1,6;2,6;0,2;1,6;11;0,8;64;-0.7;31;0,0;0;1470
Mattis Hoppe;D (R), WB (RL);22;60K € - 600K €;3. Liga;Germany;3,2;10,9;43%;0,0;0%;0;0,0;1,3;0,5;88%;8,7;0;0,9;7,5;2,0;1,7;0,4;0,2;0;54,7;7,8;17,4;1,3;0,9;27;0,7;0,4;0,3;0,6;0,0;12,5;0,0;4,4;0,2;2,5;1,5;0,1;2,5;28;0,3;33;-0.26;30;0,0;0;1423
Noah Brdar;GK;20;26K € - 250K €;3. Liga;Germany;0,4;9,4;0%;0,0;0%;71;-0,4;0,1;0,0;65%;11,1;-6.22;4,1;0,0;0,0;0,1;0,0;0,0;83;23,4;1,2;0,0;0,1;0,0;1;0,0;0,0;0,0;0,0;0,0;4,8;0,0;0,0;0,0;0,0;0,0;0,0;0,0;0;0,0;0;0;2;0,0;25;1375
Marc Hornschuh;D (C), DM;34;0 € - 5K €;Regional Div. Southwest;Germany;2,2;19,6;0%;0,1;0%;0;0,0;0,2;0,0;90%;4,4;0;0,7;3,5;1,3;0,8;0,1;0,0;0;46,6;3,0;5,2;0,2;0,1;12;0,1;0,3;0,9;0,3;0,0;10,0;0,1;5,4;0,0;0,3;3,4;0,1;0,3;40;1,1;62;-1.06;16;0,1;0;1356
Paul Pöpperl;DM, M/AM (C);22;120K € - 1,2M €;Regional Div. West;Germany;2,9;14,6;33%;0,1;5%;0;0,0;0,7;0,2;93%;7,3;0;0,2;6,2;1,4;1,2;0,4;0,4;0;50,6;3,7;11,8;0,8;0,8;20;0,0;1,2;0,2;0,2;0,1;11,7;0,1;2,3;0,1;0,2;0,6;0,2;2,8;14;0,0;26;-0.7;24;0,1;0;1514
Tarsis Bonga;AM (R), ST (C);28;4,5K € - 45K €;Regional Div. Bavaria;Germany;1,1;3,0;59%;0,0;20%;0;0,0;1,1;0,3;90%;15,4;0;0,3;2,3;0,7;0,5;1,0;1,8;0;29,2;0,9;8,1;1,1;1,2;8;0,2;3,0;0,0;0,1;0,6;10,3;0,4;10,9;0,1;1,0;5,6;0,1;1,0;17;0,3;51;3.74;10;0,4;0;1515
Silas Ostrzinski;GK;22;2,5K € - 24K €;Regional Div. West;Germany;0,0;3,3;0%;0,0;0%;80;0,2;0,0;0,0;77%;7,6;3.43;3,4;0,0;0,0;0,0;0,0;0,0;89;24,0;0,0;0,0;0,0;0,0;0;0,0;0,0;0,0;0,0;0,0;5,4;0,0;0,0;0,0;0,0;0,0;0,0;0,0;0;0,0;0;0;1;0,0;16;1890
Jan-Luca Rumpf;D (RLC);26;18K € - 180K €;Regional Div. West;Germany;3,0;17,8;16%;0,0;5%;0;0,0;0,1;0,2;86%;2,8;0;1,3;2,5;0,6;0,3;0,2;0,1;0;42,0;1,5;3,4;0,1;0,0;7;0,0;0,9;0,7;1,1;0,0;9,2;0,1;5,5;0,1;0,0;3,8;0,0;0,0;0;1,4;70;-0.77;11;0,1;0;1995
Sandro Plechaty;D/WB (R), M (RL);28;12K € - 130K €;Regional Div. North;Germany;3,6;11,4;25%;0,1;0%;0;0,0;0,7;0,3;89%;14,5;0;0,8;6,1;1,3;1,1;0,5;0,3;0;54,1;6,3;14,1;0,7;0,7;21;0,7;1,2;1,2;0,8;0,0;11,5;0,1;5,2;0,1;3,1;2,7;0,1;3,1;22;0,5;51;-2.22;24;0,1;0;1787
Faton Ademi;DM, M (C), AM (R);19;400K € - 1,4M €;3. Liga;Germany;2,3;8,7;44%;0,1;6%;0;0,0;1,0;0,1;91%;8,6;0;0,6;6,3;2,0;1,1;0,8;0,5;0;68,5;8,2;13,1;1,1;0,7;16;0,1;1,1;0,1;0,3;0,1;12,6;0,1;2,3;0,1;0,5;0,9;0,0;0,7;20;0,1;39;0.08;24;0,1;0;1286
Moritz Seiffert;D/WB/M/AM (L);25;24K € - 240K €;3. Liga;Germany;2,7;8,7;44%;0,0;11%;0;0,0;1,3;0,3;88%;13,4;0;0,8;7,7;2,3;1,9;0,2;0,4;0;50,1;6,1;16,4;1,4;2,2;21;1,0;0,8;0,2;0,3;0,1;12,6;0,1;4,1;0,1;4,1;1,4;0,0;4,6;21;0,0;35;-0.19;30;0,1;0;1007
Ekin Çelebi;D/WB/M (L), AM (RL);25;12K € - 120K €;3. Liga;Germany;4,3;13,6;18%;0,2;0%;0;0,0;0,8;0,1;82%;16,0;0;1,1;8,3;2,0;1,8;0,4;0,1;0;59,4;7,8;17,1;0,9;1,3;31;0,2;0,7;0,4;0,8;0,0;12,9;0,0;5,2;0,0;4,1;2,6;0,1;5,4;5;0,1;49;-0.65;39;0,0;0;1509
Jannes Vollert;D (C), DM, M (C);27;24K € - 80K €;Regional Div. North;Germany;3,0;22,7;10%;0,1;0%;0;0,0;0,7;0,2;87%;4,1;0;1,2;3,5;1,4;0,8;0,2;0,1;0;44,4;3,3;4,6;0,7;0,1;14;0,0;0,6;0,2;0,7;0,0;10,0;0,1;5,3;0,1;0,1;3,9;0,1;0,1;0;0,6;73;-1.11;17;0,1;0;1572
Maximilian Pronichev;AM (RC), ST (C);28;22K € - 220K €;Regional Div. Southwest;Germany;1,7;6,0;40%;0,0;12%;0;0,0;1,5;0,2;91%;17,5;0;0,6;9,1;1,4;0,9;0,6;1,0;0;41,9;3,0;12,4;1,5;3,4;15;1,0;2,5;0,0;0,3;0,3;11,1;0,3;3,5;0,1;4,0;1,4;0,1;4,0;26;0,1;40;0.56;22;0,3;0;1549
Maximilian Thalhammer;D (C), DM, M/AM (C);28;90K €;3. Liga;Germany;2,7;9,5;17%;0,0;0%;0;0,0;0,7;0,0;88%;7,0;0;0,7;10,2;2,4;1,8;0,8;0,1;0;53,5;5,6;14,8;0,7;0,1;24;0,0;0,9;0,6;0,7;0,0;12,4;0,0;3,6;0,1;0,1;2,0;0,0;0,1;0;0,2;55;-0.29;30;0,0;0;1213
Tim Walbrecht;D (C), DM;24;20K € - 200K €;Regional Div. North;Germany;2,8;17,7;33%;0,1;0%;0;0,0;0,6;0,3;90%;3,8;0;0,7;4,4;1,4;0,8;0,0;0,2;0;48,1;2,8;7,8;0,6;0,0;15;0,1;0,5;0,3;0,4;0,0;10,8;0,0;2,5;0,2;0,1;1,5;0,1;0,1;100;0,3;60;-0.85;25;0,0;0;1683
Kevin Goden;M (R), AM (RL), ST (C);26;18K € - 180K €;Regional Div. West;Germany;1,4;5,9;46%;0,0;15%;0;0,0;1,6;0,4;89%;15,6;0;0,3;8,8;1,6;1,3;0,7;1,1;0;41,1;3,4;16,2;1,6;2,8;26;0,9;2,4;0,0;0,1;0,3;11,6;0,2;4,5;0,1;3,5;1,2;0,1;3,5;25;0,1;28;2.73;36;0,2;0;1815
Paterson Chato;D (C), DM, M (C);29;18K € - 170K €;Regional Div. West;Germany;2,5;19,5;8%;0,0;0%;0;0,0;0,3;0,0;93%;3,0;0;0,8;3,2;0,9;0,5;0,4;0,0;0;44,7;2,7;5,4;0,3;0,1;11;0,0;0,6;0,5;1,0;0,0;10,7;0,0;3,8;0,0;0,0;2,3;0,1;0,0;0;0,5;62;-0.97;12;0,0;0;1966
Phillip König;AM (RL), ST (C);25;14K € - 130K €;Regional Div. Northeast;Germany;1,8;3,8;44%;0,0;14%;0;0,0;1,1;0,2;85%;14,7;0;0,4;6,6;1,6;1,0;0,6;0,9;0;38,2;1,8;11,7;1,1;3,5;17;0,7;2,1;0,0;0,3;0,3;10,6;0,2;6,9;0,1;3,4;1,5;0,0;3,7;20;0,1;22;1.05;18;0,2;0;1575
Stelios Kokovas;D (L);24;0 € - 85K €;Regional Div. North;Germany;3,8;17,5;0%;0,0;0%;0;0,0;1,6;0,4;86%;13,2;0;1,6;6,6;1,4;1,2;0,2;0,0;0;56,1;6,6;14,0;1,6;1,3;24;0,5;0,3;0,9;0,7;0,0;11,8;0,0;5,1;0,2;3,6;3,7;0,1;4,4;17;0,6;73;-0.41;29;0,0;0;1781
Louis Lord;GK;22;18K € - 180K €;Regional Div. Southwest;Germany;0,0;3,5;0%;0,0;0%;76;0,4;0,0;0,0;74%;7,8;8.13;2,8;0,0;0,0;0,0;0,0;0,0;87;24,4;0,0;0,0;0,0;0,0;0;0,0;0,0;0,0;0,0;0,0;4,9;0,0;0,0;0,0;0,0;0,0;0,0;0,0;0;0,0;0;0;0;0,0;18;1800
Lucas Cueto;M (L), AM (RL);29;60K € - 200K €;Regional Div. West;Germany;1,9;5,7;27%;0,0;5%;0;0,0;1,5;0,7;90%;16,7;0;0,4;8,3;1,4;1,2;0,4;0,3;0;45,0;3,1;14,4;2,3;3,8;23;0,6;1,2;0,0;0,2;0,1;11,9;0,2;4,5;0,1;3,7;1,8;0,2;9,3;11;0,0;41;-1.94;24;0,2;0;1720
Mustafa Abdullatif;M (C), AM (RLC);22;10K € - 110K €;Regional Div. North;Germany;1,8;14,7;42%;0,0;15%;0;0,0;1,5;0,1;87%;12,7;0;0,6;6,0;0,9;0,4;0,6;1,0;0;41,2;2,3;9,8;1,7;2,2;4;0,0;2,3;0,0;0,3;0,4;11,2;0,3;1,9;0,2;0,4;0,4;0,3;1,8;5;0,0;19;1.17;8;0,3;0;1013
Luca Menke;D (RC), DM;25;14K € - 140K €;Regional Div. North;Germany;2,6;21,2;15%;0,2;0%;0;0,0;0,4;0,2;85%;3,4;0;1,2;2,7;1,2;0,7;0,4;0,1;0;46,6;2,1;3,1;0,4;0,0;16;0,0;0,9;0,7;0,6;0,0;9,8;0,1;6,9;0,1;0,1;5,4;0,3;0,1;0;1,4;78;-1.34;16;0,1;0;2043
Robert Berger;D (RC), WB/M (R);29;8K € - 85K €;Regional Div. Northeast;Germany;3,4;14,5;17%;0,0;6%;0;0,0;0,7;0,1;90%;13,7;0;1,1;6,1;1,3;1,0;0,6;0,2;0;53,8;6,3;13,6;0,7;0,7;13;0,4;1,3;1,0;0,6;0,1;10,3;0,1;5,2;0,2;2,2;3,4;0,0;2,2;20;0,6;67;-0.84;16;0,1;0;1202
Philipp Müller;DM, M (C);21;275K € - 2,8M €;3. Liga;Germany;2,6;7,1;22%;0,1;0%;0;0,0;0,5;0,2;91%;4,6;0;0,5;5,9;1,9;1,3;0,5;0,2;0;39,0;3,5;12,2;0,5;0,5;17;0,0;0,7;0,2;0,2;0,0;12,0;0,0;2,4;0,0;0,2;1,2;0,0;0,2;0;0,1;52;-0.64;29;0,0;0;1185
Joscha Wosz;M/AM (C);23;26K € - 275K €;Regional Div. Northeast;Germany;0,0;10,4;15%;0,0;0%;0;0,0;0,1;0,1;0%;14,2;0;0,0;0,0;0,0;0,0;0,2;0,1;0;0,0;0,0;0,0;0,1;0,0;0;0,0;0,8;0,0;0,0;0,0;0,0;0,1;0,0;0,0;0,0;0,0;0,1;0,4;16;0,0;0;-1.74;0;0,1;0;1527
Patrick Sussek;M/AM (RL);25;140K € - 1,4M €;3. Liga;Germany;2,4;8,3;53%;0,0;9%;0;0,0;1,2;0,5;86%;14,8;0;0,6;10,3;2,9;2,7;1,6;1,3;0;42,9;3,8;16,3;1,6;3,4;34;0,6;2,5;0,0;0,2;0,2;12,8;0,2;4,1;0,2;3,8;0,9;0,2;5,6;16;0,0;23;0.26;47;0,2;0;1146
Jeremie Niklaus;D/WB/M/AM (R);20;16K € - 160K €;Regional Div. North;Germany;2,6;12,1;22%;0,0;7%;0;0,0;1,1;0,4;85%;11,4;0;0,3;6,2;1,7;1,0;0,6;0,4;0;53,3;6,4;10,8;1,1;1,5;16;0,8;1,7;0,1;0,5;0,1;11,3;0,1;5,3;0,1;3,8;3,7;0,2;4,2;22;0,1;70;-0.32;18;0,1;0;1414
Lucas Laux;D (C), DM;23;45K € - 150K €;Regional Div. Southwest;Germany;3,2;17,3;21%;0,1;4%;0;0,0;0,7;0,3;86%;5,3;0;1,1;5,9;1,7;1,3;0,5;0,3;0;51,9;3,3;9,3;0,7;0,1;26;0,1;1,2;0,4;0,5;0,1;11,4;0,1;2,8;0,2;0,2;1,4;0,2;0,2;33;0,5;49;-0.52;29;0,1;0;1753
Lasse Wilhelm;D (RC), WB (R), DM;22;110K € - 350K €;3. Liga;Germany;2,8;11,1;50%;0,0;50%;0;0,0;0,1;0,0;86%;7,0;0;1,1;2,3;0,4;0,3;0,1;0,1;0;49,8;3,1;4,7;0,1;0,0;5;0,0;0,1;0,3;0,5;0,1;10,3;0,0;5,2;0,0;0,1;3,2;0,1;0,1;0;0,1;62;0.92;9;0,0;0;1500
Felix Göttlicher;D (C);23;12K € - 120K €;Regional Div. North;Germany;4,2;18,5;0%;0,1;0%;0;0,0;0,3;0,0;89%;2,5;0;1,2;2,1;0,8;0,5;0,2;0,0;0;43,6;1,8;2,5;0,3;0,0;9;0,0;0,5;0,3;0,6;0,0;9,3;0,1;7,5;0,1;0,1;5,9;0,1;0,1;0;1,3;78;-1.35;10;0,1;0;1709
Tim Maciejewski;M (RL), AM (RLC);24;50K € - 180K €;Regional Div. Northeast;Germany;1,9;5,0;37%;0,0;7%;0;0,0;2,0;0,2;92%;16,5;0;0,5;7,7;1,9;1,0;0,7;0,6;0;41,6;3,2;15,0;2,5;3,8;19;1,2;1,6;0,0;0,2;0,1;12,4;0,1;5,1;0,2;6,2;1,8;0,1;12,5;14;0,1;34;0.08;27;0,1;0;1638
Kaan Kurt;D/WB (R);24;45K € - 160K €;Regional Div. West;Germany;3,4;15,7;8%;0,0;0%;0;0,0;0,9;0,1;88%;12,3;0;0,8;6,5;1,4;1,2;0,2;0,0;0;54,6;6,5;13,7;1,5;0,9;25;0,2;0,6;0,5;0,3;0,0;11,0;0,0;3,9;0,1;2,4;2,2;0,2;9,0;10;0,4;56;-1.06;31;0,0;0;1940
Thomas Meißner;D (C);34;500 € - 4K €;3. Liga;Germany;3,2;11,8;0%;0,4;0%;0;0,0;0,2;0,0;86%;6,6;0;1,7;2,6;0,5;0,5;0,0;0,0;0;41,3;2,2;4,5;0,2;0,0;10;0,0;0,2;0,6;0,7;0,0;10,0;0,0;6,9;0,0;0,0;4,8;0,0;0,0;0;1,0;69;-0.2;16;0,0;0;1689
Nils Winter;D (RL), WB/M (R);32;2K € - 20K €;Regional Div. West;Germany;3,5;15,2;20%;0,2;0%;0;0,0;0,5;0,2;86%;11,2;0;1,1;5,7;1,2;1,1;0,2;0,2;0;50,7;6,2;11,3;0,5;0,3;14;0,3;0,8;0,2;0,9;0,0;10,4;0,1;4,6;0,1;1,8;3,2;0,1;1,8;16;0,2;69;-1.45;16;0,1;0;1186
Phil Sieben;DM, M/AM (C);26;4K € - 40K €;Regional Div. West;Germany;1,1;14,8;50%;0,0;0%;0;0,0;0,3;0,4;90%;10,0;0;0,3;1,7;0,7;0,5;0,1;0,1;0;23,7;1,8;4,7;0,3;0,2;8;0,1;0,1;0,0;0,1;0,0;5,0;0,0;0,8;0,2;0,1;0,5;0,2;0,1;100;0,0;69;-0.17;11;0,0;0;1498
Alexander Hahn;D (C), DM;32;Not for Sale;3. Liga;Germany;3,1;14,4;20%;0,1;20%;0;0,0;0,2;0,1;84%;8,2;0;1,3;2,8;0,9;0,7;0,0;0,0;0;50,2;3,4;5,9;0,4;0,0;15;0,0;0,2;0,8;0,9;0,0;10,4;0,0;7,3;0,0;0,0;5,5;0,0;0,2;75;1,2;76;0.57;18;0,0;0;1890
Felix Drinkuth;M (R), AM (RL), ST (C);31;45K € - 160K €;Regional Div. North;Germany;2,1;7,7;42%;0,0;16%;0;0,0;2,2;0,5;89%;16,1;0;0,6;7,8;2,8;1,9;0,8;0,9;0;42,1;3,6;13,9;3,1;4,1;35;1,6;2,1;0,0;0,2;0,3;11,5;0,2;4,5;0,2;6,2;1,9;0,4;6,2;26;0,1;43;2.25;39;0,2;0;1667
Moritz Schulze;GK;24;0 € - 130K €;Regional Div. North;Germany;0,0;3,7;0%;0,0;0%;77;0,2;0,0;0,0;74%;9,4;3.15;4,4;0,0;0,0;0,1;0,0;0,0;89;25,8;0,0;0,0;0,0;0,0;1;0,0;0,0;0,0;0,0;0,0;5,5;0,0;0,0;0,0;0,0;0,0;0,0;0,0;0;0,0;0;0;1;0,0;14;1539
Moritz Stoppelkamp;M/AM (RL);39;1,5K € - 16K €;Regional Div. West;Germany;2,0;5,3;41%;0,0;15%;0;0,0;1,6;0,3;89%;15,0;0;0,4;9,2;2,7;2,2;0,6;0,6;0;43,3;5,4;15,3;1,6;3,2;43;0,9;1,4;0,0;0,3;0,2;11,1;0,1;4,4;0,2;4,5;1,1;0,2;6,0;19;0,1;25;1.66;53;0,1;0;1753
Nils Ortel;D (RC), DM;21;12K € - 120K €;Regional Div. Bavaria;Germany;2,5;15,8;33%;0,1;0%;0;0,0;0,6;0,2;90%;4,4;0;0,8;5,4;1,6;1,0;0,1;0,2;0;49,2;5,1;8,9;0,6;0,2;13;0,2;0,5;0,5;0,9;0,0;10,9;0,0;4,7;0,2;0,2;3,2;0,2;0,2;66;0,4;69;-0.51;17;0,0;0;1115
Mathias Fetsch;AM (C), ST (C);37;1,5K €;Regional Div. Southwest;Germany;0,7;3,1;46%;0,1;19%;0;0,0;1,2;0,3;93%;17,5;0;0,4;1,6;0,7;0,3;0,7;1,5;0;27,7;0,9;7,7;1,2;0,5;4;0,0;3,3;0,0;0,2;0,6;10,0;0,3;10,8;0,1;0,3;5,7;0,1;0,3;0;0,2;53;4.35;7;0,3;0;1326
Dario Gebuhr;D (RC);22;600K € - 1,4M €;Regional Div. Northeast;Germany;3,0;16,2;22%;0,0;6%;0;0,0;1,1;0,1;87%;12,9;0;1,2;5,1;1,4;1,2;0,3;0,2;0;53,2;6,1;12,5;1,1;0,3;24;0,4;0,9;1,1;0,7;0,0;11,2;0,1;5,5;0,0;2,3;3,4;0,0;2,3;19;0,5;62;-1.31;30;0,1;0;1805
Julian Schwermann;DM, M (C);26;4K € - 40K €;Regional Div. West;Germany;2,7;14,9;33%;0,1;33%;0;0,0;0,5;0,3;87%;6,2;0;0,8;5,4;1,5;1,1;0,1;0,1;0;44,8;3,4;9,1;0,5;0,1;20;0,1;0,2;0,3;0,2;0,1;11,8;0,0;3,6;0,1;0,2;2,2;0,1;0,2;33;0,6;60;0.89;26;0,0;0;1701
Nils Kaiser;D (R), M/AM (C);23;18K € - 190K €;Regional Div. Southwest;Germany;0,8;10,8;38%;0,0;4%;0;0,0;1,7;0,3;91%;21,4;0;0,3;3,1;1,1;0,7;0,7;0,9;0;43,3;2,4;6,9;1,7;0,6;8;0,0;2,3;0,0;0,1;0,1;12,2;0,3;6,1;0,2;1,5;1,2;0,1;1,5;0;0,1;20;-2.1;11;0,3;0;1037
Tidiane Touré;D/WB (R);21;325K € - 1,2M €;Regional Div. West;Germany;4,7;12,9;14%;0,0;0%;0;0,0;0,6;0,0;87%;12,8;0;1,0;5,1;1,3;1,0;0,6;0,2;0;50,0;5,3;15,0;0,6;0,8;12;0,5;1,7;0,6;0,8;0,0;12,0;0,1;4,9;0,1;2,8;3,5;0,3;2,8;17;0,2;72;-1.41;16;0,1;0;1112
Tim Hoops;D (C);20;45K € - 150K €;Regional Div. Northeast;Germany;3,4;16,5;14%;0,0;0%;0;0,0;0,2;0,0;83%;3,8;0;1,0;2,7;0,9;0,3;0,1;0,0;0;42,7;2,5;3,6;0,2;0,1;7;0,0;0,3;0,8;0,7;0,0;10,3;0,0;7,2;0,0;0,0;5,1;0,1;0,0;100;1,6;71;-0.42;10;0,0;0;1853
Minos Gouras;M (L), AM (RL), ST (C);27;18K € - 170K €;Regional Div. Southwest;Germany;1,8;5,1;29%;0,0;13%;0;0,0;2,1;0,4;90%;19,9;0;0,6;8,0;2,2;1,5;0,4;0,4;0;41,3;3,7;12,6;2,2;4,0;27;0,7;1,3;0,0;0,2;0,2;12,0;0,1;4,2;0,2;3,9;1,0;0,5;3,9;18;0,0;23;1.1;29;0,1;0;1666
Tobias Fleckstein;D (C);26;55K € - 550K €;3. Liga;Germany;2,4;11,4;22%;0,3;0%;0;0,0;0,1;0,0;84%;6,9;0;1,3;2,3;0,6;0,6;0,0;0,1;0;45,3;2,2;3,7;0,1;0,0;9;0,0;0,6;0,5;0,7;0,0;10,5;0,0;3,3;0,0;0,1;2,1;0,0;0,1;0;0,7;63;-0.61;13;0,0;0;1346
Lloyd-Addo Kuffour;D (L);23;40K € - 140K €;Regional Div. Northeast;Germany;3,0;13,7;29%;0,0;0%;0;0,0;1,2;0,1;86%;12,2;0;0,9;5,6;1,7;1,9;0,1;0,1;0;56,6;6,1;12,9;1,2;0,5;42;0,5;0,3;1,0;0,5;0,0;10,5;0,0;5,2;0,1;3,7;3,7;0,1;3,7;14;0,8;72;-0.77;48;0,0;0;1983
Niclas Stierlin;DM, M (C);25;28K € - 275K €;Regional Div. Northeast;Germany;0,0;12,7;35%;0,0;8%;0;0,0;0,2;0,1;0%;16,3;0;0,0;0,0;0,0;0,0;0,4;0,5;0;0,0;0,0;0,0;0,2;0,0;0;0,0;1,4;0,0;0,0;0,1;0,0;0,1;0,0;0,1;0,0;0,0;0,2;0,0;0;0,0;0;-0.63;0;0,1;0;1728
Leon Dajaku;AM (RLC);24;60K € - 600K €;3. Liga;Germany;1,7;5,6;57%;0,0;10%;0;0,0;1,6;0,4;89%;12,6;0;0,3;3,7;0,8;0,3;0,6;1,0;0;37,7;3,2;13,6;1,9;4,6;4;0,7;1,8;0,0;0,1;0,2;12,2;0,2;4,5;0,2;4,6;0,8;0,0;6,4;14;0,1;17;-0.35;7;0,2;0;1062
Benjamin Atiabou;D (RC);21;22K € - 210K €;Regional Div. North;Germany;2,4;15,6;22%;0,3;0%;0;0,0;0,4;0,1;84%;9,3;0;1,2;5,1;1,9;1,7;0,1;0,1;0;51,4;4,8;11,1;0,4;0,5;25;0,5;0,6;0,9;0,7;0,0;11,3;0,1;7,1;0,0;1,5;4,6;0,0;1,5;31;0,5;65;-1.54;27;0,1;0;1340
Jakob Korte;DM, M (C);22;85K € - 850K €;Regional Div. West;Germany;0,8;14,9;62%;0,0;31%;0;0,0;0,5;0,2;84%;12,8;0;0,3;1,5;0,5;0,3;0,3;0,5;0;12,2;1,5;2,5;0,6;0,0;5;0,0;0,8;0,3;0,1;0,3;3,1;0,1;0,6;0,3;0,1;0,3;0,1;0,1;0;0,2;50;2.75;5;0,1;0;1391
Eros Dacaj;M/AM (C);29;12K € - 120K €;Regional Div. Southwest;Germany;1,2;11,6;47%;0,0;11%;0;0,0;2,2;0,3;89%;17,0;0;0,5;3,3;1,3;0,5;0,3;0,7;0;42,3;3,0;11,5;3,1;1,0;7;0,2;1,4;0,0;0,1;0,1;12,9;0,2;4,1;0,3;1,2;1,2;0,4;10,3;16;0,1;30;-0.68;10;0,2;0;1244
Jan-Simon Symalla;AM (RLC);20;1,5M € - 3,5M €;3. Liga;Germany;2,6;7,7;38%;0,0;7%;0;0,0;2,6;1,0;88%;15,9;0;0,1;12,1;3,5;3,0;0,8;0,8;0;45,5;5,3;21,6;3,5;3,9;41;1,4;2,1;0,2;0,5;0,1;13,0;0,3;3,5;0,4;7,3;0,7;0,8;13,5;16;0,0;21;-1.73;45;0,3;0;1231
Can Özkan;D/WB (R), DM, M (C);26;3,5K € - 35K €;Regional Div. Northeast;Germany;2,1;13,4;29%;0,1;29%;0;0,0;1,1;0,5;87%;7,1;0;0,7;5,2;1,8;1,5;0,1;0,2;0;53,2;6,0;9,3;2,1;0,2;19;0,1;0,5;0,2;0,1;0,2;11,1;0,1;2,8;0,2;0,5;1,1;0,2;2,2;17;0,1;39;1.18;20;0,1;0;1175
Aygün Yıldırım;AM (RL), ST (C);30;1K € - 10K €;Regional Div. West;Germany;1,8;5,0;29%;0,0;6%;0;0,0;1,3;0,7;90%;17,5;0;0,5;8,0;1,7;0,9;0,4;0,4;0;42,0;3,4;10,7;1,3;3,3;10;1,0;1,5;0,0;0,2;0,1;12,2;0,2;4,2;0,3;4,7;1,3;0,4;4,7;20;0,0;32;-1.37;15;0,2;0;1018
Frederik Schumann;D/WB (L), M (LC);23;16K € - 160K €;Regional Div. Southwest;Germany;2,7;12,7;0%;0,1;0%;0;0,0;1,4;0,3;85%;11,8;0;1,3;6,9;1,9;1,8;0,1;0,0;0;56,0;6,6;13,0;1,4;0,5;24;0,9;0,3;0,7;0,6;0,0;11,6;0,0;4,6;0,1;4,5;3,5;0,0;4,5;19;0,7;76;-0.22;30;0,0;0;1208
Maurice Boakye;AM (RL), ST (C);21;65K € - 650K €;Regional Div. North;Germany;1,0;3,0;43%;0,1;11%;0;0,0;1,3;0,0;87%;15,7;0;0,1;3,0;0,9;0,4;1,1;1,3;0;31,0;1,3;9,9;1,3;2,0;8;0,2;3,0;0,0;0,2;0,3;10,6;0,3;6,8;0,1;1,6;1,8;0,2;1,6;10;0,0;27;0.51;13;0,3;0;1606
Maximilian Braune;GK;22;240K € - 2,4M €;3. Liga;Germany;0,9;10,1;0%;0,0;0%;70;-0,5;0,0;0,0;72%;11,6;-8.02;5,5;0,0;0,0;0,0;0,0;0,0;84;25,5;1,4;0,1;0,0;0,0;0;0,0;0,0;0,0;0,0;0,0;6,5;0,0;0,0;0,0;0,0;0,0;0,0;0,0;0;0,0;0;0;5;0,0;32;1530
Nikky Goguadze;M (L), AM (RL), ST (C);27;12K € - 40K €;Regional Div. North;Germany;1,3;4,8;34%;0,0;11%;0;0,0;1,1;0,1;90%;13,4;0;0,4;6,3;1,3;0,7;0,6;0,7;0;39,3;2,4;10,1;1,1;3,0;14;0,3;2,0;0,0;0,3;0,2;11,2;0,2;6,5;0,1;2,8;1,9;0,1;2,8;11;0,1;29;0.47;19;0,2;0;1694
Florian Engelhardt;M (C), AM (LC);22;30K € - 325K €;3. Liga;Germany;1,8;5,6;45%;0,0;5%;0;0,0;1,2;0,3;88%;8,8;0;0,6;5,6;1,1;1,1;1,1;1,1;0;44,6;2,8;15,3;1,2;0,7;19;0,3;2,3;0,3;0,5;0,1;12,6;0,2;5,3;0,1;1,3;1,8;0,2;1,3;26;0,0;35;-1.27;25;0,2;0;1617
Aaron Manu;D (C), DM, M/AM (C);26;3K € - 30K €;Regional Div. Southwest;Germany;4,2;15,1;23%;0,0;8%;0;0,0;0,2;0,1;85%;3,0;0;1,0;2,5;0,5;0,2;0,3;0,2;0;43,6;2,5;3,8;0,2;0,1;3;0,0;0,7;0,3;0,6;0,1;9,5;0,1;6,4;0,1;0,1;3,7;0,1;0,1;0;0,7;58;-0.52;6;0,1;0;1689
Jermain Nischalke;ST (C);22;12K € - 120K €;Regional Div. Bavaria;Germany;0,8;2,9;47%;0,0;17%;0;0,0;1,0;0,2;91%;13,8;0;0,3;1,0;0,3;0,2;0,7;1,1;0;26,8;0,7;4,1;1,0;0,8;3;0,2;2,4;0,1;0,2;0,4;10,2;0,3;10,7;0,1;0,7;5,0;0,1;0,7;28;0,1;46;1.68;4;0,3;0;1760
Dominik Draband;GK;29;0 € - 30K €;3. Liga;Germany;0,3;11,0;0%;0,0;0%;79;-0,2;0,1;0,0;82%;6,8;-2.76;3,4;0,0;0,0;0,0;0,0;0,0;88;28,2;1,8;0,1;0,1;0,0;0;0,0;0,0;0,0;0,0;0,0;4,1;0,0;0,0;0,0;0,0;0,0;0,1;0,0;0;0,0;0;0;2;0,0;15;1080
Marcel Martens;D (RC), DM;20;120K € - 400K €;Regional Div. Bavaria;Germany;4,1;18,6;10%;0,1;0%;0;0,0;0,2;0,1;87%;3,4;0;0,7;2,2;0,7;0,4;0,2;0,1;0;46,3;2,7;3,6;0,3;0,0;8;0,0;0,9;0,5;0,7;0,0;10,1;0,1;7,4;0,1;0,0;5,1;0,0;0,0;0;1,2;69;-2.57;11;0,1;0;1925
Jonas Carls;D/WB (L);28;0 € - 120K €;Regional Div. West;Germany;3,2;16,1;0%;0,0;0%;0;0,0;0,8;0,1;84%;15,5;0;1,1;5,8;1,3;1,4;0,0;0,0;0;56,5;6,1;9,7;0,8;1,2;30;0,3;0,1;0,6;0,8;0,0;10,6;0,0;5,0;0,1;3,2;3,0;0,2;3,6;9;0,7;61;-0.28;31;0,0;0;1867
Adrian Bravo Sánchez;DM, M/AM (LC);32;Not for Sale;Regional Div. Southwest;Germany;1,9;9,2;30%;0,0;9%;0;0,0;1,8;0,6;91%;11,5;0;0,9;5,7;1,5;1,3;0,2;0,3;0;46,2;4,4;10,6;2,4;1,1;26;0,2;1,1;0,0;0,3;0,1;11,9;0,1;2,3;0,2;0,9;0,7;0,2;4,9;16;0,1;32;-0.92;31;0,1;0;1810
Aldin Dervišević;D (RC);23;5K € - 50K €;Regional Div. West;Germany;3,2;17,9;4%;0,2;4%;0;0,0;0,2;0,0;92%;3,8;0;1,1;2,4;1,1;0,5;0,4;0,1;0;45,4;1,9;2,7;0,2;0,1;10;0,0;1,2;0,9;0,6;0,1;9,6;0,1;7,4;0,0;0,1;4,5;0,1;0,1;0;1,5;61;-1.35;13;0,1;0;1769
Medin Kojić;DM, M (C);20;850K € - 2,1M €;Regional Div. Bavaria;Germany;3,2;14,6;38%;0,1;0%;0;0,0;0,8;0,1;84%;7,0;0;0,7;5,6;1,4;1,7;0,2;0,2;0;46,4;5,0;8,6;0,8;0,2;24;0,2;0,6;0,1;0,4;0,0;11,2;0,0;3,2;0,2;0,2;2,0;0,1;0,8;33;0,3;63;-0.55;27;0,0;0;1291
Tim Krohn;AM (RL), ST (C);20;180K € - 600K €;Regional Div. West;Germany;0,9;1,9;41%;0,0;14%;0;0,0;1,1;0,1;89%;14,8;0;0,2;1,4;0,3;0,2;0,9;1,2;0;27,0;0,7;3,2;1,1;0,8;3;0,1;3,0;0,0;0,2;0,4;9,9;0,3;9,2;0,1;0,2;2,5;0,1;0,2;25;0,1;28;1.42;3;0,3;0;1458
Konstantin Gerhardt;D (R), M/AM (C);20;14K € - 150K €;Regional Div. West;Germany;2,9;11,4;8%;0,0;4%;0;0,0;1,0;0,1;86%;15,3;0;1,2;5,7;1,4;1,0;0,4;0,1;0;53,7;5,8;13,2;1,0;0,7;21;0,3;1,1;0,0;0,5;0,0;11,2;0,1;4,1;0,1;2,7;2,1;0,0;3,3;9;0,1;51;-1.68;24;0,1;0;1980
Mert Göckan;D/WB (L), DM, M (LC);24;75K € - 250K €;3. Liga;Germany;4,5;15,0;33%;0,2;0%;0;0,0;2,0;0,5;86%;16,1;0;1,4;8,5;2,4;2,0;0,2;0,1;0;51,0;6,5;19,0;2,0;2,1;30;1,4;0,4;0,1;0,7;0,0;12,5;0,0;4,5;0,1;7,5;3,5;0,3;8,5;16;0,6;77;-0.39;37;0,0;0;1328
Luca Böggemann;GK;21;220K € - 750K €;Regional Div. West;Germany;0,0;4,4;0%;0,0;0%;72;0,5;0,1;0,0;72%;6,9;8.66;6,7;0,0;0,0;0,0;0,0;0,0;88;27,1;0,0;0,0;0,1;0,0;0;0,0;0,0;0,0;0,0;0,0;4,6;0,0;0,0;0,0;0,0;0,0;0,0;0,0;0;0,0;0;0;0;0,0;17;1530
Antonis Aidonis;D (RC);24;80K € - 275K €;Regional Div. Southwest;Germany;3,5;20,6;31%;0,0;13%;0;0,0;0,2;0,1;87%;3,1;0;1,2;2,3;0,7;0,4;0,3;0,2;0;44,7;2,3;3,8;0,3;0,1;9;0,0;0,7;1,2;0,7;0,1;10,1;0,1;7,1;0,1;0,4;5,4;0,1;0,4;10;1,4;76;-0.72;10;0,1;0;2181
Luis Sprekelmeyer;D (C);23;30K € - 325K €;Regional Div. North;Germany;3,4;19,9;11%;0,3;11%;0;0,0;0,3;0,1;90%;3,7;0;1,1;3,0;1,1;0,6;0,1;0,1;0;48,8;2,4;2,8;0,3;0,0;12;0,0;0,5;0,9;0,6;0,1;9,5;0,1;8,2;0,0;0,0;6,6;0,0;0,0;0;1,9;80;-0.31;15;0,1;0;1676
Thomas Winklbauer;AM (RL), ST (C);26;3K € - 30K €;Regional Div. Bavaria;Germany;0,6;2,9;39%;0,0;18%;0;0,0;1,5;0,2;91%;11,8;0;0,2;1,6;0,5;0,4;1,0;1,0;0;26,0;0,8;7,2;1,5;0,2;6;0,1;2,7;0,0;0,1;0,5;10,4;0,4;10,9;0,2;0,4;2,5;0,4;0,4;28;0,0;23;1;7;0,4;0;1490
Nils Butzen;D (RL), WB/M (R);32;30K € - 300K €;Regional Div. Northeast;Germany;3,6;14,7;22%;0,2;0%;0;0,0;0,8;0,1;87%;11,3;0;1,4;6,3;1,9;1,7;0,5;0,3;0;53,8;7,6;16,7;0,9;0,7;36;0,1;1,3;0,8;0,7;0,0;12,1;0,1;3,6;0,1;1,2;2,1;0,0;4,1;16;0,1;58;-2.33;49;0,1;0;1875
David Savić;D (R), DM, M (C);20;90K € - 300K €;Regional Div. West;Germany;2,4;15,9;17%;0,1;0%;0;0,0;0,7;0,4;88%;5,8;0;1,0;6,1;1,6;1,1;0,0;0,1;0;45,2;4,4;9,4;0,7;0,2;19;0,0;0,3;0,5;0,6;0,0;11,5;0,0;3,1;0,2;0,2;1,9;0,1;0,2;0;0,4;61;-0.75;22;0,0;0;1620
Steve Breitkreuz;D (C);33;0 € - 35K €;Regional Div. Bavaria;Germany;3,1;16,7;21%;0,3;0%;0;0,0;0,3;0,1;91%;2,5;0;1,5;2,5;0,7;0,5;0,4;0,2;0;41,5;1,9;3,6;0,3;0,0;8;0,0;0,9;0,1;1,4;0,0;10,6;0,1;5,5;0,0;0,1;3,3;0,0;0,1;0;0,4;59;-1.21;10;0,1;0;1383
Marco Wolf;DM, M (C), AM (RLC);24;4,5K € - 45K €;Regional Div. Northeast;Germany;2,4;11,9;0%;0,0;0%;0;0,0;1,0;0,5;87%;11,2;0;1,2;4,7;0,8;0,5;0,1;0,0;0;45,4;4,4;9,5;1,0;0,9;9;0,5;0,2;0,0;0,5;0,0;11,3;0,0;3,5;0,4;1,7;1,2;0,1;1,7;27;0,2;34;-0.68;13;0,0;0;1570
Per Lockl;DM, M/AM (C);24;6K € - 60K €;Regional Div. Southwest;Germany;2,6;14,6;33%;0,1;5%;0;0,0;1,1;0,5;86%;7,8;0;0,8;5,7;1,2;0,7;0,4;0,4;0;46,9;5,4;9,0;2,1;0,2;13;0,0;1,1;0,3;0,4;0,1;11,4;0,1;2,6;0,2;0,2;1,4;0,2;6,4;16;0,1;54;-0.99;15;0,1;0;1657
Peter Reinhardt;D (RC), DM;20;14K € - 130K €;Regional Div. Bavaria;Germany;2,6;13,0;29%;0,1;0%;0;0,0;0,4;0,3;88%;5,7;0;0,9;5,0;1,4;0,9;0,1;0,1;0;43,6;3,3;6,3;0,6;0,0;19;0,0;0,3;0,5;0,4;0,0;10,8;0,0;4,8;0,1;0,0;3,2;0,1;0,0;100;0,6;66;-0.72;23;0,0;0;1939
Marlon Fries;D/WB/M/AM (R);21;30K € - 300K €;Regional Div. Northeast;Germany;3,1;14,8;45%;0,1;18%;0;0,0;1,2;0,1;84%;14,7;0;1,4;5,2;1,6;1,1;0,3;0,3;0;52,2;5,0;13,7;1,2;0,3;17;0,1;0,7;0,8;0,6;0,1;11,7;0,2;4,3;0,0;2,3;2,3;0,0;8,9;8;0,3;53;-0.56;23;0,2;0;1350
Benjika Caciel;M (R), AM (RL), ST (C);24;35K € - 130K €;Regional Div. Northeast;Germany;1,9;6,9;34%;0,0;7%;0;0,0;2,0;0,2;87%;16,7;0;0,5;7,7;1,5;1,1;0,7;0,9;0;41,9;3,6;11,5;2,0;3,4;18;1,1;2,5;0,0;0,1;0,2;11,2;0,3;4,6;0,1;6,4;1,9;0,2;6,4;16;0,1;40;-1.9;18;0,3;0;1453
Tony Lesueur;WB (L), AM (RLC);25;40K € - 400K €;3. Liga;Germany;2,0;6,3;55%;0,0;7%;0;0,0;1,3;0,4;89%;9,6;0;0,6;8,1;1,9;0,8;1,2;1,3;0;35,7;1,9;16,7;1,7;2,7;10;0,3;2,3;0,3;0,5;0,2;12,5;0,2;4,5;0,1;2,4;0,7;0,2;4,8;11;0,0;16;-0.88;13;0,2;0;1133
Mads Albæk;DM, M (C);35;0 € - 20K €;Regional Div. North;Germany;0,2;14,0;100%;0,0;0%;0;0,0;0,4;0,5;100%;14,7;0;0,0;0,7;0,1;0,1;0,0;0,2;0;2,9;0,2;0,7;2,0;0,0;1;0,0;0,2;0,0;0,0;0,0;0,9;0,0;0,5;0,3;0,0;0,3;0,4;7,5;10;0,0;67;-0.25;1;0,0;0;1142
Benjamin Hemcke;M/AM (RC);22;65K € - 220K €;Regional Div. West;Germany;0,2;12,9;44%;0,0;19%;0;0,0;0,2;1,2;92%;14,5;0;0,0;0,4;0,1;0,1;0,4;0,7;0;2,0;0,1;0,8;0,2;0,3;1;0,1;1,5;0,0;0,1;0,3;0,7;0,2;0,4;0,3;0,4;0,1;0,2;1,6;6;0,0;29;2.06;1;0,2;0;1631
William Kallenbach;M/AM (L);20;0 € - 110K €;Regional Div. Northeast;Germany;2,4;2,9;50%;0,1;20%;0;0,0;1,4;0,2;86%;19,8;0;0,5;7,9;1,8;0,8;0,2;0,4;0;40,8;2,8;15,2;1,4;4,2;10;0,6;0,8;0,0;0,4;0,2;12,5;0,1;5,3;0,1;3,8;1,7;0,1;3,8;14;0,0;32;1.17;12;0,1;0;1102
Thomas Haas;D (RL), WB/M (R);27;3K € - 30K €;Regional Div. Bavaria;Germany;3,5;12,0;23%;0,0;8%;0;0,0;1,0;0,3;88%;12,5;0;0,9;4,4;1,5;0,9;0,5;0,3;0;50,9;5,6;14,1;1,2;0,4;17;0,8;1,4;0,3;0,3;0,1;11,4;0,1;4,9;0,2;3,1;3,1;0,2;6,0;19;0,6;63;0.02;24;0,1;0;1629
Tom Opitz;GK;22;35K € - 325K €;3. Liga;Germany;0,6;10,7;0%;0,0;0%;85;-0,0;0,0;0,0;75%;8,6;-0.23;3,5;0,0;0,0;0,0;0,0;0,0;91;24,4;0,8;0,1;0,0;0,0;0;0,0;0,0;0,0;0,0;0,0;4,1;0,0;0,0;0,0;0,0;0,0;0,0;0,0;0;0,0;0;0;0;0,0;17;1800
Pedro Morais;D/WB/M/AM (R);25;30K € - 110K €;Regional Div. Southwest;Germany;1,8;4,2;34%;0,0;13%;0;0,0;1,5;0,3;87%;17,2;0;0,4;8,2;1,3;0,7;0,6;0,6;0;42,5;2,7;14,1;1,5;4,0;15;1,2;1,8;0,0;0,4;0,2;11,9;0,2;5,2;0,1;6,5;2,0;0,0;7,6;15;0,0;39;1.39;18;0,2;0;1870
Arian Llugiqi;AM (C), ST (C);23;35K € - 375K €;3. Liga;Germany;0,7;2,2;51%;0,0;26%;0;0,0;0,8;0,2;91%;5,9;0;0,2;0,6;0,1;0,1;0,9;1,4;0;27,2;0,7;5,5;0,8;1,1;2;0,1;2,7;0,1;0,1;0,7;11,0;0,5;11,3;0,1;0,5;4,4;0,0;0,8;9;0,1;39;2.1;2;0,5;0;1319
Suheyel Najar;M (L), AM (LC), ST (C);30;24K € - 80K €;Regional Div. West;Germany;1,3;5,3;57%;0,0;10%;0;0,0;2,3;0,4;89%;15,8;0;0,2;8,2;2,3;1,5;0,5;0,9;0;45,7;4,3;10,3;3,7;2,7;29;1,0;1,6;0,0;0,1;0,2;11,6;0,1;5,8;0,2;4,7;1,8;0,2;5,5;19;0,2;32;0.32;40;0,1;0;1719
Mirko Schuster;D (C);31;2K € - 20K €;Regional Div. Southwest;Germany;3,1;16,5;25%;0,0;0%;0;0,0;0,1;0,0;86%;3,1;0;0,9;2,0;0,7;0,2;0,1;0,1;0;43,7;2,0;3,3;0,1;0,1;4;0,0;0,2;0,8;0,6;0,0;9,5;0,0;6,7;0,0;0,1;4,6;0,0;0,1;0;1,3;68;-0.5;6;0,0;0;1620
Maximilian Fischer;D (C), DM;23;28K € - 95K €;Regional Div. West;Germany;3,3;16,1;0%;0,2;0%;0;0,0;0,2;0,0;85%;3,9;0;1,2;2,4;1,0;0,5;0,1;0,0;0;48,7;1,9;2,9;0,2;0,1;8;0,0;0,6;0,9;0,6;0,0;10,0;0,1;6,5;0,0;0,0;4,4;0,1;0,0;0;1,4;68;-2.03;13;0,1;0;1530
Dennis Brock;DM, M/AM (C);30;0 € - 70K €;Regional Div. West;Germany;2,4;11,8;10%;0,1;0%;0;0,0;1,0;0,3;91%;8,5;0;1,2;5,7;2,2;1,2;0,3;0,1;0;60,2;4,1;7,6;1,0;0,1;17;0,1;0,7;0,0;0,1;0,0;11,0;0,1;2,0;0,1;0,5;1,2;0,2;0,5;14;0,1;59;-1.03;26;0,1;0;1297
Romarjo Hajrulla;AM (LC), ST (C);27;20K € - 210K €;Regional Div. Northeast;Germany;0,7;2,9;48%;0,0;15%;0;0,0;0,7;0,2;91%;15,2;0;0,2;1,6;0,6;0,2;0,8;1,0;0;24,5;0,4;3,1;0,7;0,9;4;0,1;2,0;0,0;0,1;0,3;9,9;0,3;7,9;0,1;0,3;1,8;0,1;0,3;20;0,0;22;0.65;4;0,3;0;1483
Leon Deichmann;D (RLC);28;75K € - 250K €;Regional Div. North;Germany;3,7;16,1;13%;0,1;0%;0;0,0;0,1;0,1;88%;2,9;0;1,4;2,5;0,8;0,3;0,1;0,1;0;45,4;1,6;3,7;0,1;0,0;4;0,1;0,5;0,7;0,8;0,0;9,8;0,1;6,3;0,0;0,1;3,8;0,0;0,1;50;0,6;60;-0.91;9;0,1;0;1378
Enes Zengin;D (RC);22;14K € - 140K €;Regional Div. Southwest;Germany;3,1;18,8;0%;0,0;0%;0;0,0;0,2;0,1;88%;2,9;0;0,8;2,4;0,4;0,2;0,5;0,0;0;44,3;1,6;4,1;0,2;0,1;3;0,0;0,6;1,0;0,6;0,0;9,8;0,0;7,5;0,1;0,0;5,6;0,1;0,0;0;1,6;75;-0.45;3;0,0;0;1326
Lukas Krüger;M/AM (R), ST (C);25;4K € - 40K €;Regional Div. North;Germany;1,9;7,8;45%;0,0;23%;0;0,0;1,8;0,4;90%;17,2;0;0,3;7,2;2,1;1,4;0,5;0,7;0;41,0;2,6;14,4;2,3;3,2;30;1,2;1,5;0,0;0,2;0,3;11,9;0,2;5,2;0,2;7,0;2,6;0,2;10,6;16;0,2;50;3.79;36;0,2;0;1894
Tobias Gunte;D (RC);28;30K € - 100K €;Regional Div. Northeast;Germany;3,0;18,1;0%;0,2;0%;0;0,0;0,3;0,0;84%;4,4;0;1,2;2,3;0,9;0,3;0,1;0,0;0;49,9;2,3;3,2;0,3;0,2;7;0,0;0,5;0,4;0,6;0,0;10,0;0,1;6,8;0,0;0,1;4,7;0,0;0,1;0;1,5;69;-1.58;11;0,1;0;1917
Besfort Kolgeci;D (LC), DM;27;16K € - 150K €;3. Liga;Germany;2,9;13,1;83%;0,0;0%;0;0,0;0,3;0,0;85%;9,3;0;1,0;2,4;0,8;0,4;0,0;0,3;0;50,6;5,1;8,9;0,3;0,3;7;0,1;0,3;0,5;0,6;0,0;10,4;0,0;7,1;0,0;0,1;5,6;0,0;1,4;7;1,6;78;-0.25;8;0,0;0;1620
Julius Düker;DM, M/AM (C), ST (C);29;5K € - 50K €;3. Liga;Germany;2,3;7,3;32%;0,0;4%;0;0,0;1,5;0,1;87%;7,3;0;0,4;7,6;2,0;1,1;0,9;0,4;0;50,7;5,7;13,0;1,5;0,3;20;0,1;1,4;0,1;0,3;0,1;12,0;0,1;2,8;0,1;0,5;1,2;0,1;0,5;20;0,1;43;-0.82;31;0,1;0;1660
Süleyman Koç;D/WB/M/AM (R);36;1,5K € - 5K €;Regional Div. North;Germany;2,7;12,3;20%;0,0;10%;0;0,0;0,8;0,1;84%;15,2;0;0,5;5,2;1,5;0,9;0,3;0,1;0;49,7;6,6;10,2;0,8;0,9;14;0,2;0,6;0,6;0,4;0,1;10,3;0,1;5,6;0,1;2,4;3,5;0,0;5,7;8;0,4;63;-0.66;19;0,1;0;1409
Seok-ju Hong;ST (C);22;9K € - 95K €;Regional Div. West;Germany;0,9;1,9;53%;0,0;11%;0;0,0;1,0;0,1;88%;18,3;0;0,2;1,5;0,6;0,0;0,5;1,0;0;26,0;0,5;7,3;1,0;0,9;0;0,0;1,8;0,0;0,3;0,2;9,8;0,2;10,0;0,1;0,3;2,6;0,2;0,3;0;0,1;26;-0.07;4;0,2;0;1781
Dardan Karimani;M (RLC), AM (C);27;28K € - 100K €;Regional Div. North;Germany;0,0;12,1;59%;0,0;24%;0;0,0;0,1;0,1;0%;13,7;0;0,0;0,0;0,0;0,0;0,2;0,7;0;0,0;0,0;0,0;0,1;0,0;0;0,0;1,1;0,0;0,0;0,3;0,0;0,1;0,0;0,2;0,0;0,0;0,1;0,0;0;0,0;0;2.38;0;0,1;0;1358
Mario Pejazić;D/WB/M (L);20;24K € - 230K €;Regional Div. West;Germany;3,1;10,1;33%;0,0;0%;0;0,0;0,8;0,0;81%;17,4;0;1,2;6,4;1,0;0,9;0,1;0,1;0;54,7;6,0;14,2;0,8;1,4;12;0,6;0,2;0,5;0,9;0,0;11,5;0,0;4,4;0,0;3,2;3,4;0,0;3,2;18;0,4;77;-0.25;16;0,0;0;1252
Vjekoslav Taritaš;M (R), AM (RLC);26;12K € - 130K €;Regional Div. North;Germany;2,3;5,4;50%;0,0;23%;0;0,0;1,8;0,5;89%;20,6;0;0,8;9,2;1,6;0,9;0,8;0,9;0;41,5;2,9;14,3;1,8;4,7;13;0,8;1,7;0,0;0,5;0,4;11,9;0,2;3,8;0,2;6,2;0,8;0,1;6,2;12;0,0;21;2.38;17;0,2;0;1375
Sonny Ziemer;D (RLC);24;22K € - 230K €;Regional Div. Northeast;Germany;4,0;19,1;20%;0,1;0%;0;0,0;0,3;0,1;85%;4,9;0;1,6;2,9;1,3;0,8;0,0;0,1;0;45,6;2,7;5,2;0,3;0,0;12;0,0;0,6;0,8;0,8;0,0;10,2;0,1;6,4;0,1;0,3;4,3;0,1;0,3;0;0,7;67;-1.26;14;0,1;0;1426
Jona Borsum;DM, M (C);20;95K € - 950K €;Regional Div. Southwest;Germany;2,7;11,9;17%;0,0;0%;0;0,0;0,6;0,1;90%;7,0;0;1,0;5,9;1,4;0,7;0,3;0,2;0;47,1;5,5;10,1;0,6;0,1;12;0,1;1,1;0,4;0,4;0,0;12,1;0,1;3,6;0,1;0,3;2,5;0,0;0,3;20;0,4;69;-1.83;22;0,1;0;1511
Philipp Harant;D (RC);26;0 € - 80K €;Regional Div. North;Germany;3,0;13,0;13%;0,2;0%;0;0,0;0,2;0,1;86%;3,1;0;1,4;2,5;1,0;0,4;0,1;0,1;0;49,5;2,7;3,8;0,2;0,0;8;0,0;0,4;0,8;0,5;0,0;9,6;0,1;7,8;0,0;0,1;5,4;0,0;0,1;0;1,1;69;-1.31;15;0,1;0;1660
Nicolas Hirschberger;M (L), AM (RLC);26;3K € - 30K €;Regional Div. West;Germany;1,8;4,0;35%;0,1;12%;0;0,0;1,3;0,7;91%;20,0;0;0,7;8,2;1,2;0,7;0,4;0,4;0;45,4;2,8;13,8;1,3;3,4;10;1,6;1,3;0,0;0,4;0,1;11,3;0,1;5,4;0,2;5,1;1,3;0,1;5,1;32;0,0;24;0.14;11;0,1;0;1206
Markus Ponath;GK;24;40K € - 140K €;3. Liga;Germany;0,9;9,1;0%;0,0;0%;70;-0,5;0,0;0,0;82%;7,7;-8.2;6,8;0,0;0,0;0,0;0,0;0,0;84;17,2;0,8;0,0;0,0;0,0;0;0,0;0,0;0,0;0,0;0,0;5,2;0,0;0,0;0,0;0,0;0,0;0,0;0,0;0;0,0;0;0;1;0,0;27;1350
Maik Amedick;D (C), DM;23;3K € - 30K €;Regional Div. West;Germany;3,0;18,7;18%;0,1;0%;0;0,0;0,1;0,2;89%;3,0;0;1,0;2,6;1,0;0,5;0,3;0,1;0;45,7;2,5;2,2;0,6;0,0;8;0,0;0,7;1,2;0,5;0,0;10,1;0,1;6,7;0,1;0,1;5,1;0,0;0,1;0;1,1;76;-1.18;10;0,1;0;1522
Ismail H'Maidat;DM, M (C), AM (LC);30;7K € - 70K €;Regional Div. North;Germany;2,7;15,7;0%;0,1;0%;0;0,0;1,3;0,4;91%;5,6;0;0,8;5,8;1,2;0,7;0,2;0,0;0;47,8;4,5;10,6;2,6;0,5;13;0,1;0,7;0,4;0,6;0,0;11,6;0,1;2,0;0,2;0,4;0,7;0,2;3,2;9;0,2;33;-0.98;22;0,1;0;1746
Gazi Siala;D (C), DM, M/AM (C);31;2,5K € - 24K €;Regional Div. North;Germany;3,3;17,6;0%;0,1;0%;0;0,0;1,1;0,4;86%;6,5;0;0,9;5,0;1,3;1,1;0,1;0,0;0;45,3;5,0;8,6;1,7;0,1;17;0,1;0,3;0,4;0,4;0,0;10,8;0,0;3,7;0,2;0,1;2,4;0,3;3,9;11;0,4;64;-0.7;19;0,0;0;1409
Yannik Jaeschke;AM (C), ST (C);32;0 € - 65K €;Regional Div. West;Germany;0,6;2,2;65%;0,1;23%;0;0,0;1,3;0,2;87%;21,4;0;0,0;2,0;0,9;0,2;0,6;1,4;0;22,6;0,5;3,0;1,3;0,6;3;0,0;2,2;0,0;0,1;0,5;9,7;0,2;11,0;0,1;0,4;2,8;0,3;0,4;0;0,0;25;3.54;4;0,2;0;1249
Julian Albrecht;DM, M/AM (C);24;0 € - 120K €;Regional Div. North;Germany;0,6;13,1;47%;0,0;13%;0;0,0;0,2;0,1;91%;15,4;0;0,2;0,5;0,0;0,0;0,2;0,6;0;6,8;0,5;0,8;0,2;0,0;0;0,0;1,2;0,1;0,2;0,2;1,1;0,1;0,2;0,1;0,0;0,1;0,1;0,0;0;0,0;33;0.23;0;0,1;0;1131
Hannes Hermann;GK;20;80K € - 800K €;Regional Div. North;Germany;0,0;3,6;0%;0,0;0%;65;-0,2;0,0;0,0;66%;7,6;-4.53;5,4;0,0;0,0;0,0;0,0;0,0;88;25,4;0,0;0,0;0,0;0,0;0;0,0;0,0;0,0;0,0;0,0;5,5;0,0;0,0;0,0;0,0;0,0;0,0;0,0;0;0,0;0;0;1;0,0;26;1890
Aday Ercan;DM, M/AM (C);25;30K € - 100K €;Regional Div. West;Germany;2,3;13,6;33%;0,1;33%;0;0,0;1,1;0,4;89%;7,8;0;1,4;5,6;1,5;1,1;0,1;0,1;0;45,6;5,2;8,1;1,4;0,1;15;0,1;0,2;0,2;0,4;0,1;11,6;0,0;3,3;0,1;0,1;1,8;0,1;6,0;7;0,6;53;0.72;18;0,0;0;1265
Hugo Rölleke;GK;20;20K € - 200K €;Regional Div. West;Germany;0,0;4,0;0%;0,0;0%;75;0,0;0,0;0,0;67%;8,0;0.02;4,8;0,0;0,0;0,0;0,0;0,0;90;26,6;0,0;0,0;0,0;0,0;0;0,0;0,0;0,0;0,0;0,0;5,6;0,0;0,0;0,0;0,0;0,0;0,0;0,0;0;0,0;0;0;1;0,0;20;1800
Erjanik Ghubasaryan;D (RC), DM, M (C);24;1,5K € - 16K €;Regional Div. North;Germany;0,4;8,6;50%;0,0;13%;0;0,0;0,3;0,3;91%;15,5;0;0,1;0,4;0,1;0,0;0,2;0,2;0;6,6;0,6;1,1;0,3;0,0;0;0,0;0,5;0,0;0,1;0,1;1,5;0,0;0,4;0,1;0,0;0,1;0,2;0,0;0;0,1;33;0.21;1;0,0;0;1520
Dennis Lütke-Frie;DM, M (C);22;1K € - 9K €;Regional Div. North;Germany;2,6;18,0;33%;0,0;0%;0;0,0;1,0;0,2;88%;5,7;0;0,9;5,8;1,3;0,8;0,0;0,1;0;45,5;4,9;8,7;1,2;0,2;9;0,0;0,3;0,1;0,6;0,0;11,2;0,0;3,3;0,1;0,0;1,6;0,3;0,0;0;0,3;49;-0.21;10;0,0;0;1067
Florian Riedel;D/WB/M/AM (R);35;0 € - 12K €;3. Liga;Germany;3,1;10,6;33%;0,0;6%;0;0,0;1,7;0,3;83%;16,5;0;1,2;12,7;2,8;2,0;1,0;0,4;0;46,8;5,5;25,8;1,7;2,7;31;1,2;1,2;0,5;1,0;0,1;13,1;0,1;3,1;0,1;7,8;1,5;0,2;7,8;14;0,2;50;-0.08;44;0,1;0;1407
Anthony Roczen;ST (C);26;28K € - 95K €;Regional Div. Northeast;Germany;0,8;0,9;64%;0,0;19%;0;0,0;1,1;0,1;86%;18,8;0;0,4;1,2;0,9;0,1;0,9;1,8;0;24,4;0,5;3,8;1,1;0,6;1;0,0;2,8;0,0;0,1;0,5;9,5;0,3;10,2;0,0;0,5;4,4;0,0;0,5;0;0,2;44;2.89;3;0,3;0;1156
David Salfeld;GK;35;8K € - 26K €;Regional Div. Southwest;Germany;0,0;2,5;0%;0,0;0%;60;-0,3;0,1;0,0;65%;7,4;-5.46;5,7;0,0;0,0;0,0;0,0;0,0;89;26,1;0,0;0,0;0,1;0,0;0;0,0;0,0;0,0;0,0;0,0;5,9;0,0;0,0;0,0;0,0;0,0;0,0;0,0;0;0,0;0;0;4;0,0;26;1710
Marc Schröder;D (RC), DM;24;26K € - 250K €;Regional Div. North;Germany;3,4;17,0;25%;0,1;0%;0;0,0;0,3;0,2;87%;4,1;0;1,2;4,0;1,0;0,7;0,1;0,1;0;48,8;2,2;5,3;0,3;0,1;8;0,0;0,3;0,9;0,5;0,0;9,7;0,0;5,1;0,0;0,2;3,1;0,1;0,2;0;0,6;60;-0.23;10;0,0;0;1056
Kolja Herrmann;D/WB (R), DM, M (R);28;16K €;Regional Div. Southwest;Germany;3,3;12,6;16%;0,1;0%;0;0,0;0,4;0,1;85%;14,3;0;0,8;6,5;1,6;1,5;0,2;0,2;0;48,6;5,2;13,4;0,5;0,5;20;0,4;1,4;1,0;0,7;0,0;10,9;0,2;5,8;0,1;2,4;3,7;0,0;2,4;18;0,5;63;-2.07;21;0,2;0;1202
Kevin Lebersorger;D (RL);20;75K € - 750K €;Regional Div. Northeast;Germany;3,5;15,0;26%;0,1;5%;0;0,0;0,9;0,3;87%;12,5;0;0,8;5,6;1,8;1,7;0,4;0,3;0;50,2;5,5;14,6;0,9;1,0;30;0,1;1,1;1,1;0,5;0,1;11,8;0,1;5,2;0,1;2,5;2,6;0,1;2,5;4;0,6;51;-0.28;31;0,1;0;1616
Jonas Singer;M (L), AM (RL), ST (C);28;14K € - 140K €;Regional Div. Southwest;Germany;2,5;4,9;53%;0,1;7%;0;0,0;1,7;0,2;89%;20,5;0;0,5;8,5;1,7;1,5;0,5;0,8;0;41,9;3,3;11,9;1,7;3,0;28;0,4;1,6;0,0;0,2;0,1;10,9;0,2;3,5;0,2;1,6;1,1;0,1;1,6;23;0,1;31;-1.26;33;0,2;0;1703
Semir Šarić;D/WB/M (R), AM (RC);28;0 € - 90K €;Regional Div. West;Germany;1,5;5,2;45%;0,1;3%;0;0,0;1,4;0,0;90%;17,8;0;0,5;8,3;2,0;1,2;0,6;0,8;0;41,8;3,4;13,3;2,8;3,2;20;0,8;1,8;0,0;0,6;0,1;12,4;0,2;4,9;0,1;6,4;1,9;0,1;14,1;12;0,0;39;-3.02;23;0,2;0;1531
Eliyas Strasner;D/WB/M/AM (L);20;35K € - 350K €;Regional Div. Northeast;Germany;2,7;14,3;0%;0,0;0%;0;0,0;1,5;0,1;82%;10,7;0;1,1;6,2;1,6;1,1;0,0;0,0;0;56,1;6,6;10,3;1,5;1,6;15;0,5;0,1;0,1;0,4;0,0;11,6;0,0;4,3;0,0;2,9;3,0;0,1;2,9;18;0,5;70;-0.04;18;0,0;0;1184
Maximilian Jansen;DM, M (C);32;0 € - 85K €;Regional Div. West;Germany;3,0;18,5;20%;0,0;10%;0;0,0;0,9;0,8;88%;4,8;0;0,9;5,3;1,2;0,7;0,2;0,1;0;58,1;6,2;9,0;0,9;0,1;12;0,0;0,6;0,8;0,9;0,1;11,0;0,1;2,9;0,4;0,2;1,6;0,4;1,8;6;0,3;55;-0.11;16;0,1;0;1525
Robin Kölle;D/WB/M/AM (R);24;4K € - 40K €;Regional Div. North;Germany;3,5;16,2;37%;0,1;16%;0;0,0;0,5;0,1;82%;14,1;0;0,8;5,3;1,4;1,1;0,3;0,4;0;51,1;6,4;14,3;0,5;0,7;20;0,5;1,1;0,7;1,1;0,2;12,1;0,2;5,9;0,0;2,3;4,0;0,1;2,3;21;0,3;67;-0.17;21;0,2;0;1609
Max Klump;D/WB/M/AM (L);26;2,5K € - 24K €;Regional Div. North;Germany;3,5;10,5;100%;0,2;50%;0;0,0;1,2;0,0;86%;15,1;0;1,2;6,4;1,8;1,0;0,0;0,1;0;56,6;6,9;10,6;1,2;1,0;21;0,3;0,1;0,2;0,7;0,0;11,2;0,0;4,4;0,1;2,1;1,9;0,0;2,1;15;0,4;43;0.77;30;0,0;0;1872
Marvin Mika;AM (R), ST (C);24;3K € - 30K €;Regional Div. Southwest;Germany;0,8;1,6;53%;0,0;16%;0;0,0;1,0;0,1;90%;17,4;0;0,2;1,1;0,6;0,2;0,7;1,3;0;26,1;0,6;4,4;1,0;0,4;4;0,1;2,5;0,0;0,1;0,4;9,2;0,3;10,6;0,1;0,4;2,7;0,1;0,4;25;0,0;26;0.9;5;0,3;0;1606
Sebastian Mielitz;GK;36;0 € - 7K €;Regional Div. North;Germany;0,0;3,6;0%;0,0;0%;70;0,0;0,0;0,0;68%;7,0;0.54;3,3;0,0;0,0;0,1;0,0;0,0;88;25,6;0,0;0,0;0,0;0,0;1;0,0;0,0;0,0;0,0;0,0;5,5;0,0;0,0;0,0;0,0;0,0;0,0;0,0;0;0,0;0;0;1;0,0;23;1722
Lukas Ramser;D (RL), DM, M/AM (C);28;2,5K € - 26K €;Regional Div. Bavaria;Germany;2,5;15,2;41%;0,0;15%;0;0,0;1,0;0,2;86%;7,7;0;1,0;4,6;1,5;0,8;0,6;0,5;0;56,5;6,4;8,9;1,4;0,1;20;0,0;1,1;0,2;0,3;0,2;11,5;0,1;2,7;0,1;0,1;1,5;0,2;0,2;40;0,2;55;1.33;25;0,1;0;2175
Saban Kaptan;M (R), AM (RLC), ST (C);32;1,5K € - 16K €;Regional Div. West;Germany;2,2;3,2;40%;0,0;16%;0;0,0;1,3;0,1;91%;17,2;0;0,5;5,8;1,7;0,7;0,6;0,7;0;40,2;2,6;10,2;1,6;4,1;11;0,9;1,6;0,0;0,2;0,3;11,2;0,2;5,5;0,1;3,4;1,6;0,1;4,9;22;0,1;30;1.2;14;0,2;0;1370
Moritz Reinhard;ST (C);30;0 € - 95K €;Regional Div. Southwest;Germany;1,1;1,3;52%;0,0;15%;0;0,0;1,1;0,2;92%;16,2;0;0,2;1,4;0,9;0,2;1,5;1,9;0;24,2;0,5;4,3;1,1;0,8;3;0,2;3,7;0,0;0,0;0,5;9,2;0,5;10,1;0,1;0,5;2,3;0,0;0,5;33;0,0;23;-0.61;5;0,6;0;1181
Felix Dornebusch;GK;31;45K € - 150K €;Regional Div. Southwest;Germany;0,0;4,7;0%;0,0;0%;74;0,2;0,0;0,0;79%;8,5;4.04;4,3;0,0;0,0;0,0;0,0;0,0;87;23,8;0,0;0,0;0,0;0,0;0;0,0;0,0;0,0;0,0;0,0;5,4;0,0;0,0;0,0;0,0;0,0;0,0;0,0;0;0,0;0;0;0;0,0;22;1530
Malek Fakhro;AM (RL), ST (C);28;18K € - 170K €;Regional Div. Northeast;Germany;0,9;2,3;42%;0,0;15%;0;0,0;1,2;0,4;88%;9,9;0;0,1;1,9;0,6;0,4;1,3;1,6;0;31,3;0,9;4,7;1,2;0,6;5;0,1;3,8;0,0;0,1;0,6;9,6;0,4;8,1;0,1;0,4;1,9;0,0;0,4;33;0,0;24;1.91;7;0,4;0;1270
Noah Plume;D (C), DM;29;14K € - 130K €;3. Liga;Germany;3,2;7,7;33%;0,1;0%;0;0,0;0,1;0,0;88%;4,0;0;0,9;2,8;0,9;0,8;0,0;0,1;0;32,2;2,1;3,5;0,1;0,1;17;0,0;0,1;0,6;0,7;0,0;9,9;0,0;3,5;0,0;0,0;1,9;0,0;0,0;0;0,2;54;-0.13;20;0,0;0;1800
Leon Pomnitz;DM, M/AM (C);30;24K € - 250K €;Regional Div. Southwest;Germany;1,4;12,9;39%;0,0;12%;0;0,0;1,9;0,2;89%;17,0;0;0,5;4,5;1,4;0,5;0,5;0,7;0;40,7;3,2;11,1;1,9;0,9;11;0,3;1,7;0,0;0,2;0,2;12,3;0,2;4,7;0,1;1,1;1,0;0,2;1,1;24;0,1;21;0.09;15;0,2;0;2123
Sercan Sararer;M (C), AM (RLC), ST (C);36;5K € - 18K €;Regional Div. Southwest;Germany;1,5;11,8;36%;0,0;14%;0;0,0;1,6;0,4;86%;18,2;0;0,5;4,6;1,1;0,6;0,4;0,6;0;44,2;2,4;9,5;1,6;0,8;9;0,4;1,5;0,0;0,1;0,2;12,5;0,1;3,7;0,2;1,3;0,9;0,4;1,3;26;0,0;25;1.51;12;0,1;0;1278
Robin Müller;M (R), AM (RL), ST (C);25;14K € - 150K €;3. Liga;Germany;1,0;3,1;45%;0,0;19%;0;0,0;0,6;0,2;91%;6,7;0;0,2;3,6;0,9;0,4;1,0;1,0;0;29,2;1,6;9,2;0,6;1,1;5;0,0;2,2;0,0;0,1;0,4;11,4;0,4;6,7;0,1;1,6;0,6;0,1;1,6;0;0,0;9;0.73;8;0,4;0;1267
Julius Bochmann;D (C), DM;20;75K € - 250K €;Regional Div. Northeast;Germany;3,2;15,2;33%;0,1;0%;0;0,0;0,3;0,1;88%;4,5;0;1,1;4,0;0,9;0,8;0,1;0,1;0;45,1;2,1;5,0;0,3;0,1;15;0,0;0,3;0,6;0,6;0,0;10,2;0,0;6,5;0,1;0,1;4,3;0,1;0,1;0;0,8;66;-0.61;15;0,0;0;1744
Aaron Frey;D (LC), DM;28;24K € - 240K €;Regional Div. Southwest;Germany;3,4;15,5;19%;0,2;6%;0;0,0;0,6;0,1;88%;6,7;0;1,0;4,8;1,3;0,8;0,2;0,2;0;48,6;3,4;8,3;0,6;0,2;10;0,1;1,3;0,4;0,2;0,1;11,3;0,1;5,9;0,0;0,7;4,6;0,0;0,7;11;0,5;78;-0.72;14;0,1;0;1134
Matthias Haeder;AM (R), ST (C);36;0 € - 2,5K €;Regional Div. West;Germany;0,4;0,9;57%;0,0;18%;0;0,0;1,2;0,0;88%;21,5;0;0,1;2,2;1,0;0,2;0,4;0,9;0;26,7;0,8;3,4;1,2;0,5;3;0,1;1,7;0,0;0,1;0,3;9,6;0,3;9,7;0,0;0,9;2,2;0,0;0,9;6;0,1;23;-0.25;6;0,3;0;1521
Nico Knystock;D (RL), WB/M (L);30;55K € - 200K €;Regional Div. North;Germany;4,5;12,5;29%;0,0;0%;0;0,0;1,1;0,2;87%;13,1;0;0,9;6,2;2,0;1,6;0,2;0,1;0;54,9;5,9;13,3;1,5;1,3;30;0,3;0,4;0,5;0,3;0,0;11,6;0,0;3,2;0,1;3,3;1,6;0,1;8,4;13;0,2;51;-0.89;34;0,0;0;1638
René Guder;M (R), AM (RL), ST (C);31;50K € - 170K €;Regional Div. North;Germany;0,8;2,2;46%;0,1;21%;0;0,0;1,0;0,3;88%;18,4;0;0,2;1,5;0,4;0,3;0,4;0,9;0;24,8;0,8;4,7;1,0;0,4;4;0,0;1,9;0,0;0,1;0,4;9,2;0,3;8,5;0,1;0,1;1,6;0,1;0,6;0;0,0;19;1.85;5;0,3;0;1296
Nikell Touglo;D (C);24;0 € - 120K €;Regional Div. North;Germany;3,4;19,3;0%;0,1;0%;0;0,0;0,1;0,0;84%;2,9;0;1,3;2,5;1,0;0,8;0,2;0,0;0;48,2;2,0;3,4;0,1;0,0;10;0,0;0,3;0,8;0,6;0,0;9,6;0,0;7,0;0,0;0,1;4,9;0,0;0,1;0;1,2;71;-0.04;10;0,0;0;1061
Samuel Owusu Addai;M (R), AM (RL);23;22K € - 210K €;Regional Div. West;Germany;2,0;4,3;38%;0,0;29%;0;0,0;1,7;0,2;87%;18,2;0;0,5;8,2;1,5;0,8;0,5;0,6;0;40,8;2,6;9,2;1,7;4,4;13;1,9;1,5;0,0;0,2;0,5;11,0;0,2;5,3;0,1;6,5;1,2;0,2;6,5;29;0,2;23;4.15;18;0,2;0;1398
Johann Berger;DM, M (C);26;14K € - 140K €;3. Liga;Germany;3,0;8,7;20%;0,1;0%;0;0,0;1,2;0,1;88%;8,1;0;1,0;6,1;1,5;1,2;0,7;0,1;0;54,7;6,6;13,0;1,2;0,2;18;0,1;0,7;0,3;0,6;0,0;12,2;0,0;2,5;0,1;0,1;1,4;0,1;2,0;12;0,2;55;-0.43;23;0,0;0;1382
Emre Böyükata;M (L), AM (RL);20;6K € - 60K €;Regional Div. Southwest;Germany;1,9;2,9;32%;0,0;9%;0;0,0;1,4;0,3;92%;19,6;0;0,3;7,5;1,9;1,7;0,5;0,5;0;46,0;2,9;13,6;1,4;3,6;24;1,4;1,6;0,0;0,2;0,1;11,4;0,2;4,4;0,1;4,9;1,4;0,1;4,9;27;0,1;32;-0.18;24;0,2;0;1261
Dominic Minz;D (RLC);26;14K € - 140K €;3. Liga;Germany;3,1;13,4;25%;0,1;0%;0;0,0;0,2;0,1;77%;12,3;0;1,6;1,6;0,6;0,5;0,0;0,1;0;52,4;3,6;6,0;0,2;0,0;10;0,0;0,2;0,2;0,2;0,0;10,3;0,0;7,0;0,0;0,0;5,0;0,0;0,0;0;0,9;70;-0.33;11;0,0;0;1800
Maximilian Neuberger;D (RC);25;60K € - 210K €;Regional Div. Bavaria;Germany;2,8;15,4;15%;0,2;0%;0;0,0;0,2;0,1;90%;3,9;0;1,2;3,1;1,4;0,8;0,3;0,1;0;48,5;2,8;3,2;0,2;0,1;13;0,0;0,8;0,6;0,3;0,0;9,9;0,1;7,6;0,0;0,0;5,8;0,1;0,0;0;2,1;76;-1.12;15;0,1;0;1469
Maximilian Rossmann;D (RC);30;40K € - 375K €;Regional Div. Southwest;Germany;2,9;14,4;15%;0,2;12%;0;0,0;0,2;0,1;91%;2,9;0;1,0;3,5;1,0;0,5;0,5;0,2;0;42,4;2,3;3,6;0,2;0,0;11;0,0;1,2;0,5;0,8;0,1;10,1;0,1;5,5;0,1;0,0;3,9;0,0;0,0;0;0,8;69;0.43;16;0,1;0;1916
Oğuzcan Büyükarslan;M (R), AM (RLC);22;14K € - 140K €;Regional Div. West;Germany;1,9;4,9;22%;0,0;7%;0;0,0;1,9;0,1;89%;16,4;0;0,3;7,6;1,6;1,2;0,5;0,4;0;41,2;3,3;10,9;1,9;3,3;18;1,2;1,7;0,0;0,4;0,1;11,4;0,2;4,6;0,2;6,5;1,2;0,2;6,5;18;0,0;25;-1.24;20;0,2;0;1390
Simon Gollnack;AM (RL), ST (C);23;2,5K € - 24K €;Regional Div. Northeast;Germany;1,0;1,9;47%;0,0;17%;0;0,0;0,8;0,1;88%;14,5;0;0,3;2,3;0,6;0,2;0,5;1,0;0;30,7;0,6;5,4;0,8;1,0;3;0,1;2,1;0,0;0,2;0,4;10,3;0,2;9,6;0,0;0,7;2,9;0,0;0,7;18;0,1;30;2.5;3;0,2;0;1515
Phillip Aboagye;D (RL), WB/M (R);25;2,5K € - 22K €;Regional Div. Northeast;Germany;3,8;11,4;20%;0,0;0%;0;0,0;0,5;0,2;84%;18,1;0;0,8;4,6;1,4;0,9;0,3;0,2;0;51,6;4,7;10,5;0,5;0,8;12;0,1;0,8;0,5;0,4;0,0;10,0;0,1;4,9;0,0;2,5;2,6;0,1;2,5;3;0,3;53;-0.96;14;0,1;0;1171
Abolfazl Masjedizadah;DM, M (C);18;12K € - 110K €;Regional Div. Southwest;Germany;3,0;10,5;20%;0,1;0%;0;0,0;1,0;0,1;92%;7,1;0;1,6;3,5;1,6;0,8;0,1;0,1;0;50,7;2,8;8,8;1,0;0,1;11;0,0;0,4;0,0;0,6;0,0;11,8;0,0;2,4;0,1;0,1;1,3;0,1;0,1;0;0,3;56;-0.48;13;0,0;0;1222
Jannick Theißen;GK;27;2K € - 18K €;Regional Div. West;Germany;0,0;3,4;0%;0,0;0%;66;0,0;0,0;0,0;55%;7,7;0.48;5,7;0,0;0,0;0,0;0,0;0,0;88;25,9;0,0;0,0;0,0;0,0;0;0,0;0,0;0,0;0,0;0,0;5,5;0,0;0,0;0,0;0,0;0,0;0,0;0,0;0;0,0;0;0;0;0,0;24;1890
Jusuf Ugljanin;D/WB (L);19;75K € - 750K €;Regional Div. Southwest;Germany;3,0;13,2;33%;0,1;0%;0;0,0;1,2;0,5;86%;12,5;0;1,3;5,4;1,6;1,4;0,1;0,1;0;57,6;7,2;10,0;1,2;1,0;23;0,5;0,2;0,2;0,7;0,0;11,6;0,0;4,2;0,2;2,9;2,5;0,2;2,9;17;0,2;59;-0.04;26;0,0;0;1454
Grace Bokake;M (C), AM (RLC), ST (C);23;22K € - 220K €;Regional Div. Northeast;Germany;1,2;14,0;45%;0,1;18%;0;0,0;1,9;0,4;91%;18,5;0;0,6;3,9;1,3;0,5;0,2;0,5;0;41,6;2,8;10,1;2,9;1,4;10;0,3;1,1;0,0;0,1;0,2;11,9;0,1;5,6;0,2;1,1;2,3;0,1;7,3;13;0,0;42;1.84;16;0,1;0;1765
Erik Zenga;DM, M (C);32;Not for Sale;Regional Div. North;Germany;2,8;16,0;0%;0,1;0%;0;0,0;1,1;0,6;88%;5,6;0;0,8;5,2;1,8;1,1;0,0;0,0;0;45,4;4,7;8,3;1,1;0,3;19;0,1;0,1;0,2;0,3;0,0;10,6;0,0;3,1;0,2;0,2;2,2;0,2;0,2;33;0,2;72;-0.15;29;0,0;0;1581
Florian Abel;DM, M (RC), AM (C);36;0 €;Regional Div. West;Germany;1,3;12,5;25%;0,0;0%;0;0,0;2,0;0,1;91%;17,1;0;0,4;4,6;1,2;0,4;0,4;0,2;0;40,0;3,1;10,4;2,0;0,7;6;0,1;0,7;0,0;0,2;0,0;12,2;0,0;4,9;0,0;0,7;0,6;0,1;0,7;16;0,2;12;-0.55;11;0,0;0;1493
Gabriel Sadlek;D (LC), DM;19;22K € - 230K €;Regional Div. Northeast;Germany;3,0;15,6;0%;0,0;0%;0;0,0;1,1;0,1;88%;13,6;0;1,1;6,0;1,2;0,9;0,1;0,0;0;53,1;6,2;12,4;1,1;0,5;13;0,4;0,1;0,1;0,7;0,0;11,6;0,0;4,4;0,0;2,1;2,5;0,0;2,1;17;0,4;56;-0.07;17;0,0;0;1240
Muhammad Dahaba;D (C), DM;20;150K € - 1,5M €;Regional Div. North;Germany;3,8;18,3;50%;0,1;10%;0;0,0;0,2;0,0;90%;2,6;0;0,9;1,9;0,4;0,2;0,3;0,3;0;43,2;2,1;3,6;0,2;0,0;3;0,0;0,6;1,0;1,1;0,1;9,9;0,1;7,6;0,0;0,1;5,2;0,0;0,1;0;1,5;68;-0.37;3;0,1;0;1530
Benjamin Baier;DM, M/AM (C);37;0 € - 8K €;Regional Div. Bavaria;Germany;1,8;10,6;57%;0,0;0%;0;0,0;1,9;0,1;89%;15,7;0;0,2;4,7;1,3;0,6;0,3;0,5;0;43,7;3,1;8,0;2,6;0,6;11;0,1;0,8;0,0;0,2;0,0;11,7;0,1;4,8;0,1;0,9;0,9;0,1;4,1;15;0,2;20;-1.11;13;0,1;0;1532
Lukas Kiefer;DM, M (C);32;Not for Sale;Regional Div. Southwest;Germany;2,6;12,0;27%;0,1;7%;0;0,0;0,8;0,2;88%;6,0;0;1,2;6,0;1,8;0,9;0,2;0,2;0;46,7;3,6;10,1;0,8;0,1;16;0,2;0,9;1,0;0,6;0,1;11,5;0,1;1,9;0,1;0,4;1,2;0,1;0,4;50;0,2;61;-0.3;20;0,1;0;1540
Kevin Ibrahim;GK;25;30K € - 110K €;Regional Div. Southwest;Germany;0,0;3,9;0%;0,0;0%;70;0,2;0,1;0,0;62%;6,5;3.37;5,1;0,0;0,0;0,0;0,0;0,0;86;25,7;0,0;0,0;0,1;0,0;0;0,0;0,0;0,0;0,0;0,0;5,7;0,0;0,0;0,0;0,0;0,0;0,0;0,0;0;0,0;0;0;1;0,0;17;1620
Dominic Hartmann;M (C), AM (LC);33;0 € - 35K €;Regional Div. North;Germany;1,6;9,5;43%;0,0;17%;0;0,0;2,2;0,3;87%;19,7;0;0,4;5,1;1,6;0,9;0,6;0,7;0;41,6;2,8;8,6;2,3;0,7;12;0,3;1,7;0,0;0,1;0,3;12,0;0,2;5,5;0,1;1,2;2,5;0,4;3,3;15;0,0;45;1.73;13;0,2;0;1237
Lion Schweers;D (C);29;0 € - 130K €;Regional Div. West;Germany;2,8;14,6;33%;0,1;17%;0;0,0;0,2;0,1;88%;3,0;0;1,3;3,1;1,2;0,8;0,1;0,3;0;41,5;2,7;2,7;0,2;0,0;15;0,0;0,9;0,6;0,9;0,2;9,6;0,1;3,0;0,0;0,1;2,0;0,0;0,1;0;0,5;66;1.24;19;0,1;0;1790
Matthias Ostrzolek;D/WB (L);35;0 € - 2,5K €;Regional Div. Bavaria;Germany;4,1;15,9;54%;0,1;15%;0;0,0;0,8;0,3;84%;14,4;0;0,6;6,0;1,6;1,3;0,3;0,4;0;56,6;7,0;13,2;1,3;1,4;22;0,5;0,8;0,8;0,5;0,1;11,8;0,1;4,3;0,3;3,0;2,9;0,1;11,1;12;0,4;67;0.98;24;0,1;0;1542
Moritz Dittmann;AM (RL), ST (C);23;22K € - 230K €;Regional Div. Southwest;Germany;1,0;3,0;56%;0,0;33%;0;0,0;1,3;0,4;89%;15,4;0;0,3;4,4;1,5;0,7;0,4;1,1;0;31,6;1,6;6,3;1,3;1,9;10;0,8;2,0;0,0;0,1;0,7;9,4;0,2;7,6;0,3;2,7;2,5;0,4;2,7;30;0,0;33;6.49;12;0,2;0;1206
Christoph Meister;D/WB (R);21;28K € - 275K €;Regional Div. Bavaria;Germany;2,4;11,2;25%;0,1;25%;0;0,0;1,1;0,1;88%;16,3;0;0,4;7,6;2,5;1,2;0,2;0,1;0;48,8;4,9;19,9;1,1;2,0;14;1,2;0,4;0,7;0,9;0,1;12,7;0,0;5,2;0,0;7,8;2,8;0,0;7,8;15;0,2;54;0.66;24;0,0;0;1025
Jannik Zahmel;AM (RL), ST (C);22;120K € - 425K €;Regional Div. North;Germany;2,6;3,7;29%;0,0;12%;0;0,0;1,8;0,3;89%;19,7;0;0,4;6,3;1,8;1,4;0,6;0,3;0;39,7;3,1;10,0;1,8;3,5;20;1,1;1,2;0,0;0,1;0,1;11,6;0,1;5,6;0,1;6,4;2,2;0,0;6,4;17;0,1;40;0.78;20;0,1;0;1329
Jamil Najjar;D (LC);22;95K € - 325K €;Regional Div. West;Germany;3,4;17,8;29%;0,2;29%;0;0,0;0,2;0,2;87%;2,8;0;1,0;3,3;1,0;0,3;0,2;0,1;0;43,7;2,1;2,0;0,2;0,0;5;0,1;0,5;0,5;0,7;0,1;9,6;0,0;6,5;0,2;0,1;4,9;0,1;0,1;50;1,4;76;1.77;8;0,0;0;1300
Ardian Morina;M (R), AM (C), ST (C);32;0 €;Regional Div. Bavaria;Germany;0,4;2,6;37%;0,0;20%;0;0,0;1,4;0,1;91%;15,2;0;0,1;1,6;0,9;0,3;0,8;0,8;0;26,3;0,7;4,1;1,5;0,4;5;0,1;2,2;0,0;0,1;0,4;10,3;0,2;9,3;0,1;0,4;2,8;0,1;0,6;16;0,0;30;1.86;5;0,3;0;1714
Nick Otto;D (RC), DM;26;60K € - 210K €;Regional Div. North;Germany;3,1;15,5;30%;0,2;10%;0;0,0;0,4;0,2;93%;3,5;0;1,2;2,3;1,1;0,6;0,2;0,2;0;45,5;2,4;3,6;0,4;0,0;10;0,0;0,6;0,4;0,7;0,1;9,8;0,1;5,4;0,1;0,2;3,8;0,1;0,5;12;0,6;71;-0.13;14;0,1;0;1530
Julian Weigel;M/AM (C);24;0 € - 100K €;Regional Div. Northeast;Germany;1,0;12,6;50%;0,0;13%;0;0,0;1,3;0,5;92%;18,4;0;0,2;3,3;1,0;0,3;0,3;0,5;0;26,8;1,7;5,8;1,3;0,8;5;0,3;0,9;0,0;0,1;0,1;8,3;0,1;3,6;0,2;0,8;1,3;0,3;0,8;46;0,0;35;0.46;8;0,1;0;1549
Kilian Senkbeil;D (RC), DM;26;5K € - 55K €;Regional Div. Northeast;Germany;2,5;12,3;0%;0,1;0%;0;0,0;0,7;0,1;90%;6,5;0;1,2;4,4;1,2;0,8;0,1;0,0;0;44,2;3,8;7,2;0,7;0,1;14;0,0;0,3;0,2;0,4;0,0;11,3;0,0;3,9;0,1;0,3;1,7;0,1;0,3;0;0,5;44;-0.51;17;0,0;0;1656
Marius Liesegang;GK;25;3,5K € - 35K €;Regional Div. Northeast;Germany;0,0;3,4;0%;0,0;0%;66;-0,1;0,1;0,0;76%;7,4;-1.34;4,2;0,0;0,0;0,0;0,0;0,0;89;24,9;0,0;0,0;0,1;0,0;0;0,0;0,0;0,0;0,0;0,0;4,9;0,0;0,0;0,0;0,0;0,0;0,0;0,0;0;0,0;0;0;0;0,0;21;1800
Lukas Wilton;D (LC), WB (L);30;110K € - 375K €;Regional Div. Northeast;Germany;3,5;14,7;0%;0,2;0%;0;0,0;1,6;0,1;89%;10,3;0;1,4;5,9;1,7;1,7;0,1;0,0;0;54,4;5,9;9,5;1,6;0,1;24;0,0;0,4;0,9;0,7;0,0;10,3;0,0;5,6;0,1;1,7;3,9;0,1;2,5;0;0,4;69;-0.67;25;0,0;0;1245
Verthomy Boboy;D (C);22;90K € - 900K €;3. Liga;Germany;2,6;10,5;30%;0,1;0%;0;0,0;0,1;0,0;87%;6,7;0;1,7;2,2;0,6;0,8;0,3;0,2;0;48,6;2,7;5,4;0,1;0,0;11;0,0;0,7;0,9;0,8;0,0;10,6;0,1;5,3;0,0;0,0;3,3;0,1;0,0;0;1,2;63;-1.32;11;0,1;0;1247
Julian Stöhr;D (RL), WB/M (L);27;18K €;Regional Div. North;Germany;2,9;10,9;20%;0,0;0%;0;0,0;0,9;0,2;86%;17,9;0;1,1;10,0;2,0;1,3;0,0;0,1;0;49,4;3,8;21,3;1,1;1,9;21;1,8;0,3;0,5;0,7;0,0;12,1;0,0;3,8;0,1;7,6;2,1;0,1;7,6;24;0,3;54;-0.6;26;0,0;0;1426
Hamza Boutakhrit;D (RLC);32;0 € - 40K €;Regional Div. Southwest;Germany;3,1;15,5;8%;0,3;0%;0;0,0;0,4;0,0;88%;4,1;0;1,4;2,8;1,2;0,3;0,1;0,0;0;44,5;2,3;3,6;0,4;0,0;6;0,0;0,6;0,9;0,6;0,0;10,1;0,1;6,7;0,0;0,1;5,3;0,0;0,1;0;0,6;79;-1.22;13;0,1;0;1953
Robert Kampa;GK;20;70K € - 250K €;Regional Div. Northeast;Germany;0,0;3,9;0%;0,0;0%;60;-0,4;0,1;0,0;76%;7,9;-7.32;5,6;0,0;0,0;0,0;0,0;0,0;89;26,0;0,0;0,0;0,1;0,0;0;0,0;0,0;0,0;0,0;0,0;5,8;0,0;0,0;0,0;0,0;0,0;0,0;0,0;0;0,0;0;0;2;0,0;28;1590
Larry-Nana Oellers;D (RC);25;2K € - 22K €;Regional Div. Northeast;Germany;2,5;14,5;25%;0,1;15%;0;0,0;0,2;0,0;84%;3,0;0;0,8;2,8;1,0;0,5;0,3;0,2;0;48,3;2,9;3,2;0,2;0,0;11;0,0;0,8;0,6;0,2;0,1;10,0;0,1;6,2;0,0;0,2;4,4;0,0;0,2;0;1,0;72;0.94;14;0,1;0;2160
Sebastian Mai;DM, M (C), AM (RC);25;3K € - 28K €;Regional Div. West;Germany;1,2;12,0;41%;0,0;7%;0;0,0;1,3;0,1;90%;18,6;0;0,3;5,3;1,2;0,6;0,4;0,6;0;44,2;2,0;10,2;1,4;0,9;12;0,1;1,5;0,0;0,3;0,1;12,1;0,2;5,7;0,1;0,9;2,6;0,2;0,9;5;0,1;45;-1.82;17;0,2;0;1686
David Schiller;ST (C);27;16K € - 160K €;Regional Div. North;Germany;1,1;1,4;42%;0,0;20%;0;0,0;0,7;0,1;88%;23,9;0;0,1;1,3;0,4;0,1;1,0;1,3;0;23,7;0,4;3,8;0,8;1,0;1;0,2;3,2;0,0;0,1;0,6;9,9;0,5;10,6;0,1;0,3;3,6;0,1;0,9;21;0,1;34;1.1;2;0,6;0;1402
Mehdi Hetemaj;D (LC);28;16K € - 55K €;Regional Div. Southwest;Germany;3,6;14,0;0%;0,1;0%;0;0,0;0,3;0,1;89%;4,4;0;1,2;2,7;1,0;0,6;0,1;0,0;0;44,6;3,1;3,6;0,3;0,0;10;0,0;0,1;1,2;0,5;0,0;9,7;0,0;6,7;0,0;0,2;5,2;0,0;0,2;0;1,1;77;-0.06;15;0,0;0;1482
Phil Kemper;D/WB (L), DM, M (L);23;18K € - 180K €;Regional Div. Southwest;Germany;3,0;16,2;25%;0,1;25%;0;0,0;1,5;0,1;86%;10,4;0;1,7;7,3;1,3;0,8;0,1;0,1;0;55,5;6,4;10,8;1,8;1,1;14;0,1;0,2;0,5;0,6;0,1;11,0;0,0;6,0;0,1;2,6;4,2;0,1;7,1;4;0,8;70;0.69;21;0,0;0;1535
Nicolas Andermatt;DM, M (RC), AM (C);30;0 € - 75K €;Regional Div. Bavaria;Germany;3,2;13,1;41%;0,0;24%;0;0,0;0,7;0,3;89%;7,7;0;0,9;5,7;0,7;0,7;0,4;0,3;0;53,7;5,8;9,7;1,0;0,2;14;0,0;0,8;0,0;0,5;0,2;11,7;0,1;3,2;0,2;0,2;1,9;0,1;6,9;11;0,1;59;2.92;15;0,1;0;1870
Roko Ivanković;DM, M (C);25;12K € - 110K €;Regional Div. Southwest;Germany;2,9;15,4;21%;0,0;7%;0;0,0;0,7;0,1;88%;5,2;0;1,1;6,4;0,8;0,5;0,4;0,1;0;48,8;6,2;9,4;0,7;0,1;10;0,0;0,7;0,6;0,7;0,0;11,3;0,0;3,3;0,2;0,1;1,9;0,1;0,1;0;0,2;57;0.36;13;0,0;0;1886
Marius Grösch;D (C), DM;31;0 € - 60K €;Regional Div. Southwest;Germany;3,2;20,0;42%;0,0;8%;0;0,0;0,4;0,0;88%;3,2;0;1,0;2,1;0,7;0,5;0,1;0,2;0;43,8;2,5;4,0;0,4;0,0;11;0,0;0,5;1,0;0,7;0,0;10,1;0,0;6,7;0,1;0,0;5,1;0,0;0,0;0;1,4;76;0.12;13;0,0;0;1980
Nicolas Wähling;M (R), AM (RL), ST (C);28;16K € - 160K €;Regional Div. Northeast;Germany;1,4;5,9;36%;0,0;0%;0;0,0;2,3;0,5;91%;19,6;0;0,6;7,9;2,2;1,5;0,6;0,6;0;42,3;3,5;12,9;2,3;2,6;19;0,9;1,8;0,0;0,1;0,0;11,8;0,2;5,3;0,2;5,9;1,8;0,1;6,3;13;0,2;35;-2.76;26;0,2;0;1122
Roberto Desch;D (R), DM, M (C);32;10K € - 40K €;Regional Div. Bavaria;Germany;2,4;13,8;14%;0,1;0%;0;0,0;0,7;0,2;92%;6,3;0;0,8;6,0;1,4;0,6;0,1;0,1;0;51,6;4,3;8,9;0,7;0,3;14;0,0;0,6;0,1;0,5;0,0;11,5;0,1;2,6;0,1;0,2;1,3;0,0;0,2;25;0,0;52;-2.07;23;0,1;0;1950
Paul Wegener;D (RL), DM, M (C);25;5K € - 50K €;Regional Div. Northeast;Germany;1,5;11,0;13%;0,1;0%;0;0,0;0,6;0,3;89%;12,1;0;0,7;2,6;0,8;0,4;0,1;0,1;0;30,5;2,5;5,4;0,6;0,1;7;0,0;0,4;0,0;0,2;0,0;7,4;0,0;1,2;0,1;0,1;0,7;0,1;0,1;0;0,1;57;-0.63;11;0,0;0;1610
Nathan Fuakala;D (C);24;45K € - 160K €;Regional Div. Northeast;Germany;3,1;14,4;0%;0,0;0%;0;0,0;0,1;0,0;86%;3,8;0;0,8;2,4;0,8;0,3;0,1;0,0;0;48,0;2,7;3,4;0,1;0,0;5;0,0;0,3;1,1;0,7;0,0;9,3;0,0;6,8;0,0;0,0;5,0;0,0;0,0;0;1,0;74;-0.39;5;0,0;0;1411
Jamil Dem;D (RC), DM, M (C);32;0 € - 35K €;Regional Div. Northeast;Germany;1,8;14,7;40%;0,0;30%;0;0,0;0,7;0,3;85%;8,1;0;0,9;4,6;1,8;1,1;0,3;0,2;0;49,8;4,0;8,9;0,9;0,2;20;0,2;0,5;0,2;0,2;0,2;10,1;0,0;3,4;0,1;0,8;1,8;0,1;0,8;20;0,5;54;2.18;31;0,0;0;1685
Marco Schleef;D (RC);26;2K € - 20K €;Regional Div. Northeast;Germany;3,6;7,3;11%;0,2;11%;0;0,0;0,7;0,0;85%;16,5;0;0,9;3,7;1,7;1,1;0,3;0,1;0;47,7;4,9;9,4;0,7;0,9;16;0,2;1,3;0,5;0,4;0,1;11,1;0,2;5,9;0,1;2,3;3,5;0,0;2,3;8;0,6;60;-0.44;19;0,2;0;1348
Marcel Carl;AM (L), ST (C);32;Not for Sale;Regional Div. Southwest;Germany;0,4;3,3;59%;0,0;36%;0;0,0;1,4;0,1;88%;16,5;0;0,3;1,3;0,9;0,3;0,3;0,7;0;26,7;1,0;3,9;2,6;0,1;5;0,0;1,2;0,0;0,1;0,4;10,5;0,2;9,4;0,1;0,2;1,3;0,1;7,3;14;0,1;14;3.35;5;0,2;0;1679
Tobias Dombrowa;D/WB (R), M/AM (RL);26;40K € - 425K €;Regional Div. Northeast;Germany;2,0;7,2;42%;0,0;8%;0;0,0;2,1;0,2;89%;17,8;0;0,3;7,3;2,2;1,7;0,5;0,8;0;44,2;4,8;14,1;2,1;2,7;34;1,3;1,8;0,1;0,2;0,2;11,8;0,2;5,0;0,1;5,8;2,0;0,2;5,8;22;0,2;41;-1.79;39;0,2;0;1775
Tobias Mißner;D (LC), WB/M (L);25;0 € - 80K €;Regional Div. North;Germany;4,3;12,7;0%;0,1;0%;0;0,0;0,9;0,1;85%;13,0;0;1,1;6,0;1,9;1,6;0,0;0,0;0;54,8;6,2;13,2;0,9;1,2;22;0,7;0,0;1,1;0,4;0,0;11,3;0,0;5,7;0,0;3,7;4,3;0,1;3,7;18;0,8;75;0;26;0,0;0;1206
Raphael Adiele;D (C);20;16K € - 160K €;Regional Div. Bavaria;Germany;3,6;16,9;35%;0,1;6%;0;0,0;0,2;0,1;88%;3,9;0;0,8;2,4;0,8;0,3;0,6;0,6;0;43,9;1,9;3,6;0,2;0,0;7;0,0;1,6;0,8;0,6;0,1;9,8;0,2;8,1;0,1;0,1;6,0;0,1;0,1;0;1,6;74;-2.2;10;0,2;0;1800
Joey Breitfeld;D/WB/M/AM (R);29;120K € - 425K €;Regional Div. Northeast;Germany;2,0;10,6;38%;0,2;0%;0;0,0;1,4;0,0;87%;15,0;0;1,3;7,5;1,8;1,0;0,6;0,5;0;45,6;3,7;10,8;1,4;2,7;12;1,7;1,3;0,2;0,8;0,0;11,5;0,1;5,0;0,1;5,6;2,0;0,2;5,6;30;0,0;40;-1.2;17;0,1;0;1113
Nael Najjar;D (RL);29;0 € - 70K €;Regional Div. Southwest;Germany;2,9;8,3;29%;0,0;6%;0;0,0;0,6;0,3;82%;18,5;0;0,7;4,3;1,7;1,2;0,1;0,3;0;52,3;5,1;13,4;0,6;0,7;21;0,4;1,0;0,5;0,5;0,1;11,3;0,2;4,0;0,1;2,9;2,2;0,1;2,9;14;0,3;55;-1.72;24;0,2;0;1562
Jake Wilton;D (RC);26;2K € - 20K €;Regional Div. Northeast;Germany;2,6;18,8;25%;0,0;8%;0;0,0;0,0;0,1;88%;2,9;0;0,9;2,4;0,5;0,1;0,1;0,1;0;49,6;2,4;3,0;0,0;0,0;2;0,0;0,6;0,8;0,5;0,0;10,0;0,1;6,6;0,1;0,0;3,9;0,0;0,0;0;1,0;59;-1.1;5;0,1;0;1854
Lennart Grimmer;D (RLC), WB/M (R);26;6K € - 65K €;Regional Div. Southwest;Germany;2,3;12,9;25%;0,1;0%;0;0,0;1,2;0,1;87%;13,5;0;1,6;4,5;2,0;1,6;0,2;0,1;0;53,7;6,0;9,9;1,2;0,7;19;0,0;0,3;0,3;0,5;0,0;10,6;0,0;4,2;0,1;3,1;1,5;0,2;3,1;0;0,3;36;-0.35;20;0,0;0;1078
Adijat Sefer;ST (C);20;500 € - 4,5K €;Regional Div. Bavaria;Germany;1,0;0,6;50%;0,0;12%;0;0,0;1,2;0,1;91%;20,4;0;0,1;1,5;0,4;0,1;0,6;0,8;0;24,5;0,6;4,8;1,2;0,5;1;0,1;1,7;0,0;0,0;0,2;9,6;0,1;9,2;0,0;0,5;1,6;0,1;0,5;12;0,0;17;0.76;2;0,1;0;1402
Marius Hauptmann;D/WB/M (R), AM (RL);26;12K € - 130K €;Regional Div. Northeast;Germany;2,0;5,4;39%;0,0;11%;0;0,0;1,6;0,3;89%;18,0;0;0,5;8,1;1,2;1,0;0,6;0,7;0;40,8;3,0;14,4;1,6;4,1;15;1,3;1,9;0,0;0,3;0,2;12,3;0,2;3,7;0,1;6,1;0,7;0,1;6,1;21;0,0;20;-0.18;17;0,2;0;1326
Lukas Quirin;D/M/AM (C);26;0 € - 70K €;Regional Div. Bavaria;Germany;3,4;17,4;28%;0,0;17%;0;0,0;0,3;0,3;89%;4,9;0;0,7;2,4;0,6;0,3;0,5;0,3;0;43,3;2,3;3,2;0,9;0,2;6;0,0;1,0;0,8;0,5;0,2;9,7;0,1;6,5;0,1;0,1;4,9;0,2;0,2;0;0,9;75;0.54;6;0,1;0;1558
Luis Hartwig;ST (C);23;16K € - 170K €;Regional Div. West;Germany;0,8;2,3;40%;0,1;9%;0;0,0;1,2;0,3;85%;18,9;0;0,2;1,5;0,7;0,0;1,3;1,3;0;25,3;0,8;2,9;1,2;0,6;0;0,1;3,2;0,0;0,0;0,3;9,3;0,3;8,2;0,2;0,3;2,5;0,2;0,3;25;0,1;31;-0.44;3;0,3;0;1276
Marvin Thiel;D/WB/M (L), AM (RL);30;22K € - 230K €;Regional Div. North;Germany;2,7;7,9;23%;0,1;23%;0;0,0;1,3;0,1;87%;16,0;0;0,4;7,2;1,7;1,3;0,0;0,2;0;51,3;5,1;13,1;1,4;3,2;23;0,4;0,7;0,2;0,3;0,2;11,1;0,1;4,4;0,1;3,7;2,3;0,1;8,0;7;0,3;53;1.56;27;0,1;0;1650
Felix Heim;M (R), AM (RL), ST (C);24;3K € - 28K €;Regional Div. Bavaria;Germany;2,6;6,0;38%;0,0;17%;0;0,0;2,6;0,6;90%;14,0;0;0,3;7,4;2,0;1,2;1,1;0,7;0;40,0;3,2;10,9;2,6;4,1;16;1,6;1,7;0,0;0,2;0,3;11,7;0,1;4,8;0,3;6,9;1,4;0,2;7,3;21;0,0;30;2.3;20;0,1;0;1244
Daoud Iraqi;M (L), AM (RL), ST (C);26;12K € - 40K €;Regional Div. Northeast;Germany;2,0;5,1;44%;0,0;15%;0;0,0;1,8;0,1;89%;20,7;0;0,2;7,5;1,9;1,2;0,7;0,8;0;43,3;3,6;12,1;1,8;4,3;26;1,0;1,8;0,0;0,2;0,3;11,7;0,2;5,4;0,1;4,3;1,5;0,2;4,3;23;0,1;27;2.39;34;0,2;0;1948
Keanu Kraft;D/WB/M (R);22;5K € - 50K €;Regional Div. Southwest;Germany;4,1;14,6;29%;0,1;4%;0;0,0;0,9;0,2;89%;10,8;0;1,2;5,5;1,2;0,7;0,5;0,4;0;55,1;6,7;10,1;1,2;0,9;14;0,7;1,2;0,4;0,8;0,1;10,1;0,3;4,5;0,3;2,8;2,2;0,4;3,3;23;0,2;48;-4.22;23;0,3;0;1774
Florian Egerer;D (C), DM, M (C);27;14K € - 140K €;3. Liga;Germany;3,1;10,3;25%;0,2;0%;0;0,0;0,2;0,1;89%;6,5;0;0,8;5,0;1,1;1,3;1,3;0,4;0;52,6;6,1;11,3;0,2;0,2;16;0,1;1,7;0,5;0,5;0,0;11,6;0,1;2,7;0,0;0,1;1,7;0,0;0,1;100;0,0;61;-0.68;25;0,1;0;1089
Radomir Novaković;GK;25;14K € - 130K €;Regional Div. Southwest;Germany;0,0;3,4;0%;0,0;0%;75;0,2;0,0;0,0;71%;8,2;3.92;5,3;0,0;0,0;0,0;0,0;0,0;91;26,8;0,0;0,0;0,0;0,0;1;0,0;0,0;0,0;0,0;0,0;4,8;0,0;0,0;0,0;0,0;0,0;0,0;0,0;0;0,0;0;0;1;0,0;19;1818
Shinji Yamada;D/WB (R), M (RL), AM (R);31;0 € - 18K €;Regional Div. Northeast;Germany;2,4;8,8;19%;0,0;10%;0;0,0;1,4;0,1;83%;15,1;0;1,1;5,8;1,6;1,0;0,4;0,3;0;45,9;4,4;8,4;1,4;2,2;13;0,8;1,6;0,1;0,5;0,2;10,2;0,1;4,9;0,1;5,1;1,6;0,1;7,7;11;0,3;33;0.67;20;0,1;0;1173
René Eckardt;DM, M (RLC), AM (C);35;2,5K € - 8K €;Regional Div. Northeast;Germany;0,0;8,4;75%;0,0;0%;0;0,0;0,4;0,3;0%;20,5;0;0,0;0,0;0,0;0,0;0,1;0,2;0;0,0;0,0;0,0;1,8;0,0;0;0,0;0,3;0,0;0,0;0,0;0,0;0,1;0,0;0,3;0,0;0,0;0,4;6,9;14;0,0;0;-0.92;0;0,1;0;1373
Hokon Christian Sossah;AM (RL), ST (C);26;2K € - 22K €;Regional Div. Southwest;Germany;0,8;2,6;46%;0,0;13%;0;0,0;1,2;0,2;90%;15,9;0;0,5;2,0;0,8;0,2;0,7;1,4;0;27,0;0,7;5,0;1,2;0,8;3;0,1;2,9;0,0;0,0;0,4;9,7;0,2;8,0;0,2;1,1;2,0;0,2;1,1;7;0,0;25;2.33;5;0,2;0;1198
Sinan Tekerci;D/WB (L), M (RL), AM (LC);32;26K € - 90K €;Regional Div. Southwest;Germany;2,0;5,0;32%;0,1;11%;0;0,0;2,0;0,2;90%;18,8;0;0,6;8,6;1,6;1,0;0,3;0,3;0;45,7;4,0;13,8;2,9;4,0;19;0,4;1,0;0,0;0,4;0,1;11,4;0,1;4,5;0,0;3,4;0,5;0,0;7,8;14;0,0;12;0.04;22;0,1;0;1661
Maurice Springfeld;D (RC), DM;27;0 € - 85K €;Regional Div. Southwest;Germany;2,3;10,8;0%;0,1;0%;0;0,0;0,4;0,0;88%;4,9;0;1,3;2,9;1,3;0,8;0,2;0,0;0;45,2;2,7;5,3;0,4;0,1;11;0,0;0,7;0,3;0,6;0,0;10,4;0,0;5,1;0,0;0,1;3,4;0,0;0,1;0;0,6;67;-0.64;14;0,0;0;1286
Lukas Gottwalt;D (C);28;0 € - 75K €;Regional Div. Southwest;Germany;2,4;15,9;18%;0,0;12%;0;0,0;0,2;0,1;86%;3,3;0;1,5;3,2;1,1;0,6;0,3;0,1;0;44,8;2,3;2,6;0,2;0,0;14;0,0;0,7;1,1;0,4;0,1;9,5;0,1;7,4;0,0;0,1;5,4;0,0;0,1;0;1,4;74;0.16;17;0,1;0;2070
Janek Siderkiewicz;DM, M (C);29;0 € - 80K €;Regional Div. North;Germany;2,1;11,7;13%;0,1;0%;0;0,0;1,1;0,5;85%;8,6;0;1,0;3,6;1,2;1,1;0,3;0,1;0;59,7;5,4;8,2;1,1;0,3;21;0,0;0,8;0,1;0,5;0,0;10,9;0,1;1,7;0,2;0,2;1,1;0,3;0,2;0;0,0;64;-2.18;22;0,1;0;1799
Frederic Brill;D (C), DM, M (C);33;0 € - 22K €;Regional Div. Southwest;Germany;1,6;11,7;25%;0,0;8%;0;0,0;1,1;0,4;88%;5,6;0;1,1;5,4;1,6;1,0;0,4;0,2;0;46,0;4,8;9,5;1,1;0,4;14;0,0;0,8;0,1;0,5;0,1;12,1;0,1;3,5;0,2;0,0;2,1;0,0;0,0;0;0,4;58;-0.05;14;0,1;0;1273
Aaron Liesche Prieto;D (L);20;0 € - 85K €;Regional Div. Southwest;Germany;3,4;11,4;20%;0,1;0%;0;0,0;1,7;0,2;86%;15,1;0;1,7;5,8;0,9;0,9;0,1;0,1;0;55,9;6,6;10,3;1,7;0,2;15;0,2;0,3;0,3;0,6;0,0;11,6;0,0;4,9;0,1;3,5;3,4;0,1;3,5;5;0,6;69;-0.75;17;0,0;0;1471
Luca Günther;D/WB (R);24;0 € - 50K €;Regional Div. North;Germany;3,0;20,0;9%;0,0;0%;0;0,0;1,6;0,2;88%;10,3;0;1,1;5,6;1,3;1,1;0,3;0,1;0;54,7;6,4;14,0;1,6;0,4;22;0,5;1,1;0,9;0,5;0,0;11,6;0,1;5,3;0,3;2,1;3,5;0,4;2,1;24;0,9;67;-2;25;0,1;0;1780
Marc-Philipp Zimmermann;AM (RL), ST (C);35;1K €;Regional Div. Northeast;Germany;0,6;2,3;37%;0,0;17%;0;0,0;1,1;0,3;90%;18,2;0;0,3;2,1;0,9;0,4;0,7;0,7;0;28,0;0,6;4,0;1,1;0,5;6;0,0;1,8;0,0;0,1;0,3;9,6;0,2;10,7;0,1;0,5;3,4;0,2;0,5;0;0,1;31;2.52;6;0,2;0;1475
Kevin Hillmann;D (LC), WB (L), DM, M (L);32;4K €;Regional Div. Southwest;Germany;3,2;13,5;0%;0,1;0%;0;0,0;1,4;0,0;86%;11,1;0;1,9;6,0;1,4;1,4;0,1;0,0;0;55,0;5,4;10,8;1,4;0,7;21;0,4;0,1;0,4;0,4;0,0;11,5;0,0;5,0;0,0;2,5;4,2;0,0;2,5;15;0,6;83;-0.07;25;0,0;0;1386
Elias Lenz;DM, M (C);20;35K € - 350K €;Regional Div. Bavaria;Germany;3,0;17,0;15%;0,0;5%;0;0,0;1,2;0,5;90%;4,8;0;0,5;5,6;1,7;1,0;0,3;0,2;0;46,8;5,4;8,4;1,2;0,1;15;0,0;1,4;0,1;0,3;0,1;11,2;0,2;3,9;0,4;0,1;2,3;0,5;0,1;0;0,7;60;-1.3;21;0,2;0;1323
Niklas Borger;D (C), DM, M (C);23;50K € - 180K €;Regional Div. Bavaria;Germany;3,1;13,2;14%;0,2;0%;0;0,0;0,3;0,1;89%;4,6;0;0,9;3,0;1,2;0,8;0,1;0,1;0;48,7;2,8;3,2;0,3;0,1;15;0,1;0,4;0,4;0,5;0,0;9,9;0,0;6,6;0,0;0,1;5,2;0,0;0,1;50;1,2;78;-0.57;16;0,0;0;1747
Paolo Maiella;M (L), AM (RL);28;0 € - 65K €;Regional Div. West;Germany;1,9;3,0;43%;0,0;13%;0;0,0;1,5;0,1;88%;25,0;0;0,8;8,2;2,2;0,9;0,5;0,5;0;42,6;2,7;12,2;1,5;4,8;18;1,0;1,2;0,0;0,5;0,2;11,5;0,1;4,1;0,1;4,1;0,5;0,1;4,1;25;0,1;13;1;24;0,1;0;1716
David Siebert;D/WB/M/AM (R);24;2K € - 22K €;Regional Div. Southwest;Germany;2,2;6,7;38%;0,0;16%;0;0,0;1,7;0,1;89%;15,7;0;0,6;7,4;1,6;1,2;0,6;0,6;0;41,7;3,6;14,3;1,9;2,7;25;0,4;1,6;0,0;0,2;0,2;12,0;0,2;5,1;0,1;6,2;2,7;0,1;6,2;7;0,0;53;0.06;28;0,2;0;1808
David Winke;D (LC);25;0 € - 65K €;Regional Div. West;Germany;3,1;9,4;67%;0,1;0%;0;0,0;0,2;0,0;88%;4,8;0;0,9;2,8;1,1;0,7;0,1;0,1;0;45,2;2,3;4,0;0,2;0,2;13;0,1;0,2;0,4;0,4;0,0;10,1;0,0;7,6;0,0;0,4;4,6;0,0;0,4;14;2,0;61;-0.28;17;0,0;0;1689
Lukas Bornschein;D (C);20;180K € - 600K €;Regional Div. North;Germany;3,0;11,8;33%;0,1;0%;0;0,0;0,4;0,2;91%;4,2;0;1,0;1,5;0,7;0,1;0,2;0,1;0;49,0;1,9;3,2;0,4;0,1;1;0,0;0,2;0,3;0,7;0,0;9,0;0,0;7,4;0,1;0,1;5,2;0,2;0,1;0;1,2;70;-0.24;4;0,0;0;1369
Dorian Čevis;M (L), AM (RLC);24;16K € - 150K €;Regional Div. Northeast;Germany;2,0;5,0;33%;0,0;25%;0;0,0;1,7;0,0;89%;16,6;0;0,3;9,2;2,6;1,8;0,0;0,4;0;47,2;3,5;13,8;1,7;4,6;20;0,6;1,1;0,0;0,3;0,3;11,3;0,1;4,5;0,0;4,0;1,0;0,0;4,0;15;0,0;22;1.78;21;0,1;0;1002
Niklas Jeck;D (RLC);24;22K € - 75K €;Regional Div. Northeast;Germany;2,9;11,2;13%;0,1;0%;0;0,0;0,1;0,1;90%;4,3;0;0,9;2,4;0,9;0,5;0,2;0,1;0;45,9;1,9;2,9;0,1;0,0;11;0,0;0,8;0,3;0,5;0,0;9,8;0,1;7,3;0,0;0,0;5,8;0,0;0,0;100;1,5;78;-1.28;12;0,1;0;1877
Marko Ilić;WB (RL), ST (C);26;18K € - 180K €;3. Liga;Germany;0,5;2,7;44%;0,0;15%;0;0,0;1,6;0,3;88%;9,1;0;0,5;1,8;0,4;0,3;0,9;0,8;0;30,1;2,4;9,1;1,9;1,1;5;0,4;1,8;0,0;0,0;0,3;11,6;0,3;6,7;0,2;1,7;1,2;0,1;4,6;16;0,0;18;-0.17;5;0,3;0;1676
Fabio Maiolo;D (C), DM, M/AM (C);28;22K € - 75K €;Regional Div. North;Germany;2,2;17,9;20%;0,0;0%;0;0,0;0,5;0,3;87%;6,7;0;1,0;4,0;1,3;0,6;0,2;0,1;0;44,5;3,6;8,8;0,5;0,2;7;0,0;0,4;0,1;0,4;0,0;10,9;0,1;3,8;0,1;0,4;2,5;0,3;0,4;0;0,6;65;-0.65;12;0,1;0;1013
Kevin Hingerl;D (RLC);32;Not for Sale;Regional Div. Bavaria;Germany;3,8;17,5;40%;0,2;0%;0;0,0;0,2;0,1;88%;3,2;0;1,2;2,7;0,9;0,5;0,1;0,1;0;44,1;2,2;2,5;0,2;0,1;9;0,0;0,3;0,6;0,5;0,0;9,4;0,0;7,1;0,0;0,0;4,8;0,1;0,0;0;1,0;67;-0.78;12;0,0;0;1671
Melvin Ramusović;DM, M (C);24;0 € - 85K €;Regional Div. Southwest;Germany;2,2;15,0;27%;0,0;0%;0;0,0;0,8;0,3;90%;5,0;0;0,7;5,0;1,3;0,5;0,4;0,2;0;49,2;6,2;9,0;0,8;0,5;6;0,0;0,9;0,2;0,4;0,0;11,5;0,1;3,1;0,1;0,1;2,0;0,1;0,1;0;0,4;65;-1.02;14;0,1;0;1088
Alexander Siebeck;D/WB (L), DM, M (LC), AM (C);32;0 € - 90K €;Regional Div. Northeast;Germany;0,0;13,2;57%;0,0;7%;0;0,0;0,2;0,1;0%;13,4;0;0,0;0,0;0,0;0,0;0,2;0,5;0;0,0;0,0;0,0;0,5;0,0;0;0,0;0,8;0,0;0,0;0,1;0,0;0,1;0,0;0,1;0,0;0,0;0,2;0,4;28;0,0;0;-0.88;0;0,1;0;1529
Dustin Willms;AM (RL), ST (C);26;4,5K € - 45K €;Regional Div. West;Germany;1,7;5,8;35%;0,0;20%;0;0,0;1,9;0,2;85%;15,7;0;0,3;8,0;1,7;1,1;0,8;0,5;0;41,8;3,6;13,3;1,9;2,7;14;0,5;1,5;0,0;0,2;0,3;11,6;0,1;6,2;0,2;3,3;3,2;0,2;3,3;15;0,1;52;2.94;15;0,1;0;1197
Federico Palacios;AM (RC), ST (C);30;35K € - 375K €;Regional Div. North;Germany;1,6;10,2;34%;0,0;14%;0;0,0;1,5;0,4;90%;14,9;0;0,5;5,4;1,2;0,4;0,7;0,7;0;38,5;2,0;8,4;1,5;1,7;6;0,3;2,0;0,0;0,3;0,3;10,8;0,2;4,8;0,2;1,4;1,2;0,1;1,4;23;0,0;25;1.14;8;0,2;0;1323
Enrique Katsianas Sánchez;D/WB (L), M/AM (LC), ST (C);23;16K € - 160K €;Regional Div. Southwest;Germany;1,4;8,8;36%;0,0;7%;0;0,0;1,7;0,1;91%;21,3;0;0,4;3,0;0,9;0,6;0,4;0,3;0;42,4;1,8;6,8;1,7;1,1;9;0,1;0,9;0,0;0,2;0,1;11,8;0,1;3,8;0,1;1,1;0,8;0,0;1,1;11;0,0;21;0.16;9;0,1;0;1430
Justin Duda;GK;22;18K € - 180K €;Regional Div. Southwest;Germany;0,0;3,9;0%;0,0;0%;71;0,1;0,0;0,0;72%;8,0;3.13;6,0;0,0;0,0;0,0;0,0;0,0;88;26,2;0,0;0,0;0,0;0,0;0;0,0;0,0;0,0;0,0;0,0;5,1;0,0;0,0;0,0;0,0;0,0;0,0;0,0;0;0,0;0;0;3;0,0;27;2160
Farid Abderrahmane;DM, M (LC), AM (C);29;30K € - 325K €;Regional Div. Northeast;Germany;0,0;13,6;52%;0,0;10%;0;0,0;0,0;0,6;0%;9,6;0;0,0;0,0;0,0;0,0;0,3;0,8;0;0,0;0,0;0,0;0,1;0,0;0;0,0;1,6;0,0;0,0;0,2;0,0;0,2;0,0;0,2;0,0;0,0;0,0;0,0;0;0,0;0;0.08;0;0,2;0;1636
Jakub Jakubov;GK;36;0 € - 14K €;Regional Div. Northeast;Germany;0,0;5,0;0%;0,0;0%;71;0,0;0,1;0,0;73%;9,5;0.31;3,5;0,0;0,0;0,0;0,0;0,0;89;27,8;0,0;0,0;0,2;0,0;0;0,0;0,0;0,0;0,0;0,0;4,9;0,0;0,0;0,0;0,0;0,0;0,0;0,0;0;0,0;0;0;1;0,0;27;1980
Abou Ballo;D/WB/M/AM (L);27;1K € - 12K €;Regional Div. Southwest;Germany;3,8;10,4;25%;0,1;0%;0;0,0;1,1;0,3;85%;15,6;0;1,2;5,5;2,0;1,3;0,1;0,1;0;52,4;5,8;10,4;1,1;0,9;24;0,4;0,2;0,4;0,5;0,0;11,2;0,0;4,9;0,1;1,8;2,0;0,1;1,8;20;0,8;41;-0.22;36;0,0;0;1715
Oliver Daedlow;D (RC), WB (R), DM, M (C);25;8K €;Regional Div. Northeast;Germany;2,2;10,8;11%;0,0;0%;0;0,0;0,8;0,2;88%;8,2;0;1,4;3,3;1,0;1,0;0,1;0,1;0;46,2;3,1;9,8;0,8;0,3;15;0,1;0,6;0,1;0,5;0,0;12,0;0,1;3,6;0,1;0,5;1,4;0,2;0,5;12;0,5;40;-0.84;16;0,1;0;1378
Arne Wessels;AM (RLC), ST (C);20;55K € - 190K €;Regional Div. West;Germany;2,4;3,9;35%;0,0;3%;0;0,0;1,5;0,4;89%;18,1;0;1,2;7,4;1,7;1,0;1,2;1,1;0;42,8;2,7;10,6;1,5;4,2;11;1,2;3,0;0,0;0,4;0,1;11,3;0,2;4,6;0,2;4,1;1,5;0,1;4,1;28;0,0;33;-1.8;15;0,2;0;1015
Luis Klatte;GK;25;16K € - 55K €;Regional Div. Northeast;Germany;0,0;2,4;0%;0,0;0%;70;0,2;0,0;0,0;69%;7,9;3.76;4,5;0,0;0,0;0,0;0,0;0,0;87;27,4;0,0;0,0;0,0;0,0;0;0,0;0,0;0,0;0,0;0,0;5,2;0,0;0,0;0,0;0,0;0,0;0,0;0,0;0;0,0;0;0;0;0,0;20;1980
Theodoros Politakis;D/WB (L), DM, M/AM (LC);27;22K € - 230K €;Regional Div. Southwest;Germany;2,5;11,2;43%;0,1;14%;0;0,0;0,8;0,2;89%;6,8;0;1,2;4,0;1,2;0,7;0,3;0,2;0;46,0;2,8;8,7;0,8;0,2;12;0,0;0,4;0,1;0,5;0,1;11,8;0,0;2,0;0,2;0,2;0,6;0,2;0,2;0;0,1;32;0.55;21;0,0;0;1564
Theo Martens;M (R), AM (RL), ST (C);22;55K € - 180K €;Regional Div. Northeast;Germany;1,8;6,1;39%;0,0;17%;0;0,0;1,7;0,4;91%;16,1;0;0,2;8,5;1,7;1,0;0,3;0,5;0;40,2;2,1;13,5;1,7;3,3;15;1,1;1,2;0,0;0,3;0,2;12,0;0,1;5,0;0,2;6,3;2,0;0,2;6,8;16;0,3;40;1.49;21;0,1;0;1308
Moritz Wiezorrek;M (L), AM (RLC);21;20K € - 200K €;Regional Div. Bavaria;Germany;1,8;6,2;17%;0,0;6%;0;0,0;2,4;0,1;89%;16,7;0;0,5;7,0;1,5;0,9;0,1;0,2;0;45,5;4,4;13,1;2,4;5,3;12;1,0;1,3;0,0;0,3;0,1;11,2;0,2;5,6;0,2;4,1;1,7;0,3;4,1;25;0,0;31;-1.45;18;0,2;0;1241
Fabian Herbst;D (C);25;14K € - 130K €;Regional Div. North;Germany;3,8;11,5;24%;0,1;8%;0;0,0;0,2;0,1;89%;3,6;0;1,4;2,6;1,1;0,5;0,6;0,4;0;46,4;2,2;3,4;0,2;0,0;8;0,0;1,6;0,4;0,8;0,1;9,8;0,2;7,0;0,0;0,0;4,3;0,0;0,0;0;0,5;62;-1.05;11;0,2;0;1433
Raphinha;D/WB (L);32;14K € - 45K €;Regional Div. Southwest;Germany;3,3;11,6;33%;0,0;0%;0;0,0;1,1;0,2;88%;9,7;0;1,3;6,6;1,1;0,9;0,1;0,1;0;56,1;6,7;12,5;1,1;1,3;16;0,4;0,2;0,3;0,7;0,0;11,1;0,0;4,6;0,1;2,9;2,3;0,3;3,6;10;0,3;49;-0.14;18;0,0;0;1616
Ouassim Karada;D (RL), WB/M/AM (R);20;50K € - 500K €;Regional Div. Southwest;Germany;3,4;6,6;0%;0,1;0%;0;0,0;1,3;0,2;85%;18,6;0;1,1;6,8;1,5;1,1;0,0;0,0;0;54,7;6,1;17,6;1,3;1,2;16;1,2;0,1;0,1;0,6;0,0;11,7;0,0;5,8;0,1;7,9;3,4;0,1;7,9;15;0,4;59;0;21;0,0;0;1280
Djamal Ziane;ST (C);33;12K € - 40K €;Regional Div. Northeast;Germany;0,8;1,6;57%;0,0;26%;0;0,0;0,7;0,3;91%;18,7;0;0,3;1,3;0,3;0,1;0,6;1,2;0;25,7;0,3;4,8;0,7;0,8;2;0,1;2,1;0,0;0,1;0,5;9,9;0,3;9,9;0,2;0,1;4,1;0,1;0,1;66;0,0;42;5.88;3;0,3;0;1822
Alexander Kopf;D (LC);24;2K € - 20K €;Regional Div. Bavaria;Germany;2,8;13,4;20%;0,3;0%;0;0,0;0,6;0,1;83%;4,3;0;1,4;2,2;0,9;0,6;0,2;0,1;0;46,4;2,6;3,8;0,6;0,0;12;0,0;0,5;0,5;1,1;0,0;10,2;0,1;6,8;0,1;0,0;4,9;0,1;0,0;0;0,5;71;-1.1;14;0,1;0;1942
Marko Stojanović;D/WB/M/AM (L);31;0 € - 50K €;Regional Div. West;Germany;2,6;15,1;0%;0,1;0%;0;0,0;1,3;0,1;90%;18,0;0;0,7;8,8;1,7;2,0;0,0;0,0;0;52,8;4,5;18,8;1,3;2,3;36;1,4;0,1;0,2;0,5;0,0;12,9;0,0;4,2;0,1;6,9;2,8;0,1;7,2;20;0,6;67;-0.23;48;0,0;0;1617
Philipp Hanke;D/WB/M/AM (R);32;0 € - 60K €;Regional Div. West;Germany;2,8;15,6;25%;0,1;0%;0;0,0;1,1;0,1;86%;14,0;0;1,2;7,1;1,5;0,6;0,1;0,3;0;54,4;6,3;11,6;1,2;0,4;11;0,2;1,0;0,2;0,6;0,0;10,9;0,1;4,8;0,1;2,1;2,2;0,0;2,3;8;0,3;46;-2.64;19;0,1;0;1737
Jannik Borgmann;D (LC);28;18K € - 65K €;Regional Div. West;Germany;3,5;9,4;33%;0,0;0%;0;0,0;0,9;0,0;87%;17,4;0;1,1;5,5;1,2;1,2;0,1;0,0;0;54,9;5,6;13,3;0,9;0,5;25;0,2;0,1;0,2;0,5;0,0;11,3;0,0;5,1;0,0;2,3;3,5;0,0;2,3;10;0,7;68;-0.28;28;0,0;0;1850
Jonas Fritschi;D (C), DM;25;2K € - 22K €;Regional Div. Southwest;Germany;3,0;12,8;13%;0,0;0%;0;0,0;0,5;0,1;92%;5,1;0;0,9;3,8;0,9;0,6;0,1;0,0;0;50,3;3,6;6,6;0,5;0,1;12;0,1;0,4;0,5;0,6;0,0;11,1;0,1;5,0;0,1;0,2;3,7;0,0;0,2;50;0,8;75;-1.76;16;0,1;0;1919
Dominik Črljenec;D (C), DM;26;2K € - 20K €;Regional Div. Southwest;Germany;3,3;13,4;15%;0,1;0%;0;0,0;0,2;0,0;87%;3,8;0;1,0;2,5;0,7;0,4;0,2;0,1;0;47,9;2,2;3,1;0,2;0,0;7;0,0;0,7;0,4;0,6;0,0;9,2;0,1;7,2;0,0;0,0;5,0;0,1;0,0;0;1,5;70;-1.64;8;0,1;0;1733
Marian Sarr;D (C);30;0 € - 55K €;Regional Div. North;Germany;1,7;13,4;33%;0,0;0%;0;0,0;0,1;0,2;93%;8,0;0;0,4;1,4;0,5;0,1;0,1;0,1;0;24,4;1,0;0,7;0,1;0,1;1;0,0;0,2;0,1;0,1;0,0;4,8;0,0;3,3;0,1;0,0;1,7;0,1;0,0;0;0,6;53;-0.17;1;0,0;0;1245
Matti Steinmann;DM, M (C);30;12K € - 130K €;Regional Div. North;Germany;2,2;18,5;18%;0,1;9%;0;0,0;1,2;0,2;90%;5,2;0;1,5;3,7;0,7;0,5;0,1;0,1;0;52,0;5,6;8,0;1,2;0,2;10;0,0;0,6;0,1;0,7;0,1;10,5;0,1;2,9;0,2;0,1;1,6;0,2;1,6;0;0,3;54;-0.42;12;0,1;0;1682
Sebastian Haut;D (C), DM, M (C);29;16K € - 55K €;Regional Div. North;Germany;2,9;15,0;20%;0,1;0%;0;0,0;0,3;0,0;86%;6,2;0;0,6;5,3;1,5;0,8;0,4;0,1;0;47,7;3,3;10,3;0,3;0,1;11;0,0;0,4;0,1;0,4;0,0;11,9;0,0;3,0;0,1;0,1;1,7;0,1;0,1;0;0,3;56;-0.24;17;0,0;0;1246
Ahmad Badran;D/WB/M (R), AM (RL);18;35K € - 325K €;Regional Div. North;Germany;1,6;3,1;21%;0,1;0%;0;0,0;2,0;0,3;87%;19,4;0;0,3;7,9;2,6;2,0;0,2;0,2;0;41,0;3,4;10,4;2,0;4,3;26;1,2;1,1;0,0;0,2;0,0;11,7;0,1;5,2;0,1;6,2;2,7;0,0;6,2;20;0,2;52;-1.17;28;0,1;0;1153
Malte Wengerowski;D/WB/M/AM (R);24;18K € - 170K €;Regional Div. North;Germany;1,8;7,7;36%;0,0;5%;0;0,0;1,3;0,4;91%;17,8;0;0,5;7,2;1,4;1,2;0,3;0,6;0;42,9;3,2;12,6;1,3;3,1;16;1,4;1,7;0,2;0,4;0,1;11,8;0,2;4,9;0,2;5,8;2,1;0,1;5,8;23;0,5;44;-2.19;17;0,2;0;1182
Davud Tuma;D/WB/M (L), AM (RL);29;20K € - 70K €;Regional Div. West;Germany;2,9;5,0;25%;0,1;0%;0;0,0;1,1;0,1;87%;17,7;0;0,8;5,4;1,2;0,8;0,3;0,1;0;52,0;4,9;11,0;1,1;2,0;11;0,7;0,6;0,1;0,4;0,0;10,8;0,0;4,4;0,2;4,1;1,2;0,2;4,1;17;0,2;27;-0.64;15;0,0;0;1279
Luka Trslić;D (RC);24;110K € - 375K €;3. Liga;Germany;4,2;15,7;100%;0,2;50%;0;0,0;0,0;0,0;87%;6,9;0;1,3;4,0;1,2;0,6;0,0;0,1;0;53,6;2,8;5,5;0,1;0,1;8;0,0;0,1;0,4;0,3;0,1;10,4;0,0;7,1;0,0;0,1;5,2;0,0;0,1;0;1,3;74;0.89;11;0,0;0;1206
Lukas Stoppel;M/AM (C);20;5K € - 55K €;Regional Div. Southwest;Germany;1,3;11,5;50%;0,0;4%;0;0,0;1,8;0,0;87%;18,7;0;0,3;5,0;1,2;0,4;0,4;0,6;0;41,4;2,3;8,0;1,8;1,0;7;0,3;1,2;0,0;0,3;0,1;12,1;0,1;4,1;0,0;1,1;0,9;0,2;1,1;27;0,0;23;-1.03;7;0,1;0;1732
Marcel Hölscher;GK;34;8K € - 28K €;Regional Div. West;Germany;0,0;4,5;0%;0,0;0%;73;0,4;0,0;0,0;77%;7,7;6.37;4,8;0,0;0,0;0,0;0,0;0,0;87;26,8;0,0;0,0;0,0;0,0;0;0,0;0,0;0,0;0,0;0,0;4,0;0,0;0,0;0,0;0,0;0,0;0,0;0,0;0;0,0;0;0;1;0,0;21;1622
Emilian Lässig;D/WB (L), DM, M (L);26;28K €;Regional Div. Southwest;Germany;3,7;14,8;33%;0,2;0%;0;0,0;0,7;0,0;84%;16,8;0;1,3;4,8;1,7;1,8;0,1;0,1;0;52,8;5,6;14,0;0,7;0,5;34;0,3;0,2;0,6;0,7;0,0;12,3;0,0;5,6;0,0;2,4;2,8;0,0;2,4;13;0,7;51;-0.42;39;0,0;0;1717
Christoph Schulz;D (RL), WB/M (R);29;20K € - 65K €;Regional Div. Bavaria;Germany;3,1;7,8;56%;0,0;11%;0;0,0;1,3;0,1;87%;19,5;0;1,0;8,1;1,6;1,0;0,0;0,2;0;47,7;4,4;26,4;1,3;1,7;23;1,2;0,4;0,3;0,6;0,0;12,8;0,0;4,0;0,1;6,9;2,3;0,2;6,9;17;0,4;59;0.14;30;0,0;0;2030
Simon Klostermann;ST (C);25;2K € - 18K €;Regional Div. Southwest;Germany;0,8;1,0;29%;0,0;6%;0;0,0;0,8;0,1;89%;21,9;0;0,2;1,3;0,4;0,2;0,6;0,5;0;24,4;0,4;3,8;0,8;1,0;4;0,0;1,6;0,0;0,0;0,1;9,4;0,2;9,4;0,1;0,1;2,2;0,2;0,1;50;0,0;23;-1.88;4;0,2;0;1919
Jakob Zitzelsberger;D (LC);28;16K € - 160K €;Regional Div. Bavaria;Germany;3,9;12,9;50%;0,0;50%;0;0,0;0,3;0,0;88%;9,2;0;1,3;4,0;1,1;0,8;0,1;0,1;0;49,0;4,0;7,2;0,3;0,1;10;0,2;0,2;1,0;0,5;0,1;10,4;0,0;5,9;0,0;0,9;4,5;0,0;0,9;18;0,6;76;0.73;11;0,0;0;1135
Fabio Schneider;DM, M (RC), AM (C);23;14K € - 150K €;Regional Div. Northeast;Germany;2,5;11,3;15%;0,0;8%;0;0,0;0,8;0,3;92%;6,6;0;1,3;3,9;0,8;0,6;0,5;0,1;0;46,7;5,3;8,5;0,8;0,2;8;0,0;0,9;0,1;0,7;0,1;11,3;0,1;2,9;0,2;0,0;1,7;0,3;0,0;0;0,2;59;-0.04;8;0,1;0;1277
Yannik Schlößer;M (R), AM (RL);23;0 € - 70K €;Regional Div. West;Germany;1,6;4,4;41%;0,0;12%;0;0,0;2,2;0,3;87%;19,7;0;0,1;8,1;2,5;1,4;0,5;0,5;0;41,4;3,6;11,3;2,2;3,5;21;1,5;1,1;0,0;0,1;0,1;11,3;0,1;4,5;0,1;6,8;1,3;0,1;6,8;21;0,1;29;0.58;25;0,1;0;1392
Tyron Duah;D (C);22;0 € - 65K €;Regional Div. Southwest;Germany;4,3;13,4;11%;0,1;0%;0;0,0;0,2;0,1;85%;3,7;0;1,6;3,2;0,8;0,7;0,2;0,1;0;50,4;1,6;3,7;0,2;0,0;11;0,0;0,5;0,8;0,9;0,0;9,8;0,0;7,1;0,0;0,1;5,5;0,1;0,1;0;1,1;77;-0.74;12;0,0;0;1482
Ben Eze;D (RL), WB (L);19;10K € - 110K €;Regional Div. West;Germany;3,4;12,4;33%;0,1;0%;0;0,0;1,0;0,3;83%;16,0;0;1,3;4,7;1,3;1,1;0,0;0,1;0;55,9;5,8;10,6;1,0;1,4;14;0,5;0,2;0,3;1,0;0,0;11,4;0,0;4,4;0,1;2,8;3,3;0,2;2,8;17;0,4;75;-0.3;16;0,0;0;1118
Liam Giwah;D (C);25;50K € - 170K €;Regional Div. North;Germany;3,7;20,2;100%;0,1;0%;0;0,0;0,2;0,0;83%;2,9;0;1,0;2,8;0,9;0,6;0,1;0,1;0;45,2;2,7;3,6;0,2;0,1;7;0,0;0,1;0,3;0,4;0,0;9,8;0,0;7,1;0,0;0,0;5,5;0,1;0,0;0;0,8;77;-0.01;8;0,0;0;1047
Robert Deziel Jr.;D (C), DM;20;0 € - 60K €;Regional Div. Bavaria;Germany;3,3;10,6;25%;0,2;25%;0;0,0;0,4;0,1;90%;4,5;0;1,1;2,9;1,0;0,5;0,1;0,1;0;46,7;2,5;4,5;0,4;0,0;6;0,0;0,3;0,4;0,3;0,1;10,1;0,0;6,2;0,0;0,0;3,1;0,1;0,0;0;1,3;50;0.52;9;0,0;0;1051
Max Müller;D (C);31;Not for Sale;Regional Div. Southwest;Germany;3,5;19,0;10%;0,1;0%;0;0,0;0,2;0,1;92%;2,5;0;1,2;2,6;1,1;0,4;0,1;0,1;0;44,8;3,2;2,4;0,2;0,0;6;0,0;0,7;1,1;0,6;0,0;9,6;0,1;7,7;0,0;0,1;6,4;0,1;0,1;0;1,3;82;-0.87;11;0,1;0;1314
Ebrahim Farahnak;D (C), DM;27;2K € - 18K €;Regional Div. Bavaria;Germany;3,1;13,5;14%;0,1;14%;0;0,0;0,2;0,1;88%;5,0;0;0,9;3,4;1,1;0,5;0,1;0,1;0;47,2;2,8;2,6;0,2;0,0;10;0,0;0,4;0,3;0,2;0,1;9,7;0,1;6,6;0,1;0,0;4,9;0,0;0,0;0;1,8;75;-0.99;10;0,1;0;1698
Obed Chidindu Ugondu;AM (RL), ST (C);23;45K € - 450K €;Regional Div. Northeast;Germany;0,7;2,5;54%;0,0;29%;0;0,0;0,9;0,4;88%;14,5;0;0,4;0,9;0,3;0,1;0,7;1,3;0;28,3;0,5;3,3;0,9;0,8;1;0,1;2,3;0,0;0,1;0,7;9,2;0,2;11,0;0,2;0,3;4,0;0,3;1,7;23;0,0;36;6.66;1;0,2;0;1355
Sammy Ammari;ST (C);31;0 € - 55K €;Regional Div. Bavaria;Germany;1,1;1,4;42%;0,0;14%;0;0,0;0,7;0,1;91%;22,5;0;0,1;1,3;0,7;0,2;1,1;1,0;0;23,9;0,4;2,9;0,8;1,1;3;0,1;2,4;0,0;0,0;0,3;9,8;0,2;10,5;0,1;0,5;2,7;0,1;0,5;12;0,1;26;2.72;3;0,2;0;1351
Ernesto Carratala-Jiménez;M (R), AM (RL), ST (C);26;0 € - 45K €;Regional Div. Northeast;Germany;1,9;3,4;58%;0,0;25%;0;0,0;1,6;0,0;85%;15,4;0;0,3;7,5;1,7;1,1;0,4;0,6;0;42,4;3,1;11,9;1,6;4,0;13;1,4;1,0;0,0;0,2;0,3;11,3;0,1;4,0;0,1;7,0;0,7;0,3;7,0;20;0,0;17;2.28;13;0,1;0;1071
Nico von der Reith;D (RC), DM;32;12K € - 40K €;Regional Div. North;Germany;3,2;15,4;17%;0,2;17%;0;0,0;0,4;0,1;86%;5,8;0;1,4;2,2;0,8;0,7;0,1;0,1;0;45,1;2,5;4,7;0,4;0,0;15;0,0;0,6;0,7;0,9;0,1;9,7;0,1;6,5;0,1;0,3;4,2;0,0;0,3;0;0,7;65;0.35;16;0,1;0;1890
Jens Trunk;D (R), DM, M (C);33;1,5K € - 16K €;Regional Div. Bavaria;Germany;2,7;12,0;0%;0,1;0%;0;0,0;0,9;0,2;89%;7,5;0;1,1;5,5;1,4;0,6;0,0;0,0;0;47,4;2,7;9,1;1,3;0,1;10;0,0;0,4;0,0;0,6;0,0;11,8;0,0;2,6;0,1;0,2;1,5;0,2;1,4;4;0,2;59;-0.82;24;0,0;0;1526
Marco Zietsch;DM, M (C);25;2K € - 20K €;Regional Div. Bavaria;Germany;2,8;16,8;36%;0,1;0%;0;0,0;1,4;0,2;86%;5,5;0;1,0;6,0;1,5;1,3;0,3;0,2;0;47,7;5,9;8,7;1,4;0,2;24;0,0;0,6;0,2;0,4;0,0;11,3;0,0;2,6;0,2;0,4;1,2;0,2;0,4;0;0,2;47;-0.83;27;0,0;0;1630
Niklas Kastenhofer;D (C);26;0 € - 95K €;Regional Div. Northeast;Germany;3,5;16,0;33%;0,1;0%;0;0,0;0,1;0,1;84%;3,9;0;1,1;2,7;0,7;0,4;0,2;0,1;0;45,2;2,2;3,2;0,1;0,0;6;0,0;0,4;0,4;0,9;0,0;10,2;0,0;7,5;0,0;0,1;5,4;0,1;0,1;0;1,3;72;-0.45;7;0,0;0;1482
Jan Löhmannsröben;D (C), DM, M (C);34;4,5K € - 14K €;Regional Div. Northeast;Germany;3,3;15,8;40%;0,1;20%;0;0,0;0,3;0,1;91%;2,6;0;1,4;2,5;0,7;0,4;0,1;0,1;0;41,3;2,1;3,3;0,3;0,0;7;0,0;0,3;0,5;0,8;0,1;9,5;0,1;6,6;0,1;0,1;5,3;0,2;0,1;0;0,8;81;0.09;13;0,1;0;1599
Lucas Zeller;D (RLC);25;12K € - 120K €;3. Liga;Germany;4,0;12,3;0%;0,0;0%;0;0,0;0,2;0,0;85%;8,0;0;1,3;3,0;0,8;0,5;0,0;0,0;0;51,8;3,0;5,4;0,2;0,0;7;0,1;0,1;0,6;0,8;0,0;10,4;0,0;7,1;0,0;0,2;4,9;0,0;0,2;50;0,9;69;-0.08;9;0,0;0;1158
Marcel Bergmann;GK;27;0 € - 50K €;Regional Div. Northeast;Germany;0,0;2,2;0%;0,0;0%;72;-0,1;0,0;0,0;70%;9,5;-1.16;4,9;0,0;0,0;0,0;0,0;0,0;88;26,4;0,0;0,0;0,0;0,0;1;0,0;0,0;0,0;0,0;0,0;4,7;0,0;0,0;0,0;0,0;0,0;0,0;0,0;0;0,0;0;0;2;0,0;29;1803
Miguel Fernandes;AM (LC), ST (C);28;24K € - 80K €;Regional Div. North;Germany;1,0;2,5;54%;0,0;22%;0;0,0;1,0;0,2;89%;16,0;0;0,2;0,8;0,4;0,1;0,7;1,2;0;25,2;0,8;4,2;2,1;0,8;2;0,1;2,2;0,0;0,1;0,5;10,1;0,3;9,4;0,2;0,2;1,9;0,0;6,8;16;0,1;20;3.12;2;0,3;0;1486
Sofiene Jannene;D (C);22;4,5K € - 45K €;Regional Div. Northeast;Germany;2,8;14,7;0%;0,3;0%;0;0,0;0,4;0,1;88%;3,2;0;1,5;2,3;1,2;0,4;0,1;0,0;0;50,9;2,3;3,1;0,4;0,1;6;0,0;0,4;0,8;0,7;0,0;9,5;0,0;7,5;0,0;0,0;5,5;0,0;0,0;0;0,6;73;-0.66;9;0,0;0;1277
Arlind Mimini;D (RC), DM;24;0 € - 85K €;Regional Div. West;Germany;3,9;14,4;30%;0,2;10%;0;0,0;0,3;0,0;90%;3,6;0;1,7;2,5;1,0;0,3;0,5;0,2;0;45,3;2,5;3,2;0,3;0,0;5;0,0;0,6;1,1;0,6;0,1;9,6;0,0;6,9;0,0;0,1;4,1;0,0;0,1;0;0,9;59;0.25;9;0,0;0;1555
Can Karataş;M (R), AM (RL), ST (C);25;14K € - 140K €;Regional Div. Northeast;Germany;1,1;4,6;46%;0,1;17%;0;0,0;2,3;0,3;89%;15,6;0;0,2;6,9;2,0;1,3;0,4;0,9;0;39,9;3,8;11,4;3,1;3,7;17;0,5;1,9;0,0;0,2;0,3;12,1;0,2;5,7;0,1;5,5;2,2;0,4;8,0;9;0,1;38;1.57;21;0,2;0;1155
Eric Weeger;D (RC);28;16K € - 170K €;Regional Div. Bavaria;Germany;3,5;18,1;6%;0,1;0%;0;0,0;0,4;0,2;87%;4,8;0;1,1;3,2;0,9;0,4;0,2;0,0;0;46,0;3,5;5,1;0,4;0,0;9;0,1;0,8;1,8;0,8;0,0;9,9;0,1;6,3;0,1;0,5;4,4;0,1;0,7;12;0,5;70;-1.93;14;0,1;0;1980
David Pfeil;D/WB (L);24;1,5K € - 16K €;Regional Div. Northeast;Germany;3,3;9,8;50%;0,0;0%;0;0,0;1,3;0,2;84%;20,6;0;0,9;7,9;2,0;1,9;0,1;0,1;0;49,7;4,9;17,6;1,3;1,8;34;1,3;0,1;0,6;0,7;0,0;12,2;0,0;4,0;0,1;8,6;2,0;0,1;8,6;15;0,4;49;-0.12;40;0,0;0;1615
Maximilian Sauer;D (RC), WB (R);31;10K € - 35K €;Regional Div. North;Germany;3,0;9,2;8%;0,0;0%;0;0,0;1,4;0,1;82%;14,1;0;1,0;6,4;1,2;0,8;0,4;0,1;0;51,8;6,0;14,6;1,4;0,8;13;0,4;0,7;0,4;0,5;0,0;11,4;0,1;4,1;0,1;2,6;2,5;0,2;2,6;13;0,2;61;-1.13;16;0,1;0;1514
Marshall Faleu;D (C);22;7K € - 75K €;Regional Div. North;Germany;2,8;10,8;17%;0,0;0%;0;0,0;0,1;0,1;88%;4,1;0;1,2;2,4;0,7;0,1;0,1;0,1;0;49,6;2,4;2,5;0,1;0,1;1;0,0;0,4;1,0;0,6;0,0;10,0;0,0;7,1;0,0;0,0;5,8;0,1;0,0;0;1,8;81;-0.77;5;0,0;0;1455
Felix Bachschmid;AM (LC), ST (C);29;4,5K € - 45K €;Regional Div. Bavaria;Germany;1,1;1,3;49%;0,0;7%;0;0,0;0,5;0,2;91%;21,6;0;0,3;1,0;0,5;0,1;1,3;1,7;0;23,7;0,4;5,3;0,5;0,8;1;0,1;3,4;0,0;0,2;0,2;9,0;0,4;10,4;0,0;0,2;3,8;0,0;1,9;8;0,0;36;-2.52;2;0,4;0;1199
Eric Verstappen;GK;31;0 € - 50K €;Regional Div. Bavaria;Germany;0,0;3,8;0%;0,0;0%;69;0,1;0,1;0,0;67%;6,1;1.26;5,1;0,0;0,0;0,0;0,0;0,0;88;26,3;0,1;0,0;0,1;0,0;0;0,0;0,0;0,0;0,0;0,0;5,4;0,0;0,0;0,0;0,0;0,0;0,0;0,0;0;0,0;0;0;1;0,0;25;1980
Simon Brinkmann;ST (C);24;2K € - 22K €;Regional Div. North;Germany;1,0;1,5;38%;0,0;18%;0;0,0;0,7;0,2;90%;15,2;0;0,1;1,1;0,6;0,1;1,3;1,3;0;23,0;0,4;3,9;0,7;0,9;1;0,0;3,6;0,0;0,1;0,6;9,1;0,4;10,7;0,1;0,4;3,3;0,0;0,4;0;0,1;31;2.85;2;0,4;0;1135
Edwin Schwarz;D (C), DM;31;3,5K € - 35K €;Regional Div. Bavaria;Germany;2,8;17,5;36%;0,2;18%;0;0,0;0,3;0,0;91%;4,0;0;1,4;2,9;1,2;0,8;0,1;0,2;0;44,3;2,8;3,6;0,3;0,0;18;0,0;0,5;0,7;0,6;0,1;9,9;0,0;7,2;0,0;0,1;5,0;0,0;0,1;0;0,6;69;1.09;20;0,0;0;1928
Milian Habermehl;D (RC), DM;22;16K € - 160K €;Regional Div. Southwest;Germany;3,2;14,2;10%;0,2;0%;0;0,0;0,4;0,0;86%;3,9;0;1,2;2,7;1,0;0,5;0,2;0,1;0;47,6;2,6;3,7;0,4;0,1;9;0,0;0,5;0,8;0,9;0,0;9,1;0,0;7,0;0,1;0,2;4,7;0,2;0,2;0;1,2;67;-0.77;15;0,0;0;1657
Tim Hannemann;AM (C), ST (C);19;3K € - 30K €;Regional Div. Bavaria;Germany;0,3;2,1;54%;0,0;28%;0;0,0;1,1;0,0;91%;13,7;0;0,2;1,7;0,8;0,2;0,8;1,6;0;27,1;0,6;4,1;1,1;0,5;2;0,5;2,9;0,0;0,2;0,8;10,3;0,4;9,7;0,0;0,7;2,9;0,2;0,7;66;0,1;30;5.19;3;0,4;0;1193
Elario Ghassan;M/AM (R);24;2K € - 22K €;Regional Div. North;Germany;1,5;4,2;44%;0,0;8%;0;0,0;1,4;0,0;89%;22,1;0;0,7;8,4;2,2;1,2;0,3;0,5;0;40,4;2,4;14,0;1,5;3,7;25;0,9;1,2;0,0;0,2;0,1;11,9;0,1;4,2;0,0;5,5;1,9;0,0;5,5;15;0,0;44;0.27;29;0,1;0;1848
Matthias Schmitz;D (C);32;Not for Sale;Regional Div. Southwest;Germany;3,8;19,3;43%;0,2;7%;0;0,0;0,2;0,1;92%;3,2;0;1,0;2,4;0,8;0,4;0,2;0,3;0;45,3;1,6;2,7;1,3;0,0;8;0,0;0,7;1,6;0,6;0,1;9,7;0,1;6,6;0,1;0,0;4,6;0,1;0,0;0;1,5;70;-0.47;11;0,1;0;1784
Yannick Scholz;D (C);29;0 € - 2K €;Regional Div. Bavaria;Germany;3,1;10,6;14%;0,1;7%;0;0,0;0,3;0,0;84%;4,8;0;0,9;2,1;0,8;0,3;0,4;0,1;0;47,4;2,8;3,1;0,3;0,0;6;0,0;0,7;0,1;0,5;0,1;10,1;0,0;6,6;0,0;0,0;4,7;0,1;0,0;0;0,9;72;0.1;7;0,0;0;1736
Gerrit Wegkamp;ST (C);32;45K € - 150K €;Regional Div. West;Germany;0,9;2,6;37%;0,0;22%;0;0,0;0,8;0,2;88%;17,1;0;0,2;1,7;0,7;0,4;1,1;1,0;0;27,6;0,7;8,4;0,8;0,3;6;0,2;2,8;0,0;0,1;0,6;9,9;0,3;10,3;0,1;0,4;4,9;0,0;0,4;50;0,2;47;5.09;7;0,3;0;1483
Andi Xhixha;GK;34;0 € - 14K €;Regional Div. Southwest;Germany;0,0;3,8;0%;0,0;0%;67;-0,1;0,1;0,0;63%;7,1;-0.82;5,4;0,0;0,0;0,0;0,0;0,0;90;25,5;0,0;0,0;0,1;0,0;0;0,0;0,0;0,0;0,0;0,0;5,2;0,0;0,0;0,0;0,0;0,0;0,0;0,0;0;0,0;0;0;1;0,0;17;1177
Kasra Ghawilu;M (L), AM (RL), ST (C);26;0 € - 70K €;Regional Div. North;Germany;2,1;4,7;37%;0,1;7%;0;0,0;1,4;0,3;85%;15,4;0;0,6;7,7;1,7;1,0;0,5;0,7;0;41,7;2,8;9,6;1,4;3,7;14;1,2;2,0;0,0;0,3;0,1;11,5;0,2;5,7;0,1;5,1;1,7;0,1;5,1;22;0,1;29;-1.34;15;0,2;0;1242
Adrian Stanilewicz;D (L), DM, M (C);25;110K € - 375K €;Regional Div. West;Germany;2,7;14,3;27%;0,1;27%;0;0,0;0,6;0,1;87%;5,4;0;1,1;6,2;1,3;0,8;0,2;0,2;0;52,2;3,3;8,1;0,6;0,2;15;0,0;0,6;0,3;0,4;0,2;11,0;0,0;2,7;0,1;0,1;1,6;0,2;0,1;0;0,1;60;2.41;19;0,0;0;1591
Konrad Riehle;AM (LC), ST (C);23;22K € - 75K €;Regional Div. Southwest;Germany;1,0;2,9;48%;0,0;21%;0;0,0;1,4;0,1;89%;18,5;0;0,1;3,4;1,2;0,4;0,6;1,0;0;29,3;1,6;5,2;1,4;1,1;6;0,2;2,1;0,0;0,1;0,4;9,5;0,2;8,4;0,1;1,6;2,9;0,1;1,6;13;0,2;34;2.97;7;0,2;0;1257
Thorsten Tönnies;D/WB/M (L), AM (RL);34;0 €;Regional Div. North;Germany;2,6;7,8;30%;0,1;10%;0;0,0;1,3;0,3;89%;16,8;0;0,5;7,6;2,2;1,4;0,4;0,2;0;49,0;4,6;14,1;1,3;2,1;20;1,1;0,7;0,3;0,5;0,1;11,9;0,0;6,0;0,1;5,1;3,0;0,0;5,1;20;0,4;50;0.32;26;0,0;0;1261
Ernes Smailović;D (RC), DM;23;0 € - 28K €;Regional Div. Northeast;Germany;2,8;13,5;0%;0,1;0%;0;0,0;0,1;0,0;81%;4,4;0;0,9;3,2;1,0;0,4;0,0;0,0;0;48,3;2,3;2,8;0,1;0,1;6;0,0;0,4;1,3;0,6;0,0;9,6;0,0;6,8;0,0;0,0;4,2;0,0;0,0;0;1,5;61;-0.46;9;0,0;0;1359
Leon Demaj;AM (RC), ST (C);28;14K € - 140K €;Regional Div. West;Germany;0,5;2,8;53%;0,0;20%;0;0,0;1,4;0,1;92%;16,5;0;0,2;2,0;0,9;0,2;0,7;1,0;0;26,5;0,7;3,4;1,4;0,5;3;0,1;1,8;0,0;0,1;0,4;9,5;0,3;10,6;0,1;0,5;3,4;0,1;0,5;12;0,1;32;1.56;3;0,3;0;1462
Bastian Strietzel;D (LC);27;12K € - 130K €;Regional Div. Northeast;Germany;3,4;15,1;0%;0,1;0%;0;0,0;0,2;0,1;88%;2,6;0;1,1;3,1;1,1;0,8;0,1;0,0;0;43,4;2,2;2,9;0,2;0,0;17;0,0;0,4;0,7;0,4;0,0;9,9;0,1;7,1;0,0;0,0;4,5;0,0;0,0;0;1,3;63;-1.29;19;0,1;0;1815
Ben Müller;D (C), DM, M (C);27;2K € - 20K €;Regional Div. Bavaria;Germany;2,6;12,6;22%;0,0;11%;0;0,0;0,8;0,1;91%;5,1;0;1,2;5,3;1,4;0,7;0,2;0,1;0;45,5;3,7;8,9;1,0;0,1;10;0,1;0,6;0,1;0,3;0,1;11,1;0,1;2,7;0,1;0,3;1,3;0,1;0,3;50;0,3;48;0;16;0,1;0;1326
Rilind Neziri;DM, M (C);30;0 € - 50K €;Regional Div. North;Germany;2,5;13,0;18%;0,0;9%;0;0,0;0,3;0,2;89%;7,6;0;1,0;5,8;1,3;0,8;0,2;0,1;0;47,7;2,2;9,0;0,3;0,1;17;0,0;0,5;0,0;0,6;0,0;11,6;0,0;3,2;0,1;0,0;2,1;0,0;0,0;0;0,2;64;0.09;23;0,0;0;1859
Nicolas Hebisch;AM (R), ST (C);35;0 € - 7K €;Regional Div. Northeast;Germany;0,5;2,8;38%;0,0;16%;0;0,0;1,2;0,2;88%;18,6;0;0,3;1,9;0,8;0,2;0,6;0,9;0;26,6;0,6;7,9;1,2;0,2;5;0,1;2,3;0,0;0,1;0,4;9,9;0,3;10,5;0,2;0,4;4,8;0,3;2,8;11;0,0;46;2.07;6;0,3;0;1993
Max Zeller;D (RL);26;16K € - 55K €;Regional Div. Bavaria;Germany;3,4;12,0;0%;0,1;0%;0;0,0;1,1;0,2;87%;17,0;0;1,2;4,4;1,1;1,0;0,0;0,0;0;53,9;6,0;13,5;1,1;0,8;25;0,2;0,1;0,2;0,7;0,0;12,3;0,0;4,2;0,1;2,0;2,2;0,0;2,0;12;0,4;51;-0.36;29;0,0;0;2254
Niklas Seefried;M (R), AM (RC);25;14K € - 140K €;Regional Div. Bavaria;Germany;1,9;4,7;29%;0,0;14%;0;0,0;1,5;0,3;91%;21,7;0;0,6;7,8;1,6;1,2;0,4;0,4;0;41,0;3,0;13,9;1,5;4,8;24;1,1;1,3;0,0;0,3;0,2;11,7;0,2;5,2;0,2;6,8;2,5;0,0;6,9;15;0,2;47;0.41;25;0,2;0;1869
Jonas Brändle;D (RL), WB/M (L);25;0 € - 65K €;Regional Div. Southwest;Germany;3,3;10,5;0%;0,2;0%;0;0,0;1,2;0,5;83%;14,8;0;1,3;5,5;1,6;1,3;0,1;0,0;0;52,6;5,7;11,8;1,2;0,6;26;0,3;0,2;0,6;0,5;0,0;11,3;0,0;3,7;0,2;2,0;1,3;0,2;5,2;9;0,4;36;-0.55;35;0,0;0;1755
Andreas Hirtlreiter;AM (RC), ST (C);22;5K € - 50K €;Regional Div. Bavaria;Germany;2,5;5,5;31%;0,0;8%;0;0,0;2,0;0,4;89%;16,7;0;0,3;8,4;1,7;1,2;1,0;0,7;0;41,9;2,9;13,1;2,0;4,2;24;1,9;2,3;0,0;0,1;0,2;11,8;0,3;4,8;0,3;6,5;1,3;0,3;6,6;28;0,0;26;-1.54;26;0,3;0;1843
Kevin Ntika;D (LC);30;10K € - 110K €;Regional Div. North;Germany;3,5;11,6;0%;0,1;0%;0;0,0;0,0;0,0;88%;6,0;0;0,9;3,2;1,1;0,5;0,2;0,0;0;47,2;2,9;3,5;0,0;0,1;11;0,0;0,5;0,5;0,5;0,0;9,5;0,1;6,7;0,0;0,3;5,1;0,0;0,3;0;0,9;77;-1.28;12;0,1;0;1848
Jesper Lübke;D (C);18;0 € - 50K €;Regional Div. Northeast;Germany;2,5;14,9;30%;0,2;10%;0;0,0;0,3;0,1;86%;4,5;0;1,4;2,8;1,2;0,5;0,3;0,2;0;44,8;3,0;2,8;0,3;0,0;8;0,0;0,7;0,4;0,4;0,1;10,3;0,1;7,4;0,0;0,0;5,5;0,0;0,0;0;1,2;75;0.01;11;0,1;0;1319
Felix Schmiederer;ST (C);29;0 € - 65K €;Regional Div. North;Germany;0,7;0,8;25%;0,1;9%;0;0,0;0,9;0,1;89%;20,2;0;0,1;1,4;0,6;0,1;0,5;0,5;0;24,3;0,6;3,8;0,9;0,6;2;0,1;2,0;0,0;0,2;0,2;9,8;0,3;10,0;0,0;0,5;4,6;0,0;0,5;25;0,2;46;-1.06;5;0,3;0;1436
Gal Grobelnik;ST (C);24;0 € - 85K €;Regional Div. Southwest;Germany;0,8;2,0;48%;0,0;21%;0;0,0;0,9;0,1;90%;17,0;0;0,4;1,3;0,6;0,3;0,8;1,3;0;26,7;0,6;4,6;1,2;0,4;5;0,2;2,7;0,0;0,2;0,6;9,3;0,3;11,2;0,1;0,5;6,5;0,1;3,0;23;0,4;58;4.85;5;0,3;0;1764
Marco Nickel;AM (R), ST (C);26;0 € - 55K €;Regional Div. Bavaria;Germany;0,9;0,8;67%;0,0;50%;0;0,0;0,5;0,2;90%;18,0;0;0,2;1,2;0,6;0,0;0,4;0,9;0;26,1;0,5;4,2;0,5;0,7;0;0,0;1,4;0,0;0,4;0,7;10,1;0,2;11,4;0,0;0,2;3,4;0,1;0,2;0;0,2;30;6.73;2;0,2;0;1164
Markus Mendler;M (L), AM (RLC);32;0 € - 50K €;Regional Div. Southwest;Germany;1,5;5,1;26%;0,0;9%;0;0,0;2,6;0,3;88%;13,5;0;0,3;9,2;2,7;1,7;0,6;0,4;0;44,5;4,1;11,3;2,6;3,0;26;1,9;1,5;0,0;0,1;0,1;11,7;0,1;3,9;0,1;5,0;1,0;0,1;8,6;25;0,1;25;0.17;34;0,1;0;1390
Leon Schmökel;D (C);23;4K € - 40K €;Regional Div. Northeast;Germany;3,5;11,4;18%;0,1;9%;0;0,0;0,1;0,1;86%;4,1;0;0,9;2,8;0,8;0,3;0,1;0,1;0;45,2;2,2;3,1;0,1;0,1;6;0,0;0,6;0,2;0,5;0,1;9,4;0,1;7,0;0,1;0,1;5,0;0,1;0,1;0;1,4;72;-0.01;7;0,1;0;1651
Marten Schmidt;D (C), DM, M/AM (C);29;0 € - 40K €;Regional Div. North;Germany;0,5;11,6;36%;0,0;0%;0;0,0;0,3;0,2;86%;15,0;0;0,4;0,6;0,2;0,1;0,2;0,2;0;10,8;0,9;1,1;0,3;0,0;2;0,0;0,5;0,1;0,2;0,0;2,4;0,1;1,9;0,1;0,0;1,3;0,2;0,0;100;0,1;71;-1.18;4;0,1;0;1810
Moritz Kretzer;DM, M/AM (C);28;2K € - 20K €;Regional Div. Northeast;Germany;3,5;13,2;11%;0,0;0%;0;0,0;0,5;0,2;93%;7,7;0;0,9;3,7;0,7;0,4;0,2;0,1;0;44,3;3,9;9,0;0,5;0,1;5;0,0;0,7;0,0;0,5;0,0;11,2;0,1;3,6;0,0;0,0;1,6;0,0;0,0;0;0,3;46;-0.97;7;0,1;0;1154
Dominique Ndure;D (RL), WB/M/AM (R);26;4K € - 40K €;Regional Div. North;Germany;3,0;14,4;40%;0,0;0%;0;0,0;0,7;0,1;85%;13,6;0;0,7;5,0;1,9;1,0;0,0;0,1;0;52,6;5,8;11,3;0,7;1,0;15;0,8;0,3;0,3;0,3;0,0;11,1;0,1;4,4;0,1;3,2;2,2;0,1;3,2;25;0,1;50;-1.14;23;0,1;0;1341
Jan-Luca Warm;D (RL), WB/M (L);26;0 € - 60K €;Regional Div. North;Germany;3,5;12,5;43%;0,1;29%;0;0,0;0,7;0,0;85%;14,0;0;1,3;4,7;1,3;1,2;0,1;0,1;0;52,5;5,6;14,0;0,7;0,6;27;0,6;0,3;0,3;0,7;0,1;11,8;0,0;3,3;0,1;2,2;2,3;0,1;2,2;29;0,2;70;1.79;29;0,0;0;1980
Lauris Bausenwein;D/WB/M/AM (R);20;55K € - 550K €;3. Liga;Germany;3,3;8,9;39%;0,1;9%;0;0,0;1,9;0,3;82%;15,1;0;0,5;9,6;2,5;1,9;0,9;0,6;0;43,3;5,6;15,6;1,9;3,9;30;1,3;1,5;0,1;0,5;0,1;12,6;0,1;4,4;0,2;6,8;1,3;0,2;6,8;18;0,0;29;-0.1;40;0,1;0;1422
Max Kulke;D (RL), DM, M (C);25;3,5K € - 35K €;Regional Div. Northeast;Germany;3,1;14,1;24%;0,0;0%;0;0,0;1,1;0,3;87%;8,0;0;0,7;4,9;1,8;0,8;0,2;0,3;0;56,7;5,7;9,9;1,1;0,6;10;0,2;1,3;0,0;0,2;0,0;11,3;0,1;3,6;0,3;0,9;2,1;0,1;2,5;18;0,2;59;-1.74;18;0,1;0;1149
Mathis Bruns;D (C);21;22K € - 75K €;Regional Div. Northeast;Germany;3,2;13,9;33%;0,3;0%;0;0,0;0,3;0,0;90%;3,3;0;1,2;2,9;1,2;0,6;0,1;0,1;0;49,8;2,5;2,9;0,3;0,1;10;0,1;0,4;0,6;0,7;0,0;9,5;0,0;6,9;0,0;0,1;5,2;0,1;0,1;100;1,3;75;-0.69;13;0,0;0;1439
Mario Borac;D (LC);20;4K € - 40K €;Regional Div. Southwest;Germany;3,1;12,0;100%;0,1;0%;0;0,0;1,0;0,0;87%;16,5;0;1,4;5,3;1,6;1,5;0,1;0,1;0;53,4;6,2;13,6;1,0;0,4;28;0,2;0,1;0,6;0,5;0,0;11,6;0,0;5,2;0,1;2,4;2,8;0,0;2,4;8;0,7;54;-0.1;35;0,0;0;1697
Nils Brüning;M (L), AM (RL), ST (C);30;0 € - 60K €;Regional Div. North;Germany;0,6;4,3;45%;0,0;14%;0;0,0;1,2;0,0;92%;14,1;0;0,2;2,7;1,0;0,2;0,6;1,0;0;30,3;1,5;5,4;1,4;0,6;3;0,1;2,3;0,0;0,0;0,3;9,6;0,3;10,7;0,0;0,9;3,5;0,1;2,2;11;0,2;33;-0.06;8;0,3;0;1128
Tobias Heiland;D/WB (R), DM, M (RC), AM (C);25;16K € - 160K €;Regional Div. Bavaria;Germany;2,2;11,4;25%;0,1;8%;0;0,0;0,7;0,2;89%;6,6;0;1,3;4,8;1,0;0,9;0,4;0,2;0;48,4;3,5;8,6;0,9;0,0;17;0,0;0,6;0,3;0,5;0,1;11,4;0,0;1,3;0,0;0,3;0,5;0,1;1,3;0;0,1;36;0.1;26;0,0;0;1704
Osman Atilgan;M (L), AM (RL), ST (C);26;14K € - 130K €;Regional Div. Northeast;Germany;1,7;5,3;32%;0,0;14%;0;0,0;1,1;0,2;90%;16,2;0;0,4;7,4;2,2;1,0;0,4;0,5;0;47,2;3,1;13,7;1,2;4,0;17;1,2;1,7;0,0;0,6;0,2;11,5;0,2;5,3;0,1;5,2;2,2;0,0;5,7;22;0,2;41;1.1;19;0,2;0;1524
Malek Asselah;GK;39;0 € - 3,5K €;Regional Div. Southwest;Germany;0,0;3,5;0%;0,0;0%;74;0,2;0,0;0,0;69%;11,6;3.1;5,5;0,0;0,0;0,1;0,0;0,0;86;26,4;0,0;0,0;0,0;0,0;1;0,0;0,0;0,0;0,0;0,0;5,3;0,0;0,0;0,0;0,0;0,0;0,0;0,0;0;0,0;0;0;2;0,0;21;1200
Joel Udelhoven;D (C), DM;20;12K € - 45K €;Regional Div. West;Germany;2,5;9,2;20%;0,1;0%;0;0,0;0,3;0,0;92%;6,0;0;1,2;4,5;0,9;0,8;0,3;0,1;0;52,9;2,4;8,5;0,4;0,1;13;0,0;0,3;0,5;0,6;0,0;10,9;0,0;2,9;0,0;0,1;1,6;0,0;0,1;0;0,3;53;-0.2;15;0,0;0;1391
Niclas Erlbeck;DM, M (C);32;0 € - 70K €;Regional Div. Northeast;Germany;2,5;14,8;42%;0,1;17%;0;0,0;1,1;0,4;89%;5,8;0;0,9;6,2;1,7;1,4;0,2;0,3;0;47,9;5,6;8,8;1,1;0,1;23;0,0;0,7;0,1;0,2;0,1;11,3;0,1;3,1;0,1;0,4;2,2;0,2;4,3;13;0,6;72;0.67;27;0,1;0;1457
Soufian Benyamina;ST (C);35;500 € - 3,5K €;Regional Div. Northeast;Germany;0,7;2,0;66%;0,0;17%;0;0,0;0,9;0,2;89%;17,6;0;0,4;1,2;0,6;0,1;0,7;1,4;0;24,9;0,4;4,4;0,9;0,6;2;0,1;2,2;0,0;0,1;0,4;9,4;0,2;9,6;0,1;0,4;4,0;0,2;0,4;33;0,0;42;3.19;3;0,2;0;1463
Hendrik Wurr;D (LC), DM, M (C);30;0 € - 50K €;Regional Div. Northeast;Germany;2,4;10,8;25%;0,1;13%;0;0,0;0,6;0,3;88%;9,1;0;1,0;5,8;1,8;1,3;0,1;0,1;0;57,4;2,8;9,0;0,6;0,3;20;0,0;0,5;0,1;0,3;0,1;10,7;0,1;3,4;0,1;0,1;2,0;0,0;0,1;0;0,3;60;0.01;24;0,1;0;1396
Lars Kleiner;D/WB/M (R);21;16K € - 55K €;Regional Div. Bavaria;Germany;3,0;12,9;18%;0,1;5%;0;0,0;0,9;0,2;87%;12,6;0;0,9;5,8;1,2;1,0;0,4;0,3;0;51,8;6,2;13,4;0,9;0,5;22;0,1;1,7;0,5;0,5;0,1;11,0;0,2;3,6;0,1;1,9;1,7;0,1;2,0;6;0,1;46;-1.55;30;0,2;0;2022
Linus Zimmer;D (RL), WB (L);23;28K € - 275K €;Regional Div. Northeast;Germany;4,0;13,9;20%;0,1;5%;0;0,0;1,2;0,1;88%;13,7;0;0,9;5,6;1,6;1,1;0,4;0,2;0;55,3;6,6;10,2;1,2;0,6;21;0,4;1,0;0,3;0,4;0,1;10,8;0,1;4,4;0,3;3,5;2,6;0,3;3,5;11;0,6;60;-0.53;26;0,1;0;1769
Patrick Choroba;D/WB/M (R);29;40K € - 140K €;Regional Div. Bavaria;Germany;3,3;14,4;10%;0,0;0%;0;0,0;1,1;0,1;88%;11,9;0;1,1;6,9;1,7;1,2;0,4;0,1;0;55,4;7,1;14,7;2,3;0,3;22;0,6;1,1;1,0;0,6;0,0;11,6;0,1;5,4;0,1;3,0;3,6;0,1;10,3;13;0,8;67;-2.07;31;0,1;0;1697
Pierre Fassnacht;D/WB (L);29;40K € - 140K €;Regional Div. West;Germany;2,6;12,7;13%;0,1;13%;0;0,0;1,2;0,1;86%;16,0;0;1,4;6,4;2,0;2,0;0,2;0,1;0;54,7;5,3;13,7;1,2;0,7;34;0,5;0,5;0,8;0,5;0,1;11,2;0,0;4,5;0,1;3,5;3,0;0,1;3,5;13;0,9;68;0.39;35;0,0;0;1565
Fabian Eisele;ST (C);30;100K € - 350K €;Regional Div. Southwest;Germany;0,6;2,6;40%;0,0;21%;0;0,0;1,2;0,1;91%;17,1;0;0,3;1,4;0,5;0,1;0,4;0,9;0;24,5;0,6;4,0;1,2;0,6;2;0,1;2,2;0,0;0,1;0,5;9,6;0,3;11,1;0,1;0,6;3,6;0,1;0,6;18;0,1;33;3.66;3;0,3;0;1680
Mats Facklam;ST (C);29;4,5K € - 45K €;Regional Div. North;Germany;0,8;2,9;53%;0,0;11%;0;0,0;1,3;0,2;91%;16,1;0;0,2;1,6;0,5;0,1;1,0;1,7;0;27,4;1,0;4,8;1,4;0,3;1;0,1;3,3;0,0;0,1;0,3;9,8;0,3;10,1;0,1;0,5;5,3;0,2;0,5;25;0,3;53;0.77;4;0,3;0;1563
Moritz Brinkmann;DM, M/AM (C);24;12K € - 130K €;Regional Div. North;Germany;2,6;12,9;0%;0,1;0%;0;0,0;0,9;0,1;87%;8,1;0;1,0;5,8;1,7;1,0;0,1;0,0;0;48,5;6,1;9,2;0,9;0,1;17;0,0;0,2;0,4;0,5;0,0;11,7;0,0;2,6;0,1;0,2;1,0;0,1;0,2;0;0,2;39;-0.24;20;0,0;0;1609
Felix Weber;D (C), DM;30;0 € - 95K €;Regional Div. Bavaria;Germany;3,8;16,3;13%;0,0;8%;0;0,0;0,3;0,1;89%;4,1;0;0,8;2,8;0,7;0,5;0,5;0,1;0;48,8;2,7;5,0;0,4;0,0;11;0,0;1,1;1,0;0,7;0,1;10,4;0,1;6,2;0,1;0,1;4,4;0,2;0,1;0;0,8;71;-0.81;14;0,1;0;1931
Ole Käuper;DM, M (C);28;3,5K € - 35K €;Regional Div. Southwest;Germany;2,2;12,5;0%;0,0;0%;0;0,0;1,0;0,9;90%;6,5;0;1,3;5,8;1,0;0,3;0,0;0,0;0;48,4;6,0;8,9;1,0;0,1;4;0,0;0,5;0,1;0,5;0,0;11,4;0,1;3,6;0,3;0,0;2,3;0,0;0,0;0;0,6;62;-1.86;11;0,1;0;1117
David Kammerbauer;D (RLC);28;0 € - 45K €;Regional Div. West;Germany;2,7;10,3;25%;0,2;0%;0;0,0;0,9;0,1;82%;13,8;0;1,5;4,0;1,3;1,3;0,1;0,1;0;52,6;5,6;10,0;0,9;0,6;22;0,7;0,2;0,7;0,7;0,0;10,9;0,0;4,3;0,1;2,2;2,4;0,3;2,2;30;0,2;55;-0.67;23;0,0;0;1491
Cemal Kaymaz;DM, M/AM (C), ST (C);28;0 € - 55K €;Regional Div. Northeast;Germany;0,0;7,9;23%;0,0;8%;0;0,0;0,0;0,1;0%;17,7;0;0,0;0,0;0,0;0,0;0,4;0,2;0;0,0;0,0;0,0;0,0;0,0;0;0,0;0,7;0,0;0,0;0,1;0,0;0,1;0,0;0,1;0,0;0,0;0,0;0,0;0;0,0;0;-0.29;0;0,1;0;1733
Leonard Langhans;D/WB/M/AM (R);27;28K € - 275K €;3. Liga;Germany;4,2;12,7;33%;0,2;0%;0;0,0;1,0;0,2;86%;9,8;0;1,8;8,0;2,4;2,5;0,3;0,2;0;53,7;5,4;14,9;1,0;0,4;39;0,3;0,6;0,1;0,3;0,0;12,1;0,1;4,7;0,0;1,6;2,2;0,1;1,6;20;0,5;47;-0.88;47;0,1;0;1377
Sebastian Weiland;D (RLC);20;55K € - 550K €;Regional Div. Northeast;Germany;2,8;9,6;36%;0,0;0%;0;0,0;1,0;0,1;85%;15,1;0;1,4;5,0;1,3;1,0;0,3;0,3;0;52,6;5,1;9,8;1,0;0,2;12;0,2;0,9;0,5;0,4;0,0;10,5;0,1;6,0;0,1;1,7;3,6;0,1;1,7;10;0,7;60;-0.92;13;0,1;0;1051
Tim Weißmann;D (LC);28;12K € - 130K €;Regional Div. Southwest;Germany;3,0;18,4;13%;0,0;13%;0;0,0;0,2;0,2;90%;2,8;0;1,2;2,9;0,9;0,3;0,1;0,0;0;43,2;2,2;3,0;0,2;0,0;7;0,0;0,4;0,6;0,7;0,0;9,2;0,0;6,7;0,1;0,0;4,9;0,1;0,0;100;0,9;74;0.55;13;0,0;0;1819
Nico Blank;D/WB (R), DM, M (RC);28;14K € - 130K €;Regional Div. Southwest;Germany;2,4;8,9;33%;0,1;11%;0;0,0;0,3;0,2;91%;11,8;0;0,3;4,6;1,6;1,1;0,4;0,3;0;47,2;4,5;9,5;0,3;0,6;12;0,3;0,8;0,1;0,1;0,1;10,9;0,1;4,8;0,1;1,6;3,2;0,1;1,6;16;0,5;67;0.37;18;0,1;0;1004
Timucin Şen;DM, M/AM (C);23;0 € - 40K €;Regional Div. Southwest;Germany;0,0;10,5;33%;0,0;7%;0;0,0;0,3;0,1;0%;17,1;0;0,0;0,0;0,0;0,0;0,2;0,3;0;0,0;0,0;0,0;0,3;0,0;0;0,0;0,8;0,0;0,0;0,1;0,0;0,1;0,0;0,2;0,0;0,0;0,3;0,0;0;0,0;0;-1.14;0;0,1;0;1670
Valon Aliji;DM, M/AM (C);20;4K € - 40K €;Regional Div. Northeast;Germany;0,1;8,2;0%;0,0;0%;0;0,0;0,1;0,4;94%;21,2;0;0,1;0,1;0,1;0,1;0,1;0,0;0;2,0;0,2;0,5;0,1;0,0;1;0,0;0,3;0,0;0,0;0,0;0,6;0,0;0,1;0,1;0,1;0,0;0,1;0,2;0;0,0;0;-0.71;1;0,0;0;1379
Philipp Zeiger;D (C), DM;35;2,5K € - 9K €;Regional Div. Northeast;Germany;3,3;15,9;36%;0,2;0%;0;0,0;0,2;0,1;83%;4,4;0;1,2;2,6;0,9;0,4;0,3;0,4;0;49,1;2,4;2,5;0,2;0,0;9;0,0;1,1;0,7;0,6;0,0;9,4;0,1;6,5;0,1;0,0;4,4;0,0;0,0;0;1,4;67;-2.24;11;0,1;0;1803
Tobias Dietrich;DM, M/AM (C);29;12K € - 120K €;Regional Div. Bavaria;Germany;1,7;13,5;44%;0,1;33%;0;0,0;0,9;0,2;89%;6,7;0;0,6;4,4;1,6;1,0;0,1;0,2;0;59,0;3,6;9,2;1,1;0,3;20;0,1;0,5;0,1;0,4;0,2;11,8;0,1;2,1;0,1;0,3;1,0;0,2;0,3;16;0,1;46;1.96;24;0,1;0;1758
Michel Witte;GK;26;0 € - 22K €;Regional Div. Bavaria;Germany;0,3;4,8;0%;0,0;0%;70;-0,1;0,1;0,0;65%;7,5;-0.89;4,9;0,0;0,0;0,0;0,0;0,0;88;26,2;0,2;0,0;0,2;0,0;0;0,0;0,0;0,0;0,0;0,0;5,8;0,0;0,0;0,0;0,0;0,0;0,0;0,0;0;0,0;0;0;1;0,0;15;1119
Leonhard von Schroetter;D (RC);26;0 € - 130K €;Regional Div. West;Germany;3,2;12,4;29%;0,1;0%;0;0,0;0,9;0,1;83%;14,7;0;1,1;3,9;1,1;0,9;0,0;0,3;0;52,7;5,2;10,2;0,9;0,7;18;0,3;0,9;1,2;0,9;0,0;10,7;0,1;6,3;0,0;1,9;4,5;0,1;1,9;13;0,5;72;-1.81;21;0,1;0;1749
Marco Kehl-Gómez;D (RC), DM, M (C);33;9K € - 30K €;Regional Div. Southwest;Germany;2,4;12,0;50%;0,1;17%;0;0,0;1,1;0,1;91%;6,4;0;1,1;5,4;1,7;1,1;0,1;0,2;0;48,4;5,0;9,4;1,1;0,3;21;0,1;0,3;0,1;0,6;0,1;11,3;0,0;3,5;0,0;0,3;2,5;0,0;0,8;6;0,4;70;0.71;26;0,0;0;1780
Jan-Miklas Steffens;M/AM (L), ST (C);25;0 €;Regional Div. North;Germany;1,4;4,9;38%;0,1;19%;0;0,0;1,9;0,2;86%;15,2;0;0,6;7,8;2,7;1,6;0,6;0,5;0;43,9;3,9;9,5;1,9;3,6;20;1,1;1,3;0,0;0,3;0,2;11,2;0,1;5,3;0,0;4,7;2,4;0,2;4,7;23;0,1;45;1.69;23;0,1;0;1141
Luca-Joel Grimpe;GK;21;0 € - 45K €;Regional Div. North;Germany;0,0;2,2;0%;0,0;0%;67;0,2;0,0;0,0;67%;7,1;2.62;5,3;0,0;0,0;0,0;0,0;0,0;87;27,9;0,0;0,0;0,0;0,0;0;0,0;0,0;0,0;0,0;0,0;3,5;0,0;0,0;0,0;0,0;0,0;0,0;0,0;0;0,0;0;0;0;0,0;10;1007
Christian Mistl;D (L), DM, M (C);24;0 € - 60K €;Regional Div. Southwest;Germany;2,7;18,9;33%;0,3;25%;0;0,0;1,3;0,4;87%;9,3;0;1,8;4,5;1,8;1,6;0,2;0,3;0;48,5;4,7;8,8;1,5;0,1;23;0,1;0,8;0,3;0,6;0,2;10,8;0,1;3,3;0,2;0,9;2,5;0,4;2,4;5;0,5;74;1.88;24;0,1;0;1271
Steffen Behr;D (RC), DM, M (C);30;0 € - 45K €;Regional Div. Bavaria;Germany;2,8;11,4;0%;0,0;0%;0;0,0;0,6;0,0;88%;8,6;0;0,9;5,0;1,8;0,8;0,2;0,0;0;47,1;3,4;7,1;0,6;0,1;17;0,0;0,5;0,1;0,4;0,0;10,5;0,0;3,7;0,0;0,2;2,0;0,0;0,2;0;0,4;55;-0.67;26;0,0;0;1934
Niclas Walther;D/WB/M (L);23;50K € - 500K €;Regional Div. Northeast;Germany;3,4;17,4;0%;0,1;0%;0;0,0;0,6;0,3;83%;12,9;0;1,0;6,9;1,6;1,5;0,1;0,0;0;55,0;5,4;10,6;0,7;0,8;24;0,8;0,2;0,5;0,3;0,0;11,8;0,0;5,3;0,1;3,9;3,2;0,1;4,3;20;1,1;61;-0.19;29;0,0;0;1421
Ronny Marcos;D/WB/M (L);32;22K € - 80K €;Regional Div. Southwest;Germany;3,0;10,3;17%;0,0;0%;0;0,0;1,6;0,0;85%;14,8;0;1,2;9,3;2,1;1,6;0,1;0,1;0;47,5;4,5;24,4;1,6;3,3;30;1,3;0,3;0,1;0,6;0,0;13,0;0,0;3,1;0,0;7,9;1,5;0,0;7,9;16;0,4;47;-0.32;35;0,0;0;1696
David Tomić;M (L), AM (RL), ST (C);27;16K € - 60K €;Regional Div. Southwest;Germany;2,1;3,9;43%;0,1;9%;0;0,0;1,5;0,1;88%;22,6;0;0,8;8,6;2,3;1,5;0,4;0,7;0;42,1;3,2;11,7;1,5;3,6;23;1,1;1,5;0,0;0,2;0,1;11,4;0,1;5,4;0,2;4,0;1,1;0,1;4,0;27;0,1;21;0.09;24;0,1;0;1341
Lukas Schröder;D (LC);24;0 € - 40K €;Regional Div. Bavaria;Germany;3,5;11,9;14%;0,1;0%;0;0,0;1,3;0,1;85%;14,5;0;1,7;4,6;1,3;0,8;0,3;0,1;0;54,2;6,0;9,7;1,3;0,1;12;0,2;0,4;0,2;0,7;0,0;11,3;0,0;5,2;0,1;1,8;3,8;0,0;1,8;10;0,5;72;-0.13;20;0,0;0;1433
Arda Nadaroğlu;D/WB/M (L);21;4K € - 40K €;Regional Div. Bavaria;Germany;3,2;10,1;0%;0,0;0%;0;0,0;1,3;0,1;86%;12,8;0;1,2;5,3;1,7;1,5;0,1;0,0;0;58,0;5,9;13,3;1,4;0,7;28;0,6;0,3;1,0;0,5;0,0;11,3;0,0;4,7;0,1;3,0;3,2;0,1;3,2;19;0,6;69;-0.38;29;0,0;0;1704
Ferdinand Gebert;GK;19;12K € - 45K €;Regional Div. Southwest;Germany;0,0;2,7;0%;0,0;0%;77;0,5;0,1;0,0;67%;7,8;7.4;5,1;0,0;0,0;0,0;0,0;0,0;86;25,6;0,0;0,0;0,1;0,0;0;0,0;0,0;0,0;0,0;0,0;5,4;0,0;0,0;0,0;0,0;0,0;0,0;0,0;0;0,0;0;0;0;0,0;13;1253
Mart Ristl;DM, M (C);29;10K € - 110K €;Regional Div. Southwest;Germany;2,8;11,7;21%;0,1;14%;0;0,0;0,9;0,3;90%;6,2;0;0,8;5,9;1,9;1,4;0,2;0,2;0;45,6;4,8;9,5;0,9;0,0;28;0,1;0,7;0,2;0,3;0,1;11,4;0,1;2,3;0,1;0,3;1,5;0,1;0,3;33;0,2;67;-0.07;32;0,1;0;1744
Florian Hansch;M/AM (R), ST (C);30;4K € - 40K €;Regional Div. Northeast;Germany;0,3;1,6;46%;0,0;11%;0;0,0;1,1;0,2;91%;19,8;0;0,1;1,9;1,0;0,1;0,8;1,5;0;25,9;0,7;8,9;1,1;0,5;2;0,3;3,2;0,0;0,1;0,3;10,8;0,4;8,7;0,1;0,6;1,4;0,1;1,0;29;0,1;16;-1.57;4;0,4;0;1596
Ammon Moser;D (C), DM;19;14K € - 50K €;Regional Div. North;Germany;3,5;17,4;14%;0,1;7%;0;0,0;0,2;0,2;86%;2,7;0;1,0;3,0;0,9;0,4;0,2;0,1;0;44,0;2,7;3,1;0,9;0,1;6;0,0;0,9;0,9;0,6;0,1;10,1;0,1;6,7;0,1;0,1;4,7;0,0;0,1;0;1,5;71;-0.32;9;0,1;0;1479
Marcel Langer;D (RL), DM, M (C);28;0 € - 35K €;Regional Div. North;Germany;2,8;10,0;0%;0,1;0%;0;0,0;0,6;0,0;86%;7,4;0;0,8;5,2;1,2;0,9;0,1;0,0;0;46,4;3,9;10,9;0,6;0,2;13;0,1;0,3;0,2;0,6;0,0;11,7;0,0;3,0;0,1;1,2;1,5;0,0;1,2;11;0,3;51;-0.18;16;0,0;0;1308
Bjarne Schleemann;D (RLC), DM;26;16K € - 170K €;Regional Div. North;Germany;2,9;8,7;0%;0,2;0%;0;0,0;1,0;0,1;85%;16,5;0;1,0;5,0;1,6;1,7;0,0;0,0;0;52,4;5,7;10,3;1,0;0,8;23;0,4;0,1;1,0;0,5;0,0;11,1;0,0;5,9;0,1;1,9;2,5;0,1;1,9;20;0,6;43;-0.18;26;0,0;0;1204
Benedikt Grawe;GK;25;12K € - 40K €;Regional Div. Southwest;Germany;0,0;2,6;0%;0,0;0%;72;0,0;0,0;0,0;74%;7,7;0.54;3,4;0,0;0,0;0,1;0,0;0,0;90;25,8;0,0;0,0;0,0;0,0;1;0,0;0,0;0,0;0,0;0,0;5,7;0,0;0,0;0,0;0,0;0,0;0,0;0,0;0;0,0;0;0;2;0,0;22;1714
Adrian Prade;GK;17;3,5K € - 35K €;Regional Div. Northeast;Germany;0,0;4,2;0%;0,0;0%;70;-0,1;0,0;0,0;65%;9,9;-1.53;4,7;0,0;0,0;0,1;0,0;0,0;90;26,5;0,0;0,0;0,1;0,0;1;0,0;0,0;0,0;0,0;0,0;5,3;0,0;0,0;0,0;0,0;0,0;0,0;0,0;0;0,0;0;0;2;0,0;27;1710
Louis Hiepen;D (C);25;0 € - 45K €;Regional Div. West;Germany;3,1;11,2;10%;0,2;10%;0;0,0;0,2;0,0;88%;3,9;0;1,2;2,2;0,9;0,6;0,1;0,0;0;48,3;2,6;3,0;0,2;0,0;14;0,0;0,4;0,5;0,5;0,0;9,8;0,0;6,0;0,0;0,0;3,6;0,0;0,0;0;0,8;60;-0.19;14;0,0;0;2280
Philip Buczkowski;D/M/AM (L);20;1,5K € - 18K €;Regional Div. West;Germany;1,8;4,5;22%;0,1;6%;0;0,0;1,7;0,0;88%;19,7;0;0,7;6,7;1,7;1,2;0,5;0,2;0;43,6;4,1;11,0;1,7;3,8;21;1,3;1,0;0,1;0,2;0,1;11,4;0,1;4,6;0,1;4,3;1,4;0,1;4,3;30;0,1;30;-0.7;27;0,1;0;1583
Florian Palmowski;GK;24;1K € - 12K €;Regional Div. Northeast;Germany;0,0;3,6;0%;0,0;0%;59;-0,3;0,0;0,0;72%;6,6;-4.84;5,4;0,0;0,0;0,0;0,0;0,0;88;26,3;0,0;0,0;0,0;0,0;0;0,0;0,0;0,0;0,0;0,0;5,2;0,0;0,0;0,0;0,0;0,0;0,0;0,0;0;0,0;0;0;1;0,0;21;1380
Gordon Büch;D (LC), WB/M (L);30;45K €;Regional Div. Northeast;Germany;3,1;9,9;0%;0,0;0%;0;0,0;1,1;0,1;84%;17,2;0;0,8;10,3;2,0;1,4;0,0;0,0;0;50,4;4,2;21,4;1,1;1,2;28;1,3;0,0;0,1;0,3;0,0;12,4;0,0;3,5;0,1;8,2;0,9;0,0;8,2;15;0,4;27;-0.01;33;0,0;0;1837
Patrick Aguilar;D/WB/M (RL);24;0 € - 50K €;Regional Div. Northeast;Germany;3,3;15,0;14%;0,1;0%;0;0,0;1,2;0,3;84%;16,8;0;1,1;6,6;1,6;1,1;0,3;0,2;0;49,2;6,3;11,1;1,2;0,5;16;0,5;1,4;0,2;0,4;0,0;11,6;0,2;3,6;0,1;1,9;2,4;0,0;5,2;17;0,2;68;-3.25;20;0,2;0;1340
Florian Lamprecht;D (RL);29;20K € - 65K €;Regional Div. Bavaria;Germany;3,8;12,5;40%;0,1;0%;0;0,0;0,7;0,2;88%;13,5;0;1,1;4,4;1,5;1,2;0,1;0,2;0;53,0;5,6;10,2;0,7;0,5;25;0,6;0,5;0,6;0,3;0,0;11,0;0,1;4,8;0,1;3,0;3,0;0,0;3,1;20;0,3;62;-1.26;29;0,1;0;1850
Riko Manz;D (LC);26;0 € - 45K €;Regional Div. Bavaria;Germany;2,7;14,6;0%;0,0;0%;0;0,0;1,3;0,1;85%;13,8;0;1,1;4,3;1,5;1,3;0,1;0,0;0;53,6;6,2;10,1;1,3;0,7;27;0,3;0,2;0,7;0,4;0,0;11,5;0,0;4,4;0,0;2,0;2,0;0,0;2,0;13;0,5;47;-0.42;31;0,0;0;1889
Andreas Pollasch;D (C), DM, M (C);32;1,5K € - 14K €;Regional Div. Northeast;Germany;2,5;15,1;60%;0,1;20%;0;0,0;1,8;0,4;89%;6,1;0;1,1;6,5;1,4;0,9;0,1;0,2;0;47,1;5,8;9,5;3,1;0,1;13;0,1;0,4;0,5;0,6;0,1;12,1;0,0;3,9;0,2;0,2;2,2;0,2;0,8;33;0,6;55;0.38;15;0,0;0;1284
Noah Baumann;M (RC), AM (C);23;0 € - 55K €;Regional Div. Northeast;Germany;1,5;13,2;47%;0,0;7%;0;0,0;1,8;0,3;89%;19,4;0;0,4;5,2;1,4;0,4;0,4;0,4;0;43,5;2,9;10,7;2,0;1,2;7;0,2;0,8;0,0;0,3;0,1;12,4;0,1;5,5;0,2;0,9;1,9;0,3;2,6;18;0,1;35;-0.01;10;0,1;0;1678
Lenny Stein;D (C), DM;30;0 € - 28K €;Regional Div. Northeast;Germany;3,1;11,8;13%;0,2;0%;0;0,0;0,2;0,0;87%;4,5;0;1,5;2,2;0,7;0,4;0,1;0,0;0;48,7;2,2;2,9;0,2;0,0;8;0,0;0,4;0,4;0,8;0,0;9,6;0,0;7,1;0,0;0,0;4,5;0,0;0,0;0;1,4;63;-0.91;13;0,0;0;1868
Roman Hauk;D (C);26;14K € - 130K €;Regional Div. Southwest;Germany;3,5;12,4;0%;0,3;0%;0;0,0;0,3;0,1;93%;3,9;0;1,4;3,0;1,6;0,7;0,2;0,0;0;44,4;2,4;2,8;0,3;0,0;12;0,0;0,3;0,6;0,5;0,0;9,8;0,0;7,3;0,0;0,1;4,9;0,1;0,1;0;0,9;66;-0.82;16;0,0;0;1650
Moritz Bangerter;D (C), DM, M (C);21;3,5K € - 35K €;Regional Div. Bavaria;Germany;0,2;8,1;17%;0,1;17%;0;0,0;0,2;0,1;84%;17,5;0;0,1;0,5;0,1;0,1;0,1;0,1;0;9,9;0,7;1,7;0,2;0,0;2;0,1;0,4;0,0;0,0;0,1;1,6;0,0;0,6;0,1;0,3;0,5;0,1;0,3;40;0,1;89;0.41;4;0,0;0;1380
Sofiane Ikene;D (C), DM;20;3,5K € - 35K €;Regional Div. Northeast;Germany;3,0;18,9;25%;0,1;0%;0;0,0;0,2;0,1;92%;3,6;0;1,2;2,8;1,0;0,3;0,1;0,1;0;44,2;2,1;3,4;0,2;0,0;6;0,1;0,2;0,7;0,6;0,0;10,0;0,0;5,8;0,0;0,1;4,8;0,1;0,1;50;0,6;83;-0.27;9;0,0;0;1609
Marcus Niemitz;D/WB/M (L);25;16K € - 50K €;Regional Div. Northeast;Germany;3,3;10,5;50%;0,0;0%;0;0,0;0,7;0,1;90%;17,4;0;1,1;5,4;1,6;1,0;0,1;0,1;0;51,2;4,7;14,0;0,7;1,1;19;0,5;0,1;0,6;0,5;0,0;12,1;0,0;3,8;0,1;2,2;2,3;0,1;2,2;20;0,4;59;-0.02;27;0,0;0;1744
Sven Landshuter;M (L), AM (LC);28;40K € - 130K €;Regional Div. Bavaria;Germany;1,8;5,0;36%;0,0;0%;0;0,0;1,3;0,3;89%;19,7;0;0,6;8,3;1,6;0,9;0,3;0,4;0;46,4;3,2;11,8;1,3;4,2;11;0,9;1,2;0,0;0,3;0,0;11,6;0,2;5,1;0,1;4,4;1,0;0,1;6,2;17;0,0;20;-2.77;13;0,2;0;1067
Niklas von Aschwege;D (RC), DM;27;1,5K € - 16K €;Regional Div. North;Germany;2,7;14,7;6%;0,2;0%;0;0,0;1,0;0,0;86%;8,7;0;1,5;3,9;1,2;0,9;0,1;0,1;0;48,0;4,7;7,5;1,2;0,2;17;0,3;0,9;0,9;0,6;0,0;10,2;0,1;6,2;0,0;1,3;4,0;0,0;1,3;20;0,6;65;-1.7;21;0,1;0;1736
Ben Nitschke;D (RC), WB (R);23;14K € - 140K €;Regional Div. Northeast;Germany;2,5;8,3;0%;0,0;0%;0;0,0;1,5;0,0;85%;21,2;0;0,6;7,8;2,0;1,6;0,0;0,0;0;47,1;5,3;21,0;1,5;1,7;36;1,3;0,1;0,7;0,6;0,0;12,6;0,0;4,2;0,0;7,3;2,4;0,0;7,3;18;0,6;57;-0.17;42;0,0;0;2070
Jonáš Běhounek;D (R), DM, M (C);27;0 € - 75K €;Regional Div. North;Germany;2,9;11,5;0%;0,1;0%;0;0,0;1,0;0,1;88%;7,1;0;1,1;4,0;1,4;1,0;0,0;0,0;0;45,9;4,1;8,6;1,0;0,2;14;0,0;0,0;0,3;0,5;0,0;11,3;0,0;2,2;0,0;0,2;1,0;0,1;0,2;0;0,1;47;0;16;0,0;0;1315
Benedikt Kirsch;DM, M/AM (C);29;0 € - 18K €;Regional Div. Bavaria;Germany;2,5;19,6;52%;0,0;19%;0;0,0;1,5;0,4;90%;8,7;0;0,4;5,2;2,0;1,0;0,2;0,6;0;44,9;4,4;9,8;1,5;0,1;17;0,1;1,2;0,1;0,3;0,2;11,7;0,2;3,5;0,2;0,6;1,5;0,1;0,6;20;0,2;42;0.2;20;0,2;0;1550
Fabian Raithel;D (LC), WB/M (L);30;0 € - 50K €;Regional Div. Northeast;Germany;3,0;9,1;17%;0,1;0%;0;0,0;0,6;0,0;88%;8,1;0;1,4;2,7;0,9;0,4;0,1;0,1;0;49,4;3,0;5,0;0,6;0,4;8;0,4;0,3;0,3;0,6;0,0;10,1;0,1;5,9;0,0;1,5;3,1;0,1;1,5;28;0,6;53;-1.17;12;0,1;0;1723
Maximilian Baafi;AM (R);21;20K € - 200K €;Regional Div. Bavaria;Germany;2,1;5,5;29%;0,0;5%;0;0,0;2,0;0,3;89%;21,1;0;0,5;8,9;2,0;1,1;0,6;0,5;0;41,7;3,5;10,7;2,0;4,2;23;1,5;1,9;0,0;0,2;0,1;11,4;0,2;3,7;0,2;8,7;0,7;0,3;8,7;17;0,1;20;-1.65;28;0,2;0;1834
Çağatay Kader;AM (L), ST (C);28;3K € - 30K €;Regional Div. West;Germany;0,8;2,8;45%;0,0;18%;0;0,0;0,7;0,3;91%;17,8;0;0,3;1,9;0,4;0,3;0,7;1,3;0;26,3;0,5;5,4;2,6;0,7;3;0,0;2,9;0,0;0,3;0,5;10,1;0,3;9,9;0,2;0,7;4,5;0,1;0,7;0;0,2;46;2.16;5;0,3;0;1023
Ali Abu-Alfa;M (L), AM (RL), ST (C);26;14K € - 150K €;Regional Div. North;Germany;1,6;5,0;43%;0,1;21%;0;0,0;1,7;0,3;88%;14,6;0;0,5;4,8;1,4;1,1;0,7;0,8;0;36,2;2,7;11,1;1,7;1,9;16;0,4;1,9;0,0;0,3;0,4;10,9;0,2;6,1;0,2;1,7;1,9;0,2;3,3;16;0,1;30;2.49;18;0,2;0;1356
Nico Klaß;D (LC), DM;28;26K € - 275K €;Regional Div. West;Germany;3,1;16,5;14%;0,0;14%;0;0,0;0,1;0,1;88%;3,9;0;1,1;2,8;1,0;0,3;0,1;0,1;0;48,7;2,4;1,9;0,1;0,1;6;0,0;0,4;0,3;0,4;0,1;9,7;0,0;7,7;0,0;0,0;6,5;0,0;0,0;0;1,4;85;0.19;10;0,0;0;1639
Jamal Nabe;D (LC);19;3K € - 30K €;Regional Div. North;Germany;3,5;11,1;100%;0,0;0%;0;0,0;1,0;0,1;84%;16,3;0;1,1;6,1;1,6;1,1;0,1;0,1;0;54,3;6,4;10,4;1,0;0,4;16;0,4;0,1;0,5;0,5;0,0;11,2;0,0;2,9;0,0;3,2;0,7;0,1;3,2;12;0,2;26;-0.04;25;0,0;0;1322
Baton Hajrizaj;M (L), AM (RL);19;18K € - 170K €;Regional Div. Southwest;Germany;1,7;5,5;30%;0,2;11%;0;0,0;1,8;0,2;90%;16,5;0;0,4;7,9;2,0;1,2;0,7;0,5;0;44,3;3,7;10,2;1,8;5,2;20;0,5;1,6;0,0;0,2;0,2;10,5;0,2;5,4;0,1;3,4;1,3;0,1;3,4;14;0,2;25;0.21;22;0,2;0;1496
Choi Kang-Min;M (L), AM (RLC);32;6K € - 22K €;Regional Div. North;Germany;1,8;3,7;36%;0,1;9%;0;0,0;1,9;0,4;91%;14,9;0;0,5;8,1;1,7;1,1;0,1;0,5;0;45,8;3,3;13,0;1,9;2,9;19;1,3;1,3;0,0;0,3;0,1;11,0;0,1;5,7;0,1;4,5;1,4;0,0;4,5;29;0,1;25;-0.06;28;0,1;0;1565
Peter Kurzweg;D (RLC), WB (L);31;Not for Sale;Regional Div. Bavaria;Germany;3,5;13,8;29%;0,1;14%;0;0,0;1,4;0,5;84%;13,2;0;1,4;6,3;2,2;2,3;0,1;0,1;0;51,9;5,3;15,3;1,4;0,8;49;0,5;0,3;0,3;0,2;0,0;12,4;0,0;4,1;0,2;2,8;2,6;0,3;2,8;16;0,5;65;0.27;53;0,0;0;1910
Sebastian Müller;AM (R), ST (C);24;30K € - 300K €;3. Liga;Germany;1,3;4,1;45%;0,0;16%;0;0,0;2,2;0,8;88%;10,2;0;0,4;6,1;2,6;1,0;1,6;1,5;0;30,7;2,8;11,9;2,2;2,7;13;1,3;3,4;0,2;0,4;0,5;12,2;0,4;8,1;0,4;6,6;2,9;0,3;6,9;18;0,2;36;1.67;18;0,4;0;1177
Daniel Hägele;D (C), DM, M (C);36;0 € - 14K €;Regional Div. Bavaria;Germany;2,3;14,8;27%;0,1;5%;0;0,0;0,6;0,3;89%;5,6;0;1,3;6,0;1,2;0,8;0,6;0,3;0;51,3;3,4;9,9;0,6;0,3;15;0,0;1,1;0,4;0,6;0,1;11,8;0,1;3,1;0,1;0,2;1,9;0,2;0,2;0;0,5;61;-0.79;20;0,1;0;1722
Simon Engelmann;AM (RL), ST (C);36;500 € - 3K €;Regional Div. North;Germany;0,6;1,4;47%;0,0;10%;0;0,0;1,2;0,1;90%;16,6;0;0,3;1,5;0,8;0,2;1,1;1,7;0;27,7;0,6;4,1;1,2;0,6;4;0,4;3,6;0,0;0,1;0,4;9,8;0,4;10,8;0,1;0,6;3,3;0,1;0,6;60;0,1;31;-0.48;5;0,4;0;1461
Malick Sanogo;ST (C);21;35K € - 130K €;Regional Div. North;Germany;0,4;1,1;48%;0,0;11%;0;0,0;0,9;0,2;86%;18,4;0;0,4;1,3;0,6;0,0;0,4;1,1;0;24,8;0,4;3,5;0,9;0,5;0;0,0;2,3;0,0;0,0;0,3;9,4;0,3;8,9;0,2;0,6;2,6;0,3;0,6;0;0,0;29;-0.69;1;0,3;0;1047
Sandro Sengersdorf;D (LC);26;0 € - 40K €;Regional Div. Northeast;Germany;3,5;16,3;14%;0,1;0%;0;0,0;0,2;0,1;84%;5,1;0;1,1;3,0;0,7;0,6;0,1;0,1;0;46,5;2,3;7,3;0,2;0,4;11;0,0;0,4;0,2;0,7;0,0;11,2;0,0;5,5;0,0;0,7;3,5;0,1;0,7;0;0,6;63;-0.53;12;0,0;0;1622
Lukas Fecher;AM (RL), ST (C);24;1,5K € - 16K €;Regional Div. Southwest;Germany;1,5;2,0;42%;0,0;14%;0;0,0;1,5;0,2;89%;18,5;0;0,2;7,9;1,5;1,0;0,2;0,7;0;42,3;2,7;10,8;1,5;3,9;22;0,8;1,7;0,0;0,1;0,2;11,0;0,3;4,9;0,1;4,6;2,0;0,0;4,6;17;0,1;40;-0.48;29;0,3;0;1933
Akbar Tchadjobo;M/AM (R), ST (C);23;18K € - 65K €;Regional Div. West;Germany;1,5;3,8;38%;0,0;4%;0;0,0;1,4;0,5;90%;18,5;0;0,4;8,1;2,0;1,0;0,5;0,5;0;40,5;2,4;13,9;1,4;4,1;18;1,1;1,3;0,0;0,4;0,1;12,0;0,2;4,3;0,1;5,6;2,3;0,2;5,6;18;0,1;53;-2.6;22;0,2;0;1622
Dominic Duncan;D (C), DM, M (C);27;0 € - 60K €;Regional Div. West;Germany;2,3;11,5;25%;0,0;0%;0;0,0;0,4;0,1;87%;7,2;0;0,6;5,0;1,6;1,1;0,3;0,1;0;51,7;3,2;7,5;0,4;0,3;12;0,1;0,4;0,1;0,4;0,0;11,1;0,0;3,7;0,0;0,3;3,0;0,2;0,3;33;1,1;81;-0.24;17;0,0;0;1018
Jhonny Peitzmeier;GK;25;28K € - 95K €;Regional Div. North;Germany;0,0;2,9;0%;0,0;0%;73;0,1;0,1;0,0;71%;7,2;1.14;4,8;0,0;0,0;0,0;0,0;0,0;91;25,2;0,0;0,0;0,1;0,0;0;0,0;0,0;0,0;0,0;0,0;4,6;0,0;0,0;0,0;0,0;0,0;0,0;0,0;0;0,0;0;0;0;0,0;19;1800
Jannis Held;D (R);25;12K € - 130K €;Regional Div. Southwest;Germany;3,1;12,0;8%;0,1;0%;0;0,0;0,7;0,1;88%;15,6;0;0,9;5,1;1,7;1,0;0,3;0,1;0;51,3;4,6;13,1;0,7;0,4;14;0,2;0,9;0,7;0,4;0,0;11,2;0,1;4,8;0,0;1,5;3,2;0,1;1,5;14;0,3;68;-1.19;17;0,1;0;1248
Tobias Stoßberger;AM (R), ST (C);26;4K € - 40K €;Regional Div. Bavaria;Germany;0,8;1,6;43%;0,0;17%;0;0,0;1,3;0,1;89%;14,4;0;0,1;1,6;0,7;0,3;0,9;1,2;0;27,7;1,1;4,8;1,3;0,6;5;0,2;2,8;0,0;0,1;0,5;9,7;0,3;9,5;0,1;1,0;2,7;0,2;1,0;21;0,1;28;3.4;7;0,3;0;1697
Jakub Westendorf;DM, M (C);32;0 € - 22K €;Regional Div. North;Germany;3,0;12,0;38%;0,0;25%;0;0,0;0,5;0,2;86%;7,2;0;1,0;5,8;1,2;0,8;0,1;0,2;0;47,7;3,0;9,1;0,5;0,1;12;0,1;0,5;0,1;0,7;0,1;11,9;0,0;3,2;0,2;0,3;1,5;0,1;0,3;20;0,1;48;1.31;17;0,0;0;1310
Julius Bugenhagen;D (C), DM;20;22K € - 230K €;Regional Div. North;Germany;3,2;14,2;17%;0,1;17%;0;0,0;0,1;0,2;92%;3,6;0;0,6;3,1;1,1;0,5;0,2;0,1;0;47,1;3,0;1,9;0,1;0,0;7;0,1;0,4;0,6;0,6;0,1;9,3;0,0;6,7;0,0;0,1;5,0;0,0;0,1;50;1,4;74;0.47;8;0,0;0;1264
Corvin Kosak;AM (RC), ST (C);20;10K € - 35K €;Regional Div. Northeast;Germany;1,7;2,6;30%;0,0;10%;0;0,0;1,1;0,1;88%;18,3;0;0,8;5,9;1,6;0,7;0,7;0,5;0;34,8;1,8;9,0;1,1;3,2;9;0,8;1,6;0,0;0,3;0,2;11,0;0,2;6,2;0,1;4,5;2,0;0,0;4,5;17;0,0;32;-0.67;10;0,2;0;1123
Tim Hüttl;D (C);27;0 € - 55K €;Regional Div. Bavaria;Germany;3,8;11,4;40%;0,1;10%;0;0,0;0,3;0,0;81%;6,0;0;1,3;2,0;0,7;0,3;0,3;0,2;0;48,2;2,4;2,8;0,3;0,0;5;0,0;0,5;0,9;0,6;0,1;9,3;0,0;7,5;0,0;0,0;5,9;0,0;0,0;0;1,3;78;0.46;10;0,0;0;1747
Cedric Euschen;M/AM (RL), ST (C);27;12K € - 120K €;Regional Div. West;Germany;1,2;3,4;26%;0,0;11%;0;0,0;1,8;0,2;90%;19,5;0;0,7;7,8;1,4;0,8;0,4;0,5;0;40,5;2,8;11,2;1,8;2,6;19;0,4;2,0;0,0;0,1;0,2;11,6;0,2;6,2;0,1;2,8;2,0;0,1;2,8;13;0,1;32;-0.68;25;0,2;0;2063
Benyas Solomon Junge-Abiol;D/WB/M (R), AM (RL);26;40K € - 140K €;Regional Div. West;Germany;1,8;5,1;41%;0,0;21%;0;0,0;1,7;0,2;88%;19,4;0;0,5;7,7;2,1;1,1;0,4;0,7;0;40,1;2,9;12,5;1,7;5,2;23;1,6;1,6;0,0;0,2;0,3;12,0;0,2;4,5;0,2;6,7;0,8;0,1;6,7;24;0,1;18;3.37;24;0,2;0;1887
Patrick Siefkes;GK;35;0 € - 8K €;Regional Div. North;Germany;0,0;2,9;0%;0,0;0%;72;0,1;0,1;0,0;65%;7,4;2.54;5,3;0,0;0,0;0,0;0,0;0,0;89;26,6;0,0;0,0;0,1;0,0;0;0,0;0,0;0,0;0,0;0,0;4,0;0,0;0,0;0,0;0,0;0,0;0,0;0,0;0;0,0;0;0;1;0,0;16;1714
Philip Gramberg;D (LC), DM;20;9K € - 35K €;Regional Div. North;Germany;3,2;13,7;20%;0,0;0%;0;0,0;0,3;0,0;85%;3,8;0;0,7;2,0;0,4;0,1;0,0;0,0;0;46,8;1,7;2,2;0,3;0,0;3;0,0;0,2;1,3;0,5;0,0;9,4;0,0;6,4;0,1;0,0;5,3;0,1;0,0;0;1,8;82;-0.93;5;0,0;0;1814
Thomas Gösweiner;ST (C);30;3K € - 30K €;Regional Div. West;Germany;0,9;2,5;43%;0,0;12%;0;0,0;0,9;0,1;91%;17,8;0;0,1;1,4;0,6;0,3;1,1;1,2;0;27,2;0,6;7,9;0,9;0,4;7;0,0;2,8;0,0;0,1;0,3;9,3;0,2;10,8;0,1;0,2;5,5;0,0;0,2;0;0,0;51;2.43;7;0,2;0;1874
Danny Breitfelder;ST (C);28;0 € - 110K €;Regional Div. Southwest;Germany;0,6;0,6;41%;0,0;20%;0;0,0;0,8;0,2;90%;18,3;0;0,1;1,6;0,5;0,1;0,7;0,8;0;23,8;0,4;3,8;0,8;0,8;2;0,1;2,0;0,0;0,0;0,4;9,2;0,2;10,1;0,1;0,3;3,3;0,0;0,3;50;0,2;33;4.21;3;0,2;0;1813
Robin Krolikowski;M (C), AM (RC);26;1,5K € - 16K €;Regional Div. North;Germany;1,2;9,6;29%;0,0;6%;0;0,0;1,4;0,1;90%;21,6;0;0,2;3,9;1,0;0,3;0,3;0,2;0;41,9;2,0;11,4;1,4;0,9;7;0,1;0,8;0,0;0,1;0,0;12,7;0,1;5,0;0,1;1,3;1,6;0,0;1,3;7;0,0;31;-0.83;8;0,1;0;1882
Timo Friedrich;D (RC), WB/M (R);27;0 € - 7K €;Regional Div. Southwest;Germany;3,4;9,6;22%;0,0;6%;0;0,0;0,5;0,2;86%;15,7;0;1,1;5,9;2,1;1,4;0,5;0,3;0;49,0;5,3;13,4;0,5;0,6;18;0,4;1,4;0,9;0,6;0,1;10,7;0,1;5,5;0,0;2,1;4,0;0,0;2,1;18;0,3;73;-0.64;25;0,1;0;1138
Justin Gröger;D (C), DM;23;16K € - 55K €;Regional Div. North;Germany;2,9;12,6;50%;0,0;0%;0;0,0;0,0;0,1;89%;4,1;0;1,0;2,3;0,9;0,2;0,1;0,1;0;49,5;2,0;3,3;0,0;0,0;3;0,0;0,3;1,2;0,3;0,0;9,4;0,0;6,9;0,0;0,0;5,0;0,0;0,0;0;2,4;73;-0.73;6;0,0;0;1319
Christopher Spang;D (RC), DM, M (C);32;6K € - 22K €;Regional Div. Southwest;Germany;2,6;12,1;57%;0,1;14%;0;0,0;0,8;0,5;89%;7,6;0;1,0;4,1;1,5;1,0;0,1;0,2;0;46,0;3,2;9,6;0,8;0,0;17;0,0;0,4;0,1;0,3;0,1;11,4;0,0;3,5;0,2;0,1;1,7;0,1;0,1;0;0,5;48;0.26;23;0,0;0;1507
Clemens Koplin;D (RL), WB/M (R);31;10K € - 35K €;Regional Div. Northeast;Germany;3,2;14,8;20%;0,1;0%;0;0,0;1,5;0,5;83%;15,1;0;1,4;6,0;1,8;1,2;0,2;0,2;0;50,2;6,1;10,3;1,7;0,6;21;0,4;0,9;0,5;0,4;0,0;11,1;0,1;5,5;0,2;2,7;2,4;0,5;2,7;13;0,5;43;-1.4;29;0,1;0;1524
Vincent Schwab;D (LC), DM;22;0 € - 50K €;Regional Div. Southwest;Germany;3,7;13,1;22%;0,1;11%;0;0,0;0,4;0,1;89%;5,8;0;1,2;2,6;0,7;0,6;0,2;0,1;0;49,6;2,2;4,2;0,4;0,1;13;0,0;0,4;0,5;0,9;0,0;9,7;0,0;6,8;0,0;0,5;4,6;0,0;0,5;10;1,0;68;0.36;13;0,0;0;1889
Matteo Heinz;D (C);19;50K € - 180K €;Regional Div. Southwest;Germany;2,9;11,0;25%;0,2;0%;0;0,0;0,2;0,0;90%;3,6;0;0,9;2,2;0,7;0,2;0,1;0,1;0;50,4;2,0;3,0;0,2;0,0;3;0,0;0,2;1,0;0,8;0,0;9,2;0,0;6,8;0,0;0,0;3,4;0,1;0,0;0;1,3;50;-0.23;6;0,0;0;1557
Lukas Lämmel;D (C), DM, M/AM (C);28;12K € - 130K €;Regional Div. Northeast;Germany;2,4;12,9;0%;0,1;0%;0;0,0;0,9;0,5;87%;7,5;0;1,4;6,2;1,5;0,9;0,1;0,0;0;58,8;4,9;9,7;0,9;0,1;15;0,1;0,5;0,0;0,9;0,0;11,6;0,0;2,9;0,2;0,1;1,8;0,4;0,1;50;0,2;62;-0.72;15;0,0;0;1538
Arne Zajaczek;WB/M/AM (R);19;35K € - 350K €;Regional Div. West;Germany;1,8;3,7;29%;0,0;5%;0;0,0;1,2;0,0;90%;23,2;0;0,6;7,2;1,4;1,1;0,8;0,5;0;40,7;2,6;10,9;1,2;3,2;13;0,8;1,8;0,0;0,3;0,1;12,1;0,1;4,0;0,1;5,9;1,3;0,0;5,9;14;0,0;31;-0.5;14;0,1;0;1075
Armend Qenaj;M (R), AM (RC);22;40K € - 375K €;Regional Div. Southwest;Germany;1,7;4,7;31%;0,0;3%;0;0,0;1,5;0,7;87%;19,6;0;0,7;8,1;2,2;1,5;0,9;0,9;0;41,7;2,7;13,5;1,5;3,0;21;1,4;2,8;0,0;0,4;0,1;12,1;0,3;4,3;0,5;5,9;1,4;0,1;5,9;23;0,1;34;-2.89;23;0,3;0;1246
Silas Schwarz;M (RL), AM (RC);28;18K € - 65K €;Regional Div. Southwest;Germany;1,9;3,8;33%;0,0;6%;0;0,0;1,9;0,2;87%;23,8;0;0,4;9,1;2,1;1,0;0,2;0,4;0;39,7;3,0;12,1;2,2;4,5;14;0,9;1,3;0,0;0,1;0,1;11,8;0,1;4,3;0,2;5,6;1,3;0,1;5,6;15;0,1;31;-1.54;20;0,2;0;1211
Jihad Boutakhrit;AM (RL), ST (C);25;4K € - 40K €;Regional Div. Southwest;Germany;1,0;1,9;43%;0,0;13%;0;0,0;0,9;0,1;88%;18,7;0;0,2;1,4;0,4;0,2;0,9;1,2;0;26,6;0,5;8,4;0,9;0,7;3;0,0;2,7;0,0;0,0;0,4;10,8;0,2;10,3;0,1;0,2;1,5;0,2;0,2;0;0,1;15;2.07;4;0,2;0;1533
Fabian Menig;D (RLC), WB (R);31;1K € - 12K €;Regional Div. Bavaria;Germany;2,9;16,8;27%;0,0;14%;0;0,0;0,6;0,2;87%;6,3;0;1,3;4,0;1,1;0,6;0,4;0,3;0;48,9;4,2;8,1;0,6;0,1;12;0,4;1,0;0,3;0,6;0,1;10,5;0,1;7,0;0,1;1,6;5,1;0,0;1,6;23;1,1;74;1.2;16;0,1;0;1890
Tom Weiß;D (C), DM, M (C);23;1,5K € - 14K €;Regional Div. Northeast;Germany;2,6;13,1;43%;0,1;0%;0;0,0;0,5;0,1;89%;7,0;0;1,0;3,7;1,4;0,9;0,2;0,2;0;51,2;3,9;8,9;0,5;0,1;15;0,0;0,4;0,4;0,4;0,0;12,0;0,1;3,1;0,0;0,1;2,4;0,1;0,1;0;0,5;77;-0.84;21;0,1;0;1496
Robin Garnier;D/WB (R), M (RC), AM (R);31;Not for Sale;Regional Div. Southwest;Germany;1,5;5,4;35%;0,0;14%;0;0,0;1,8;0,2;91%;21,7;0;0,3;8,0;1,6;1,2;0,7;0,7;0;40,3;2,6;10,9;1,8;3,8;23;0,9;2,0;0,0;0,3;0,3;11,5;0,3;4,7;0,1;6,2;1,8;0,1;6,2;13;0,1;38;0.12;27;0,3;0;1672
Jan Just;D (RLC);29;0 € - 70K €;Regional Div. Southwest;Germany;3,0;11,1;11%;0,1;0%;0;0,0;0,7;0,0;90%;13,2;0;1,2;2,7;1,0;0,8;0,2;0,1;0;53,1;5,2;9,8;0,7;0,2;18;0,3;0,9;0,9;0,4;0,0;10,7;0,1;5,4;0,0;1,4;3,9;0,0;1,4;20;0,6;72;-2.03;18;0,1;0;1921
Melvin Berkemer;M/AM (R);20;9K € - 95K €;Regional Div. Bavaria;Germany;2,0;4,2;43%;0,0;17%;0;0,0;2,0;0,7;89%;16,5;0;0,7;8,5;1,7;1,4;0,6;0,6;0;44,0;3,6;14,9;3,3;2,5;23;0,8;1,4;0,1;0,2;0,2;11,9;0,2;4,6;0,3;5,1;1,6;0,2;12,4;12;0,1;35;0.85;26;0,2;0;1454
Tim Kießling;D (RC), DM;27;0 € - 18K €;Regional Div. Northeast;Germany;2,9;8,0;30%;0,1;10%;0;0,0;0,6;0,1;88%;10,2;0;0,8;3,6;1,0;0,6;0,3;0,2;0;44,6;3,9;8,5;0,6;0,2;11;0,0;0,5;0,1;0,4;0,1;10,5;0,0;3,6;0,1;0,1;2,6;0,2;0,1;0;0,4;71;0.27;16;0,0;0;1784
Lukas Sedlak;GK;26;0 € - 100K €;Regional Div. Northeast;Germany;0,0;2,1;0%;0,0;0%;68;-0,0;0,1;0,0;75%;10,5;-0.47;3,8;0,0;0,0;0,0;0,0;0,0;89;26,1;0,0;0,0;0,1;0,0;0;0,0;0,0;0,0;0,0;0,0;5,2;0,0;0,0;0,0;0,0;0,0;0,0;0,0;0;0,0;0;0;0;0,0;25;1811
Rafael Brand;M (L), AM (RL), ST (C);31;3K € - 30K €;Regional Div. North;Germany;2,4;4,3;37%;0,0;17%;0;0,0;1,6;0,3;88%;17,4;0;0,5;9,1;1,8;1,1;0,8;0,8;0;42,7;2,9;13,6;1,6;3,6;18;1,2;2,0;0,0;0,3;0,4;11,2;0,2;5,3;0,1;5,8;1,5;0,2;5,8;20;0,0;28;3.15;19;0,2;0;1538
Arnold Budimbu;D/WB/M (R), AM (RL), ST (C);30;0 € - 85K €;Regional Div. West;Germany;1,9;6,3;19%;0,1;13%;0;0,0;1,8;0,2;88%;19,1;0;0,9;8,8;2,3;1,8;0,2;0,2;0;41,7;2,9;12,9;1,8;3,5;25;1,0;1,2;0,0;0,4;0,1;11,7;0,2;5,4;0,1;7,0;2,9;0,1;7,0;14;0,0;53;-0.28;25;0,2;0;1252
Patrick Kroiß;ST (C);31;Not for Sale;Regional Div. Bavaria;Germany;0,8;0,8;36%;0,0;10%;0;0,0;0,7;0,1;89%;16,2;0;0,3;1,2;0,5;0,2;0,7;0,8;0;23,4;0,4;3,2;0,7;0,9;3;0,1;2,1;0,0;0,0;0,2;9,2;0,2;9,2;0,0;0,4;1,8;0,0;0,4;14;0,0;20;0.37;4;0,2;0;1781
Nick Galle;D (LC);27;0 € - 110K €;Regional Div. Southwest;Germany;3,4;11,4;20%;0,2;0%;0;0,0;1,2;0,2;85%;14,7;0;1,5;7,2;1,8;1,6;0,2;0,1;0;55,2;6,1;15,0;1,2;0,7;32;0,4;0,3;0,7;0,5;0,0;12,2;0,0;5,6;0,1;2,9;3,6;0,1;2,9;14;1,0;65;-0.24;40;0,0;0;1780
Linus Queißer;ST (C);22;18K € - 190K €;Regional Div. Northeast;Germany;0,4;1,5;46%;0,0;13%;0;0,0;1,1;0,3;89%;21,5;0;0,1;1,8;1,0;0,1;1,0;1,2;0;26,8;0,5;4,6;1,5;1,0;1;0,1;2,7;0,0;0,1;0,3;9,5;0,3;8,9;0,2;0,2;2,8;0,0;0,2;33;0,0;31;0.39;7;0,3;0;1300
Sebastian Schmitt;D/WB (L), M (RL), AM (L);29;35K € - 325K €;Regional Div. Southwest;Germany;2,2;5,3;30%;0,0;3%;0;0,0;1,3;0,1;87%;17,4;0;0,6;5,6;1,4;1,3;1,2;0,7;0;44,6;3,2;14,1;1,3;2,3;18;0,4;2,4;0,1;0,6;0,1;11,4;0,3;4,1;0,1;3,7;1,7;0,1;3,7;9;0,0;42;-2.56;19;0,3;0;1248
Marcel Volkmuth;D (R), DM, M (C);27;0 € - 55K €;Regional Div. Bavaria;Germany;3,0;13,5;50%;0,0;19%;0;0,0;0,4;0,4;88%;7,3;0;0,9;6,3;1,6;1,1;0,9;0,7;0;57,1;3,8;9,3;0,9;0,2;13;0,1;1,4;0,1;0,4;0,3;12,1;0,1;2,1;0,1;0,3;1,1;0,2;2,2;8;0,0;54;1.55;15;0,1;0;1018
Drew Murray;D (C);20;70K € - 700K €;Regional Div. West;Germany;3,5;14,5;20%;0,1;7%;0;0,0;0,1;0,0;86%;4,8;0;1,0;3,4;1,0;0,5;0,2;0,2;0;48,8;2,3;3,1;0,1;0,0;9;0,0;0,8;0,9;0,7;0,1;9,3;0,1;6,9;0,0;0,0;5,0;0,0;0,0;0;1,4;72;-0.56;11;0,1;0;1797
Oğulcan Tezel;D (RL), WB/M (R);28;12K € - 120K €;Regional Div. Northeast;Germany;3,4;10,3;9%;0,0;0%;0;0,0;0,7;0,4;86%;15,2;0;1,1;5,4;1,0;0,7;0,0;0,1;0;54,5;6,3;10,3;0,7;0,5;12;0,5;0,7;0,2;0,5;0,0;10,9;0,1;4,0;0,1;3,1;3,2;0,2;3,1;15;0,8;79;-1.56;14;0,1;0;1491
Maurice Passage;D/WB/M (R);34;0 € - 4,5K €;Regional Div. West;Germany;3,4;12,8;20%;0,2;5%;0;0,0;1,0;0,1;86%;14,0;0;1,1;6,4;1,8;1,2;0,5;0,3;0;51,0;6,3;9,8;1,5;0,3;15;0,4;1,6;0,4;0,6;0,1;9,9;0,2;3,2;0,1;2,7;1,6;0,0;8,6;12;0,2;50;-1.93;21;0,2;0;1115
Daniel Stănese;D (C), DM, M (C);31;0 € - 55K €;Regional Div. Northeast;Germany;2,2;9,9;27%;0,1;0%;0;0,0;0,5;0,1;89%;6,4;0;0,8;4,8;1,2;1,0;0,1;0,2;0;46,5;2,6;9,9;0,5;0,1;15;0,0;0,8;0,1;0,4;0,0;12,1;0,1;2,9;0,2;0,1;1,6;0,1;0,1;0;0,5;55;-0.92;19;0,1;0;1311
Matona-Glody Ngyombo;DM, M (RC);27;12K € - 110K €;Regional Div. West;Germany;2,0;13,4;33%;0,0;0%;0;0,0;1,2;0,3;87%;6,4;0;0,9;4,9;1,1;0,9;0,1;0,2;0;35,5;3,6;8,0;1,2;1,0;12;0,6;0,5;0,3;0,5;0,0;9,3;0,1;3,5;0,3;3,2;1,7;0,5;3,2;19;0,1;49;-0.89;12;0,1;0;1165
Andreas Naumann;GK;32;8K €;Regional Div. Northeast;Germany;0,0;3,5;0%;0,0;0%;61;-0,2;0,0;0,0;56%;9,1;-4.96;5,8;0,0;0,0;0,0;0,0;0,0;87;26,3;0,0;0,0;0,0;0,0;0;0,0;0,0;0,0;0,0;0,0;4,4;0,0;0,0;0,0;0,0;0,0;0,0;0,0;0;0,0;0;0;2;0,0;27;1800
Manassé Eshele;D (C), DM, ST (C);26;35K € - 130K €;Regional Div. Northeast;Germany;1,3;3,9;49%;0,0;11%;0;0,0;0,9;0,2;83%;16,4;0;0,4;2,4;0,7;0,4;0,5;1,0;0;29,5;1,2;4,9;1,0;0,3;7;0,2;2,1;0,1;0,2;0,2;9,3;0,2;9,1;0,1;0,4;3,4;0,0;0,4;50;0,1;38;0.69;10;0,2;0;1469
Moritz Frahm;D (C), DM;25;0 € - 60K €;Regional Div. North;Germany;3,7;14,5;0%;0,2;0%;0;0,0;0,3;0,0;91%;3,4;0;0,9;2,1;0,7;0,3;0,1;0,0;0;49,4;1,8;2,5;0,3;0,0;6;0,0;0,4;0,8;0,7;0,0;9,6;0,0;7,3;0,0;0,1;5,3;0,0;0,1;0;1,2;72;-0.64;8;0,0;0;1734
Alexander Rimoldi;D (RLC);29;0 € - 55K €;Regional Div. Southwest;Germany;4,3;11,0;0%;0,0;0%;0;0,0;0,7;0,2;86%;16,6;0;1,2;4,6;1,8;1,6;0,0;0,0;0;56,2;5,8;12,9;0,7;0,4;35;0,6;0,0;0,6;0,4;0,0;11,8;0,0;5,6;0,1;2,9;3,9;0,1;2,9;22;0,5;69;-0.17;41;0,0;0;1947
Jonas Fedl;D (RC), DM;26;0 € - 85K €;Regional Div. North;Germany;3,5;16,4;22%;0,1;11%;0;0,0;0,4;0,1;90%;4,6;0;1,0;2,6;0,8;0,6;0,3;0,1;0;46,7;3,4;5,0;0,5;0,1;9;0,1;0,6;0,3;0,7;0,1;9,9;0,0;5,3;0,0;0,2;3,8;0,0;0,2;50;0,7;71;0.48;10;0,0;0;1462
Adem Podrimaj;DM, M (C), ST (C);22;0 € - 35K €;Regional Div. North;Germany;2,0;15,1;35%;0,2;18%;0;0,0;1,2;0,1;88%;6,6;0;1,2;4,2;1,7;1,1;0,4;0,4;0;52,2;3,6;8,2;1,2;0,4;17;0,1;1,1;0,0;0,4;0,2;11,6;0,1;3,1;0,2;0,4;1,7;0,2;0,4;16;0,0;53;1.48;21;0,1;0;1409
Luke Hemmerich;D/WB/M (RL);27;3,5K € - 35K €;Regional Div. Bavaria;Germany;4,2;14,8;21%;0,1;7%;0;0,0;1,0;0,3;85%;12,7;0;1,1;6,0;1,4;0,8;0,5;0,3;0;49,3;6,4;14,6;1,0;0,6;16;0,5;1,4;0,3;0,5;0,1;11,1;0,2;4,6;0,1;3,1;3,0;0,1;3,2;16;0,3;64;-1.91;23;0,2;0;1861
Mike Eglseder;D (RC);33;0 € - 35K €;Regional Div. Northeast;Germany;3,6;14,9;19%;0,1;0%;0;0,0;0,7;0,0;87%;15,5;0;1,4;5,4;0,8;0,9;0,5;0,2;0;48,1;5,1;10,5;0,7;0,2;16;0,1;1,1;1,0;0,8;0,0;11,0;0,1;5,4;0,0;1,5;4,1;0,1;1,5;3;0,4;77;-2.41;17;0,1;0;1657
Patrick Breitkreuz;AM (RL), ST (C);33;0 € - 28K €;Regional Div. Northeast;Germany;0,9;2,6;47%;0,0;18%;0;0,0;1,2;0,1;89%;15,4;0;0,3;1,8;0,8;0,5;0,7;1,0;0;27,3;0,8;5,5;1,2;0,5;8;0,2;2,2;0,0;0,1;0,4;9,4;0,2;10,1;0,1;0,5;3,5;0,0;0,5;33;0,2;34;2.87;9;0,2;0;1552
Fabian Mehlitz;D (C), DM;18;10K € - 110K €;Regional Div. Bavaria;Germany;2,9;11,9;38%;0,1;15%;0;0,0;0,3;0,0;86%;4,4;0;1,3;2,3;0,8;0,4;0,1;0,3;0;44,6;2,5;3,7;0,3;0,0;7;0,0;0,7;1,0;0,5;0,1;9,7;0,1;7,5;0,1;0,0;5,6;0,1;0,0;0;1,3;75;0.55;10;0,1;0;1565
Marius Kunde;M/AM (L), ST (C);30;0 € - 40K €;Regional Div. Southwest;Germany;1,3;3,0;42%;0,0;16%;0;0,0;1,7;0,1;92%;18,7;0;0,4;7,7;2,3;0,8;0,8;0,7;0;43,2;3,6;10,5;1,7;3,3;9;1,2;1,7;0,0;0,4;0,3;11,5;0,2;4,2;0,1;5,6;1,2;0,0;5,6;20;0,1;28;1.27;13;0,2;0;1004
Roman Schabbing;GK;23;2,5K € - 26K €;Regional Div. West;Germany;0,0;3,0;0%;0,0;0%;71;0,1;0,0;0,0;66%;7,7;2.52;5,2;0,0;0,0;0,0;0,0;0,0;86;26,2;0,0;0,0;0,1;0,0;0;0,0;0,0;0,0;0,0;0,0;5,1;0,0;0,0;0,0;0,0;0,0;0,0;0,0;0;0,0;0;0;0;0,0;24;2070
Felix Erken;DM, M (C);22;0 € - 55K €;Regional Div. West;Germany;2,2;9,2;25%;0,1;13%;0;0,0;0,9;0,4;89%;6,6;0;1,2;4,0;1,4;1,0;0,2;0,1;0;49,1;2,9;9,3;0,9;0,2;19;0,1;0,4;0,1;0,4;0,1;11,5;0,1;1,5;0,2;0,3;0,9;0,3;0,3;40;0,1;59;0.05;24;0,1;0;1657
Leon Čatak;M/AM (R), ST (C);20;0 € - 85K €;Regional Div. Southwest;Germany;1,5;1,8;42%;0,0;16%;0;0,0;1,1;0,1;88%;24,1;0;0,4;3,4;0,6;0,2;0,6;0,8;0;31,0;1,6;9,2;1,1;2,9;3;1,1;2,0;0,0;0,1;0,3;10,4;0,3;6,4;0,1;3,6;1,4;0,1;3,6;30;0,0;21;0.14;4;0,3;0;1386
Leandro Šimunić;DM, M (C);19;30K € - 300K €;Regional Div. Southwest;Germany;2,5;14,3;8%;0,1;8%;0;0,0;1,2;0,3;90%;7,6;0;0,8;6,0;1,8;1,0;0,4;0,1;0;46,2;5,2;8,8;1,2;0,1;15;0,0;0,9;0,0;0,5;0,1;11,2;0,1;3,6;0,2;0,0;2,3;0,3;0,0;0;0,5;64;-0.09;18;0,1;0;1320
Bruno Numbisie;D/WB/M (R);19;10K € - 100K €;Regional Div. North;Germany;2,6;8,7;30%;0,1;5%;0;0,0;0,5;0,3;87%;11,0;0;1,1;3,8;1,0;0,7;0,8;0,5;0;51,8;6,2;9,6;0,5;0,8;9;0,2;1,5;0,2;0,6;0,1;9,9;0,2;5,3;0,1;3,7;3,4;0,2;4,7;8;0,2;63;-1.46;13;0,2;0;1196
Julius Pünt;GK;21;0 € - 90K €;Regional Div. North;Germany;0,0;2,1;0%;0,0;0%;69;0,2;0,1;0,0;71%;7,2;3.52;3,7;0,0;0,0;0,0;0,0;0,0;86;26,3;0,0;0,0;0,1;0,0;0;0,0;0,0;0,0;0,0;0,0;4,9;0,0;0,0;0,0;0,0;0,0;0,0;0,0;0;0,0;0;0;1;0,0;16;1527
Lorenz Otto;GK;24;0 € - 65K €;Regional Div. Northeast;Germany;0,0;4,4;0%;0,0;0%;78;0,1;0,0;0,0;65%;8,0;2.47;5,2;0,0;0,0;0,0;0,0;0,0;90;26,9;0,0;0,0;0,0;0,0;0;0,0;0,0;0,0;0,0;0,0;5,4;0,0;0,0;0,0;0,0;0,0;0,0;0,0;0;0,0;0;0;1;0,0;20;1890
Avanesh Satheskumar;M/AM (C);20;55K € - 550K €;Regional Div. Bavaria;Germany;1,1;11,0;28%;0,0;6%;0;0,0;2,4;0,4;87%;14,6;0;0,4;4,4;1,4;0,9;0,7;0,6;0;44,9;2,6;8,5;2,6;1,7;14;0,1;2,0;0,0;0,0;0,1;12,2;0,2;4,1;0,2;0,9;1,2;0,1;0,9;14;0,0;31;-1.33;16;0,2;0;1444
Vadym Zhuk;D (R);34;0 € - 4K €;Regional Div. Bavaria;Germany;3,2;12,9;29%;0,0;7%;0;0,0;0,8;0,1;86%;16,3;0;0,8;5,1;1,5;1,3;0,2;0,3;0;53,4;5,1;14,0;0,8;0,3;19;0,6;1,0;0,3;0,3;0,1;11,7;0,1;4,6;0,1;3,0;2,8;0,0;7,8;15;0,7;61;-0.49;21;0,1;0;1301
Dominik Dewein;GK;26;7K € - 22K €;Regional Div. Bavaria;Germany;0,0;3,3;0%;0,0;0%;69;0,3;0,0;0,0;66%;7,8;5.76;5,6;0,0;0,0;0,0;0,0;0,0;87;25,1;0,0;0,0;0,0;0,0;1;0,0;0,0;0,0;0,0;0,0;4,7;0,0;0,0;0,0;0,0;0,0;0,0;0,0;0;0,0;0;0;2;0,0;29;1890
Dominik Ahlbach;D (C), DM, M (C);29;16K € - 55K €;Regional Div. Southwest;Germany;3,3;13,6;33%;0,0;17%;0;0,0;0,1;0,1;81%;4,2;0;0,7;3,4;0,8;0,3;0,0;0,1;0;50,0;2,1;2,9;0,1;0,1;5;0,1;0,3;0,5;0,5;0,1;9,2;0,0;6,3;0,0;0,1;4,2;0,1;0,1;100;1,2;67;0.49;8;0,0;0;1545
Dominik Hardi;D (C), DM, M (C);17;10K € - 95K €;Regional Div. North;Germany;0,0;9,8;50%;0,0;0%;0;0,0;0,2;0,3;83%;13,8;0;0,0;0,1;0,0;0,0;0,3;0,4;0;0,5;0,0;0,1;0,2;0,0;0;0,0;0,9;0,0;0,0;0,0;0,1;0,0;0,0;0,1;0,0;0,0;0,2;0,0;0;0,0;0;-0.58;0;0,0;0;1053
Ingo Feser;D (L), M (C), AM (LC);29;14K € - 150K €;Regional Div. Bavaria;Germany;2,1;5,5;39%;0,0;16%;0;0,0;2,5;0,3;90%;24,9;0;0,5;7,3;1,7;1,3;0,8;0,7;0;41,7;3,9;11,0;2,8;4,1;30;1,2;1,7;0,0;0,2;0,3;11,7;0,1;4,6;0,1;6,0;0,7;0,1;6,7;22;0,1;15;3.24;37;0,1;0;2044
Alan Rodriguez;AM (RLC);23;2,5K € - 9K €;Regional Div. Southwest;Germany;1,6;8,4;53%;0,0;27%;0;0,0;1,5;0,2;91%;22,4;0;0,5;3,4;1,4;0,9;0,2;0,6;0;40,1;1,8;6,9;2,0;0,7;13;0,1;1,1;0,0;0,1;0,3;11,5;0,1;4,5;0,2;2,0;0,9;0,1;2,0;3;0,3;20;2.59;14;0,1;0;1272
Ahmet Aygül;D (LC), DM, M (C);24;12K € - 45K €;Regional Div. Southwest;Germany;1,8;9,9;60%;0,1;20%;0;0,0;0,3;0,2;88%;9,2;0;0,4;2,0;0,6;0,5;0,1;0,2;0;30,4;2,1;5,3;0,3;0,1;8;0,0;0,3;0,3;0,4;0,1;7,7;0,1;3,0;0,1;0,1;1,6;0,0;0,1;0;0,1;55;0.03;9;0,1;0;1314
Rüfät Dadaşov;ST (C);34;Not for Sale;Regional Div. Northeast;Germany;0,8;2,7;40%;0,0;11%;0;0,0;0,7;0,3;91%;16,5;0;0,1;2,0;0,9;0,1;0,5;1,2;0;26,7;0,5;4,4;0,7;0,6;2;0,1;2,9;0,0;0,3;0,3;9,8;0,4;9,2;0,2;0,3;4,6;0,1;0,3;20;0,0;50;-1.3;4;0,4;0;1389
David Stamm;D (RL), WB/M (R);20;55K € - 190K €;Regional Div. West;Germany;3,8;8,2;8%;0,0;8%;0;0,0;1,5;0,1;88%;16,4;0;1,4;6,2;1,5;1,1;0,3;0,0;0;48,2;5,3;14,5;1,5;0,9;23;0,9;0,6;0,4;0,3;0,0;11,4;0,1;3,0;0,1;3,5;0,8;0,1;3,5;24;0,3;27;-0.57;27;0,1;0;1890
Tino Bradara;D (RL), WB/M (R);28;3K € - 30K €;Regional Div. Southwest;Germany;3,6;14,9;11%;0,2;11%;0;0,0;1,1;0,1;84%;13,2;0;1,6;4,4;1,8;1,3;0,2;0,1;0;52,6;5,8;10,3;1,1;0,4;18;0,8;0,7;0,1;0,7;0,1;10,9;0,0;4,5;0,1;3,0;2,4;0,1;3,4;25;0,5;53;0.55;22;0,0;0;1235
Shamsu Mansaray;M (L), AM (RL), ST (C);26;0 € - 40K €;Regional Div. North;Germany;1,9;2,1;34%;0,0;6%;0;0,0;1,7;0,4;90%;22,4;0;0,4;7,4;1,6;1,2;0,7;0,6;0;43,2;2,9;11,3;1,7;3,0;23;0,8;1,9;0,0;0,2;0,1;11,0;0,2;5,1;0,1;4,0;1,9;0,1;4,0;20;0,0;38;-1.81;25;0,2;0;1682
Serhat Koruk;ST (C);29;1,5K € - 14K €;Regional Div. West;Germany;0,7;2,2;47%;0,0;19%;0;0,0;1,1;0,1;93%;19,0;0;0,1;1,9;0,8;0,1;0,4;1,0;0;25,5;0,8;4,6;1,1;0,7;2;0,1;2,2;0,0;0,2;0,4;10,1;0,3;9,6;0,2;0,4;3,6;0,1;1,0;11;0,0;38;1.21;3;0,3;0;1491
Justus Henke;D (C), DM;24;20K € - 70K €;Regional Div. West;Germany;2,1;13,3;33%;0,0;0%;0;0,0;0,1;0,1;91%;3,5;0;0,9;2,2;0,9;0,5;0,1;0,0;0;43,2;1,8;3,7;0,1;0,0;11;0,0;0,1;0,7;0,6;0,0;9,5;0,0;6,8;0,0;0,0;5,1;0,0;0,0;0;1,0;75;-0.16;11;0,0;0;1928
Kiyan Ermis;AM (C);17;35K € - 375K €;3. Liga;Germany;0,7;4,1;44%;0,1;13%;0;0,0;2,1;0,3;88%;11,8;0;0,6;5,2;1,6;0,4;0,2;0,6;0;53,2;2,9;12,7;2,1;0,4;5;0,2;1,3;0,2;0,3;0,2;12,7;0,2;4,7;0,2;1,2;1,0;0,0;1,2;13;0,1;21;-0.04;8;0,2;0;1102
Michael Schlicht;DM, M (RC), AM (C);32;0 € - 30K €;Regional Div. Northeast;Germany;2,5;11,9;38%;0,0;13%;0;0,0;1,3;0,3;89%;9,9;0;1,0;2,9;1,1;0,9;0,2;0,2;0;52,4;4,7;8,9;2,9;0,3;12;0,0;0,6;0,1;0,4;0,1;11,8;0,1;2,6;0,3;0,3;1,2;0,2;4,9;4;0,0;47;-0.01;14;0,1;0;1169
Marko Dedović;GK;28;24K € - 85K €;Regional Div. North;Germany;0,0;3,4;0%;0,0;0%;71;0,1;0,0;0,0;67%;6,8;1.27;5,7;0,0;0,0;0,0;0,0;0,0;85;25,9;0,0;0,0;0,0;0,0;0;0,0;0,0;0,0;0,0;0,0;5,6;0,0;0,0;0,0;0,0;0,0;0,0;0,0;0;0,0;0;0;3;0,0;27;1820
Felix Schwarzholz;D (RL), DM;26;0 € - 50K €;Regional Div. Bavaria;Germany;3,5;13,5;14%;0,1;0%;0;0,0;0,7;0,1;84%;12,6;0;1,0;5,4;1,7;1,2;0,2;0,1;0;50,5;4,5;11,4;1,0;0,4;21;0,5;0,4;0,5;0,2;0,0;11,8;0,0;4,3;0,1;2,5;2,3;0,1;2,9;17;0,7;54;-0.75;23;0,0;0;1635
Matthew Meier;D (L), M (C), AM (RC), ST (C);21;0 € - 130K €;Regional Div. Northeast;Germany;1,2;7,6;45%;0,0;20%;0;0,0;1,5;0,0;88%;17,3;0;0,4;3,4;1,2;0,2;0,4;0,5;0;41,9;1,6;9,1;1,5;1,6;4;0,2;1,2;0,0;0,1;0,2;12,4;0,1;4,0;0,0;1,2;1,0;0,0;1,2;20;0,0;25;2.16;15;0,1;0;1509
Emmanuel Ntsiakoh;D (RC);21;0 € - 24K €;Regional Div. North;Germany;3,3;15,8;33%;0,0;17%;0;0,0;0,4;0,1;89%;5,6;0;0,8;2,8;0,6;0,4;0,2;0,1;0;50,6;3,0;4,6;0,4;0,2;8;0,2;0,3;1,6;1,0;0,1;9,7;0,0;6,4;0,1;1,0;4,2;0,1;1,8;14;1,2;66;0.48;8;0,0;0;1755
Jaden Korzynietz;D (RL), WB (L), DM, M (L);20;10K € - 100K €;Regional Div. West;Germany;3,1;12,6;0%;0,1;0%;0;0,0;0,8;0,1;85%;13,6;0;0,8;5,6;2,3;1,6;0,1;0,0;0;52,4;5,6;11,2;0,8;0,4;24;0,5;0,5;0,3;0,2;0,0;11,6;0,1;3,8;0,1;1,8;2,2;0,0;1,8;25;0,3;58;-1.05;28;0,1;0;1361
David Bauer;D (C);30;0 € - 40K €;Regional Div. Bavaria;Germany;3,7;22,0;20%;0,2;20%;0;0,0;0,4;0,2;89%;3,5;0;1,2;1,8;0,8;0,3;0,2;0,1;0;45,5;3,1;3,0;0,4;0,0;4;0,0;0,4;0,6;0,8;0,1;9,4;0,0;7,0;0,0;0,0;5,8;0,0;0,0;0;1,4;83;0.76;5;0,0;0;1069
Elias Rahn;D (R);23;0 € - 120K €;Regional Div. Southwest;Germany;3,7;16,8;4%;0,0;0%;0;0,0;0,6;0,2;87%;11,9;0;0,8;5,2;1,6;0,6;0,5;0,1;0;48,3;5,9;10,0;0,6;0,7;11;0,8;1,2;0,4;0,5;0,0;10,6;0,2;4,2;0,1;2,5;3,2;0,1;4,5;22;0,3;75;-3.32;16;0,2;0;1727
Dennis de Sousa Oelsner;M (L), AM (RL), ST (C);29;3,5K € - 35K €;Regional Div. Southwest;Germany;1,9;3,6;29%;0,0;0%;0;0,0;1,5;0,0;89%;15,0;0;0,4;8,0;1,7;1,0;0,2;0,2;0;43,4;2,8;9,9;1,5;3,2;11;0,8;0,6;0,0;0,2;0,0;11,1;0,1;4,5;0,0;4,8;1,1;0,0;4,8;16;0,0;24;-0.97;15;0,1;0;1011
Emanuel Adou;D/WB (R), DM, M (RC), AM (C);23;0 € - 40K €;Regional Div. North;Germany;2,0;6,8;0%;0,0;0%;0;0,0;1,2;0,2;84%;21,9;0;1,0;6,9;2,0;1,2;0,1;0,0;0;40,9;3,8;15,3;1,2;1,3;20;1,1;0,2;0,3;0,1;0,0;10,7;0,0;3,5;0,2;7,8;1,4;0,1;7,8;14;0,4;41;-0.12;25;0,0;0;1460
Benedikt Krug;D (C), DM;30;1K € - 10K €;Regional Div. Bavaria;Germany;3,2;17,8;15%;0,1;0%;0;0,0;0,3;0,0;87%;5,7;0;1,7;2,1;0,8;0,5;0,1;0,1;0;46,6;2,7;3,7;0,3;0,0;10;0,0;0,6;0,7;0,6;0,0;9,8;0,1;6,3;0,0;0,1;4,2;0,0;0,1;50;1,2;66;-2.42;17;0,1;0;1926
Cimo Röcker;D (LC), DM;31;20K € - 200K €;Regional Div. North;Germany;3,3;20,6;0%;0,1;0%;0;0,0;0,3;0,1;90%;2,3;0;1,5;2,0;1,0;0,5;0,1;0,0;0;44,1;2,7;3,2;1,3;0,0;9;0,0;0,2;1,4;1,1;0,0;10,1;0,0;5,7;0,2;0,2;4,2;0,1;5,8;5;0,2;75;-0.34;10;0,0;0;1507
Georg Ermolaev;M (L), AM (RL);20;1,5K € - 16K €;Regional Div. West;Germany;1,6;3,1;38%;0,0;13%;0;0,0;1,7;0,1;92%;21,9;0;0,4;9,9;1,2;0,8;0,4;0,4;0;42,1;3,5;14,5;1,7;4,1;11;0,7;1,2;0,0;0,1;0,1;11,6;0,1;6,1;0,1;4,9;1,4;0,1;4,9;14;0,1;23;0.7;14;0,1;0;1238
Rico Wehrle;D/WB/M/AM (R);32;16K € - 55K €;Regional Div. Southwest;Germany;2,8;10,3;6%;0,1;0%;0;0,0;0,9;0,2;88%;16,7;0;1,2;5,2;1,5;1,0;0,4;0,1;0;50,0;5,0;14,3;0,9;0,9;14;0,3;1,2;0,2;0,8;0,0;11,5;0,1;5,0;0,1;3,7;2,9;0,1;3,7;7;0,3;58;-1.64;19;0,1;0;1301
Dane Kummerfeld;D (RL), WB/M (L);33;4K € - 14K €;Regional Div. North;Germany;2,9;12,3;29%;0,1;14%;0;0,0;1,1;0,1;87%;15,2;0;1,1;5,2;1,3;1,4;0,2;0,1;0;53,7;6,2;13,2;1,6;0,5;27;0,4;0,4;0,5;0,5;0,1;10,9;0,0;5,7;0,1;2,5;3,6;0,1;7,0;10;0,6;64;0.82;29;0,0;0;1700
Baran Berk;M (RC), AM (C);19;0 € - 18K €;Regional Div. Bavaria;Germany;0,2;7,4;44%;0,0;13%;0;0,0;0,2;0,2;80%;21,0;0;0,0;0,3;0,2;0,1;0,3;0,4;0;2,3;0,1;0,8;0,2;0,1;1;0,1;0,8;0,0;0,0;0,1;0,8;0,1;0,3;0,1;0,4;0,2;0,0;0,4;14;0,0;80;0.36;1;0,1;0;1700
Niklas Jovanović;DM, M (C);20;0 € - 30K €;Regional Div. North;Germany;0,5;13,8;50%;0,0;17%;0;0,0;0,5;0,6;86%;13,2;0;0,1;1,0;0,3;0,1;0,2;0,2;0;9,2;1,1;1,6;0,9;0,1;2;0,0;0,3;0,0;0,0;0,1;2,2;0,0;0,3;0,3;0,0;0,2;0,5;1,3;16;0,0;50;0.65;3;0,0;0;1664
Gil Ebner;DM, M (C);19;18K € - 170K €;Regional Div. Bavaria;Germany;2,9;16,9;40%;0,1;0%;0;0,0;1,0;0,4;89%;5,2;0;1,3;5,7;1,0;0,6;0,4;0,2;0;50,6;5,0;8,1;1,0;0,0;7;0,0;0,4;0,1;0,6;0,0;10,6;0,0;2,4;0,2;0,2;1,4;0,4;0,2;0;0,2;60;-0.3;11;0,0;0;1136
Simon Breuer;M (LC), AM (C);22;45K € - 160K €;Regional Div. West;Germany;1,3;11,5;52%;0,0;13%;0;0,0;1,4;0,3;87%;19,4;0;0,3;4,7;1,1;0,5;0,4;0,9;0;41,0;2,0;8,8;1,4;1,0;9;0,2;1,7;0,0;0,3;0,2;12,4;0,2;3,7;0,2;0,9;0,7;0,2;0,9;25;0,0;18;0.56;13;0,2;0;1660
Nick Rasoulinia;D (C);21;100K € - 350K €;Regional Div. Bavaria;Germany;3,4;16,1;25%;0,2;13%;0;0,0;0,1;0,2;91%;3,9;0;1,5;2,8;0,9;0,5;0,1;0,1;0;48,1;2,0;3,1;0,1;0,0;11;0,0;0,4;0,7;0,6;0,0;9,5;0,0;6,6;0,0;0,0;4,1;0,0;0,0;0;1,4;62;0.18;13;0,0;0;1869
Elvin Kovač;GK;26;0 € - 16K €;Regional Div. Southwest;Germany;0,0;2,1;0%;0,0;0%;59;-0,3;0,0;0,0;75%;9,2;-6.37;5,3;0,0;0,0;0,0;0,0;0,0;89;25,4;0,0;0,0;0,0;0,0;0;0,0;0,0;0,0;0,0;0,0;4,9;0,0;0,0;0,0;0,0;0,0;0,0;0,0;0;0,0;0;0;4;0,0;33;1980
Luca Schulten;ST (C);19;30K € - 300K €;Regional Div. Southwest;Germany;0,6;1,2;37%;0,0;5%;0;0,0;0,8;0,0;89%;20,6;0;0,1;1,4;0,6;0,2;1,1;1,3;0;22,2;0,4;3,9;0,8;0,4;2;0,2;3,4;0,0;0,1;0,2;9,6;0,5;10,5;0,0;0,5;2,6;0,0;0,5;33;0,1;25;-3.41;2;0,5;0;1073
Benjamin Franz;D (C);22;1K € - 8K €;Regional Div. Bavaria;Germany;3,1;11,6;17%;0,1;17%;0;0,0;0,6;0,2;86%;6,3;0;1,2;2,6;1,1;0,5;0,1;0,1;0;48,3;2,8;5,6;0,6;0,0;7;0,0;0,4;1,2;0,7;0,1;10,7;0,1;5,5;0,2;0,1;4,3;0,1;0,1;0;0,7;79;-0.55;10;0,1;0;1231
Rico Wuttke;D (L);20;1K € - 8K €;Regional Div. Southwest;Germany;3,2;12,4;0%;0,0;0%;0;0,0;1,1;0,1;85%;18,9;0;1,9;5,9;1,5;1,2;0,1;0,0;0;52,7;5,9;9,7;1,1;1,0;14;0,9;0,1;0,8;0,3;0,0;10,8;0,0;3,7;0,1;3,6;1,5;0,0;3,6;24;0,5;40;-0.04;16;0,0;0;1034
Pieter Wolf;AM (R), ST (C);26;0 € - 30K €;Regional Div. Northeast;Germany;0,6;1,5;63%;0,0;32%;0;0,0;1,2;0,1;91%;16,2;0;0,1;1,8;0,7;0,3;0,2;0,9;0;27,4;1,0;4,1;1,2;0,5;4;0,1;1,4;0,0;0,1;0,4;9,5;0,2;8,7;0,1;0,6;2,3;0,1;0,6;25;0,0;26;3.59;5;0,2;0;1237
Stefan Haas;DM, M/AM (C);31;1K € - 9K €;Regional Div. Bavaria;Germany;2,0;14,0;11%;0,1;11%;0;0,0;2,1;0,5;89%;8,2;0;1,6;5,4;1,5;1,1;0,3;0,1;0;62,3;6,0;8,8;2,1;0,0;16;0,1;0,6;0,1;0,7;0,1;10,9;0,0;3,5;0,4;0,2;2,0;0,5;3,5;11;0,4;58;0.42;23;0,0;0;1353
Nils Gans;D (LC);24;0 € - 50K €;Regional Div. Southwest;Germany;3,1;14,6;0%;0,1;0%;0;0,0;0,2;0,0;86%;4,3;0;1,3;2,5;0,6;0,3;0,0;0,0;0;50,0;2,3;2,8;0,2;0,1;5;0,0;0,1;1,3;0,7;0,0;9,6;0,0;6,5;0,0;0,1;4,8;0,0;0,1;0;0,9;74;-0.1;7;0,0;0;1708
Paul Zielke;GK;18;60K € - 220K €;Regional Div. North;Germany;0,0;1,7;0%;0,0;0%;72;-0,0;0,1;0,0;72%;8,5;-0.59;4,4;0,0;0,0;0,1;0,0;0,0;89;26,2;0,0;0,0;0,1;0,0;1;0,0;0,0;0,0;0,0;0,0;5,1;0,0;0,0;0,0;0,0;0,0;0,0;0,0;0;0,0;0;0;1;0,0;23;1620
Mark Radoki;ST (C);24;0 € - 16K €;Regional Div. Bavaria;Germany;1,1;0,6;53%;0,0;16%;0;0,0;0,9;0,1;91%;21,1;0;0,1;1,2;0,6;0,2;0,8;1,4;0;24,1;0,4;4,2;0,9;1,1;4;0,1;2,7;0,0;0,1;0,4;9,8;0,2;10,6;0,0;0,7;2,5;0,0;0,7;16;0,0;24;3.36;4;0,2;0;1453
Leander Baar;D (C), DM, M (C);27;0 € - 22K €;Regional Div. North;Germany;3,0;12,2;20%;0,1;0%;0;0,0;0,6;0,1;86%;9,8;0;0,6;4,2;1,2;0,9;0,1;0,1;0;45,3;3,0;9,4;0,6;0,3;13;0,1;0,3;0,1;0,1;0,0;12,1;0,1;3,9;0,1;0,2;2,4;0,0;0,2;66;0,5;61;-1.34;17;0,1;0;1301
Michael Kleinschrodt;DM, M/AM (C);30;0 € - 35K €;Regional Div. Southwest;Germany;2,2;14,5;17%;0,0;0%;0;0,0;1,4;0,4;85%;6,4;0;1,3;4,3;1,2;0,9;0,1;0,1;0;48,2;5,9;9,2;1,4;0,1;13;0,2;0,4;0,0;0,9;0,0;11,3;0,0;3,7;0,4;0,4;2,1;0,5;0,4;50;0,6;56;-0.46;17;0,0;0;1327
Michael Ambrosius;D (RC), WB/M (R);29;0 € - 40K €;Regional Div. North;Germany;3,2;16,8;11%;0,1;0%;0;0,0;0,5;0,1;89%;3,4;0;1,3;2,1;0,8;0,4;0,1;0,0;0;45,7;2,9;3,2;0,6;0,1;8;0,0;0,4;0,6;0,6;0,0;9,7;0,1;5,2;0,1;0,1;3,5;0,2;0,1;33;0,4;68;-1.68;9;0,1;0;1828
Abdellatif El Mahaoui;ST (C);24;14K € - 45K €;Regional Div. Southwest;Germany;1,2;0,7;35%;0,0;10%;0;0,0;0,7;0,1;93%;21,8;0;0,2;1,1;0,4;0,2;0,6;0,7;0;23,5;0,4;3,1;0,7;0,8;3;0,0;1,9;0,0;0,2;0,2;9,5;0,2;8,7;0,0;0,3;1,7;0,0;0,3;0;0,0;20;0.5;4;0,2;0;1450
Luis Flörke;D (C);20;24K € - 250K €;Regional Div. West;Germany;2,9;11,0;20%;0,1;0%;0;0,0;0,3;0,0;91%;5,3;0;1,3;2,2;0,6;0,3;0,1;0,1;0;45,1;2,5;3,1;0,3;0,0;5;0,0;0,7;0,7;0,6;0,0;9,7;0,1;6,7;0,0;0,0;4,8;0,0;0,0;0;0,5;71;-1.84;5;0,1;0;1380
Collin Förster;D/AM (R);19;65K € - 230K €;Regional Div. Southwest;Germany;3,6;10,1;21%;0,1;0%;0;0,0;0,5;0,2;90%;18,5;0;0,5;5,5;1,7;1,1;0,4;0,4;0;50,6;6,3;14,7;0,5;0,5;19;0,4;1,7;0,7;0,3;0,0;11,8;0,2;5,8;0,1;3,3;4,4;0,1;3,3;10;0,5;76;-3.48;28;0,2;0;1509
Marcel Siebert;AM (C);17;35K € - 120K €;Regional Div. Bavaria;Germany;1,2;7,6;44%;0,1;19%;0;0,0;1,6;0,2;88%;19,9;0;0,6;4,3;1,1;0,7;0,5;0,4;0;43,7;1,9;6,9;1,6;1,1;12;0,3;0,9;0,0;0,2;0,2;11,6;0,1;4,4;0,1;1,4;1,3;0,2;1,4;24;0,0;29;1.43;15;0,1;0;1580
Kilian Zaruba;D (LC), DM;23;0 € - 80K €;Regional Div. Northeast;Germany;3,2;13,2;33%;0,1;33%;0;0,0;0,3;0,1;87%;4,8;0;1,3;2,2;0,8;0,3;0,0;0,1;0;46,7;2,2;2,6;0,3;0,0;6;0,0;0,2;0,7;0,5;0,1;9,5;0,0;7,1;0,0;0,0;5,6;0,1;0,0;0;1,3;78;0.23;9;0,0;0;1648
Dominik Peštić;D (C), DM, M (C);21;1K € - 12K €;Regional Div. Northeast;Germany;3,0;14,0;29%;0,1;14%;0;0,0;1,2;0,4;86%;4,4;0;1,2;5,6;1,4;1,2;0,3;0,1;0;46,2;5,1;9,8;1,2;0,1;18;0,1;0,5;0,1;0,1;0,1;11,8;0,0;3,0;0,1;0,3;2,2;0,1;0,3;20;0,6;73;0.3;21;0,0;0;1308
Yannick Müller;AM (C), ST (C);18;120K € - 425K €;Regional Div. North;Germany;0,3;1,9;58%;0,0;19%;0;0,0;1,2;0,1;92%;21,1;0;0,1;1,5;0,9;0,1;0,7;1,0;0;25,1;0,5;3,7;1,2;0,4;2;0,0;1,8;0,0;0,1;0,3;9,9;0,1;10,2;0,1;0,9;3,8;0,2;0,9;0;0,1;37;3.06;3;0,1;0;1318
Niclas Ben Edelmann;GK;22;0 € - 28K €;Regional Div. Northeast;Germany;0,0;2,7;0%;0,0;0%;72;-0,1;0,0;0,0;63%;7,0;-1.33;5,3;0,0;0,0;0,1;0,0;0,0;91;26,8;0,0;0,0;0,0;0,0;1;0,0;0,0;0,0;0,0;0,0;5,7;0,0;0,0;0,0;0,0;0,0;0,0;0,0;0;0,0;0;0;2;0,0;19;1399
David Mihajlović;DM, M/AM (C);28;0 € - 35K €;Regional Div. Bavaria;Germany;0,6;10,9;30%;0,0;10%;0;0,0;0,6;0,2;86%;15,0;0;0,1;1,4;0,4;0,0;0,3;0,1;0;12,3;1,2;0,9;0,6;0,0;1;0,0;0,5;0,0;0,0;0,0;1,8;0,0;0,2;0,1;0,1;0,2;0,3;0,1;50;0,0;80;0.27;1;0,0;0;1854
Christian Stabenau;D (L);23;0 € - 40K €;Regional Div. West;Germany;2,4;11,3;0%;0,1;0%;0;0,0;1,5;0,3;88%;18,8;0;1,3;4,4;1,5;1,2;0,0;0,0;0;53,3;5,9;9,7;1,5;1,1;18;0,3;0,1;1,0;0,6;0,0;10,6;0,0;4,6;0,1;2,7;2,6;0,1;2,7;10;0,5;57;-0.54;24;0,0;0;1343
Elisio Widmann;AM (RL);21;18K € - 190K €;Regional Div. Northeast;Germany;2,3;4,1;35%;0,0;10%;0;0,0;1,5;0,0;89%;20,6;0;0,6;9,0;1,9;1,0;0,4;0,6;0;40,8;3,2;13,4;1,5;4,4;12;1,6;1,7;0,0;0,7;0,2;12,1;0,2;5,7;0,1;7,1;1,2;0,0;7,1;22;0,0;21;-0.64;16;0,2;0;1053
Felix Vater;D (C);18;45K € - 475K €;Regional Div. Bavaria;Germany;2,9;11,4;27%;0,1;9%;0;0,0;0,2;0,1;89%;5,5;0;0,8;1,9;0,6;0,3;0,1;0,2;0;53,1;3,0;3,2;0,2;0,0;4;0,0;0,7;0,3;0,4;0,1;9,5;0,1;6,2;0,0;0,0;3,9;0,0;0,0;0;0,7;63;-0.23;6;0,1;0;1387
Noah Förster;D (C);20;500 € - 4K €;Regional Div. West;Germany;3,2;11,6;25%;0,1;0%;0;0,0;0,3;0,0;89%;4,3;0;1,6;3,0;0,9;0,7;0,3;0,1;0;48,9;2,6;3,2;0,3;0,0;8;0,0;0,4;0,4;0,8;0,0;9,2;0,0;7,5;0,0;0,0;5,1;0,0;0,0;0;1,1;67;-0.19;8;0,0;0;1027
Pascal Manitz;GK;20;0 € - 90K €;Regional Div. North;Germany;0,0;2,2;0%;0,0;0%;65;-0,1;0,0;0,0;69%;7,3;-1.95;6,1;0,0;0,0;0,0;0,0;0,0;87;25,8;0,0;0,0;0,0;0,0;0;0,0;0,0;0,0;0,0;0,0;4,6;0,0;0,0;0,0;0,0;0,0;0,0;0,0;0;0,0;0;0;2;0,0;30;1809
Timo Meixner;M (L), AM (RL);24;9K €;Regional Div. Bavaria;Germany;1,7;4,6;39%;0,0;14%;0;0,0;1,5;0,3;89%;20,3;0;0,6;8,5;2,2;1,2;0,5;0,5;0;44,3;3,1;12,1;1,5;3,8;24;0,5;1,4;0,0;0,3;0,2;11,9;0,2;5,1;0,1;4,3;0,8;0,0;4,3;12;0,0;15;0.17;30;0,2;0;1833
Nicolas Westerhoff;DM, M/AM (C);23;1,5K € - 14K €;Regional Div. West;Germany;0,0;10,0;27%;0,0;9%;0;0,0;0,3;0,3;0%;15,7;0;0,0;0,0;0,0;0,0;0,3;0,3;0;0,0;0,0;0,0;0,3;0,0;0;0,0;0,9;0,0;0,0;0,1;0,0;0,1;0,0;0,2;0,0;0,0;0,3;0,0;0;0,0;0;0.01;0;0,1;0;1051
Maximilian Dolinski;D (C);22;2K € - 20K €;Regional Div. Bavaria;Germany;3,3;10,6;0%;0,1;0%;0;0,0;0,2;0,0;88%;4,8;0;0,7;1,9;0,6;0,3;0,1;0,0;0;46,0;2,4;2,4;0,2;0,0;5;0,0;0,3;1,3;0,4;0,0;9,3;0,0;6,4;0,0;0,0;4,5;0,0;0,0;0;0,7;71;-0.49;5;0,0;0;1592
Robin Hilger;ST (C);30;1,5K € - 12K €;Regional Div. West;Germany;0,8;1,0;54%;0,0;23%;0;0,0;0,6;0,0;90%;22,4;0;0,2;1,4;0,6;0,3;0,6;1,0;0;23,4;0,3;3,2;0,6;0,9;6;0,1;1,8;0,0;0,1;0,4;9,5;0,2;9,6;0,0;0,4;1,9;0,1;0,4;14;0,1;19;4.44;7;0,2;0;1788
Leon Heinze;D/WB/M (R);26;0 € - 110K €;Regional Div. Bavaria;Germany;2,9;8,4;25%;0,1;25%;0;0,0;2,0;0,2;84%;16,8;0;1,3;7,1;2,2;1,7;0,0;0,0;0;47,1;5,3;19,5;2,0;1,1;41;1,0;0,2;0,0;0,4;0,0;12,6;0,0;2,9;0,1;7,9;1,4;0,1;8,6;11;0,3;47;0.65;49;0,0;0;2220
Christian Stark;M (L), AM (RL), ST (C);27;0 € - 12K €;Regional Div. North;Germany;1,3;2,4;32%;0,0;8%;0;0,0;1,7;0,0;90%;17,4;0;0,6;7,5;2,1;1,3;0,7;0,6;0;42,8;3,1;12,3;1,7;3,5;27;0,7;1,9;0,0;0,3;0,1;11,8;0,2;5,2;0,1;4,9;1,8;0,0;4,9;15;0,0;35;-2.03;31;0,2;0;1826
Manuel Schiebener;D (R), DM, M (C);31;0 € - 28K €;Regional Div. West;Germany;2,4;10,1;13%;0,0;0%;0;0,0;0,4;0,3;84%;9,2;0;0,9;3,4;0,9;0,3;0,3;0,1;0;42,0;2,3;8,3;0,4;0,1;7;0,0;0,7;0,2;0,5;0,0;10,5;0,1;2,3;0,1;0,1;1,6;0,1;0,1;0;0,1;68;-1.97;12;0,1;0;1807
Amney Moutassime;AM (L);21;0 € - 26K €;Regional Div. Southwest;Germany;1,7;1,9;13%;0,0;7%;0;0,0;1,6;0,2;88%;23,0;0;0,5;7,7;2,2;1,5;0,2;0,1;0;44,5;2,8;10,9;1,6;4,0;26;0,8;0,9;0,0;0,4;0,1;12,1;0,2;5,5;0,1;3,8;2,0;0,1;3,9;20;0,1;36;-1.6;27;0,2;0;1546
Tarik Reinhard;DM, M/AM (C);28;12K € - 40K €;Regional Div. North;Germany;3,7;9,8;17%;0,0;8%;0;0,0;0,8;0,2;90%;6,6;0;0,8;5,8;1,1;0,5;0,1;0,1;0;47,2;5,4;8,8;0,8;0,3;10;0,0;0,6;0,3;0,6;0,1;11,3;0,1;3,1;0,0;0,3;1,6;0,0;0,3;0;0,2;52;-0.72;16;0,1;0;1762
Emmanuel Appiah;AM (R), ST (C);21;0 € - 65K €;Regional Div. North;Germany;1,1;1,1;61%;0,1;19%;0;0,0;0,7;0,2;91%;18,9;0;0,2;1,9;0,6;0,0;0,4;1,1;0;27,8;0,4;3,4;0,7;0,8;0;0,0;1,7;0,0;0,0;0,3;9,5;0,2;9,1;0,0;0,1;2,3;0,1;0,1;0;0,0;25;1.54;4;0,2;0;1620
Sven Reimann;D (C), DM, M (C);31;0 € - 35K €;Regional Div. Northeast;Germany;2,9;15,0;18%;0,2;0%;0;0,0;1,0;0,5;89%;6,6;0;1,2;3,9;1,2;0,8;0,1;0,1;0;52,7;5,6;9,5;1,8;0,1;15;0,1;0,6;0,4;0,5;0,0;11,6;0,1;3,5;0,2;0,1;2,3;0,2;0,4;14;0,6;65;-1.72;20;0,1;0;1599
Paul Bellmann;D (C), DM;20;45K € - 160K €;Regional Div. North;Germany;2,6;11,6;33%;0,0;11%;0;0,0;0,3;0,0;91%;3,9;0;1,3;2,4;0,9;0,5;0,2;0,2;0;49,4;2,8;3,2;0,3;0,0;8;0,0;0,6;1,1;0,4;0,1;9,8;0,0;6,9;0,1;0,0;3,7;0,1;0,0;0;1,6;54;0.21;9;0,0;0;1443
Martin Sattler;M (R), AM (RC), ST (C);26;6K €;Regional Div. North;Germany;1,7;3,3;41%;0,0;15%;0;0,0;1,8;0,0;90%;20,2;0;0,7;7,3;1,6;0,9;0,7;0,8;0;41,0;3,6;12,8;1,8;4,7;19;1,4;1,9;0,0;0,5;0,3;11,6;0,3;3,1;0,1;7,3;0,7;0,1;7,3;19;0,0;22;0.42;27;0,3;0;1890
Evan Brown;AM (L);18;12K € - 110K €;Regional Div. Bavaria;Germany;1,3;3,4;42%;0,0;8%;0;0,0;1,9;0,1;87%;14,5;0;0,5;8,3;1,9;1,2;0,2;0,7;0;46,2;3,6;14,3;1,9;3,1;17;1,2;1,6;0,0;0,4;0,1;12,0;0,2;5,7;0,1;5,7;1,6;0,1;5,7;20;0,0;27;-0.7;19;0,2;0;1318
Dritan Maqkaj;M/AM (RL);21;1,5K € - 14K €;Regional Div. Southwest;Germany;2,2;2,9;26%;0,0;11%;0;0,0;1,1;0,2;90%;19,2;0;0,3;8,0;1,4;0,9;0,1;0,4;0;43,0;1,9;11,8;1,1;4,6;12;0,5;1,5;0,0;0,4;0,2;11,3;0,2;5,0;0,1;3,8;0,4;0,2;3,8;12;0,0;8;-0.03;16;0,2;0;1163
Erijon Shaqiri;AM (C), ST (C);23;0 € - 40K €;Regional Div. Southwest;Germany;0,8;3,3;34%;0,0;14%;0;0,0;0,9;0,1;91%;18,4;0;0,1;2,6;0,8;0,5;0,5;0,7;0;30,4;0,8;5,9;0,9;0,8;7;0,1;2,0;0,0;0,3;0,3;10,0;0,2;9,4;0,2;0,5;3,1;0,1;0,5;14;0,1;34;0.92;7;0,2;0;1318
Dhia Chihi;D (LC), WB (L);22;0 €;Regional Div. North;Germany;3,2;9,7;33%;0,2;0%;0;0,0;1,3;0,1;88%;15,5;0;1,0;5,2;1,6;1,5;0,0;0,1;0;52,9;5,8;10,8;1,3;0,3;25;0,3;0,2;0,5;0,4;0,0;11,2;0,1;4,9;0,0;2,3;3,2;0,1;2,3;13;0,8;66;-1.29;32;0,1;0;1478
Cherif Cissé;ST (C);19;0 € - 60K €;Regional Div. Bavaria;Germany;1,3;2,5;40%;0,0;10%;0;0,0;1,2;0,2;88%;15,3;0;0,2;1,9;0,6;0,2;1,4;1,5;0;27,1;0,8;4,5;1,2;0,3;2;0,4;3,8;0,0;0,1;0,4;10,1;0,4;10,5;0,1;0,9;4,2;0,1;0,9;41;0,1;40;0.03;5;0,4;0;1144
Arber Mrijaj;D (LC);24;0 € - 40K €;Regional Div. North;Germany;3,8;10,5;14%;0,2;0%;0;0,0;0,3;0,1;86%;6,7;0;1,2;3,4;1,2;0,6;0,2;0,1;0;48,4;3,5;5,2;0,3;0,1;12;0,1;0,4;0,5;0,9;0,0;10,3;0,0;5,9;0,0;0,6;4,1;0,0;0,6;9;0,9;69;-0.66;16;0,0;0;1714
Felix Junghan;GK;32;Not for Sale;Regional Div. Bavaria;Germany;0,2;4,4;0%;0,0;0%;76;0,2;0,1;0,0;65%;8,4;3.81;4,8;0,0;0,0;0,0;0,0;0,0;89;25,2;0,2;0,0;0,1;0,0;1;0,0;0,0;0,0;0,0;0,0;5,4;0,0;0,0;0,0;0,0;0,0;0,0;0,0;0;0,0;0;0;3;0,0;27;1825
Jonas Greppmeir;AM (RL), ST (C);26;0 € - 35K €;Regional Div. Bavaria;Germany;1,1;2,4;36%;0,0;19%;0;0,0;1,5;0,2;91%;13,8;0;0,3;2,6;0,7;0,3;0,5;0,8;0;32,3;1,6;5,7;1,5;1,5;6;0,5;2,1;0,1;0,2;0,4;9,4;0,4;8,8;0,1;2,0;3,0;0,1;2,1;21;0,1;34;0.88;6;0,4;0;1789
Maximilian Kohlert;D (C);20;1K € - 8K €;Regional Div. Bavaria;Germany;3,4;8,8;25%;0,1;13%;0;0,0;0,2;0,0;89%;4,7;0;1,3;2,1;0,7;0,3;0,1;0,1;0;48,5;2,2;2,6;0,2;0,0;7;0,0;0,4;0,8;0,7;0,0;9,2;0,0;6,9;0,0;0,0;5,0;0,0;0,0;0;1,3;73;0.38;9;0,0;0;1817
Samuel Pex;DM, M/AM (C);26;2,5K €;Regional Div. Bavaria;Germany;0,8;9,5;38%;0,0;6%;0;0,0;0,4;0,4;87%;15,1;0;0,1;2,2;0,4;0,1;0,3;0,3;0;19,0;2,0;3,1;0,4;0,1;2;0,0;0,7;0,0;0,1;0,0;4,1;0,1;0,6;0,2;0,0;0,3;0,1;0,0;100;0,0;50;-0.95;3;0,1;0;1930
Michael Luyambula;GK;26;0 € - 28K €;Regional Div. West;Germany;0,0;3,5;0%;0,0;0%;63;-0,1;0,0;0,0;72%;9,6;-2.19;3,1;0,0;0,0;0,0;0,0;0,0;87;26,2;0,0;0,0;0,0;0,0;0;0,0;0,0;0,0;0,0;0,0;4,8;0,0;0,0;0,0;0,0;0,0;0,0;0,0;0;0,0;0;0;3;0,0;30;1800
Marco Luburić;M/AM (R);27;0 € - 20K €;Regional Div. Bavaria;Germany;1,9;4,4;38%;0,0;13%;0;0,0;1,6;0,3;88%;20,7;0;0,6;8,8;1,5;1,1;0,7;0,5;0;39,7;3,8;12,7;1,6;5,1;14;1,4;1,2;0,2;0,4;0,2;12,2;0,1;4,0;0,2;7,6;0,8;0,1;7,8;18;0,0;19;1;16;0,1;0;1189
Arion Erbe;DM, M (C);24;5K €;Regional Div. Southwest;Germany;3,2;14,3;0%;0,0;0%;0;0,0;0,5;0,1;89%;6,4;0;1,1;4,5;1,3;0,8;0,0;0,0;0;59,7;2,9;8,1;0,5;0,1;10;0,0;0,2;0,2;0,6;0,0;11,0;0,0;3,3;0,1;0,1;2,2;0,2;0,1;0;0,6;67;-0.23;13;0,0;0;1061
Manuel Brendel;AM (L), ST (C);26;35K € - 120K €;Regional Div. North;Germany;0,7;1,4;53%;0,0;20%;0;0,0;0,9;0,1;93%;19,2;0;0,2;1,6;0,7;0,2;0,8;1,1;0;24,3;0,4;5,3;0,9;0,6;5;0,0;2,1;0,0;0,0;0,4;9,6;0,2;10,3;0,1;0,6;2,6;0,1;0,6;0;0,2;25;4.85;8;0,2;0;1927
Daniel Monga;D (C), DM, M (C);25;1K € - 12K €;Regional Div. Southwest;Germany;2,5;14,2;0%;0,1;0%;0;0,0;0,5;0,2;94%;3,5;0;1,3;3,0;1,3;0,7;0,0;0,0;0;46,3;3,8;4,2;0,5;0,0;8;0,0;0,4;0,3;0,7;0,0;9,8;0,1;6,8;0,0;0,0;5,9;0,2;0,0;0;1,1;87;-0.63;8;0,1;0;1095
Nico Müller;D (C);17;110K € - 375K €;Regional Div. Bavaria;Germany;3,4;10,6;0%;0,1;0%;0;0,0;0,1;0,0;92%;5,4;0;1,2;3,2;0,7;0,2;0,2;0,0;0;45,8;2,1;2,7;0,1;0,0;3;0,0;0,3;0,9;0,7;0,0;9,7;0,0;5,1;0,0;0,1;3,2;0,0;0,1;0;0,5;64;-0.34;5;0,0;0;1086
Bastian Kurz;M (RL), AM (LC);29;1K € - 12K €;Regional Div. Bavaria;Germany;2,1;5,4;43%;0,0;9%;0;0,0;1,3;0,1;90%;17,6;0;0,5;8,9;2,1;1,1;0,2;0,5;0;45,1;3,1;11,8;1,3;3,3;23;1,1;1,1;0,0;0,4;0,1;11,9;0,1;5,5;0,2;5,0;0,9;0,2;5,2;22;0,1;17;-0.19;28;0,1;0;1804
Tobias Lermer;M (L), AM (RL);30;0 € - 45K €;Regional Div. Bavaria;Germany;2,0;2,6;28%;0,0;12%;0;0,0;1,7;0,3;90%;18,7;0;0,4;8,4;2,3;1,3;0,5;0,4;0;41,4;2,8;12,5;1,8;3,5;25;0,9;1,3;0,0;0,3;0,2;11,9;0,1;5,0;0,2;6,2;0,9;0,1;6,4;16;0,0;19;0.28;28;0,1;0;1707
Tristan Duschke;D (C), DM;28;0 € - 35K €;Regional Div. West;Germany;3,7;10,2;9%;0,1;0%;0;0,0;0,1;0,1;89%;3,8;0;1,0;2,2;0,7;0,4;0,1;0,1;0;48,0;2,4;3,2;0,1;0,0;6;0,1;0,7;0,4;0,6;0,0;9,9;0,1;5,8;0,0;0,1;4,4;0,0;0,1;100;0,3;77;-1.95;7;0,1;0;1405
Maximilian Reule;GK;31;0 € - 100K €;Regional Div. Southwest;Germany;0,0;4,1;0%;0,0;0%;67;0,3;0,0;0,0;57%;7,2;7.39;3,2;0,0;0,0;0,0;0,0;0,0;90;26,4;0,0;0,0;0,0;0,0;0;0,0;0,0;0,0;0,0;0,0;5,5;0,0;0,0;0,0;0,0;0,0;0,0;0,0;0;0,0;0;0;1;0,0;25;2190
Emanuel Mirchev;D (C), DM, M (C);23;12K € - 40K €;Regional Div. North;Germany;2,4;13,9;0%;0,1;0%;0;0,0;0,8;0,4;85%;7,0;0;0,9;6,3;1,8;0,9;0,2;0,0;0;52,4;3,4;8,9;0,8;0,2;16;0,1;0,4;0,6;0,3;0,0;11,5;0,0;3,7;0,2;0,5;1,9;0,2;0,5;22;0,7;51;-0.68;24;0,0;0;1526
Dominik Kasper;M (C), AM (RC), ST (C);21;22K € - 75K €;Regional Div. North;Germany;0,9;1,9;48%;0,0;17%;0;0,0;0,7;0,1;92%;20,6;0;0,3;0,9;0,4;0,1;0,4;0,9;0;27,0;0,4;4,3;0,7;1,3;2;0,2;1,8;0,0;0,1;0,3;9,0;0,2;10,5;0,1;0,4;3,5;0,1;0,4;42;0,1;33;1.5;3;0,2;0;1448
Falk Gross;DM, M/AM (C);21;30K € - 110K €;Regional Div. North;Germany;1,4;14,7;37%;0,0;11%;0;0,0;1,9;0,3;89%;17,6;0;0,4;3,2;0,8;0,4;0,5;0,6;0;44,5;2,4;6,8;1,9;1,1;6;0,2;1,7;0,0;0,1;0,2;11,7;0,1;3,4;0,1;1,0;0,6;0,2;1,0;20;0,0;19;0.83;11;0,1;0;1400
Anton Rücker;D (RC), DM, M (C);24;1,5K € - 16K €;Regional Div. Northeast;Germany;2,3;10,7;40%;0,1;10%;0;0,0;1,0;0,3;87%;9,9;0;1,1;4,9;1,5;1,0;0,4;0,3;0;46,9;4,1;9,8;1,0;0,4;13;0,0;0,7;0,1;0,4;0,1;10,7;0,0;4,0;0,1;0,4;2,9;0,3;0,4;0;0,5;74;0.41;18;0,0;0;1221
Nicola Della Schiava;D (RLC);28;1K € - 10K €;Regional Div. Bavaria;Germany;2,2;10,9;7%;0,0;0%;0;0,0;0,9;0,1;87%;14,2;0;0,9;4,1;1,2;0,8;0,2;0,1;0;50,8;6,3;10,0;0,9;0,8;13;0,1;0,8;0,4;0,4;0,0;10,5;0,1;4,6;0,0;2,2;3,0;0,1;2,2;5;0,4;65;-1.53;19;0,1;0;1531
Peer Mahncke;D (C), DM, M (C);23;0 € - 40K €;Regional Div. North;Germany;3,7;13,9;29%;0,1;14%;0;0,0;0,0;0,2;88%;4,3;0;1,0;2,6;0,6;0,4;0,1;0,2;0;44,1;2,2;3,6;0,0;0,0;5;0,0;0,6;0,5;0,7;0,1;9,8;0,1;6,3;0,0;0,1;4,4;0,0;0,1;0;1,8;70;-0.03;5;0,1;0;1124
Vincent Zaruba;D (C), DM;21;0 € - 18K €;Regional Div. Northeast;Germany;3,5;12,9;0%;0,1;0%;0;0,0;0,1;0,2;89%;4,3;0;1,0;2,3;0,9;0,5;0,1;0,0;0;44,7;2,6;3,7;0,1;0,0;7;0,0;0,4;0,9;0,3;0,0;9,4;0,1;5,9;0,0;0,0;4,7;0,0;0,0;0;0,5;79;-0.79;9;0,1;0;1161
Marcel Brinkmann;GK;20;0 € - 24K €;Regional Div. Bavaria;Germany;0,3;3,3;0%;0,0;0%;71;0,1;0,1;0,0;68%;7,7;1.59;5,6;0,0;0,0;0,0;0,0;0,0;84;23,9;0,2;0,1;0,1;0,0;0;0,0;0,0;0,0;0,0;0,0;5,6;0,0;0,0;0,0;0,0;0,0;0,0;0,0;0;0,0;0;0;1;0,0;19;1667
Ware Pakia;AM (RL), ST (C);23;2K € - 22K €;Regional Div. North;Germany;0,8;2,6;50%;0,0;13%;0;0,0;0,8;0,3;90%;18,7;0;0,2;3,9;0,7;0,0;0,8;1,4;0;27,4;0,9;4,9;0,8;0,9;0;0,6;2,9;0,0;0,1;0,4;10,2;0,3;9,8;0,2;1,8;3,1;0,0;1,8;35;0,1;31;-0.67;2;0,4;0;1002
Vojtěch Mareš;D (LC);26;0 € - 28K €;Regional Div. Bavaria;Germany;4,2;11,4;19%;0,1;6%;0;0,0;0,3;0,1;80%;4,9;0;1,1;2,4;0,7;0,4;0,3;0,1;0;50,9;3,1;3,0;0,3;0,0;9;0,0;0,7;0,5;0,4;0,0;9,7;0,1;6,9;0,1;0,0;4,7;0,1;0,1;0;1,2;68;-0.62;11;0,1;0;1982
Denis Latifović;DM, M (LC), AM (C);27;1K € - 12K €;Regional Div. Southwest;Germany;2,3;8,8;20%;0,0;0%;0;0,0;0,8;0,2;89%;9,2;0;1,2;5,0;1,3;0,4;0,5;0,2;0;44,1;3,7;9,9;0,8;0,2;4;0,0;0,9;0,0;0,5;0,0;11,6;0,0;1,1;0,1;0,0;0,4;0,1;0,0;0;0,1;33;-0.46;8;0,0;0;1015
Johannes Sabah;D (C), DM;28;1K € - 10K €;Regional Div. North;Germany;3,8;12,2;17%;0,1;0%;0;0,0;0,2;0,1;84%;4,0;0;0,8;2,3;0,7;0,3;0,1;0,1;0;48,1;2,5;2,4;0,2;0,0;6;0,0;0,3;1,3;0,4;0,0;9,7;0,0;7,6;0,0;0,0;5,1;0,0;0,0;0;1,3;67;-0.94;9;0,0;0;1717
Mustafa Fatiras;D (C);26;12K € - 45K €;Regional Div. Bavaria;Germany;3,3;12,8;30%;0,2;10%;0;0,0;0,3;0,1;84%;6,0;0;1,0;2,6;0,8;0,5;0,2;0,2;0;49,0;2,4;2,4;0,3;0,0;10;0,0;0,5;0,5;0,6;0,1;9,7;0,0;7,6;0,0;0,1;5,6;0,0;0,1;0;1,0;74;0.34;13;0,0;0;1673
Moritz Onken;GK;22;9K € - 35K €;Regional Div. North;Germany;0,0;2,9;0%;0,0;0%;69;0,2;0,1;0,0;70%;7,2;2.78;4,8;0,0;0,0;0,0;0,0;0,0;88;26,3;0,0;0,0;0,1;0,0;0;0,0;0,0;0,0;0,0;0,0;5,3;0,0;0,0;0,0;0,0;0,0;0,0;0,0;0;0,0;0;0;1;0,0;20;1422
Ole Hoch;DM, M/AM (C);23;0 € - 40K €;Regional Div. Northeast;Germany;0,0;11,9;29%;0,0;14%;0;0,0;0,1;0,2;0%;14,6;0;0,0;0,0;0,0;0,0;0,3;0,1;0;0,0;0,0;0,0;0,1;0,0;0;0,0;0,5;0,0;0,0;0,1;0,0;0,0;0,0;0,1;0,0;0,0;0,1;0,0;0;0,0;0;0.41;0;0,0;0;1365
Cenk Durgun;DM, M (C);33;0 € - 10K €;Regional Div. West;Germany;2,8;8,5;29%;0,0;0%;0;0,0;0,4;0,1;89%;8,8;0;0,7;5,5;1,4;0,9;0,0;0,1;0;45,6;2,7;9,4;0,4;0,1;12;0,1;0,5;0,1;0,4;0,0;11,7;0,1;3,4;0,1;0,2;1,9;0,0;0,2;33;0,4;58;-0.7;14;0,1;0;1200
Jakob Gräser;DM, M/AM (C);26;0 € - 16K €;Regional Div. Bavaria;Germany;0,3;12,4;18%;0,1;0%;0;0,0;0,7;0,2;87%;15,6;0;0,3;1,0;0,3;0,4;0,5;0,2;0;11,7;1,5;1,6;0,7;0,1;7;0,0;0,9;0,0;0,0;0,0;1,9;0,1;0,8;0,2;0,0;0,6;0,3;0,0;0;0,3;79;-1.26;7;0,1;0;1675
Kevin Jackmuth;GK;31;9K € - 30K €;Regional Div. West;Germany;0,0;2,3;0%;0,0;0%;66;0,1;0,0;0,0;71%;7,8;1.28;5,1;0,0;0,0;0,0;0,0;0,0;87;25,6;0,0;0,0;0,2;0,0;0;0,0;0,0;0,0;0,0;0,0;4,6;0,0;0,0;0,0;0,0;0,0;0,0;0,0;0;0,0;0;0;3;0,0;28;2100
Lennard Stockinger;D (LC), WB/M (L);20;0 € - 45K €;Regional Div. Bavaria;Germany;3,7;9,5;29%;0,0;0%;0;0,0;0,9;0,1;86%;15,8;0;0,8;5,7;1,3;1,2;0,0;0,1;0;57,0;6,6;13,8;0,9;0,5;28;0,4;0,3;0,4;0,5;0,0;11,6;0,0;5,1;0,0;2,7;3,2;0,0;2,7;14;0,7;63;-0.87;36;0,0;0;2044
Mikail Özkan;D (LC);22;4K € - 14K €;Regional Div. West;Germany;2,6;14,5;20%;0,1;0%;0;0,0;0,3;0,1;88%;3,9;0;1,6;2,3;0,9;0,5;0,1;0,1;0;43,4;1,9;2,6;0,3;0,0;8;0,0;0,3;0,9;1,0;0,0;9,2;0,0;6,3;0,0;0,1;4,2;0,0;0,1;0;0,9;67;-0.43;10;0,0;0;1368
Anton Ihde;ST (C);22;12K € - 45K €;Regional Div. North;Germany;0,9;1,2;56%;0,0;16%;0;0,0;0,5;0,0;89%;17,4;0;0,4;1,2;0,4;0,1;1,2;2,1;0;23,9;0,2;4,7;0,5;0,6;1;0,0;3,8;0,0;0,0;0,6;9,1;0,6;8,9;0,0;0,4;1,9;0,0;0,4;0;0,1;21;0.71;1;0,6;0;1011
Kilian Bielitza;D (C);20;0 € - 65K €;Regional Div. West;Germany;3,5;10,2;33%;0,0;33%;0;0,0;0,0;0,1;88%;7,0;0;0,5;2,2;0,7;0,2;0,2;0,1;0;50,1;1,8;2,5;0,0;0,0;3;0,0;0,2;0,3;0,7;0,1;10,0;0,0;7,3;0,0;0,0;5,2;0,0;0,0;0;2,1;71;0.84;3;0,0;0;1098
Darijan Silić;DM, M/AM (C);20;12K € - 40K €;Regional Div. Northeast;Germany;0,0;8,2;33%;0,0;17%;0;0,0;0,1;0,2;0%;21,1;0;0,0;0,0;0,0;0,0;0,2;0,1;0;0,0;0,0;0,0;0,1;0,0;0;0,0;0,3;0,0;0,0;0,1;0,0;0,0;0,0;0,1;0,0;0,0;0,1;0,0;0;0,0;0;0.19;0;0,0;0;1642
Marcel Wilke;D (RC), DM;36;0 €;Regional Div. Southwest;Germany;3,3;8,9;9%;0,2;0%;0;0,0;0,2;0,0;85%;6,2;0;1,3;2,8;1,0;0,4;0,0;0,0;0;47,6;1,9;2,9;0,2;0,0;9;0,0;0,5;1,0;0,6;0,0;9,7;0,1;7,2;0,0;0,1;5,3;0,0;0,1;0;1,7;74;-1.45;16;0,1;0;1844
Fabian Lutz;D (L);29;0 € - 45K €;Regional Div. Bavaria;Germany;4,1;11,0;33%;0,1;11%;0;0,0;1,3;0,1;82%;17,3;0;1,3;4,0;1,4;1,4;0,2;0,2;0;52,2;5,6;11,8;1,3;0,4;26;0,5;0,5;1,2;0,3;0,1;11,3;0,1;3,9;0,1;3,1;2,3;0,1;3,1;16;0,6;58;0.05;28;0,1;0;1704
Jef Tchouangue;M/AM (L);21;0 € - 14K €;Regional Div. North;Germany;1,3;3,3;27%;0,1;5%;0;0,0;1,7;0,2;90%;21,7;0;0,4;8,4;2,8;2,2;0,3;0,3;0;45,7;3,3;11,7;1,7;2,2;40;1,2;1,2;0,0;0,1;0,1;11,4;0,2;4,9;0,1;5,9;2,6;0,0;5,9;21;0,0;52;-2.23;45;0,2;0;1656
Jason Tomety-Hemazro;D/WB/M/AM (L);24;6K € - 22K €;Regional Div. Northeast;Germany;4,2;7,1;50%;0,1;0%;0;0,0;0,8;0,0;85%;17,9;0;1,0;4,5;1,0;1,2;0,1;0,1;0;54,4;6,5;9,8;0,8;0,9;24;0,5;0,1;0,1;0,8;0,0;11,0;0,0;3,0;0,0;3,5;2,0;0,1;3,5;13;0,3;67;-0.06;25;0,0;0;1742
Leon Gino Schmidt;M/AM (C), ST (C);24;5K €;Regional Div. North;Germany;1,6;8,4;27%;0,0;4%;0;0,0;2,0;0,1;90%;22,5;0;0,5;3,1;0,8;0,3;0,3;0,5;0;41,8;2,2;6,6;2,0;1,1;5;0,3;1,8;0,0;0,1;0,1;11,6;0,2;5,7;0,0;0,7;2,4;0,1;0,7;50;0,1;42;-2.26;7;0,2;0;1321
Simon Hoffmann;GK;19;0 € - 35K €;Regional Div. Bavaria;Germany;0,0;1,8;0%;0,0;0%;71;0,2;0,0;0,0;59%;11,4;3.32;5,0;0,0;0,0;0,0;0,0;0,0;84;26,5;0,0;0,0;0,0;0,0;0;0,0;0,0;0,0;0,0;0,0;5,3;0,0;0,0;0,0;0,0;0,0;0,0;0,0;0;0,0;0;0;1;0,0;15;1260
Sebastian Maier;GK;30;0 € - 60K €;Regional Div. Bavaria;Germany;0,1;3,1;0%;0,0;0%;63;-0,3;0,0;0,0;68%;8,7;-3.05;3,1;0,0;0,0;0,0;0,0;0,0;92;26,0;0,4;0,0;0,0;0,0;0;0,0;0,0;0,0;0,0;0,0;3,9;0,0;0,0;0,0;0,0;0,0;0,0;0,0;0;0,0;0;0;0;0,0;14;1007
Andreas Wagner;ST (C);30;0 € - 40K €;Regional Div. Bavaria;Germany;0,6;0,6;40%;0,0;17%;0;0,0;0,9;0,3;88%;19,9;0;0,1;1,2;0,5;0,2;0,8;0,9;0;23,9;0,6;3,6;0,9;0,4;4;0,1;2,4;0,0;0,0;0,4;10,1;0,3;11,1;0,1;0,5;3,5;0,1;0,5;18;0,0;32;2.4;8;0,3;0;1820
Johannis Zimmermann;D (C), DM;22;24K € - 85K €;Regional Div. Bavaria;Germany;4,0;12,7;0%;0,2;0%;0;0,0;0,3;0,0;84%;4,6;0;0,6;2,6;0,6;0,3;0,1;0,0;0;46,0;2,6;3,6;0,3;0,1;5;0,0;0,1;0,7;0,6;0,0;9,6;0,0;7,1;0,0;0,0;3,9;0,1;0,0;0;1,2;55;-0.05;9;0,0;0;1406
Lucas Camacho;WB/M/AM (L);23;2,5K € - 28K €;Regional Div. North;Germany;2,5;5,1;43%;0,0;13%;0;0,0;1,5;0,2;88%;16,4;0;0,8;7,3;2,0;1,3;0,3;0,5;0;45,0;3,3;9,4;1,7;3,1;26;1,1;1,2;0,0;0,5;0,2;11,1;0,2;5,7;0,2;5,1;1,1;0,3;5,5;19;0,0;19;-0.08;29;0,2;0;1785
Julius Grunwald;D (LC);20;0 € - 80K €;Regional Div. North;Germany;3,2;8,5;0%;0,0;0%;0;0,0;1,2;0,1;86%;13,2;0;1,6;5,3;1,9;1,5;0,0;0,0;0;54,4;6,2;10,4;1,2;0,3;32;0,1;0,2;0,0;0,4;0,0;11,2;0,0;5,5;0,1;2,8;4,1;0,0;2,8;5;0,7;74;-0.14;40;0,0;0;1883
Firas Romdhane;AM (RL), ST (C);23;0 €;Regional Div. West;Germany;1,3;2,1;33%;0,0;5%;0;0,0;2,2;0,2;91%;19,9;0;0,3;4,8;1,5;1,1;1,1;1,2;0;38,2;3,6;8,2;2,2;3,0;13;0,5;3,5;0,0;0,2;0,2;11,4;0,4;6,1;0,2;4,6;1,1;0,2;4,8;12;0,1;18;-2.47;13;0,4;0;1078
Rasmus Tobinski;AM (C), ST (C);27;0 € - 18K €;Regional Div. North;Germany;0,2;1,8;43%;0,0;7%;0;0,0;0,6;0,1;92%;20,6;0;0,0;2,0;0,8;0,2;0,7;1,4;0;24,6;0,3;3,9;0,6;0,4;3;0,4;3,2;0,0;0,2;0,2;9,6;0,4;8,7;0,1;0,8;1,6;0,1;1,1;35;0,0;19;-2.43;5;0,4;0;1165
Deniz Haimerl;D (C);22;0 € - 6K €;Regional Div. Southwest;Germany;2,9;10,2;11%;0,1;0%;0;0,0;0,3;0,0;85%;4,7;0;0,9;2,8;0,6;0,2;0,1;0,1;0;46,9;2,1;3,3;0,3;0,0;3;0,1;0,6;0,9;0,6;0,0;9,4;0,1;6,9;0,0;0,1;4,3;0,0;0,1;100;0,6;62;-1.5;4;0,1;0;1258
Tobias Dahncke;GK;22;0 €;Regional Div. North;Germany;0,0;2,3;0%;0,0;0%;60;-0,3;0,0;0,0;71%;8,9;-5.69;5,5;0,0;0,0;0,1;0,0;0,0;88;26,0;0,0;0,0;0,0;0,0;1;0,0;0,0;0,0;0,0;0,0;5,2;0,0;0,0;0,0;0,0;0,0;0,0;0,0;0;0,0;0;0;4;0,0;30;1800
Moritz Grosche;D (RC), WB/M (R);23;0 € - 75K €;Regional Div. North;Germany;3,6;9,5;17%;0,0;11%;0;0,0;0,1;0,0;87%;14,5;0;0,6;3,8;1,4;0,9;0,3;0,1;0;53,3;5,5;10,9;0,6;0,7;18;0,2;0,9;0,5;0,3;0,1;10,1;0,1;5,1;0,1;2,1;2,8;0,0;2,4;10;0,4;56;0.57;23;0,1;0;1849
Adrian Jarosch;D (RC);24;10K € - 35K €;Regional Div. Northeast;Germany;3,5;8,4;29%;0,2;14%;0;0,0;0,1;0,0;93%;5,2;0;1,1;2,6;1,0;0,5;0,2;0,2;0;47,3;2,0;3,7;0,1;0,0;6;0,0;0,5;0,9;0,7;0,1;10,3;0,0;6,7;0,0;0,2;4,1;0,0;0,2;0;0,7;61;0.41;10;0,0;0;1189
Henry Held;D/WB (L), DM, M (LC), AM (C);20;12K € - 40K €;Regional Div. Bavaria;Germany;2,1;8,6;24%;0,1;0%;0;0,0;1,0;0,3;88%;7,8;0;1,2;5,3;1,6;1,0;0,5;0,2;0;54,2;6,2;8,3;1,0;0,2;16;0,0;1,0;0,1;0,4;0,0;11,0;0,1;2,1;0,2;0,1;1,3;0,1;0,1;0;0,1;60;-2.39;22;0,1;0;1502
Joonas Frenzel;ST (C);19;55K € - 190K €;Regional Div. Northeast;Germany;0,8;1,1;44%;0,0;12%;0;0,0;0,9;0,2;90%;22,1;0;0,1;1,4;0,5;0,1;0,4;0,7;0;23,5;0,5;4,3;0,9;0,5;1;0,0;1,6;0,0;0,1;0,2;10,0;0,2;10,5;0,1;0,5;1,9;0,1;0,5;0;0,1;18;0.13;3;0,2;0;1366
Moritz Dittmann;D (LC), DM;24;0 € - 2K €;Regional Div. North;Germany;3,5;9,8;13%;0,1;0%;0;0,0;0,2;0,0;83%;4,3;0;0,9;1,9;0,6;0,4;0,3;0,1;0;48,2;1,8;2,8;0,2;0,0;5;0,0;0,6;0,2;0,9;0,0;9,0;0,1;7,8;0,0;0,1;5,8;0,0;0,1;0;1,6;75;-0.74;6;0,1;0;1140
Lukas Mrozek;D (C);22;0 € - 90K €;Regional Div. Bavaria;Germany;3,6;7,3;0%;0,1;0%;0;0,0;0,1;0,0;81%;6,8;0;1,2;2,3;0,6;0,4;0,1;0,0;0;49,8;2,0;2,8;0,1;0,0;8;0,0;0,3;0,4;0,7;0,0;9,4;0,0;6,4;0,0;0,0;3,7;0,0;0,0;0;0,8;58;-0.29;8;0,0;0;1709
Elmin Mekić;DM, M (C);21;14K € - 45K €;Regional Div. North;Germany;1,9;10,8;25%;0,0;13%;0;0,0;0,6;0,3;87%;7,6;0;0,7;4,9;1,5;1,1;0,1;0,1;0;48,5;3,3;8,1;0,6;0,1;19;0,1;0,5;0,0;0,1;0,1;10,3;0,0;1,6;0,1;0,3;0,9;0,1;0,3;20;0,1;57;0.39;23;0,0;0;1535
Samuel Weiß;AM (RLC);18;0 € - 90K €;Regional Div. Bavaria;Germany;1,1;7,3;47%;0,1;19%;0;0,0;1,5;0,3;94%;17,4;0;0,5;3,3;0,7;0,3;0,8;1,1;0;41,7;2,0;8,3;1,5;1,1;4;0,2;2,4;0,0;0,2;0,5;11,6;0,3;4,3;0,1;1,5;0,9;0,2;1,9;14;0,1;20;3.15;5;0,3;0;1359
Mikail Polat;DM, M/AM (C);22;2,5K € - 26K €;Regional Div. North;Germany;2,3;8,6;14%;0,1;0%;0;0,0;0,3;0,1;88%;8,8;0;1,1;4,2;1,0;1,0;0,2;0,1;0;60,4;2,4;8,1;0,3;0,1;17;0,0;0,8;0,0;0,6;0,0;11,0;0,1;2,9;0,1;0,0;1,4;0,0;0,0;0;0,1;50;-1.23;19;0,1;0;1559
Karim El Abed;D (LC);21;10K € - 35K €;Regional Div. Southwest;Germany;3,5;12,5;38%;0,1;0%;0;0,0;0,4;0,1;87%;8,4;0;0,6;3,6;0,9;0,6;0,2;0,3;0;49,8;4,0;5,8;0,4;0,3;12;0,2;0,7;0,3;0,2;0,0;10,5;0,1;6,2;0,0;0,8;4,1;0,0;0,8;18;0,8;66;-1.76;15;0,1;0;1719
Lucas Schraufstetter;D (L), DM, M (C);30;0 € - 28K €;Regional Div. Bavaria;Germany;2,3;13,8;33%;0,0;0%;0;0,0;0,8;0,2;87%;7,0;0;0,8;4,1;1,0;0,9;0,2;0,1;0;46,8;3,6;8,5;0,8;0,3;22;0,0;0,4;0,3;0,2;0,0;11,1;0,0;3,0;0,1;0,3;1,7;0,0;0,5;0;0,7;58;-0.83;26;0,0;0;2113
Bastian Fielsch;GK;30;1,5K € - 4,5K €;Regional Div. North;Germany;0,0;2,5;0%;0,0;0%;55;-0,5;0,0;0,0;69%;6,8;-9.57;4,1;0,0;0,0;0,0;0,0;0,0;87;27,3;0,0;0,0;0,3;0,0;0;0,0;0,0;0,0;0,0;0,0;4,8;0,0;0,0;0,0;0,0;0,0;0,0;0,0;0;0,0;0;0;2;0,0;37;1845
Nico Helbock;ST (C);20;0 € - 30K €;Regional Div. Bavaria;Germany;1,1;1,0;63%;0,0;31%;0;0,0;0,6;0,2;88%;19,3;0;0,5;0,7;0,1;0,0;0,4;1,3;0;27,1;0,5;3,9;0,6;0,8;0;0,0;2,1;0,0;0,1;0,7;9,8;0,3;11,1;0,0;0,2;1,9;0,1;0,2;0;0,0;17;5.27;0;0,3;0;1352
Erwin Ndombe;ST (C);20;0 € - 28K €;Regional Div. Bavaria;Germany;1,2;1,7;53%;0,0;28%;0;0,0;1,3;0,3;88%;18,1;0;0,2;1,0;0,5;0,3;0,8;1,3;0;26,8;1,0;3,5;1,3;0,5;4;0,1;2,5;0,0;0,0;0,7;9,5;0,2;9,4;0,1;0,5;3,5;0,1;0,5;14;0,0;37;6.04;8;0,2;0;1170
Michael Gorbunow;D (R), ST (C);27;0 € - 30K €;Regional Div. Bavaria;Germany;0,4;1,3;54%;0,0;14%;0;0,0;1,3;0,1;85%;25,0;0;0,2;1,5;0,9;0,1;0,7;0,9;0;25,6;0,4;4,0;1,3;0,3;1;0,2;1,7;0,0;0,0;0,2;10,1;0,2;11,2;0,1;0,5;3,8;0,0;0,5;44;0,2;34;0.7;2;0,2;0;1474
Justin Faltyn;D (C);20;0 € - 2K €;Regional Div. North;Germany;3,8;8,4;0%;0,1;0%;0;0,0;0,1;0,0;86%;4,6;0;0,7;2,8;1,0;0,1;0,1;0,0;0;48,6;2,3;2,4;0,1;0,0;1;0,0;0,1;1,1;0,1;0,0;9,3;0,0;7,5;0,0;0,0;4,8;0,0;0,0;0;1,5;63;-0.23;8;0,0;0;1211
Paul Wegner;D (R);20;4,5K € - 16K €;Regional Div. North;Germany;3,5;7,3;6%;0,1;0%;0;0,0;0,6;0,0;83%;17,5;0;1,3;3,7;1,5;1,3;0,3;0,1;0;53,7;5,7;11,4;0,6;0,3;19;0,5;1,1;0,3;0,5;0,0;10,5;0,1;5,6;0,0;2,3;3,1;0,0;4,9;16;0,4;54;-1.66;23;0,1;0;1355
Arno Schumacher;M/AM (C);20;1,5K € - 6K €;Regional Div. Southwest;Germany;0,1;5,1;60%;0,1;0%;0;0,0;0,2;0,3;95%;20,5;0;0,2;0,3;0,2;0,2;0,2;0,2;0;3,1;0,3;0,8;0,2;0,0;3;0,0;0,3;0,0;0,0;0,0;0,8;0,0;0,2;0,2;0,0;0,2;0,1;0,0;0;0,1;100;-0.27;3;0,0;0;1612
Iason Drobný;GK;19;0 € - 4,5K €;Regional Div. Bavaria;Germany;0,1;3,3;0%;0,0;0%;61;-0,3;0,1;0,0;72%;9,0;-4.86;3,7;0,0;0,0;0,0;0,0;0,0;89;24,5;0,2;0,0;0,1;0,0;0;0,0;0,0;0,0;0,0;0,0;4,5;0,0;0,0;0,0;0,0;0,0;0,0;0,0;0;0,0;0;0;2;0,0;19;1347
Korbinian Stütz;D (LC), DM;20;1,5K € - 6K €;Regional Div. Bavaria;Germany;2,4;9,4;17%;0,1;0%;0;0,0;0,6;0,1;90%;6,4;0;1,1;3,4;1,1;0,4;0,1;0,1;0;48,5;2,3;3,8;0,6;0,0;7;0,0;0,4;0,6;0,4;0,0;9,3;0,0;5,5;0,1;0,1;4,1;0,1;0,1;0;0,6;75;-0.54;10;0,0;0;1440
Ilirian Ropica;M/AM (L);18;0 €;Regional Div. Bavaria;Germany;2,4;3,0;67%;0,0;0%;0;0,0;1,7;0,4;88%;16,1;0;0,3;8,3;1,5;1,3;0,3;0,5;0;45,9;4,7;14,8;1,7;3,4;15;0,9;0,8;0,0;0,3;0,0;11,8;0,1;3,0;0,1;5,2;0,4;0,2;6,0;16;0,0;14;-1.19;16;0,1;0;1073
İlhan Altuntaş;D (RC);22;0 € - 20K €;Regional Div. North;Germany;2,5;9,5;0%;0,0;0%;0;0,0;0,3;0,1;88%;11,6;0;0,9;3,9;1,3;0,9;0,0;0,0;0;49,4;3,6;7,4;0,3;0,5;11;0,1;0,6;0,7;0,1;0,0;10,3;0,1;5,9;0,0;1,3;4,3;0,0;1,3;6;0,8;72;-1.6;14;0,1;0;1094
Ant Yel;AM (R);18;0 € - 12K €;Regional Div. North;Germany;1,8;2,0;50%;0,0;0%;0;0,0;1,2;0,1;88%;27,6;0;0,4;8,7;1,1;0,9;0,1;0,3;0;40,8;2,7;11,0;1,2;3,8;14;1,8;0,5;0,0;0,1;0,0;11,5;0,1;4,6;0,1;7,7;1,1;0,2;7,7;22;0,0;24;-0.89;15;0,1;0;1420
Minou Tsimba-Eggers;DM, M/AM (C);27;0 € - 1,5K €;Regional Div. North;Germany;1,2;10,3;25%;0,0;0%;0;0,0;0,1;0,1;87%;13,3;0;0,1;2,0;0,5;0,5;0,1;0,1;0;24,0;1,2;4,1;0,1;0,3;7;0,0;0,3;0,0;0,1;0,0;5,1;0,0;0,7;0,0;0,1;0,5;0,0;0,1;0;0,0;64;-0.44;8;0,0;0;1397
Tino Amberg;M/AM (L);25;0 €;Regional Div. North;Germany;1,4;3,2;44%;0,0;20%;0;0,0;1,6;0,3;90%;25,6;0;0,5;7,0;2,0;1,5;0,3;0,5;0;43,3;3,3;12,7;1,6;3,6;30;0,5;1,2;0,0;0,2;0,2;12,3;0,1;5,6;0,1;4,3;1,5;0,0;4,3;11;0,2;26;2.36;36;0,1;0;1834
Aurel Kuqanaj;D (C);21;0 € - 9K €;Regional Div. Bavaria;Germany;3,4;8,0;0%;0,1;0%;0;0,0;0,1;0,0;87%;5,1;0;1,1;2,5;0,9;0,4;0,1;0,0;0;47,9;2,1;2,5;0,1;0,0;6;0,0;0,4;1,0;0,4;0,0;9,1;0,0;6,7;0,0;0,1;4,8;0,0;0,1;0;0,9;71;-0.58;7;0,0;0;1321
