Player;Position;Age;Transfer Value;Division;Based In;Interceptions per 90;Possession Won per 90;Shots on Target Percentage;Key Tackles per 90;Conv %;Save Percentage;xGP/90;Open Play Key Passes per 90;Chances Created per 90;Pass Completion Percentage;Possession Lost per 90;xGP;Clearances per 90;Pres A/90;Pres C/90;Tackles Completed per 90;Shots From Outside The Box Per 90 minutes;Shots on Target per 90;Expected Save Percentage;Passes Attempted per 90;Progressive Passes per 90;Sprints/90;Key Passes per 90;Dribbles per 90;Tackled Completed;Open Play Crosses Completed per 90;Shot/90;Shts Blckd/90;Blk/90;Goals per 90 minutes;Dist/90;NP-xG/90;Headers Attempted per 90;xA/90;Open Play Crosses Attempted per 90;Headers Won per 90;Asts/90;Crosses Attempted per 90;Crosses Completed Ratio;Key Headers per 90;Headers Won Percentage;xG-OP;Tackles Attempted;xG/90;Goals Conceded;Minutes
Agustín Bravo;D (LC);27;Unknown;Premier Division;Argentina;2.4;17.9;14%;0.1;0%;0;0.0;0.3;0.0;93%;3.0;0;1.1;2.4;1.0;0.4;0.3;0.0;0;38.8;1.5;4.0;0.3;0.0;10;0.0;0.3;0.4;0.6;0.0;10.1;0.0;5.7;0.0;0.0;4.0;0.1;0.0;0;0.9;71;-0.45;11;0.0;0;2046
Alexander Díaz;AM (RL), ST (C);28;Unknown;Premier Division;Argentina;1.8;3.4;52%;0.0;14%;0;0.0;1.5;0.2;88%;19.8;0;0.2;8.0;2.4;1.7;0.6;1.0;0;39.2;2.6;10.6;1.7;2.5;19;0.2;1.8;0.0;0.4;0.3;10.3;0.2;5.9;0.1;2.4;2.5;0.1;2.4;7;0.2;43;1.16;25;0.2;0;1031
Esteban Glellel;GK;29;Unknown;Premier Division;Argentina;0.0;5.0;0%;0.0;0%;75;0.0;0.0;0.0;78%;6.9;0.56;4.6;0.0;0.0;0.1;0.0;0.0;90;24.2;0.0;0.0;0.0;0.0;1;0.0;0.0;0.0;0.0;0.0;5.7;0.0;0.0;0.0;0.0;0.0;0.0;0.0;0;0.0;0;0;2;0.0;18;1255
Patricio Ostachuk;D (RC);28;Unknown;Premier Division;Argentina;3.8;12.3;25%;0.2;0%;0;0.0;0.3;0.2;89%;7.7;0;1.3;4.7;1.2;0.6;0.2;0.1;0;44.8;3.3;7.1;0.3;0.2;7;0.2;0.3;0.6;0.9;0.0;10.6;0.0;5.0;0.0;0.6;3.6;0.0;0.6;25;0.6;71;-0.48;12;0.0;0;1125
Thomas Ortega;D/WB (L), DM, M (LC);27;Unknown;Premier Division;Argentina;2.8;12.6;33%;0.1;0%;0;0.0;1.0;0.3;88%;8.6;0;1.3;6.8;1.3;1.1;0.0;0.1;0;54.7;5.8;14.4;1.4;1.1;16;0.2;0.4;0.3;0.9;0.0;11.6;0.0;2.5;0.1;1.0;1.1;0.0;1.1;18;0.2;43;-0.42;25;0.0;0;1346
Jano Coronel;AM (RL), ST (C);24;Unknown;Premier Division;Argentina;0.9;2.8;34%;0.0;3%;0;0.0;0.9;0.4;88%;17.7;0;0.3;1.3;0.4;0.1;0.7;0.7;0;26.2;0.5;6.6;0.9;1.0;2;0.0;2.1;0.0;0.1;0.1;11.3;0.2;7.3;0.2;0.1;1.3;0.2;0.2;0;0.0;18;-2.1;3;0.2;0;1252
Antony Alonso;M/AM (C), ST (C);30;Unknown;Premier Division;Argentina;0.4;1.9;43%;0.0;11%;0;0.0;1.5;0.1;90%;23.8;0;0.1;2.7;1.2;0.4;1.0;1.3;0;26.2;1.3;5.0;1.5;0.5;5;0.4;3.0;0.0;0.0;0.3;10.0;0.5;8.8;0.0;0.8;3.9;0.1;0.8;55;0.0;44;-1.24;5;0.5;0;1038
Federico Losas;GK;26;Unknown;Premier Division;Argentina;0.0;2.5;0%;0.0;0%;64;-0.2;0.1;0.0;74%;8.4;-3.17;2.8;0.0;0.0;0.1;0.0;0.0;86;25.1;0.0;0.0;0.1;0.0;1;0.0;0.0;0.0;0.0;0.0;4.9;0.0;0.0;0.0;0.0;0.0;0.0;0.0;0;0.0;0;0;2;0.0;28;1440
Alejandro Cabrera;DM, M (C);35;Unknown;Premier Division;Argentina;3.2;9.6;100%;0.2;0%;0;0.0;1.0;0.6;93%;8.9;0;1.3;5.3;2.1;1.1;0.1;0.2;0;51.7;5.9;11.3;1.0;0.0;14;0.1;0.2;0.4;0.7;0.0;12.2;0.0;2.8;0.2;0.2;2.1;0.1;0.2;33;0.4;74;-0.21;24;0.0;0;1121
Ismael Cortez;D/WB (R);27;Unknown;Premier Division;Argentina;3.1;11.4;0%;0.1;0%;0;0.0;0.8;0.1;91%;15.5;0;1.3;8.2;1.9;1.4;0.2;0.0;0;53.2;7.4;16.8;0.8;0.8;22;0.1;0.6;0.6;0.6;0.0;11.8;0.0;4.2;0.0;1.8;3.1;0.0;1.8;7;0.4;75;-0.73;32;0.0;0;1402
Nicolás Garayalde;DM, M (C);28;Unknown;Premier Division;Argentina;0.2;11.9;40%;0.0;0%;0;0.0;0.3;0.2;82%;14.3;0;0.0;0.8;0.2;0.2;0.2;0.3;0;7.9;1.1;1.5;0.3;0.1;2;0.0;0.8;0.1;0.0;0.0;1.7;0.2;0.3;0.1;0.0;0.0;0.3;0.4;20;0.0;0;-3.28;3;0.3;0;1178
Matías Muñoz;D (C), DM;32;Unknown;Premier Division;Argentina;2.9;11.4;33%;0.0;0%;0;0.0;0.8;0.0;89%;7.6;0;1.1;6.3;1.6;1.0;0.0;0.1;0;52.8;3.7;11.6;0.8;0.2;13;0.2;0.2;0.4;0.5;0.0;11.4;0.0;3.0;0.1;0.2;1.3;0.3;0.2;66;0.5;44;-0.15;22;0.0;0;1183
Alan Barrionuevo;D (C);31;Not for Sale;Premier Division;Argentina;2.3;13.1;27%;0.1;0%;0;0.0;0.1;0.0;90%;3.8;0;1.4;3.5;1.2;0.6;0.1;0.1;0;40.3;2.4;4.2;0.1;0.0;13;0.0;0.5;0.6;0.6;0.0;10.2;0.1;5.0;0.0;0.0;4.0;0.0;0.0;0;1.1;80;-2.07;17;0.1;0;1926
Gonzalo Mottes;D (C);30;Unknown;Premier Division;Argentina;2.4;12.8;50%;0.1;0%;0;0.0;0.4;0.1;92%;3.6;0;1.4;1.8;0.6;0.1;0.1;0.1;0;42.1;2.1;4.4;0.4;0.0;2;0.0;0.1;0.6;1.0;0.0;10.3;0.0;5.9;0.0;0.1;4.2;0.0;0.1;0;1.0;71;-0.08;7;0.0;0;1440
Giuliano Cerato;D/WB (R);29;Unknown;Premier Division;Argentina;3.2;9.1;27%;0.1;0%;0;0.0;1.0;0.3;86%;13.0;0;1.1;7.2;1.8;1.8;0.5;0.3;0;59.6;8.4;16.3;1.0;1.1;29;0.4;1.0;0.4;0.5;0.0;11.4;0.1;3.6;0.2;2.1;1.7;0.0;2.1;18;0.1;47;-1.28;37;0.1;0;1419
Manuel Roffo;GK;28;Unknown;Premier Division;Argentina;0.0;3.8;0%;0.0;0%;76;0.3;0.0;0.0;71%;6.9;4.41;3.5;0.0;0.0;0.0;0.0;0.0;86;23.3;0.0;0.0;0.0;0.0;0;0.0;0.0;0.0;0.0;0.0;5.1;0.0;0.0;0.0;0.0;0.0;0.0;0.0;0;0.0;0;0;4;0.0;18;1321
Facundo Miño;D (RC);28;Unknown;Premier Division;Argentina;3.1;12.4;25%;0.1;13%;0;0.0;0.2;0.0;88%;4.3;0;0.8;2.4;0.8;0.6;0.2;0.1;0;41.2;2.3;3.7;0.2;0.0;9;0.1;0.6;1.2;0.6;0.1;9.4;0.0;5.5;0.0;0.1;4.5;0.1;0.5;28;1.2;82;0.29;10;0.0;0;1303
Oscar Salomón;D (C);29;Unknown;Premier Division;Argentina;2.2;13.4;29%;0.0;0%;0;0.0;0.2;0.0;90%;3.0;0;0.7;2.2;0.6;0.2;0.2;0.2;0;43.2;1.9;4.0;0.2;0.0;2;0.0;0.6;0.6;0.5;0.0;10.0;0.0;3.5;0.0;0.0;2.2;0.0;0.0;0;0.4;64;-0.52;3;0.0;0;1001
Leandro Ciccolini;M (R), AM (RL);33;Unknown;Premier Division;Argentina;2.4;3.7;29%;0.0;3%;0;0.0;2.0;0.2;91%;20.2;0;0.3;9.1;2.2;1.5;0.5;0.6;0;39.3;3.5;13.6;2.8;4.4;21;0.8;2.2;0.0;0.1;0.1;10.5;0.4;3.3;0.1;4.0;0.8;0.1;9.3;18;0.1;25;-4.91;30;0.4;0;1295
Imanol González;D (LC);30;Unknown;Premier Division;Argentina;3.5;14.8;25%;0.3;8%;0;0.0;0.3;0.1;82%;3.2;0;1.3;2.8;0.8;0.6;0.3;0.2;0;40.9;1.8;4.7;0.3;0.0;10;0.0;0.8;0.6;0.9;0.1;10.2;0.0;5.4;0.0;0.0;3.4;0.1;0.0;0;0.7;63;0.29;11;0.0;0;1412
Diego Mondino;D (C);33;Unknown;Premier Division;Argentina;1.9;11.8;33%;0.1;33%;0;0.0;0.1;0.1;90%;3.6;0;1.4;2.5;1.1;0.9;0.0;0.1;0;39.9;2.6;3.2;0.1;0.0;12;0.0;0.2;0.6;0.4;0.1;10.1;0.0;4.4;0.0;0.1;2.9;0.0;0.1;0;0.9;66;0.55;13;0.0;0;1260
Carlos Villalba;DM, M (C);29;Unknown;Premier Division;Argentina;3.0;11.7;50%;0.1;50%;0;0.0;0.8;0.2;91%;7.7;0;0.7;6.9;1.2;1.0;0.1;0.1;0;48.3;5.7;11.4;0.8;0.1;15;0.1;0.1;0.3;0.5;0.1;10.6;0.0;1.7;0.3;0.1;0.8;0.1;0.1;100;0.1;48;0.88;17;0.0;0;1332
Rafael Profini;D (C), DM;24;Unknown;Premier Division;Argentina;3.0;12.6;0%;0.3;0%;0;0.0;0.5;0.3;87%;6.0;0;1.0;6.1;1.0;1.1;0.4;0.0;0;52.9;4.0;12.1;0.5;0.0;12;0.0;1.3;0.1;0.7;0.0;11.6;0.1;1.4;0.2;0.0;1.0;0.2;0.0;0;0.0;69;-1.2;16;0.1;0;1013
Francisco Solé;DM, M (C);31;Not for Sale;Premier Division;Argentina;2.3;9.8;40%;0.1;20%;0;0.0;0.7;0.4;94%;9.7;0;0.4;4.5;1.4;1.2;0.1;0.1;0;43.2;5.6;8.9;0.7;0.1;16;0.0;0.4;0.2;0.5;0.1;8.8;0.1;1.4;0.2;0.1;0.7;0.1;1.0;7;0.0;53;0.17;17;0.1;0;1230
Giuliano Galoppo;M/AM (C), ST (C);28;€850K;Premier Division;Argentina;0.0;11.0;38%;0.0;8%;0;0.0;0.3;0.1;0%;11.8;0;0.0;0.0;0.0;0.0;0.2;0.4;0;0.0;0.0;0.0;0.6;0.0;0;0.0;1.1;0.0;0.0;0.1;0.0;0.1;0.0;0.1;0.0;0.0;0.3;0.0;0;0.0;0;-0.25;0;0.1;0;1047
Luciano Recalde;D (C);32;Not for Sale;Premier Division;Argentina;2.2;19.8;100%;0.3;0%;0;0.0;0.2;0.2;93%;3.1;0;1.4;3.2;1.4;0.9;0.0;0.1;0;43.3;3.1;3.4;0.2;0.1;15;0.1;0.1;0.8;0.7;0.0;9.2;0.0;6.1;0.1;0.2;4.3;0.1;0.2;25;0.8;70;-0.1;19;0.0;0;1530
Nicolás Barros Schelotto;DM, M (C);21;Unknown;Premier Division;Argentina;0.0;9.3;38%;0.0;10%;0;0.0;0.1;0.4;0%;11.9;0;0.0;0.0;0.0;0.0;0.6;0.4;0;0.0;0.0;0.0;0.3;0.0;0;0.0;1.2;0.0;0.0;0.1;0.0;0.1;0.0;0.2;0.0;0.0;0.1;4.8;18;0.0;0;-0.47;0;0.1;0;1608
Nahuel Brunet;D (LC);27;Unknown;Premier Division;Argentina;2.5;13.7;14%;0.0;0%;0;0.0;0.0;0.2;91%;3.0;0;1.0;2.3;0.7;0.4;0.1;0.0;0;41.5;1.4;4.1;0.0;0.0;10;0.0;0.3;1.1;0.5;0.0;10.1;0.0;3.9;0.1;0.0;2.7;0.0;0.0;0;0.6;69;-0.45;11;0.0;0;2070
Juan Pintado;D/WB (R);30;Unknown;Premier Division;Argentina;3.2;9.9;20%;0.1;0%;0;0.0;0.9;0.3;87%;14.1;0;1.1;7.6;2.1;1.9;0.1;0.1;0;50.9;6.7;15.9;1.1;0.9;30;0.4;0.3;0.6;0.4;0.0;11.2;0.0;2.9;0.3;1.8;1.6;0.1;4.7;18;0.2;54;-0.55;36;0.0;0;1448
César Pérez;DM, M (C);25;€210K - €2.1M;Premier Division;Argentina;0.0;12.0;42%;0.0;11%;0;0.0;0.3;0.2;0%;13.4;0;0.0;0.0;0.0;0.0;0.3;0.5;0;0.0;0.0;0.0;0.5;0.0;0;0.0;1.1;0.0;0.0;0.1;0.0;0.1;0.0;0.2;0.0;0.0;0.3;2.8;18;0.0;0;-0.15;0;0.1;0;1556
Nicolás Meriano;D (LC);27;Unknown;Premier Division;Argentina;2.7;20.9;25%;0.0;0%;0;0.0;0.2;0.1;93%;2.7;0;1.1;2.9;1.0;0.4;0.0;0.1;0;40.8;1.9;3.1;0.2;0.0;5;0.0;0.4;0.8;0.9;0.0;9.6;0.1;5.3;0.0;0.0;4.3;0.0;0.0;0;1.2;80;-1.11;6;0.1;0;1010
Enzo Martínez;D (LC);30;Unknown;Premier Division;Argentina;3.7;13.5;33%;0.1;17%;0;0.0;0.3;0.1;91%;3.0;0;1.3;2.7;0.9;0.4;0.0;0.1;0;42.0;2.2;3.5;0.3;0.0;7;0.1;0.3;0.8;0.9;0.1;10.4;0.0;2.8;0.0;0.2;2.1;0.0;0.2;66;0.3;73;0.34;10;0.0;0;1560
Federico Paradela;M (C), AM (LC);26;Unknown;Premier Division;Argentina;1.6;8.2;0%;0.0;0%;0;0.0;1.5;0.1;88%;21.5;0;0.1;4.8;1.0;0.4;0.6;0.0;0;40.5;2.3;12.3;1.5;2.0;5;0.4;1.4;0.0;0.1;0.0;12.6;0.1;3.7;0.1;1.3;0.5;0.1;1.3;33;0.1;13;-1.72;6;0.1;0;1278
Facundo Sanguinetti;GK;27;Unknown;Premier Division;Argentina;0.0;4.7;0%;0.0;0%;75;0.2;0.0;0.0;83%;5.3;3.02;1.8;0.0;0.0;0.1;0.0;0.0;89;24.0;0.0;0.0;0.0;0.0;1;0.0;0.0;0.0;0.0;0.0;5.1;0.0;0.0;0.0;0.0;0.0;0.0;0.0;0;0.0;0;0;1;0.0;20;1440
Manuel Panaro;AM (RL), ST (C);26;Unknown;Premier Division;Argentina;0.8;1.7;45%;0.0;16%;0;0.0;0.7;0.3;89%;20.9;0;0.1;2.2;0.4;0.1;0.8;1.3;0;28.6;0.6;8.2;0.7;0.7;2;0.1;2.8;0.0;0.1;0.4;10.1;0.3;8.9;0.2;0.3;3.2;0.1;0.3;25;0.3;36;1.84;5;0.3;0;1223
Pedro Ramírez;D/WB (RL), M/AM (R);28;Unknown;Premier Division;Argentina;3.2;12.0;20%;0.0;0%;0;0.0;1.3;0.1;90%;13.8;0;0.9;7.8;1.7;1.4;0.2;0.1;0;50.8;6.7;16.2;2.1;1.6;20;0.4;0.7;0.6;0.4;0.0;11.3;0.1;2.7;0.2;3.1;0.8;0.2;6.5;13;0.2;31;-1;27;0.1;0;1281
Tomás Pozzo;M (C), AM (RLC);27;Unknown;Premier Division;Argentina;0.0;10.2;56%;0.0;28%;0;0.0;0.1;0.5;0%;15.3;0;0.0;0.0;0.0;0.0;0.4;0.5;0;0.0;0.0;0.0;0.1;0.0;0;0.0;1.0;0.0;0.0;0.3;0.0;0.1;0.0;0.1;0.0;0.0;0.1;1.2;27;0.0;0;2.34;0;0.1;0;1650
Thiago Calone;AM (RL), ST (C);26;€800K;Premier Division;Argentina;1.9;4.2;27%;0.0;5%;0;0.0;2.2;0.2;88%;19.0;0;0.4;9.3;2.0;1.2;0.6;0.5;0;42.0;3.9;14.8;2.2;3.9;16;0.2;1.7;0.0;0.3;0.1;12.2;0.1;3.2;0.1;3.2;0.8;0.1;3.2;7;0.0;24;-0.9;21;0.1;0;1165
Ezequiel Almirón;AM (R), ST (C);25;Unknown;Premier Division;Argentina;0.6;1.8;38%;0.0;14%;0;0.0;0.9;0.0;88%;21.9;0;0.1;1.5;0.3;0.2;1.2;1.2;0;26.8;0.7;8.6;0.9;0.5;5;0.2;3.3;0.0;0.0;0.4;10.5;0.5;7.7;0.0;0.4;2.7;0.1;0.4;50;0.0;35;-0.23;5;0.5;0;1810
Gabriel Aranda;D (C);27;Unknown;Premier Division;Argentina;3.1;11.9;33%;0.1;17%;0;0.0;0.3;0.0;91%;4.1;0;1.6;3.1;0.8;0.5;0.1;0.1;0;42.2;1.5;4.4;0.3;0.0;8;0.0;0.4;1.1;1.0;0.1;10.3;0.0;4.6;0.0;0.0;3.8;0.0;0.0;0;0.8;82;0.43;9;0.0;0;1437
Tobías Cervera;AM (RC), ST (C);25;Unknown;Premier Division;Argentina;0.6;2.0;41%;0.0;2%;0;0.0;0.7;0.2;89%;17.8;0;0.2;1.9;0.3;0.1;1.2;1.8;0;31.3;0.4;8.1;0.7;0.7;1;0.0;4.4;0.0;0.1;0.1;10.3;0.4;7.6;0.1;0.2;2.0;0.2;0.2;0;0.1;27;-4.47;1;0.4;0;1102
Leandro Quiroz;D (C);24;€55K - €550K;Premier Division;Argentina;3.1;12.3;0%;0.1;0%;0;0.0;0.1;0.1;84%;4.2;0;1.1;2.9;0.9;0.4;0.0;0.0;0;40.0;1.7;3.0;0.1;0.0;7;0.0;0.2;0.5;0.9;0.0;9.6;0.0;5.3;0.1;0.0;3.0;0.0;0.0;0;0.7;56;-0.35;9;0.0;0;1517
Lucas Ambrogio;M (RL), AM (RLC);28;Unknown;Premier Division;Argentina;2.5;3.8;20%;0.1;13%;0;0.0;1.8;0.2;87%;24.7;0;0.6;8.6;1.6;1.3;0.3;0.2;0;42.6;4.1;12.7;2.1;5.5;19;0.6;1.0;0.0;0.2;0.1;11.5;0.1;3.9;0.2;3.6;1.6;0.4;4.7;17;0.1;40;0.59;21;0.1;0;1314
Franco Ayunta;AM (C), ST (C);25;Unknown;Premier Division;Argentina;0.5;2.0;44%;0.1;10%;0;0.0;0.9;0.1;88%;25.7;0;0.2;1.0;0.5;0.2;0.6;1.2;0;26.5;0.7;8.3;0.9;0.8;3;0.1;2.8;0.0;0.1;0.3;10.7;0.4;7.3;0.0;0.3;1.8;0.1;1.2;22;0.2;24;-1.86;4;0.4;0;1314
Ian Glavinovich;D (C);26;Unknown;Premier Division;Argentina;3.1;17.6;15%;0.1;0%;0;0.0;0.1;0.3;94%;3.4;0;0.7;3.3;0.9;0.6;0.4;0.1;0;42.9;1.9;4.5;0.1;0.1;10;0.0;0.8;1.0;0.5;0.0;10.2;0.1;3.8;0.1;0.1;2.5;0.1;0.1;0;0.5;67;-1.25;11;0.1;0;1530
Matías Magdaleno;D (R);21;Unknown;Premier Division;Argentina;3.1;8.4;50%;0.0;25%;0;0.0;0.7;0.1;89%;14.7;0;0.9;4.8;1.4;1.1;0.1;0.1;0;49.8;5.7;10.8;0.7;0.4;18;0.5;0.3;0.2;0.5;0.1;11.3;0.0;4.3;0.0;2.7;1.8;0.0;2.7;18;0.4;41;0.56;22;0.0;0;1430
Agustín Baldi;D (LC), DM;26;Unknown;Premier Division;Argentina;2.1;17.7;50%;0.0;25%;0;0.0;0.4;0.1;91%;5.3;0;1.3;3.7;1.3;1.1;0.1;0.2;0;45.6;2.9;5.7;0.4;0.1;12;0.1;0.4;0.9;0.7;0.1;11.1;0.0;4.2;0.0;0.3;2.9;0.2;0.3;33;0.9;68;0.51;14;0.0;0;1006
José Barreto;AM (L), ST (C);28;Unknown;Premier Division;Argentina;2.4;5.0;43%;0.0;5%;0;0.0;1.5;0.2;89%;17.4;0;0.4;7.7;1.2;0.8;0.8;0.8;0;42.2;2.6;12.3;1.7;3.0;10;0.6;1.8;0.0;0.0;0.1;10.9;0.2;4.4;0.1;2.1;1.7;0.3;2.1;28;0.1;38;-1.64;12;0.2;0;1074
Sebastián Meza;GK;28;Unknown;Premier Division;Argentina;0.0;5.0;0%;0.0;0%;71;0.2;0.0;0.0;84%;7.1;4.22;4.0;0.0;0.0;0.0;0.0;0.0;87;23.2;0.0;0.0;0.0;0.0;0;0.0;0.0;0.0;0.0;0.0;5.4;0.0;0.0;0.0;0.0;0.0;0.0;0.0;0;0.0;0;0;1;0.0;27;2070
Alexis Steimbach;D/WB (R), M (RC), AM (R);25;Unknown;Premier Division;Argentina;0.0;10.1;29%;0.0;0%;0;0.0;0.1;0.2;0%;16.2;0;0.0;0.0;0.0;0.0;0.2;0.1;0;0.0;0.0;0.0;0.1;0.0;0;0.0;0.4;0.0;0.0;0.0;0.0;0.0;0.0;0.1;0.0;0.0;0.1;0.0;0;0.0;0;-0.63;0;0.0;0;1455
Damián Adín;D/WB (R);30;Unknown;Premier Division;Argentina;2.7;10.0;17%;0.1;0%;0;0.0;1.5;0.1;91%;19.3;0;1.8;7.9;1.9;1.3;0.3;0.1;0;51.8;7.3;16.3;1.5;0.5;20;0.3;0.8;0.9;0.6;0.0;11.8;0.1;4.2;0.1;1.9;2.4;0.1;4.3;23;0.4;57;-1.28;31;0.1;0;1349
Diego Calcaterra;D (C), DM;26;Unknown;Premier Division;Argentina;3.3;14.0;0%;0.0;0%;0;0.0;0.2;0.2;90%;6.7;0;1.0;4.6;1.0;0.6;0.0;0.0;0;45.7;2.6;5.4;0.2;0.0;10;0.0;0.1;0.3;0.4;0.0;10.7;0.0;3.9;0.1;0.1;2.9;0.1;0.1;0;0.6;72;-0.21;13;0.0;0;1576
Mauricio Vera;DM, M (LC), AM (L);30;Unknown;Premier Division;Argentina;2.2;11.9;33%;0.0;0%;0;0.0;0.6;0.6;93%;6.4;0;1.0;5.5;1.3;0.9;0.0;0.1;0;51.7;6.0;10.9;1.0;0.2;13;0.0;0.2;0.2;0.6;0.0;12.1;0.0;2.4;0.2;0.2;1.9;0.1;1.4;10;0.1;79;-0.24;19;0.0;0;1291
Vicente Poggi;DM, M (C);25;Unknown;Premier Division;Argentina;0.0;11.2;60%;0.0;7%;0;0.0;0.1;0.7;0%;12.2;0;0.0;0.0;0.0;0.0;0.1;0.6;0;0.0;0.0;0.0;0.1;0.0;0;0.0;1.0;0.0;0.0;0.1;0.0;0.1;0.0;0.2;0.0;0.0;0.1;0.0;0;0.0;0;-1.29;0;0.1;0;1398
Delfor Minervino;D/WB (R);32;Not for Sale;Premier Division;Argentina;3.3;12.8;20%;0.1;0%;0;0.0;0.8;0.1;86%;14.5;0;0.8;7.0;1.9;1.7;0.1;0.1;0;53.9;7.4;15.7;0.8;0.9;26;0.2;0.3;0.3;0.3;0.0;11.2;0.0;3.6;0.0;1.5;1.4;0.1;1.5;13;0.3;40;-0.47;29;0.0;0;1343
Facundo Cardozo;D (LC);33;Unknown;Premier Division;Argentina;2.6;14.7;0%;0.1;0%;0;0.0;0.1;0.0;90%;5.0;0;0.9;3.1;0.9;0.7;0.1;0.0;0;42.6;2.9;4.7;0.4;0.1;10;0.0;0.1;1.9;0.4;0.0;9.9;0.1;5.3;0.0;0.1;4.4;0.0;0.1;0;1.1;83;-0.88;11;0.1;0;1217
Matías Budiño;GK;32;Unknown;Premier Division;Argentina;0.0;1.8;0%;0.0;0%;73;0.1;0.0;0.0;69%;10.9;1.08;3.8;0.0;0.0;0.0;0.0;0.0;88;25.7;0.0;0.0;0.0;0.0;0;0.0;0.0;0.0;0.0;0.0;5.8;0.0;0.0;0.0;0.0;0.0;0.0;0.0;0;0.0;0;0;0;0.0;19;1350
Axel Werner;GK;32;Not for Sale;Premier Division;Argentina;0.0;3.8;0%;0.0;0%;64;0.1;0.0;0.0;80%;8.8;1.35;2.9;0.0;0.0;0.0;0.0;0.0;85;23.1;0.0;0.0;0.0;0.0;0;0.0;0.0;0.0;0.0;0.0;5.1;0.0;0.0;0.0;0.0;0.0;0.0;0.0;0;0.0;0;0;1;0.0;26;1710
Gonzalo Requena;D (C);25;Unknown;Premier Division;Argentina;2.9;12.1;40%;0.1;0%;0;0.0;0.2;0.0;91%;3.5;0;0.6;2.9;0.8;0.4;0.2;0.2;0;44.0;2.3;2.9;0.2;0.2;5;0.0;0.4;0.7;0.6;0.0;9.5;0.0;5.3;0.0;0.0;3.0;0.1;0.0;0;0.9;57;-0.54;6;0.0;0;1193
Pablo Erustes;ST (C);34;Not for Sale;Premier Division;Argentina;0.4;2.1;45%;0.0;10%;0;0.0;1.1;0.2;88%;20.8;0;0.2;1.7;0.8;0.1;0.7;1.2;0;28.1;1.0;6.1;1.1;0.3;1;0.0;2.7;0.0;0.0;0.3;10.3;0.3;7.2;0.0;0.3;1.7;0.1;0.3;0;0.1;24;-0.92;5;0.3;0;1033
Franco Fagúndez;AM (LC), ST (C);29;Unknown;Premier Division;Argentina;0.9;1.1;70%;0.0;15%;0;0.0;1.0;0.1;90%;21.6;0;0.4;2.3;0.4;0.1;0.4;1.4;0;25.9;1.0;5.3;1.0;1.0;2;0.1;2.0;0.0;0.1;0.3;10.1;0.3;7.3;0.1;0.1;1.1;0.0;0.1;50;0.0;15;-0.06;4;0.3;0;1215
Leonard Costa;D (RC), DM;29;Unknown;Premier Division;Argentina;3.1;11.8;14%;0.2;0%;0;0.0;1.2;0.1;87%;16.4;0;1.2;6.6;1.8;1.3;0.2;0.1;0;52.2;7.0;15.4;1.2;0.3;25;0.3;0.4;1.4;0.7;0.0;11.2;0.1;3.8;0.1;1.5;2.5;0.1;1.5;20;0.4;64;-1.15;36;0.1;0;1783
José Florentín;DM, M (C);31;Unknown;Premier Division;Argentina;2.4;15.2;33%;0.2;33%;0;0.0;1.0;0.1;92%;5.7;0;0.8;5.7;2.0;1.2;0.1;0.1;0;49.5;5.5;11.5;1.0;0.2;15;0.1;0.2;0.1;0.5;0.1;11.5;0.0;1.9;0.0;0.2;1.1;0.0;0.2;50;0.5;57;0.5;19;0.0;0;1082
Nelson Insfrán;GK;33;Not for Sale;Premier Division;Argentina;0.0;3.1;0%;0.0;0%;70;0.2;0.0;0.0;79%;7.8;4.25;4.0;0.0;0.0;0.0;0.0;0.0;88;23.4;0.0;0.0;0.0;0.0;0;0.0;0.0;0.0;0.0;0.0;5.4;0.0;0.0;0.0;0.0;0.0;0.0;0.0;0;0.0;0;0;0;0.0;21;1564
Facundo Rodríguez;D (LC), WB (L), DM;28;Unknown;Premier Division;Argentina;3.2;17.4;75%;0.2;50%;0;0.0;0.4;0.1;86%;4.3;0;1.2;3.5;0.9;0.4;0.1;0.3;0;41.2;2.5;6.0;0.4;0.0;5;0.0;0.4;1.5;0.8;0.2;10.7;0.0;3.2;0.0;0.0;1.6;0.0;0.0;0;0.1;50;1.56;8;0.0;0;1023
Manuel Mónaco;M/AM (C);26;Unknown;Premier Division;Argentina;0.0;10.5;32%;0.0;0%;0;0.0;0.1;0.2;0%;14.0;0;0.0;0.0;0.0;0.0;0.8;0.4;0;0.0;0.0;0.0;0.3;0.0;0;0.0;1.4;0.0;0.0;0.0;0.0;0.1;0.0;0.2;0.0;0.0;0.1;5.0;17;0.0;0;-1.08;0;0.1;0;1241
Tiziano Perrotta;ST (C);21;€3.6M - €7.8M;Premier Division;Argentina;0.7;1.5;47%;0.0;4%;0;0.0;0.7;0.2;90%;20.4;0;0.4;0.6;0.3;0.1;1.2;1.4;0;24.6;0.6;5.5;0.7;0.6;1;0.0;3.0;0.0;0.1;0.1;9.8;0.2;6.4;0.1;0.3;1.5;0.1;0.3;0;0.1;24;-1.66;2;0.2;0;1403
Thomas Carosio;DM, M (C);24;Unknown;Premier Division;Argentina;2.7;12.4;17%;0.1;0%;0;0.0;0.5;0.4;89%;6.8;0;0.8;6.3;1.4;1.1;0.2;0.1;0;51.6;3.6;12.1;0.5;0.2;15;0.0;0.9;0.0;0.8;0.0;12.4;0.1;1.8;0.1;0.0;0.4;0.0;0.0;0;0.1;24;-1.32;19;0.1;0;1241
Lucas Palavecino;DM, M (C);24;Unknown;Premier Division;Argentina;3.1;13.2;25%;0.0;0%;0;0.0;1.1;0.4;92%;5.2;0;0.7;6.0;1.5;1.0;0.1;0.1;0;49.3;5.2;11.7;1.1;0.0;15;0.0;0.3;0.2;0.6;0.0;11.2;0.0;1.8;0.2;0.2;0.9;0.1;0.2;0;0.1;48;-0.29;21;0.0;0;1359
Tomás Adoryan;M (RLC), AM (RL);26;Unknown;Premier Division;Argentina;2.1;5.5;50%;0.1;0%;0;0.0;1.9;0.3;89%;16.0;0;0.3;8.2;1.9;1.5;0.2;0.3;0;43.7;3.3;13.6;1.9;3.0;19;1.0;0.6;0.0;0.2;0.0;11.2;0.1;3.3;0.1;4.3;1.1;0.1;4.7;23;0.0;33;-0.78;22;0.1;0;1138
Alejo Osella;D (RC), WB (R);27;Unknown;Premier Division;Argentina;3.0;15.0;0%;0.1;0%;0;0.0;0.3;0.0;90%;4.4;0;1.0;3.1;0.9;0.6;0.0;0.0;0;42.1;2.3;4.5;0.3;0.0;12;0.0;0.2;0.5;0.9;0.0;10.6;0.0;4.5;0.0;0.1;2.7;0.0;0.1;0;1.2;59;-0.35;15;0.0;0;1828
Nahuel Curcio;M/AM (R);25;Unknown;Premier Division;Argentina;2.0;2.2;32%;0.1;0%;0;0.0;2.7;0.1;90%;16.9;0;0.6;8.6;2.5;1.7;0.7;0.7;0;45.8;4.8;11.6;2.7;6.1;20;0.2;2.1;0.0;0.0;0.0;10.9;0.3;3.1;0.1;3.2;0.2;0.1;3.2;7;0.0;5;-3.3;28;0.3;0;1081
Enzo Luna;AM (L), ST (C);25;Unknown;Premier Division;Argentina;0.4;2.3;35%;0.0;10%;0;0.0;1.1;0.5;86%;17.9;0;0.2;1.3;0.6;0.1;1.4;1.1;0;25.1;0.8;4.8;1.1;0.6;1;0.0;3.2;0.0;0.0;0.3;9.7;0.2;7.2;0.2;0.4;1.1;0.1;0.4;0;0.2;16;1.23;2;0.2;0;1119
Pablo Monje;DM, M (C);31;Not for Sale;Premier Division;Argentina;2.3;9.6;29%;0.2;14%;0;0.0;1.0;0.4;92%;6.9;0;1.0;5.9;1.8;1.3;0.3;0.1;0;52.3;4.6;9.9;1.0;0.1;18;0.0;0.5;0.2;0.7;0.1;11.4;0.0;1.5;0.1;0.2;0.6;0.2;0.2;0;0.0;38;0.75;21;0.0;0;1226
Augusto Lotti;AM (L), ST (C);31;Not for Sale;Premier Division;Argentina;0.6;2.3;37%;0.0;10%;0;0.0;1.0;0.1;91%;19.4;0;0.1;1.4;0.4;0.1;0.6;0.9;0;25.2;0.7;5.8;1.0;0.7;2;0.0;2.5;0.0;0.1;0.2;10.9;0.3;7.1;0.1;0.3;2.3;0.1;0.3;0;0.0;33;-0.72;2;0.3;0;1462
Federico Andueza;D (C);31;Not for Sale;Premier Division;Argentina;2.9;11.5;0%;0.3;0%;0;0.0;0.1;0.0;87%;4.3;0;1.3;2.5;0.9;0.7;0.0;0.0;0;42.9;2.2;4.3;0.1;0.1;10;0.0;0.1;1.1;0.9;0.0;9.3;0.0;4.6;0.0;0.2;3.9;0.0;0.2;0;0.7;84;0;12;0.0;0;1252
Agostino Spina;DM, M (RC);26;Unknown;Premier Division;Argentina;1.9;14.6;11%;0.1;11%;0;0.0;1.0;0.4;92%;6.1;0;0.8;5.5;1.5;1.1;0.2;0.1;0;49.9;5.2;10.0;1.0;0.1;17;0.0;0.6;0.1;0.4;0.1;10.9;0.1;2.5;0.3;0.0;1.4;0.4;0.0;0;0.0;56;0.07;23;0.1;0;1408
Alexis Domínguez;ST (C);31;Not for Sale;Premier Division;Argentina;0.9;2.6;51%;0.0;16%;0;0.0;0.8;0.1;89%;15.9;0;0.3;1.5;0.6;0.1;0.8;1.8;0;30.9;0.7;7.8;0.8;0.4;2;0.1;3.5;0.0;0.1;0.6;10.2;0.3;6.2;0.1;0.4;3.2;0.1;0.4;16;0.1;52;4.43;5;0.3;0;1429
Diego Sosa;D/WB/M (L);30;Unknown;Premier Division;Argentina;3.0;10.5;0%;0.0;0%;0;0.0;1.3;0.0;93%;14.2;0;1.3;7.8;2.0;1.8;0.1;0.0;0;54.4;6.7;16.1;1.3;0.7;27;0.8;0.1;1.1;0.6;0.0;11.7;0.0;3.9;0.1;2.7;1.8;0.1;2.7;30;0.5;47;0;35;0.0;0;1350
Matías Mansilla;GK;32;Not for Sale;Premier Division;Argentina;0.0;2.7;0%;0.0;0%;77;0.3;0.0;0.0;73%;8.1;5.36;2.5;0.0;0.0;0.0;0.0;0.0;87;23.9;0.0;0.0;0.0;0.0;0;0.0;0.0;0.0;0.0;0.0;5.5;0.0;0.0;0.0;0.0;0.0;0.0;0.0;0;0.0;0;0;1;0.0;18;1423
Ariel Kippes;D (RC);34;Unknown;Premier Division;Argentina;2.2;18.3;25%;0.1;0%;0;0.0;0.1;0.0;86%;3.3;0;1.3;2.8;1.0;0.7;0.1;0.1;0;41.6;2.1;3.3;0.7;0.0;10;0.0;0.3;1.5;0.6;0.0;9.8;0.0;4.8;0.1;0.0;3.4;0.0;0.0;0;1.0;71;-0.11;11;0.0;0;1295
Misael Jaime;AM (LC);24;Unknown;Premier Division;Argentina;1.5;3.4;59%;0.0;12%;0;0.0;1.1;0.3;90%;19.9;0;0.3;8.7;2.0;1.3;0.4;0.9;0;42.4;2.9;15.1;1.1;3.6;15;0.5;1.5;0.0;0.4;0.2;11.3;0.1;4.2;0.2;3.0;0.6;0.1;3.0;17;0.0;14;0.65;17;0.1;0;1044
Nicolás Campisi;GK;31;Not for Sale;Premier Division;Argentina;0.0;4.4;0%;0.0;0%;76;0.4;0.0;0.0;78%;7.4;5.78;3.2;0.0;0.0;0.1;0.0;0.0;88;24.0;0.0;0.0;0.0;0.0;1;0.0;0.0;0.0;0.0;0.0;5.6;0.0;0.0;0.0;0.0;0.0;0.0;0.0;0;0.0;0;0;3;0.0;18;1440
Guido Mainero;M (R), AM (RL);33;Unknown;Premier Division;Argentina;1.8;4.3;41%;0.1;14%;0;0.0;2.5;0.2;87%;18.5;0;0.6;10.2;1.9;1.9;0.7;0.7;0;41.3;4.3;12.2;2.6;3.4;23;0.8;1.8;0.0;0.2;0.2;10.2;0.2;4.2;0.1;3.0;0.7;0.3;4.0;26;0.0;18;0.9;23;0.2;0;1092
Gonzalo Goñi;D (C);29;Unknown;Premier Division;Argentina;2.6;14.2;0%;0.1;0%;0;0.0;0.0;0.0;86%;3.1;0;0.9;2.4;0.6;0.5;0.1;0.0;0;42.7;1.4;4.6;0.0;0.0;8;0.0;0.2;0.6;0.4;0.0;9.7;0.0;5.7;0.1;0.1;4.2;0.0;0.1;0;1.2;74;-0.16;10;0.0;0;1530
Nahuel Banegas;D (LC), WB (L);31;Unknown;Premier Division;Argentina;3.0;11.6;0%;0.1;0%;0;0.0;1.5;0.2;90%;15.8;0;1.2;9.0;2.0;1.9;0.0;0.0;0;49.8;6.0;23.5;1.5;1.6;26;1.2;0.0;0.7;0.7;0.0;12.9;0.0;3.7;0.1;4.3;2.2;0.0;4.3;27;0.1;60;0;34;0.0;0;1203
Cristian Paz;D (C), DM;33;Not for Sale;Premier Division;Argentina;2.1;14.1;20%;0.2;0%;0;0.0;0.2;0.1;92%;4.7;0;0.9;4.2;1.4;0.9;0.0;0.1;0;47.6;2.5;5.3;0.2;0.1;10;0.1;0.4;0.3;0.7;0.0;10.8;0.1;5.2;0.0;0.1;4.0;0.0;0.1;100;0.9;77;-0.72;13;0.1;0;1050
Christopher Cvetko;M/AM (C);31;€0 - €40K;Premier Division;Austria;0.0;9.9;44%;0.0;12%;0;0.0;0.1;0.2;0%;14.2;0;0.0;0.0;0.0;0.0;0.3;0.4;0;0.0;0.0;0.0;1.0;0.0;0;0.0;0.8;0.0;0.0;0.1;0.0;0.1;0.0;0.1;0.0;0.0;0.1;1.2;17;0.0;0;0.98;0;0.1;0;2734
Nikolas Polster;GK;25;€75K - €750K;Premier Division;Austria;0.0;3.5;0%;0.0;0%;65;-0.4;0.0;0.0;73%;6.0;-11.16;3.2;0.0;0.0;0.0;0.0;0.0;89;24.0;0.0;0.0;0.0;0.0;0;0.0;0.0;0.0;0.0;0.0;5.2;0.0;0.0;0.0;0.0;0.0;0.0;0.0;0;0.0;0;0;4;0.0;44;2698
Fabian Gmeiner;D (RL), WB/M (L);31;€8K - €26K;Premier Division;Austria;2.7;9.4;50%;0.2;0%;0;0.0;1.7;0.2;84%;19.4;0;1.3;10.5;2.4;2.9;0.0;0.0;0;49.3;4.5;22.0;1.7;1.4;93;1.1;0.1;0.2;0.6;0.0;12.5;0.0;3.3;0.1;6.3;1.1;0.2;6.3;17;0.3;33;-0.22;114;0.0;0;2879
Luca Wimhofer;D (RC);24;€210K - €2.1M;Premier Division;Austria;3.4;15.1;8%;0.0;0%;0;0.0;0.1;0.0;91%;4.0;0;0.9;3.0;0.7;0.4;0.1;0.0;0;41.9;2.1;3.5;0.1;0.0;15;0.0;0.4;1.0;0.5;0.0;10.1;0.0;5.0;0.0;0.0;2.7;0.0;0.0;0;1.1;55;-1.29;16;0.0;0;3048
Fabian Wohlmuth;D (RL), WB/M (R);25;€1M;Premier Division;Austria;2.6;11.9;0%;0.1;0%;0;0.0;1.2;0.2;84%;11.9;0;1.2;6.1;2.0;2.3;0.4;0.0;0;52.1;7.3;16.1;1.2;0.4;32;0.0;0.9;0.4;0.5;0.0;11.7;0.1;4.8;0.1;1.5;2.9;0.1;1.5;0;0.6;62;-0.86;35;0.1;0;1229
Florian Rieder;M (L), AM (LC);32;Not for Sale;Premier Division;Austria;2.4;4.7;44%;0.0;19%;0;0.0;1.7;0.4;91%;17.7;0;0.3;9.3;2.2;1.7;0.5;0.5;0;43.4;4.1;15.3;1.7;3.9;23;0.5;1.2;0.0;0.2;0.2;11.6;0.2;3.1;0.2;2.0;0.2;0.1;2.0;23;0.1;7;0.92;29;0.2;0;1197
Nemanja Čelić;D (LC), DM, M (C);29;€16K - €170K;Premier Division;Austria;2.1;12.8;25%;0.0;17%;0;0.0;0.5;0.1;90%;8.0;0;0.8;6.1;1.8;1.3;0.1;0.1;0;51.4;3.9;11.2;0.9;0.1;37;0.0;0.4;0.2;0.4;0.1;11.8;0.0;3.2;0.1;0.1;1.6;0.1;1.0;10;0.7;48;0.92;45;0.0;0;2474
Noah Steiner;D (C);29;€650K - €1.4M;Premier Division;Austria;3.8;14.8;21%;0.1;5%;0;0.0;0.3;0.0;91%;3.8;0;1.1;2.6;0.9;0.4;0.2;0.2;0;42.7;2.0;2.9;0.3;0.0;11;0.1;0.7;0.5;0.7;0.0;9.9;0.1;5.7;0.0;0.1;3.5;0.2;0.1;100;1.0;62;-1.75;14;0.1;0;2299
Lukas Malicsek;D (RC), DM;28;€180K - €1.8M;Premier Division;Austria;2.5;9.7;20%;0.2;0%;0;0.0;0.4;0.0;92%;11.0;0;1.0;6.0;2.0;1.8;0.1;0.1;0;50.5;5.6;14.4;0.6;0.5;23;0.0;0.4;1.3;0.7;0.0;11.4;0.0;5.2;0.1;0.9;3.3;0.0;0.9;0;0.4;64;-0.59;28;0.0;0;1150
Din Barlov;M/AM (C), ST (C);24;€150K - €1.5M;Premier Division;Austria;1.3;9.8;36%;0.0;17%;0;0.0;1.5;0.2;92%;20.0;0;0.3;4.9;1.3;0.5;0.4;0.5;0;41.9;2.2;11.8;1.5;0.9;13;0.2;1.4;0.0;0.2;0.2;12.2;0.1;2.9;0.1;0.6;1.1;0.0;0.6;26;0.0;39;2.17;18;0.1;0;2368
Manuel Maranda;D (C);30;€200K - €2M;Premier Division;Austria;2.6;11.4;20%;0.2;0%;0;0.0;0.1;0.1;90%;3.1;0;0.9;2.6;1.0;0.4;0.0;0.0;0;42.8;2.0;3.7;0.1;0.0;11;0.0;0.2;0.4;0.6;0.0;9.7;0.0;5.4;0.0;0.0;3.6;0.0;0.0;0;1.3;67;-0.56;19;0.0;0;2725
Simon Filipović;D (C);24;€75K - €750K;Premier Division;Austria;2.2;12.5;13%;0.1;13%;0;0.0;0.2;0.0;92%;4.4;0;1.5;2.2;0.8;0.4;0.1;0.0;0;40.6;1.8;2.9;0.2;0.0;13;0.0;0.2;0.7;0.9;0.0;9.9;0.0;5.4;0.0;0.0;3.7;0.0;0.0;0;1.1;68;0.34;17;0.0;0;3165
Moritz Eder;D/WB/M (R);25;€28K - €275K;Premier Division;Austria;2.2;11.4;0%;0.1;0%;0;0.0;1.7;0.2;85%;15.9;0;1.3;9.4;2.1;1.7;0.0;0.0;0;48.8;5.3;21.3;1.7;1.4;30;1.1;0.1;0.3;0.7;0.0;12.6;0.0;3.7;0.1;7.1;1.6;0.1;9.4;12;0.3;42;-0.22;36;0.0;0;1567
Fabian Ehmann;GK;29;€0 - €95K;Premier Division;Austria;0.0;3.6;0%;0.0;0%;68;-0.2;0.0;0.0;72%;8.4;-7.92;3.0;0.0;0.0;0.0;0.0;0.0;92;23.8;0.0;0.0;0.0;0.0;0;0.0;0.0;0.0;0.0;0.0;5.1;0.0;0.0;0.0;0.0;0.0;0.0;0.0;0;0.0;0;0;3;0.0;45;3180
Josef Weberbauer;D/M (R);30;€120K - €1.2M;Premier Division;Austria;3.6;10.6;20%;0.1;0%;0;0.0;0.9;0.1;91%;14.1;0;0.9;7.6;1.9;1.6;0.3;0.1;0;52.6;6.3;13.8;1.3;0.5;45;0.2;0.5;1.2;0.4;0.0;11.5;0.0;3.6;0.1;1.9;1.2;0.0;2.3;9;0.3;34;-1.17;59;0.0;0;2497
Manfred Fischer;M/AM (LC);32;€0 - €55K;Premier Division;Austria;2.7;6.7;32%;0.0;13%;0;0.0;1.4;0.2;88%;16.4;0;0.5;7.8;1.6;1.2;0.7;0.4;0;42.4;2.9;15.8;1.4;2.9;26;0.3;1.4;0.0;0.4;0.2;12.0;0.1;4.3;0.1;2.0;1.0;0.1;2.0;15;0.1;24;0.84;34;0.1;0;2024
Sandro Ingolitsch;D/WB/M (R);31;€45K - €150K;Premier Division;Austria;3.5;9.1;11%;0.1;0%;0;0.0;0.6;0.2;89%;15.6;0;1.1;8.3;2.4;2.3;0.2;0.1;0;48.9;6.2;15.9;0.6;1.0;41;0.2;0.5;0.8;0.5;0.0;11.5;0.1;4.2;0.0;1.9;2.6;0.1;1.9;8;0.2;62;-1;54;0.1;0;1637
Damir Mehmedović;D/WB (L), M (LC);30;€0;Premier Division;Austria;2.1;10.3;50%;0.0;0%;0;0.0;1.8;0.4;87%;16.3;0;1.2;9.3;2.3;1.9;0.1;0.1;0;49.7;4.1;23.0;1.8;1.1;29;1.4;0.1;0.1;0.5;0.0;12.1;0.0;4.7;0.1;9.1;2.0;0.1;9.1;15;0.7;44;-0.1;35;0.0;0;1367
Johannes Handl;D (RC), DM;30;€18K - €180K;Premier Division;Austria;3.0;13.6;12%;0.2;0%;0;0.0;0.3;0.1;88%;3.6;0;1.7;2.7;1.0;0.7;0.1;0.1;0;41.5;2.3;3.9;0.3;0.0;25;0.0;0.5;0.7;0.8;0.0;9.9;0.1;4.6;0.0;0.1;3.7;0.0;0.1;0;1.0;81;-2.14;27;0.1;0;3078
Mirko Kos;GK;31;€28K - €275K;Premier Division;Austria;0.0;3.3;0%;0.0;0%;76;0.4;0.1;0.0;73%;7.0;5.72;3.3;0.0;0.0;0.1;0.0;0.0;86;24.3;0.0;0.0;0.1;0.0;1;0.0;0.0;0.0;0.0;0.0;5.1;0.0;0.0;0.0;0.0;0.0;0.0;0.0;0;0.0;0;0;1;0.0;15;1396
Kai Stratznig;D (R), DM, M (RC);26;€475K - €1.6M;Premier Division;Austria;2.6;10.4;43%;0.0;43%;0;0.0;0.6;0.3;87%;5.4;0;0.8;6.2;1.3;0.7;0.2;0.2;0;52.6;3.9;10.7;0.6;0.1;10;0.1;0.5;0.3;0.4;0.2;11.2;0.1;2.6;0.2;0.4;1.3;0.3;0.4;33;0.4;51;2.19;20;0.1;0;1293
Nicolas Bajlicz;DM;23;€100K - €1M;Premier Division;Austria;2.9;12.7;7%;0.1;7%;0;0.0;1.3;0.2;90%;5.9;0;0.7;6.1;1.5;0.8;0.1;0.0;0;51.3;5.8;11.3;1.5;0.2;27;0.0;0.4;0.1;0.5;0.0;11.1;0.0;1.6;0.2;0.1;0.8;0.2;0.1;0;0.2;47;-0.26;42;0.0;0;2937
Bernhard Zimmermann;AM (R), ST (C);26;€350K - €1.2M;Premier Division;Austria;0.8;1.3;44%;0.0;10%;0;0.0;0.7;0.0;88%;22.8;0;0.2;1.8;0.5;0.1;0.9;1.2;0;25.3;0.3;4.9;0.7;0.8;2;0.1;2.7;0.0;0.3;0.3;10.0;0.3;8.8;0.0;0.3;1.9;0.1;0.3;25;0.1;21;-0.41;2;0.3;0;2088
Paul Komposch;D (C);27;€110K - €350K;Premier Division;Austria;2.4;11.6;42%;0.1;8%;0;0.0;0.1;0.0;90%;4.3;0;1.3;2.7;1.0;0.6;0.4;0.3;0;41.5;2.2;3.1;0.1;0.0;17;0.0;0.8;1.1;0.4;0.1;10.1;0.0;5.5;0.1;0.0;4.2;0.0;0.0;0;1.2;76;0.75;22;0.0;0;2743
Tobias Koch;D (C), DM, M (C);27;€95K - €300K;Premier Division;Austria;2.9;12.1;32%;0.1;8%;0;0.0;0.6;0.1;90%;6.5;0;0.9;5.9;1.4;1.1;0.1;0.2;0;52.1;3.6;10.5;0.6;0.1;46;0.0;0.6;0.2;0.9;0.0;11.2;0.1;3.1;0.1;0.0;2.0;0.1;0.0;0;0.4;65;-0.51;55;0.1;0;3657
Winfred Amoah;AM (R), ST (C);28;€900K - €2.1M;Premier Division;Austria;1.8;4.4;27%;0.1;13%;0;0.0;1.6;0.3;89%;16.4;0;0.5;9.8;2.2;1.0;0.4;0.6;0;40.4;3.5;13.6;1.6;3.2;12;0.4;2.4;0.0;0.2;0.3;11.1;0.4;3.0;0.2;3.3;0.6;0.1;3.3;12;0.0;19;-0.4;18;0.4;0;1127
Leomend Krasniqi;DM, M (C);27;€120K - €1.2M;Premier Division;Austria;0.1;8.8;36%;0.0;7%;0;0.0;0.0;0.3;100%;9.9;0;0.0;0.1;0.0;0.0;0.3;0.4;0;0.8;0.0;0.2;0.0;0.0;0;0.0;1.2;0.0;0.0;0.1;0.2;0.1;0.1;0.2;0.0;0.0;0.0;0.0;0;0.0;0;-0.32;0;0.1;0;1068
Simon Spari;GK;25;€150K - €1.5M;Premier Division;Austria;0.0;4.1;0%;0.0;0%;75;0.2;0.0;0.0;74%;7.5;9.08;3.0;0.0;0.0;0.0;0.0;0.0;89;23.6;0.0;0.0;0.0;0.0;0;0.0;0.0;0.0;0.0;0.0;5.3;0.0;0.0;0.0;0.0;0.0;0.0;0.0;0;0.0;0;0;0;0.0;38;3540
Oliver Strunz;AM (C), ST (C);27;€100K - €1M;Premier Division;Austria;0.8;2.1;46%;0.0;8%;0;0.0;1.0;0.2;89%;18.3;0;0.2;1.8;0.6;0.2;1.0;1.3;0;25.1;0.7;8.7;1.0;0.5;6;0.2;2.9;0.0;0.1;0.2;10.5;0.3;7.5;0.1;0.5;2.7;0.1;0.7;33;0.1;36;-2.34;6;0.3;0;2891
Matija Horvat;D (C), DM;29;€30K - €300K;Premier Division;Austria;2.3;12.8;8%;0.1;0%;0;0.0;0.7;0.2;91%;5.7;0;0.9;5.7;1.7;1.2;0.2;0.0;0;51.8;4.0;10.8;0.7;0.1;35;0.0;0.4;0.2;0.4;0.0;11.6;0.0;1.9;0.2;0.2;0.8;0.1;0.2;0;0.3;40;-0.81;46;0.0;0;2689
Tobias Mandler;D/M (L);27;€85K - €850K;Premier Division;Austria;3.2;10.9;0%;0.1;0%;0;0.0;1.0;0.1;89%;16.3;0;0.7;6.9;1.6;1.6;0.0;0.0;0;57.3;7.8;15.3;1.0;0.5;26;0.2;0.2;0.4;0.4;0.0;11.4;0.1;3.3;0.1;1.6;1.4;0.0;1.6;15;0.4;43;-0.81;34;0.1;0;1443
Simon Pirkl;D/WB (L), DM, M (L);31;€120K - €1.2M;Premier Division;Austria;2.6;8.8;0%;0.1;0%;0;0.0;1.1;0.1;88%;17.9;0;1.2;7.6;1.8;2.4;0.1;0.0;0;57.7;8.1;14.3;1.1;0.9;69;0.4;0.2;0.8;0.6;0.0;10.8;0.0;3.2;0.0;1.6;1.5;0.0;1.6;27;0.4;47;-1.19;83;0.0;0;2614
Marco Sulzner;D (C), DM, M (C);24;€150K - €1.5M;Premier Division;Austria;2.8;7.4;36%;0.1;18%;0;0.0;0.7;0.0;95%;7.4;0;0.9;6.4;1.6;1.4;0.1;0.2;0;50.0;3.8;11.2;0.7;0.0;25;0.0;0.6;0.2;0.5;0.1;11.6;0.1;2.9;0.2;0.1;1.5;0.2;0.1;0;0.2;53;0.46;29;0.1;0;1662
Nico Maier;M/AM (RLC);27;€22K - €70K;Premier Division;Austria;2.0;2.9;32%;0.0;11%;0;0.0;1.8;0.1;89%;21.3;0;0.5;8.4;2.5;1.9;0.6;0.5;0;44.2;3.4;11.4;1.8;4.2;50;0.5;1.7;0.0;0.2;0.2;11.0;0.1;3.7;0.1;3.3;0.8;0.2;7.7;14;0.0;22;0.39;59;0.2;0;2394
David Jaunegg;D (RC), WB (RL), M (R);25;€14K - €50K;Premier Division;Austria;2.9;11.2;25%;0.1;0%;0;0.0;1.1;0.1;89%;13.2;0;1.1;7.4;1.4;1.3;0.4;0.2;0;53.1;6.5;13.7;1.1;0.8;23;0.2;0.9;0.5;0.5;0.0;11.1;0.1;5.3;0.1;1.7;3.7;0.2;1.7;10;0.6;70;-1.3;33;0.1;0;1539
Julian Turi;D (C);26;€150K - €1.5M;Premier Division;Austria;2.9;12.3;33%;0.1;17%;0;0.0;0.1;0.1;88%;4.0;0;1.1;2.7;0.9;0.4;0.1;0.1;0;41.4;1.9;3.4;0.1;0.0;7;0.1;0.3;0.5;0.8;0.1;9.8;0.0;5.9;0.0;0.1;3.3;0.0;0.1;100;1.2;57;0.31;8;0.0;0;1628
Justin Forst;ST (C);25;€0 - €75K;Premier Division;Austria;0.6;1.9;49%;0.0;12%;0;0.0;0.9;0.0;89%;18.3;0;0.1;1.5;0.6;0.2;1.0;1.4;0;24.4;0.6;5.8;0.9;0.4;6;0.1;2.8;0.0;0.2;0.3;10.2;0.3;7.7;0.1;0.4;1.7;0.1;0.4;30;0.1;22;1.82;8;0.3;0;2706
Marcel Krnjic;D (C);25;€1.2M - €2.8M;Premier Division;Austria;2.1;14.4;17%;0.0;0%;0;0.0;0.2;0.1;84%;4.1;0;0.9;2.5;0.5;0.3;0.3;0.1;0;41.5;2.1;4.4;0.2;0.0;7;0.0;0.5;0.7;0.9;0.0;10.2;0.0;5.3;0.0;0.0;3.4;0.0;0.0;0;1.2;64;-0.57;11;0.0;0;2107
Kelvin Boateng;AM (L), ST (C);28;€170K - €1.7M;Premier Division;Austria;1.0;1.7;42%;0.0;10%;0;0.0;1.1;0.0;87%;19.8;0;0.5;3.0;0.6;0.4;1.1;1.2;0;28.0;1.4;6.3;1.1;0.9;7;0.2;2.8;0.0;0.4;0.3;9.9;0.3;7.4;0.0;0.8;2.8;0.1;0.8;30;0.1;38;-0.39;10;0.3;0;1525
Felix Holzhacker;D/WB (L), M (LC), AM (C);25;€170K - €1.7M;Premier Division;Austria;3.0;9.1;0%;0.1;0%;0;0.0;0.9;0.1;88%;13.7;0;1.0;6.6;2.4;2.3;0.0;0.0;0;56.8;7.1;14.9;0.9;0.6;68;0.2;0.1;0.8;0.5;0.0;10.9;0.0;2.9;0.0;1.4;0.9;0.0;1.4;16;0.3;31;-0.48;91;0.0;0;2714
Simon Seidl;M/AM (RC);25;€45K - €150K;Premier Division;Austria;0.0;9.7;26%;0.0;17%;0;0.0;0.0;0.3;90%;15.6;0;0.0;0.1;0.0;0.0;0.2;0.3;0;0.4;0.0;0.2;0.0;0.0;0;0.0;1.0;0.0;0.0;0.2;0.1;0.1;0.0;0.1;0.0;0.0;0.0;1.7;7;0.0;100;1.34;0;0.1;0;2051
Ammar Helac;GK;29;€20K - €70K;Premier Division;Austria;0.0;3.0;0%;0.0;0%;70;0.1;0.0;0.0;81%;7.8;3.9;2.9;0.0;0.0;0.0;0.0;0.0;88;23.2;0.0;0.0;0.0;0.0;0;0.0;0.0;0.0;0.0;0.0;5.6;0.0;0.0;0.0;0.0;0.0;0.0;0.0;0;0.0;0;0;4;0.0;44;3180
Dominik Kirnbauer;D (C);25;€130K - €1.3M;Premier Division;Austria;2.9;10.7;0%;0.3;0%;0;0.0;0.2;0.1;85%;4.3;0;1.0;2.2;1.0;0.4;0.0;0.0;0;42.5;2.1;3.2;0.2;0.0;11;0.0;0.2;0.7;0.6;0.0;9.9;0.0;7.4;0.0;0.0;5.1;0.0;0.0;0;1.8;69;-0.93;15;0.0;0;2311
Marco Wagner;M/AM (C);24;€0;Premier Division;Austria;0.1;10.0;29%;0.0;4%;0;0.0;0.1;0.2;93%;15.5;0;0.0;0.2;0.0;0.0;0.3;0.3;0;2.0;0.3;0.5;0.1;0.0;1;0.0;1.0;0.0;0.0;0.0;0.5;0.1;0.0;0.2;0.0;0.0;0.1;0.0;0;0.0;0;-2.52;1;0.1;0;2457
Jakob Knollmüller;AM (RL), ST (C);24;€0;Premier Division;Austria;1.5;2.2;33%;0.1;10%;0;0.0;0.9;0.2;90%;26.0;0;0.4;4.6;0.9;0.2;0.5;0.6;0;33.4;1.2;8.5;0.9;2.7;2;0.1;1.9;0.0;0.2;0.2;11.6;0.2;7.4;0.0;3.0;1.9;0.0;3.0;2;0.1;25;0.1;5;0.2;0;1008
Marco Untergrabner;D (C), DM, M (C);26;€24K - €230K;Premier Division;Austria;0.3;8.3;44%;0.0;13%;0;0.0;0.3;0.1;82%;14.9;0;0.0;0.3;0.1;0.0;0.1;0.2;0;3.3;0.3;0.7;0.3;0.0;1;0.0;0.5;0.0;0.0;0.1;0.7;0.1;0.1;0.1;0.0;0.1;0.2;0.0;0;0.0;67;-0.4;3;0.1;0;2695
Emmanuel Agyemang;M/AM (LC);24;€700K;Premier Division;Austria;0.0;7.8;38%;0.0;10%;0;0.0;0.1;0.1;0%;16.9;0;0.0;0.0;0.0;0.0;0.3;0.3;0;0.0;0.0;0.0;0.1;0.0;0;0.0;0.7;0.0;0.0;0.1;0.0;0.1;0.0;0.1;0.0;0.0;0.1;0.0;0;0.0;0;0.07;0;0.1;0;2573
Dominik Baumgartner;D (RC), DM;31;€190K - €1.9M;Premier Division;Austria;2.6;10.2;18%;0.1;9%;0;0.0;0.3;0.0;91%;5.3;0;1.2;4.3;1.3;1.0;0.3;0.1;0;44.4;3.6;5.9;0.3;0.1;15;0.1;0.8;0.8;0.7;0.1;10.3;0.0;5.8;0.0;0.3;4.6;0.0;0.3;20;1.3;81;0.32;19;0.0;0;1298
Philipp Maybach;DM, M (C);20;€550K - €5.8M;Premier Division;Austria;2.0;12.6;10%;0.0;10%;0;0.0;0.5;0.3;89%;5.7;0;0.7;5.0;1.6;1.0;0.2;0.0;0;51.9;4.4;12.2;0.5;0.1;28;0.0;0.4;0.1;0.4;0.0;11.7;0.0;3.2;0.1;0.0;1.7;0.0;0.0;0;0.4;55;0.19;41;0.0;0;2421
Yusuf Maart;DM, M/AM (C);32;€160K - €1.6M;Premier Division;Austria;2.3;12.4;20%;0.0;20%;0;0.0;1.0;0.2;90%;6.7;0;1.0;6.1;1.4;1.2;0.1;0.0;0;51.8;5.6;10.8;2.0;0.1;26;0.1;0.2;0.0;0.7;0.0;11.7;0.0;1.6;0.1;0.1;0.6;0.0;7.6;10;0.0;40;0.14;30;0.0;0;1978
Nadir Ajanović;M (L), AM (LC);22;€190K - €1.9M;Premier Division;Austria;2.2;5.0;41%;0.0;10%;0;0.0;1.9;0.1;89%;18.7;0;0.6;8.6;2.5;1.7;0.3;0.5;0;43.9;3.8;15.1;1.9;2.8;54;0.4;1.3;0.0;0.2;0.1;11.3;0.1;3.7;0.1;2.7;1.2;0.0;2.7;15;0.2;31;-0.64;76;0.1;0;2842
Damjan Kovačević;D/WB/M/AM (R);23;€500K - €4.9M;Premier Division;Austria;2.8;9.7;29%;0.1;0%;0;0.0;1.5;0.3;86%;16.5;0;1.6;9.4;2.2;2.3;0.0;0.1;0;47.1;5.0;23.2;1.5;2.1;70;1.2;0.2;0.4;0.6;0.0;12.3;0.0;4.0;0.1;5.1;1.6;0.1;5.1;23;0.6;39;-1.38;86;0.0;0;2698
Leon Grgić;AM (R), ST (C);22;€650K - €6.4M;Premier Division;Austria;0.9;1.1;40%;0.0;8%;0;0.0;0.9;0.1;90%;21.3;0;0.2;3.0;0.7;0.2;1.7;2.1;0;29.4;0.7;8.2;0.9;0.7;3;0.1;5.2;0.0;0.1;0.4;9.5;0.5;6.5;0.1;0.7;1.7;0.1;0.7;11;0.0;27;-1.11;4;0.5;0;1244
Jürgen Heil;D (R), M/AM (C);31;€12K - €130K;Premier Division;Austria;2.9;10.0;20%;0.1;0%;0;0.0;1.0;0.1;86%;12.6;0;1.0;8.3;2.2;1.9;0.2;0.1;0;52.2;7.4;16.3;1.0;0.6;59;0.3;0.6;1.0;0.4;0.0;11.6;0.1;3.6;0.0;2.0;1.6;0.1;2.0;15;0.3;44;-3.23;67;0.1;0;2775
Patrik Mijić;ST (C);29;€7K - €70K;Premier Division;Austria;0.6;1.6;49%;0.0;10%;0;0.0;1.4;0.3;89%;25.5;0;0.0;1.8;0.7;0.1;1.1;1.5;0;27.9;0.9;7.6;2.0;0.5;3;0.1;3.1;0.0;0.1;0.3;10.1;0.3;7.6;0.1;0.3;3.1;0.1;0.3;28;0.2;40;0.33;6;0.3;0;2342
Sondre Skogen;D (C);27;€120K - €1.2M;Premier Division;Austria;2.3;13.8;9%;0.1;0%;0;0.0;0.1;0.0;89%;3.5;0;1.2;3.1;0.8;0.6;0.3;0.0;0;40.7;2.2;3.2;0.1;0.0;12;0.0;0.5;0.7;0.7;0.0;9.8;0.0;5.2;0.0;0.1;3.6;0.0;0.1;0;0.9;69;-0.77;14;0.0;0;1914
Olivér Koplárovics;ST (C);20;€600K;Premier Division;Austria;0.4;1.0;44%;0.0;12%;0;0.0;1.1;0.0;90%;26.9;0;0.0;1.9;0.8;0.3;1.0;1.0;0;24.6;0.7;5.0;1.1;0.5;3;0.1;2.2;0.0;0.1;0.3;9.9;0.2;8.6;0.0;0.4;1.6;0.0;1.5;11;0.0;19;0.51;5;0.2;0;1018
Ismaïl Seydi;M/AM (RL), ST (C);26;€50K - €500K;Premier Division;Austria;2.2;4.7;53%;0.0;21%;0;0.0;1.8;0.1;86%;23.1;0;0.7;8.7;2.4;1.7;0.5;0.9;0;44.8;3.4;13.5;1.8;3.3;45;0.6;1.6;0.0;0.4;0.3;11.3;0.2;3.7;0.1;3.2;1.0;0.2;3.2;20;0.1;27;4.06;51;0.2;0;2373
Filip Perović;AM (C), ST (C);21;€450K - €1.5M;Premier Division;Austria;1.3;8.6;41%;0.0;5%;0;0.0;1.5;0.2;91%;23.3;0;0.1;4.8;1.0;0.4;0.5;0.7;0;43.6;2.5;10.8;1.5;1.0;9;0.2;1.8;0.0;0.2;0.1;12.0;0.2;5.6;0.2;1.2;1.5;0.1;1.4;16;0.2;28;-1.46;13;0.2;0;1975
Art Smakaj;D (C), DM;25;€0 - €120K;Premier Division;Austria;2.0;11.4;13%;0.1;13%;0;0.0;0.8;0.1;93%;7.1;0;1.0;5.6;1.0;0.6;0.1;0.0;0;50.6;5.6;11.5;0.8;0.2;14;0.0;0.4;0.1;0.9;0.0;11.2;0.0;1.4;0.1;0.1;1.1;0.1;0.1;50;0.0;77;0.43;17;0.0;0;1992
Anderson Niangbo;AM (RL), ST (C);28;€190K - €1.9M;Premier Division;Austria;1.9;3.7;42%;0.0;17%;0;0.0;2.0;0.1;86%;20.3;0;0.6;8.1;2.4;1.0;0.3;0.4;0;40.8;4.3;14.2;2.0;4.4;23;0.5;1.1;0.0;0.2;0.2;11.2;0.1;2.8;0.1;3.5;0.7;0.0;3.5;15;0.0;26;1.04;34;0.1;0;2014
Sankara Karamoko;ST (C);24;€220K - €2.2M;Premier Division;Austria;0.7;1.3;47%;0.0;17%;0;0.0;0.5;0.2;91%;18.1;0;0.1;1.6;0.3;0.0;1.1;1.8;0;25.6;0.3;8.2;0.5;0.8;0;0.1;3.9;0.0;0.1;0.7;10.1;0.4;6.9;0.1;0.3;1.6;0.0;0.3;25;0.1;23;3.71;2;0.4;0;1220
Ludwig Vraa-Jensen;D (C);22;€90K - €900K;Premier Division;Austria;2.9;14.7;17%;0.1;4%;0;0.0;0.2;0.1;90%;3.7;0;1.0;2.2;0.5;0.4;0.2;0.1;0;40.4;2.0;3.2;0.2;0.0;12;0.0;0.7;0.6;0.9;0.0;9.7;0.1;5.9;0.0;0.0;3.9;0.0;0.0;0;0.8;67;-1.47;14;0.1;0;2922
Seedy Jatta;AM (RL), ST (C);25;€650K - €6.6M;Premier Division;Austria;0.7;1.4;39%;0.0;15%;0;0.0;1.0;0.2;88%;23.8;0;0.2;1.9;0.8;0.3;0.8;1.0;0;26.7;0.8;7.7;1.0;1.0;6;0.2;2.6;0.0;0.0;0.4;9.9;0.2;7.5;0.1;0.6;2.6;0.1;0.6;30;0.0;34;3.24;10;0.2;0;2075
Fabian Wilfinger;D/M (C);24;€170K - €1.7M;Premier Division;Austria;2.2;10.7;22%;0.0;0%;0;0.0;0.2;0.0;89%;3.8;0;1.2;2.2;0.5;0.2;0.2;0.1;0;39.2;1.5;4.0;0.2;0.0;6;0.0;0.3;0.4;0.8;0.0;9.9;0.0;4.1;0.0;0.0;2.3;0.0;0.0;0;0.4;56;-0.81;11;0.0;0;2339
David Đurić;D/WB (L);22;€950K - €2.2M;Premier Division;Austria;3.5;9.9;25%;0.2;0%;0;0.0;1.2;0.2;87%;15.6;0;1.2;6.7;2.2;2.6;0.1;0.1;0;56.6;7.7;15.2;1.2;0.9;72;0.5;0.3;0.3;0.4;0.0;11.5;0.0;2.5;0.1;2.0;0.8;0.1;2.4;19;0.3;34;-0.6;89;0.0;0;2480
Ousmane Diawara;AM (RL), ST (C);28;€325K - €3.2M;Premier Division;Austria;2.2;3.4;32%;0.0;10%;0;0.0;1.5;0.1;87%;20.3;0;0.6;9.6;2.3;1.3;0.4;0.5;0;42.6;3.1;12.9;1.5;2.7;31;0.7;1.7;0.0;0.3;0.2;11.2;0.2;4.8;0.1;3.9;1.9;0.0;3.9;18;0.1;40;-0.96;42;0.2;0;2152
Yannick Oberleitner;D (C), DM, M (C);26;€300K - €2.9M;Premier Division;Austria;2.6;17.1;17%;0.1;8%;0;0.0;0.1;0.1;91%;3.6;0;1.4;2.9;0.9;0.4;0.1;0.1;0;41.8;1.8;3.3;0.1;0.0;13;0.0;0.4;0.9;0.7;0.0;9.8;0.0;5.7;0.0;0.1;3.8;0.0;0.1;50;1.3;66;-0.43;19;0.0;0;3042
Nenad Cvetković;D (C);32;€240K - €2.4M;Premier Division;Austria;2.3;17.2;41%;0.1;18%;0;0.0;0.1;0.3;88%;3.2;0;1.2;2.5;1.1;0.7;0.1;0.3;0;40.5;1.9;3.8;0.1;0.0;18;0.0;0.7;0.4;0.7;0.1;10.0;0.1;5.0;0.0;0.0;3.9;0.0;0.0;0;1.0;77;0.26;20;0.1;0;2271
Dejan Stojanović;GK;34;€14K - €45K;Premier Division;Austria;0.0;2.7;0%;0.0;0%;69;-0.2;0.0;0.0;75%;8.9;-5.56;3.0;0.0;0.0;0.0;0.0;0.0;90;24.6;0.0;0.0;0.0;0.0;0;0.0;0.0;0.0;0.0;0.0;5.0;0.0;0.0;0.0;0.0;0.0;0.0;0.0;0;0.0;0;0;2;0.0;37;2503
Daniel Maderner;ST (C);32;Not for Sale;Premier Division;Austria;0.8;2.6;46%;0.0;12%;0;0.0;1.2;0.2;91%;18.8;0;0.1;1.3;0.4;0.1;0.9;1.6;0;26.0;0.9;7.5;1.2;0.5;2;0.0;3.5;0.0;0.0;0.4;10.6;0.4;8.6;0.1;0.3;4.1;0.1;4.4;8;0.1;47;0.87;5;0.4;0;2570
Martin Rasner;WB (R), DM, M (RC);33;€12K - €40K;Premier Division;Austria;3.0;12.0;42%;0.1;17%;0;0.0;1.3;0.1;85%;16.6;0;1.2;8.7;1.8;1.4;0.1;0.2;0;49.8;5.1;23.5;1.3;1.6;37;1.6;0.4;0.2;0.8;0.1;12.4;0.0;4.2;0.1;7.4;2.3;0.0;7.4;21;0.3;54;0.67;44;0.0;0;2433
Nicolas Wimmer;D (C);33;€0 - €95K;Premier Division;Austria;2.8;13.3;17%;0.1;0%;0;0.0;0.2;0.1;91%;3.5;0;1.0;2.6;0.9;0.7;0.0;0.0;0;41.1;2.0;4.0;0.2;0.0;18;0.0;0.2;0.9;0.6;0.0;10.6;0.0;5.7;0.1;0.0;4.5;0.0;0.0;0;1.3;79;-0.64;23;0.0;0;2318
Lukas Gugganig;D (C), DM;33;€200K - €650K;Premier Division;Austria;2.7;16.0;21%;0.1;13%;0;0.0;0.2;0.3;92%;3.8;0;1.0;3.7;1.2;0.5;0.2;0.1;0;40.9;1.9;3.4;0.7;0.1;19;0.1;0.7;0.8;0.6;0.1;9.8;0.1;5.1;0.1;0.2;3.5;0.1;2.9;14;0.9;69;0.86;30;0.1;0;3148
Osarenren Okungbowa;D (C), DM;34;€10K - €100K;Premier Division;Austria;3.2;12.1;33%;0.2;11%;0;0.0;0.2;0.0;89%;4.8;0;0.7;3.1;1.3;0.2;0.2;0.2;0;44.4;1.8;4.7;0.2;0.1;2;0.0;0.7;0.5;0.2;0.1;10.0;0.0;6.3;0.0;0.0;4.4;0.0;0.0;0;1.5;70;0.45;9;0.0;0;1172
Fabio Varesi-Strauss;D (C);33;€18K - €190K;Premier Division;Austria;2.4;11.6;0%;0.1;0%;0;0.0;0.2;0.0;88%;4.1;0;1.5;3.0;0.8;0.4;0.1;0.0;0;40.3;2.3;3.6;0.2;0.1;12;0.0;0.4;0.9;0.8;0.0;9.7;0.1;5.6;0.0;0.0;4.1;0.0;0.0;0;1.0;73;-1.62;17;0.1;0;2756
Dominik Weixelbraun;AM (RL), ST (C);24;€60K - €600K;Premier Division;Austria;1.9;3.4;26%;0.0;9%;0;0.0;1.8;0.3;90%;21.2;0;0.6;10.0;1.8;1.2;0.6;0.3;0;43.6;3.4;14.5;1.8;2.5;26;0.4;1.1;0.0;0.2;0.1;12.0;0.1;3.2;0.2;2.7;1.1;0.1;2.7;15;0.0;36;-0.61;36;0.1;0;1901
Alessandro Schöpf;WB (R), M/AM (RC);34;€0 - €20K;Premier Division;Austria;0.5;9.6;57%;0.0;14%;0;0.0;0.5;0.3;90%;14.8;0;0.1;2.0;0.6;0.6;0.3;0.6;0;10.0;0.7;3.5;1.3;0.5;8;0.1;1.0;0.0;0.1;0.1;2.4;0.2;0.8;0.1;0.9;0.1;0.2;2.8;7;0.0;17;-0.39;8;0.2;0;1295
Lukas Spendlhofer;D (C), DM, M (C);35;€500 - €3.5K;Premier Division;Austria;0.1;10.8;36%;0.0;9%;0;0.0;0.2;0.3;86%;14.6;0;0.0;0.3;0.1;0.1;0.3;0.2;0;4.6;0.4;0.4;0.2;0.1;2;0.0;0.5;0.1;0.0;0.0;1.1;0.1;0.4;0.2;0.0;0.1;0.2;0.0;0;0.1;30;-0.54;2;0.1;0;2140
Jonas Mayer;DM, M (C);23;€1.2M - €2.9M;Premier Division;Austria;0.0;10.0;38%;0.0;3%;0;0.0;0.2;0.3;0%;12.0;0;0.0;0.0;0.0;0.0;0.2;0.4;0;0.0;0.0;0.0;0.2;0.0;0;0.0;1.0;0.0;0.0;0.0;0.0;0.1;0.0;0.3;0.0;0.0;0.2;0.4;8;0.0;0;-2;0;0.1;0;2613
Andreas Leitner;GK;34;€0 - €65K;Premier Division;Austria;0.0;4.0;0%;0.0;0%;72;0.1;0.0;0.0;75%;8.8;2.03;2.9;0.0;0.0;0.0;0.0;0.0;90;24.9;0.0;0.0;0.0;0.0;0;0.0;0.0;0.0;0.0;0.0;5.3;0.0;0.0;0.0;0.0;0.0;0.0;0.0;0;0.0;0;0;4;0.0;38;2940
Samuel Sahin-Radlinger;GK;35;€18K - €190K;Premier Division;Austria;0.0;4.0;0%;0.0;0%;69;-0.1;0.0;0.0;69%;7.2;-4.95;3.6;0.0;0.0;0.0;0.0;0.0;88;23.8;0.0;0.0;0.0;0.0;1;0.0;0.0;0.0;0.0;0.0;5.5;0.0;0.0;0.0;0.0;0.0;0.0;0.0;0;0.0;0;0;2;0.0;47;3060
Habib Coulibaly;D (C);24;€180K - €1.8M;Premier Division;Austria;3.1;11.4;14%;0.1;0%;0;0.0;0.2;0.0;88%;4.1;0;1.2;2.6;0.6;0.4;0.0;0.0;0;41.0;1.6;3.9;0.2;0.1;10;0.0;0.3;0.9;0.7;0.0;10.2;0.0;5.2;0.0;0.0;2.7;0.0;0.0;0;1.4;53;-0.82;11;0.0;0;2281
Kevin Wimmer;D (C), DM;35;€130K - €425K;Premier Division;Austria;2.5;14.9;38%;0.1;13%;0;0.0;0.0;0.2;89%;3.8;0;1.1;3.2;1.0;0.6;0.0;0.1;0;41.1;2.1;3.2;0.0;0.0;17;0.0;0.3;1.0;0.7;0.0;9.5;0.0;5.6;0.1;0.1;4.1;0.0;0.1;0;1.6;72;-0.05;22;0.0;0;2520
Villiam Granath;WB (R), AM (RLC);29;€180K - €1.8M;Jupiler Pro League;Belgium;2.5;5.2;30%;0.0;11%;0;0.0;1.6;0.5;87%;17.5;0;0.4;10.0;2.3;1.9;0.7;0.6;0;40.6;2.8;16.7;1.6;3.4;51;0.8;2.0;0.0;0.3;0.2;11.5;0.2;3.9;0.2;3.6;1.9;0.1;3.6;23;0.2;49;1.44;57;0.2;0;2354
Marco Hiller;GK;31;€325K - €1.1M;Jupiler Pro League;Belgium;0.0;3.8;0%;0.0;0%;72;0.1;0.0;0.0;71%;9.2;3.64;2.5;0.0;0.0;0.0;0.0;0.0;90;23.4;0.0;0.0;0.0;0.0;1;0.0;0.0;0.0;0.0;0.0;5.6;0.0;0.0;0.0;0.0;0.0;0.0;0.0;0;0.0;0;0;2;0.0;47;2739
Hristo Ivanov;DM, M (C);27;€275K - €900K;Jupiler Pro League;Belgium;2.4;11.9;25%;0.0;0%;0;0.0;0.8;0.2;91%;7.7;0;1.4;5.2;1.4;0.9;0.0;0.0;0;51.5;3.3;9.4;0.8;0.2;28;0.0;0.1;0.6;0.5;0.0;11.3;0.0;3.5;0.1;0.0;2.0;0.1;0.0;0;0.7;57;-0.55;40;0.0;0;2790
Rodrigo Rego;D (LC);26;€850K - €2M;Jupiler Pro League;Belgium;2.5;16.5;80%;0.1;20%;0;0.0;0.2;0.2;93%;3.7;0;1.1;2.5;0.8;0.5;0.1;0.1;0;42.4;1.6;3.2;0.2;0.0;17;0.0;0.1;0.7;0.6;0.0;9.7;0.0;4.0;0.1;0.0;2.9;0.1;0.0;0;0.8;73;0.42;22;0.0;0;3017
Bas Van den Eynden;D (C), DM;26;€200K - €2M;Jupiler Pro League;Belgium;3.2;13.5;19%;0.0;6%;0;0.0;0.2;0.1;92%;4.4;0;0.7;3.3;1.0;0.7;0.2;0.1;0;44.4;2.2;4.5;0.4;0.0;17;0.1;0.6;0.4;0.4;0.0;9.9;0.1;3.6;0.1;0.1;2.7;0.0;0.5;16;0.6;76;-0.29;20;0.1;0;2306
Rune Paeshuyse;D (RC);26;€16K - €50K;Jupiler Pro League;Belgium;3.2;14.1;14%;0.1;0%;0;0.0;0.2;0.1;91%;4.0;0;1.0;2.2;0.7;0.5;0.1;0.0;0;41.6;1.9;3.8;0.2;0.1;15;0.0;0.2;1.1;0.6;0.0;9.8;0.0;3.9;0.0;0.1;3.0;0.0;0.1;50;0.5;78;-0.43;20;0.0;0;2583
Rein Van Helden;D (C), DM;25;€750K;Jupiler Pro League;Belgium;2.4;15.7;60%;0.1;20%;0;0.0;0.2;0.1;93%;3.3;0;0.7;4.0;1.0;0.4;0.1;0.2;0;43.3;2.5;5.5;0.2;0.0;7;0.0;0.3;0.4;0.4;0.1;10.5;0.0;4.8;0.1;0.1;2.7;0.1;0.1;0;0.9;57;0.41;8;0.0;0;1482
Grejohn Kyei;ST (C);32;Not for Sale;Jupiler Pro League;Belgium;0.4;2.2;54%;0.0;13%;0;0.0;1.5;0.1;90%;22.8;0;0.2;1.7;0.9;0.1;0.7;1.5;0;26.5;1.2;8.7;1.5;0.3;2;0.2;2.8;0.0;0.0;0.4;10.6;0.3;7.7;0.1;0.4;3.2;0.1;0.4;50;0.0;41;0.97;3;0.3;0;1248
Thierry Ambrose;AM (R), ST (C);31;€850K - €2M;Jupiler Pro League;Belgium;0.8;1.9;47%;0.0;8%;0;0.0;0.8;0.1;90%;24.2;0;0.2;1.5;0.5;0.1;0.6;1.3;0;25.4;0.5;5.0;0.8;0.9;3;0.0;2.9;0.0;0.2;0.2;10.1;0.3;8.4;0.1;0.2;2.7;0.2;0.2;20;0.0;32;-2.71;4;0.3;0;2357
Rudy Kohon;D (RC);24;€90K - €900K;Jupiler Pro League;Belgium;3.2;12.4;31%;0.0;15%;0;0.0;0.2;0.0;91%;4.3;0;1.0;3.7;1.3;0.7;0.2;0.2;0;40.5;1.7;3.4;0.2;0.0;14;0.0;0.6;0.6;0.8;0.1;9.6;0.1;5.0;0.0;0.0;3.4;0.1;0.0;0;0.7;67;0.76;18;0.1;0;1922
Jonathan Norbye;D (C);21;€650K - €6.4M;Jupiler Pro League;Belgium;2.8;14.9;14%;0.1;7%;0;0.0;0.2;0.0;89%;3.1;0;1.1;2.8;1.0;0.6;0.1;0.0;0;41.8;1.5;4.0;0.2;0.0;23;0.0;0.3;1.0;0.7;0.0;10.1;0.0;5.4;0.0;0.0;4.1;0.0;0.0;100;1.2;75;-0.28;32;0.0;0;3630
Matheus Índio;AM (RL);32;€425K - €1.4M;Jupiler Pro League;Belgium;2.2;3.6;33%;0.0;10%;0;0.0;1.4;0.2;88%;19.5;0;0.6;8.9;1.8;1.1;0.3;0.3;0;43.0;3.0;12.3;1.5;3.6;28;0.6;0.8;0.0;0.4;0.1;11.6;0.1;3.5;0.2;2.4;0.9;0.2;8.8;19;0.0;26;-0.19;35;0.1;0;2318
Luc Marijnissen;D (C);25;€300K - €2.9M;Jupiler Pro League;Belgium;3.1;15.4;14%;0.1;7%;0;0.0;0.1;0.0;92%;3.2;0;1.4;3.1;1.0;0.8;0.1;0.1;0;42.6;2.0;4.2;0.1;0.0;28;0.0;0.4;1.0;0.7;0.0;10.3;0.0;5.4;0.1;0.1;4.0;0.1;0.1;50;0.8;74;-0.45;33;0.0;0;2982
Mathis Servais;M (C), AM (LC);23;€5M - €10.5M;Jupiler Pro League;Belgium;0.0;9.2;21%;0.0;5%;0;0.0;0.2;0.4;0%;16.4;0;0.0;0.0;0.0;0.0;0.2;0.2;0;0.0;0.0;0.0;0.2;0.0;0;0.0;1.0;0.0;0.0;0.1;0.0;0.1;0.0;0.2;0.0;0.0;0.2;0.0;0;0.0;0;-1.04;0;0.1;0;1797
Enrique Lofolomo;D (C), DM, M (C);28;€190K - €1.9M;Jupiler Pro League;Belgium;3.1;9.5;33%;0.1;0%;0;0.0;0.6;0.2;89%;9.6;0;0.6;6.9;1.4;1.3;0.1;0.1;0;51.0;3.2;11.6;0.6;0.1;32;0.0;0.2;0.2;0.6;0.0;11.6;0.0;2.5;0.1;0.0;1.1;0.1;0.0;0;0.3;43;-0.26;41;0.0;0;2299
Warleson;GK;31;€220K - €2.2M;Jupiler Pro League;Belgium;0.0;4.2;0%;0.0;0%;75;0.1;0.0;0.0;86%;6.5;4.14;3.2;0.0;0.0;0.0;0.0;0.0;90;24.4;0.0;0.0;0.0;0.0;1;0.0;0.0;0.0;0.0;0.0;4.8;0.0;0.0;0.0;0.0;0.0;0.0;0.0;0;0.0;0;0;2;0.0;34;3060
Jesper Tolinsson;D (RC);25;€325K - €3.4M;Jupiler Pro League;Belgium;2.5;16.0;27%;0.2;0%;0;0.0;0.2;0.2;91%;2.7;0;1.1;2.4;0.7;0.3;0.1;0.1;0;41.4;1.9;3.7;0.2;0.1;9;0.0;0.4;0.7;0.8;0.0;9.9;0.0;4.6;0.1;0.0;3.2;0.0;0.0;0;1.0;70;-1.35;15;0.0;0;2480
Wesley Saïd;AM (RLC), ST (C);33;€475K - €1.6M;Jupiler Pro League;Belgium;1.1;7.6;27%;0.0;8%;0;0.0;1.2;0.2;91%;20.9;0;0.3;4.9;1.1;0.7;1.0;0.6;0;39.6;2.0;8.3;1.2;1.3;12;0.2;2.3;0.0;0.1;0.2;11.2;0.2;3.9;0.1;1.2;0.7;0.1;1.2;15;0.1;19;-0.98;14;0.2;0;1461
Fabio Ferraro;D/M/AM (L);25;€325K;Jupiler Pro League;Belgium;2.9;9.8;23%;0.0;15%;0;0.0;1.0;0.1;90%;16.0;0;1.2;7.5;1.7;1.5;0.1;0.1;0;53.6;6.1;15.0;1.0;1.4;41;0.3;0.5;0.5;0.7;0.1;11.3;0.1;3.0;0.1;1.5;1.4;0.1;1.5;22;0.3;48;-0.47;59;0.1;0;2482
Ali Loune;DM, M (C);26;€900K - €2.1M;Jupiler Pro League;Belgium;2.2;13.1;17%;0.1;0%;0;0.0;0.6;0.3;92%;7.7;0;1.0;6.3;2.2;1.6;0.0;0.0;0;52.1;4.6;12.3;0.6;0.1;42;0.0;0.2;0.4;0.4;0.0;11.5;0.0;2.0;0.2;0.0;0.8;0.1;0.0;0;0.1;41;-1.34;67;0.0;0;2437
Redouane Halhal;D (C);25;€160K - €1.6M;Jupiler Pro League;Belgium;2.4;13.0;50%;0.0;0%;0;0.0;0.2;0.0;88%;3.5;0;1.5;2.2;0.4;0.3;0.1;0.1;0;43.6;1.5;4.2;0.2;0.0;3;0.0;0.2;0.8;1.1;0.0;10.1;0.0;5.3;0.0;0.0;3.7;0.0;0.0;0;1.2;70;-0.23;5;0.0;0;1017
Tomás Silva;D/WB (R), M (C);28;€150K - €1.5M;Jupiler Pro League;Belgium;3.0;12.4;29%;0.1;9%;0;0.0;0.9;0.1;88%;15.8;0;0.8;7.5;1.7;1.6;0.3;0.3;0;54.0;7.3;15.9;0.9;1.3;56;0.4;1.0;0.8;0.6;0.1;11.3;0.1;3.4;0.1;1.9;1.4;0.1;2.1;17;0.3;42;0.14;67;0.1;0;3186
Logan Delaurier-Chaubet;M (R), AM (RL);26;€50K - €500K;Jupiler Pro League;Belgium;1.4;4.5;33%;0.0;12%;0;0.0;2.1;0.2;90%;17.4;0;0.5;8.9;2.4;1.3;0.6;0.5;0;40.5;3.8;14.4;3.0;5.1;40;0.7;1.4;0.0;0.1;0.2;11.5;0.1;3.1;0.1;4.1;0.3;0.1;9.6;16;0.0;9;1.72;53;0.1;0;2673
Loïc Mbe Soh;D (C);26;€75K - €750K;Jupiler Pro League;Belgium;3.6;13.8;0%;0.2;0%;0;0.0;0.2;0.0;88%;3.6;0;0.9;2.6;0.4;0.2;0.0;0.0;0;41.0;1.6;3.2;0.2;0.0;2;0.0;0.3;0.9;1.1;0.0;10.2;0.0;5.9;0.0;0.1;4.3;0.1;0.1;0;0.7;74;-0.46;3;0.0;0;1057
Colin Dagba;D (RL), WB (R);29;€650K - €1.6M;Jupiler Pro League;Belgium;3.2;10.4;0%;0.1;0%;0;0.0;1.6;0.1;86%;15.8;0;1.1;10.1;2.5;2.4;0.0;0.0;0;45.0;4.6;23.0;1.6;2.4;72;1.0;0.1;0.2;0.4;0.0;12.4;0.0;3.3;0.1;4.1;1.8;0.1;5.5;18;0.2;54;-0.06;89;0.0;0;2707
Thomas Henry;ST (C);33;€110K;Jupiler Pro League;Belgium;0.8;0.7;39%;0.0;7%;0;0.0;0.8;0.4;87%;22.5;0;0.0;2.0;0.4;0.2;1.7;2.0;0;31.2;0.4;5.3;0.8;0.6;2;0.0;5.1;0.0;0.2;0.4;9.8;0.6;8.4;0.1;0.2;2.9;0.1;0.2;0;0.1;35;-4.03;3;0.7;0;1014
Alessio Castellini;D (LC), WB (L);25;€2.7M - €6M;Jupiler Pro League;Belgium;2.4;14.8;38%;0.0;6%;0;0.0;0.1;0.1;89%;3.8;0;1.1;3.3;1.1;0.7;0.1;0.2;0;40.7;2.3;3.5;0.1;0.0;26;0.0;0.4;0.8;0.6;0.0;10.0;0.1;4.0;0.0;0.0;2.4;0.0;0.0;0;0.6;59;-1.11;30;0.1;0;3389
Ibrahim Karamoko;D (C), DM, M (C);26;€1M - €10M;Jupiler Pro League;Belgium;1.6;12.0;34%;0.0;3%;0;0.0;0.4;0.3;91%;10.5;0;0.6;3.5;0.7;0.5;0.3;0.3;0;31.9;2.1;6.3;0.4;0.1;15;0.0;0.9;0.1;0.4;0.0;6.6;0.1;1.7;0.1;0.0;0.9;0.1;0.0;0;0.2;56;-2.52;21;0.1;0;2819
Ensar Brahić;ST (C);23;€160K - €1.6M;Jupiler Pro League;Belgium;0.6;1.8;43%;0.0;14%;0;0.0;0.9;0.1;90%;21.4;0;0.1;1.6;0.7;0.1;0.6;1.2;0;24.5;0.6;5.1;0.9;0.5;3;0.1;2.8;0.0;0.1;0.4;9.9;0.4;9.2;0.0;0.4;2.6;0.1;0.4;23;0.2;28;-0.27;9;0.4;0;2751
Patrik Gunnarsson;GK;27;€250K - €900K;Jupiler Pro League;Belgium;0.0;2.5;0%;0.0;0%;67;0.1;0.0;0.0;70%;9.9;0.65;2.6;0.0;0.0;0.0;0.0;0.0;89;25.6;0.0;0.0;0.0;0.0;0;0.0;0.0;0.0;0.0;0.0;5.0;0.0;0.0;0.0;0.0;0.0;0.0;0.0;0;0.0;0;0;0;0.0;14;1003
Emmanuel van de Blaak;D (RC);23;€170K - €1.7M;Jupiler Pro League;Belgium;2.7;11.5;33%;0.2;0%;0;0.0;0.6;0.1;86%;12.9;0;1.0;6.0;1.4;1.3;0.4;0.1;0;48.1;5.2;10.2;0.6;0.3;20;0.2;0.4;0.7;0.8;0.0;11.1;0.0;6.1;0.0;1.2;4.4;0.0;1.2;16;0.3;73;-0.21;25;0.0;0;1396
Brian Plat;D (RC), WB (R);28;€60K - €600K;Jupiler Pro League;Belgium;2.6;12.8;16%;0.1;0%;0;0.0;0.2;0.1;90%;4.2;0;0.8;3.0;0.7;0.7;0.1;0.1;0;41.8;2.1;4.2;0.2;0.2;20;0.1;0.6;1.0;0.6;0.0;9.6;0.1;5.6;0.1;0.4;3.4;0.1;0.4;16;0.9;61;-1.94;21;0.1;0;2730
Christopher Mamengi;D (LC);27;€120K - €1.2M;Jupiler Pro League;Belgium;2.9;9.8;8%;0.0;0%;0;0.0;1.1;0.2;89%;16.9;0;1.1;6.8;1.8;1.7;0.1;0.0;0;52.2;6.4;16.3;1.1;0.3;42;0.9;0.5;0.7;0.5;0.0;11.6;0.0;3.8;0.1;2.6;2.9;0.1;2.6;34;0.6;76;-0.67;50;0.0;0;2195
Vito van Crooij;M (RL), AM (RLC), ST (C);32;€190K - €1.9M;Jupiler Pro League;Belgium;1.9;3.5;33%;0.0;17%;0;0.0;1.9;0.2;85%;19.1;0;0.5;9.6;1.6;1.1;0.1;0.4;0;41.4;4.1;11.2;4.0;3.5;12;0.9;1.1;0.0;0.2;0.2;10.8;0.2;2.7;0.1;4.1;1.1;0.0;9.6;23;0.0;39;-0.35;13;0.2;0;1017
Michael Verrips;GK;31;€24K - €230K;Jupiler Pro League;Belgium;0.0;4.1;0%;0.0;0%;69;0.0;0.0;0.0;82%;7.4;0.23;3.8;0.0;0.0;0.1;0.0;0.0;87;25.0;0.0;0.0;0.0;0.0;3;0.0;0.0;0.0;0.0;0.0;5.6;0.0;0.0;0.0;0.0;0.0;0.0;0.0;0;0.0;0;0;9;0.0;44;2790
Leonardo Lopes;DM, M (C);29;€150K - €1.5M;Jupiler Pro League;Belgium;2.2;9.9;0%;0.1;0%;0;0.0;1.1;0.1;90%;6.3;0;0.1;5.7;1.2;0.9;0.0;0.0;0;52.8;6.3;10.4;1.1;0.2;12;0.0;0.2;0.1;0.4;0.0;11.5;0.0;1.7;0.1;0.1;0.7;0.1;0.1;0;0.3;39;-0.6;14;0.0;0;1206
Kikas;AM (L), ST (C);29;€140K - €1.4M;Jupiler Pro League;Belgium;0.5;1.5;41%;0.0;11%;0;0.0;0.9;0.1;89%;21.3;0;0.2;1.6;0.6;0.2;1.0;1.2;0;25.1;0.5;4.9;0.9;0.6;7;0.1;2.8;0.0;0.0;0.3;9.9;0.3;8.7;0.0;0.4;2.1;0.1;0.4;20;0.1;24;-0.33;10;0.3;0;3028
Wilguens Paugain;D/WB (R);26;€900K - €2.1M;Jupiler Pro League;Belgium;3.4;10.7;10%;0.1;0%;0;0.0;0.8;0.2;88%;17.8;0;1.0;7.3;2.2;1.6;0.2;0.1;0;51.8;7.4;15.9;0.8;0.6;45;0.5;0.8;1.3;0.5;0.0;11.3;0.1;4.6;0.2;2.7;3.2;0.0;2.7;19;0.6;70;-1.59;67;0.1;0;2504
Oliver Kamdem;D/WB (R);25;€55K - €550K;Jupiler Pro League;Belgium;4.2;9.6;14%;0.1;0%;0;0.0;0.6;0.2;90%;16.6;0;0.6;7.5;2.1;1.9;0.1;0.1;0;54.1;6.9;16.8;0.6;0.9;25;0.5;0.5;0.5;0.6;0.0;11.7;0.1;3.7;0.0;1.9;2.1;0.2;1.9;29;0.2;56;-1.19;31;0.1;0;1160
Aurélien Platret;D/WB/M (R);25;€0 - €40K;Jupiler Pro League;Belgium;3.4;8.6;35%;0.1;15%;0;0.0;1.1;0.2;85%;14.3;0;1.2;6.0;1.3;0.7;0.1;0.2;0;54.4;6.4;13.3;1.1;0.4;23;0.7;0.6;0.3;0.6;0.1;11.1;0.1;3.8;0.1;2.8;2.3;0.1;4.3;20;0.1;60;0.22;31;0.1;0;3039
Matthéo Xantippe;D (LC), WB (L);26;€1.3M - €3M;Jupiler Pro League;Belgium;2.4;13.1;20%;0.0;0%;0;0.0;0.3;0.2;91%;4.3;0;1.0;2.8;0.8;0.5;0.1;0.1;0;42.1;2.4;4.2;0.3;0.1;16;0.0;0.3;0.7;0.5;0.0;9.9;0.0;5.2;0.0;0.1;3.1;0.1;0.1;0;0.9;59;-1.05;22;0.0;0;2665
Iván Valdez;M (L), AM (RLC);32;€20K - €190K;Jupiler Pro League;Belgium;2.1;4.2;38%;0.0;14%;0;0.0;1.6;0.3;90%;17.7;0;0.4;9.1;1.7;1.3;0.6;0.6;0;42.3;3.6;12.4;1.6;3.4;16;0.7;1.7;0.0;0.1;0.2;10.4;0.2;3.6;0.1;4.0;0.4;0.1;4.0;17;0.0;11;-0.01;20;0.2;0;1135
Roman Květ;DM, M/AM (C);30;€130K - €1.3M;Jupiler Pro League;Belgium;2.6;12.9;22%;0.1;0%;0;0.0;0.7;0.4;92%;6.1;0;0.7;6.9;1.4;0.9;0.2;0.2;0;50.7;5.7;12.4;1.8;0.1;22;0.0;0.7;0.1;0.4;0.0;11.8;0.1;2.9;0.2;0.2;1.9;0.2;0.5;8;0.3;67;-1.76;28;0.1;0;2324
Aldair Rodríguez;AM (R), ST (C);33;€150K - €500K;Jupiler Pro League;Belgium;0.7;1.7;44%;0.0;10%;0;0.0;1.2;0.0;91%;17.1;0;0.1;1.4;0.5;0.1;1.2;1.6;0;26.6;0.9;5.0;1.2;0.7;2;0.0;3.7;0.0;0.1;0.4;9.5;0.4;6.7;0.1;0.3;2.2;0.0;0.3;14;0.1;33;-1.62;6;0.4;0;2198
Malcolm Viltard;DM, M (C);25;€800K - €1.8M;Jupiler Pro League;Belgium;2.0;11.0;17%;0.2;8%;0;0.0;0.8;0.5;94%;5.9;0;0.8;6.3;1.7;1.3;0.2;0.2;0;51.8;4.7;10.2;0.9;0.2;16;0.1;1.0;0.2;0.4;0.1;11.4;0.2;1.5;0.1;0.2;0.3;0.2;0.2;50;0.1;22;-0.87;21;0.2;0;1106
Jakob Kiilerich;D (C);28;€140K - €1.4M;Jupiler Pro League;Belgium;3.1;14.3;8%;0.1;0%;0;0.0;0.2;0.2;93%;3.7;0;0.8;2.7;0.8;0.5;0.1;0.0;0;40.9;1.8;3.5;0.2;0.0;15;0.0;0.4;0.9;0.5;0.0;9.6;0.1;5.6;0.0;0.0;3.9;0.0;0.0;0;1.1;70;-2.13;19;0.1;0;2944
Lukas Willen;D (LC), WB (L), DM, M (LC);25;€40K - €400K;Jupiler Pro League;Belgium;3.0;14.1;0%;0.1;0%;0;0.0;0.2;0.2;90%;3.6;0;1.0;3.2;0.7;0.7;0.1;0.0;0;44.2;2.1;5.7;0.2;0.1;9;0.0;0.1;0.1;0.4;0.0;10.7;0.0;3.0;0.1;0.1;2.4;0.0;0.1;0;0.5;78;-0.31;9;0.0;0;1219
Isaac Cossier;D (C), DM;21;€55K - €550K;Jupiler Pro League;Belgium;2.1;12.4;14%;0.1;0%;0;0.0;0.3;0.0;90%;5.1;0;1.1;2.9;0.9;0.7;0.1;0.0;0;41.3;2.7;3.5;0.3;0.0;15;0.0;0.3;0.5;0.7;0.0;10.0;0.0;5.2;0.0;0.0;3.7;0.1;0.0;0;1.2;72;-0.7;18;0.0;0;1996
Nilton Varela;D/WB (L);27;€170K - €1.7M;Jupiler Pro League;Belgium;3.0;9.8;0%;0.1;0%;0;0.0;1.4;0.1;84%;18.9;0;1.6;10.5;2.1;2.1;0.0;0.0;0;50.0;4.1;25.4;1.4;2.3;58;1.4;0.0;0.8;0.7;0.0;12.5;0.0;3.3;0.1;6.1;2.2;0.0;6.7;21;0.3;66;0;77;0.0;0;2428
David Abrangao;D (LC), WB (L);23;€700K - €1.7M;Jupiler Pro League;Belgium;2.8;11.5;33%;0.1;11%;0;0.0;0.7;0.1;89%;16.3;0;0.7;7.4;1.9;2.5;0.1;0.1;0;56.3;6.8;15.1;0.7;1.3;77;0.3;0.3;1.0;0.5;0.0;11.1;0.1;4.1;0.0;1.5;2.7;0.0;1.5;17;0.5;67;-0.99;89;0.1;0;2814
René Mitongo;ST (C);20;€12M - €15M;Jupiler Pro League;Belgium;0.6;1.6;52%;0.0;12%;0;0.0;1.3;0.1;89%;19.5;0;0.3;1.3;0.4;0.1;1.0;1.5;0;25.1;0.9;5.3;1.3;0.6;2;0.1;2.9;0.0;0.1;0.3;10.2;0.3;9.0;0.1;0.3;4.5;0.1;0.3;28;0.1;50;0.7;3;0.3;0;2105
César De la Hoz;D (C), DM, M (C);36;€0;Jupiler Pro League;Belgium;3.1;10.9;17%;0.2;0%;0;0.0;0.7;0.1;92%;7.5;0;1.4;6.4;1.6;1.3;0.1;0.1;0;50.5;3.8;10.1;0.7;0.1;20;0.0;0.4;0.3;0.7;0.0;10.9;0.0;3.3;0.0;0.0;1.7;0.1;0.0;0;0.4;52;-0.57;30;0.0;0;1377
Marko Ilić;GK;30;€550K;Jupiler Pro League;Belgium;0.0;3.3;0%;0.0;0%;68;0.1;0.0;0.0;80%;8.3;1.91;2.9;0.0;0.0;0.0;0.0;0.0;89;23.5;0.0;0.0;0.0;0.0;1;0.0;0.0;0.0;0.0;0.0;5.6;0.0;0.0;0.0;0.0;0.0;0.0;0.0;0;0.0;0;0;2;0.0;33;2537
Andrea Piron;AM (L);22;€35K - €375K;Jupiler Pro League;Belgium;1.8;3.1;27%;0.0;9%;0;0.0;1.7;0.0;92%;19.3;0;0.9;7.3;2.0;1.2;0.3;0.3;0;42.3;3.2;11.9;1.7;3.6;13;0.8;1.0;0.0;0.2;0.1;11.6;0.1;5.1;0.0;5.6;1.1;0.0;5.6;14;0.1;21;0.12;14;0.1;0;1014
Lee Geon-Hee;D (RL);23;€275K - €2.8M;Jupiler Pro League;Belgium;3.2;10.3;0%;0.1;0%;0;0.0;1.0;0.2;91%;16.9;0;1.3;7.4;2.1;1.8;0.2;0.0;0;55.0;6.3;17.4;1.0;0.4;33;0.2;0.3;0.3;0.6;0.0;12.0;0.0;3.1;0.1;2.6;1.9;0.0;2.6;6;0.3;62;-0.28;49;0.0;0;1684
Anthony Roncaglia;D (C), DM, M (C);27;€950K - €2.3M;Jupiler Pro League;Belgium;2.8;10.2;33%;0.2;17%;0;0.0;0.8;0.2;91%;9.3;0;1.2;6.4;1.7;1.1;0.1;0.1;0;51.2;5.1;10.8;0.8;0.0;20;0.1;0.3;0.2;0.8;0.1;10.8;0.0;2.5;0.1;0.2;1.7;0.1;0.2;33;0.2;70;0.16;26;0.0;0;1671
Yanis Zouaoui;D/WB/M (L);30;€100K - €1M;Jupiler Pro League;Belgium;3.5;7.8;0%;0.2;0%;0;0.0;0.9;0.1;88%;17.5;0;1.3;6.6;1.5;1.6;0.0;0.0;0;55.7;7.4;15.0;1.6;1.2;44;0.6;0.1;0.5;1.0;0.0;11.4;0.0;2.9;0.1;2.2;1.6;0.1;8.3;15;0.1;56;-0.45;60;0.0;0;2533
Son;D/WB (RL);34;€100K - €1M;Jupiler Pro League;Belgium;3.7;10.1;0%;0.1;0%;0;0.0;0.4;0.3;88%;15.1;0;0.7;7.3;1.7;1.5;0.1;0.0;0;52.1;6.8;14.1;0.8;0.8;21;0.6;0.2;1.0;0.6;0.0;11.2;0.0;3.0;0.1;2.1;1.1;0.1;10.0;22;0.2;37;-0.17;29;0.0;0;1298
Lucas Beerten;D/WB (RL), DM;25;€375K - €3.6M;Jupiler Pro League;Belgium;2.7;11.0;10%;0.0;0%;0;0.0;0.6;0.2;89%;6.2;0;0.7;6.2;1.6;1.2;0.3;0.1;0;53.0;5.0;12.3;0.8;0.3;37;0.1;0.6;0.2;0.4;0.0;11.4;0.1;2.4;0.2;0.5;1.6;0.1;0.5;13;0.1;64;-2.27;55;0.1;0;2774
Viktor Boone;D (RC);30;€180K - €1.8M;Jupiler Pro League;Belgium;2.6;14.5;14%;0.2;14%;0;0.0;0.2;0.0;90%;5.0;0;1.4;2.7;0.8;0.5;0.1;0.0;0;41.3;2.2;4.3;0.2;0.0;15;0.0;0.2;0.6;0.8;0.0;10.3;0.0;4.7;0.0;0.1;3.5;0.0;0.1;33;1.1;75;0.26;23;0.0;0;2753
Anton Tanghe;D (C);29;€650K - €1.6M;Jupiler Pro League;Belgium;2.8;13.4;30%;0.2;20%;0;0.0;0.3;0.2;91%;3.7;0;1.3;2.5;0.9;0.5;0.3;0.2;0;41.0;1.9;3.6;0.4;0.0;15;0.0;0.7;0.7;0.8;0.1;9.8;0.1;3.6;0.1;0.1;2.6;0.0;0.1;33;0.5;72;1.59;18;0.1;0;2560
Patric Åslund;M (C), AM (RLC);25;€950K - €2.2M;Jupiler Pro League;Belgium;1.7;10.8;34%;0.0;7%;0;0.0;1.3;0.1;89%;17.4;0;0.4;5.4;1.1;0.4;0.9;0.7;0;41.6;2.2;10.6;1.3;1.6;10;0.1;2.1;0.0;0.3;0.1;12.2;0.3;4.0;0.1;0.8;1.5;0.0;0.8;19;0.0;36;-3.56;13;0.3;0;2518
Benjamin Pauwels;D (L), M/AM (RL), ST (C);23;€190K - €1.9M;Jupiler Pro League;Belgium;1.8;2.7;57%;0.0;7%;0;0.0;1.8;0.1;88%;24.7;0;0.7;9.2;2.1;1.5;0.4;0.7;0;45.8;4.3;13.4;1.9;2.8;18;0.7;1.2;0.0;0.3;0.1;11.6;0.1;3.3;0.1;1.9;1.0;0.0;1.9;34;0.0;31;-0.7;24;0.1;0;1077
Gaëtan Hendrickx;M/AM (LC);33;€20K - €200K;Jupiler Pro League;Belgium;0.4;11.1;33%;0.0;10%;0;0.0;0.5;0.2;94%;14.4;0;0.0;1.1;0.3;0.2;0.3;0.3;0;9.1;0.8;2.3;0.5;0.1;4;0.0;1.0;0.0;0.1;0.1;2.3;0.1;0.6;0.3;0.2;0.1;0.1;0.2;20;0.0;23;-1.32;5;0.2;0;1875
Brent Gabriel;GK;29;€75K - €750K;Jupiler Pro League;Belgium;0.0;2.9;0%;0.0;0%;70;0.2;0.0;0.0;82%;8.9;6.44;3.4;0.0;0.0;0.0;0.0;0.0;89;24.9;0.0;0.0;0.1;0.0;0;0.0;0.0;0.0;0.0;0.0;6.1;0.0;0.0;0.0;0.0;0.0;0.0;0.0;0;0.0;0;0;3;0.0;40;2880
Kwasi Poku;M/AM (L), ST (C);25;€450K - €1.5M;Jupiler Pro League;Belgium;0.3;1.0;50%;0.0;9%;0;0.0;1.4;0.1;89%;18.9;0;0.2;1.2;0.5;0.2;1.1;1.4;0;26.1;0.9;5.4;1.4;0.3;2;0.2;2.8;0.0;0.0;0.3;10.2;0.3;9.0;0.0;0.3;3.1;0.0;0.3;66;0.2;34;-0.76;2;0.3;0;1030
Jellert Van Landschoot;AM (L);30;€110K - €1.1M;Jupiler Pro League;Belgium;2.0;4.3;41%;0.0;14%;0;0.0;2.0;0.4;87%;20.9;0;0.6;8.8;2.0;1.8;0.6;0.7;0;43.3;3.7;15.1;2.0;2.6;41;0.4;1.7;0.0;0.1;0.2;11.3;0.2;3.8;0.2;2.8;0.7;0.2;3.0;13;0.0;19;1.26;42;0.2;0;2004
Jakob Meierhofer;GK;30;€70K - €700K;Jupiler Pro League;Belgium;0.0;5.3;0%;0.0;0%;74;0.0;0.0;0.0;71%;9.3;0.32;3.8;0.0;0.0;0.0;0.0;0.0;91;24.3;0.0;0.0;0.0;0.0;0;0.0;0.0;0.0;0.0;0.0;5.2;0.0;0.0;0.0;0.0;0.0;0.0;0.0;0;0.0;0;0;4;0.0;34;2340
Felix Meyer;D (LC), WB (L), DM, M (L);25;€35K - €325K;Jupiler Pro League;Belgium;3.1;16.4;25%;0.1;0%;0;0.0;0.2;0.1;91%;3.6;0;1.1;3.2;1.0;0.6;0.1;0.0;0;42.6;2.1;3.8;0.2;0.0;22;0.0;0.1;0.6;0.7;0.0;9.8;0.0;5.6;0.0;0.1;3.6;0.0;0.1;20;1.1;64;-0.34;30;0.0;0;3240
Lucas Schoofs;D/WB (R), DM, M (C);31;€350K - €1.2M;Jupiler Pro League;Belgium;2.3;12.0;7%;0.0;0%;0;0.0;0.9;0.2;91%;7.4;0;1.0;6.4;1.2;1.0;0.2;0.0;0;52.6;6.3;11.4;0.9;0.2;31;0.1;0.5;0.3;0.6;0.0;11.6;0.0;1.8;0.2;0.2;1.0;0.1;0.2;57;0.0;55;-1.33;36;0.0;0;2676
Elias Cobbaut;D (LC);30;€220K - €2.2M;Jupiler Pro League;Belgium;3.2;16.2;29%;0.1;0%;0;0.0;0.2;0.0;88%;4.4;0;1.0;2.7;1.0;0.9;0.1;0.1;0;43.4;2.5;4.7;0.2;0.0;29;0.0;0.2;0.8;0.6;0.0;10.4;0.0;5.9;0.0;0.0;4.0;0.0;0.0;100;1.2;68;-0.56;33;0.0;0;2888
Christophe Janssens;D (LC), WB/M (L);30;€65K - €650K;Jupiler Pro League;Belgium;3.1;10.5;0%;0.1;0%;0;0.0;1.1;0.1;90%;12.6;0;0.9;6.8;1.8;1.6;0.1;0.0;0;53.6;6.8;15.4;1.1;0.8;33;0.6;0.1;0.2;0.3;0.0;11.2;0.0;3.5;0.1;2.4;1.8;0.1;2.4;25;0.3;51;0;44;0.0;0;1800
Thibault Vlietinck;D/WB (R);30;€325K - €1.1M;Jupiler Pro League;Belgium;3.5;7.9;0%;0.2;0%;0;0.0;1.3;0.1;86%;17.1;0;1.2;9.3;2.1;1.8;0.0;0.0;0;46.9;5.6;20.9;1.3;2.0;42;1.2;0.1;0.3;0.6;0.0;12.0;0.0;2.8;0.1;5.6;1.5;0.0;7.3;18;0.1;54;-0.59;51;0.0;0;2075
Rubén Iranzo;D (RC);25;€45K - €425K;Jupiler Pro League;Belgium;3.3;14.6;40%;0.1;20%;0;0.0;0.1;0.0;92%;4.5;0;0.8;2.4;0.6;0.4;0.2;0.2;0;43.8;1.8;3.6;0.1;0.0;5;0.0;0.4;0.7;1.0;0.1;9.7;0.0;2.5;0.1;0.4;1.7;0.0;0.4;0;0.3;68;0.45;7;0.0;0;1017
Youssef Challouk;AM (RL), ST (C);32;€14K - €130K;Jupiler Pro League;Belgium;2.2;4.2;42%;0.0;6%;0;0.0;1.8;0.1;84%;25.2;0;0.5;9.3;2.1;2.0;0.4;0.7;0;42.4;3.7;13.3;2.1;2.5;40;1.0;1.6;0.0;0.3;0.1;11.4;0.1;3.9;0.2;3.9;1.5;0.0;4.6;23;0.1;38;-0.89;45;0.1;0;1808
Dylan Ourega;D/WB/M/AM (L);23;€230K - €2.3M;Jupiler Pro League;Belgium;3.7;9.0;33%;0.1;0%;0;0.0;1.2;0.1;90%;16.1;0;0.9;7.4;1.7;1.5;0.0;0.1;0;53.3;6.7;16.0;1.2;1.3;21;0.4;0.2;0.3;0.4;0.0;12.0;0.0;2.8;0.1;1.5;1.0;0.1;1.5;23;0.2;37;-0.32;28;0.0;0;1227
Malick Mbaye;M/AM (RL);24;€120K - €1.2M;Jupiler Pro League;Belgium;1.7;3.7;32%;0.0;5%;0;0.0;1.3;0.3;93%;19.7;0;1.0;8.0;1.2;0.4;1.2;1.0;0;41.2;2.4;17.1;1.3;3.0;5;0.8;3.2;0.0;0.3;0.2;11.5;0.4;3.2;0.1;3.8;1.1;0.1;3.8;20;0.0;35;-2.46;8;0.4;0;1032
Mouhamed Guèye;DM, M (C);24;€250K - €2.6M;Jupiler Pro League;Belgium;2.9;10.1;33%;0.0;7%;0;0.0;0.6;0.2;91%;7.4;0;0.8;5.2;1.4;1.3;0.1;0.2;0;51.0;4.3;12.0;1.1;0.0;26;0.0;0.7;0.3;0.6;0.0;11.9;0.1;2.4;0.2;0.2;1.6;0.1;0.2;25;0.1;67;-2.07;28;0.1;0;1848
Valentín Adamo;ST (C);26;€110K - €1.1M;Jupiler Pro League;Belgium;0.6;2.2;43%;0.0;14%;0;0.0;1.0;0.2;91%;18.4;0;0.1;1.8;0.6;0.1;1.2;1.4;0;24.7;0.9;5.7;1.1;0.7;3;0.1;3.3;0.0;0.1;0.5;10.0;0.4;9.1;0.1;0.5;3.7;0.0;0.7;13;0.2;40;2.21;3;0.4;0;1898
Chris Lokesa;M/AM (LC);23;€350K - €3.4M;Jupiler Pro League;Belgium;2.2;3.8;28%;0.0;8%;0;0.0;1.6;0.2;87%;21.7;0;0.4;8.5;1.7;1.2;0.1;0.2;0;43.4;3.5;13.2;1.6;3.7;33;0.3;0.9;0.0;0.3;0.1;11.5;0.1;4.7;0.1;1.9;2.1;0.0;1.9;15;0.1;45;-0.78;42;0.1;0;2570
Wolke Janssens;D (RC);33;€26K - €250K;Jupiler Pro League;Belgium;2.5;14.1;40%;0.2;10%;0;0.0;0.0;0.1;91%;3.3;0;0.9;2.7;1.0;0.5;0.1;0.1;0;41.3;2.0;3.1;0.0;0.0;17;0.1;0.3;0.7;0.7;0.0;9.6;0.0;3.9;0.0;0.1;2.6;0.0;0.1;100;0.5;66;0.22;24;0.0;0;2814
Sam Vanderhallen;D (C);24;€375K;Jupiler Pro League;Belgium;3.2;10.8;35%;0.0;0%;0;0.0;0.1;0.2;91%;4.4;0;0.9;3.1;1.0;0.3;0.3;0.4;0;41.5;1.9;3.9;0.1;0.0;6;0.0;1.2;0.5;0.6;0.0;10.1;0.1;6.2;0.0;0.0;4.1;0.0;0.0;0;1.1;66;-2.19;7;0.1;0;1726
Willsem Boussaid;AM (RL), ST (C);22;€200K - €2M;Jupiler Pro League;Belgium;1.9;4.1;40%;0.0;10%;0;0.0;1.6;0.5;89%;21.6;0;0.8;8.2;1.6;0.8;0.7;0.7;0;42.5;3.4;11.2;1.6;5.4;18;0.6;1.8;0.0;0.2;0.2;11.0;0.2;3.6;0.2;4.2;1.2;0.0;4.2;15;0.1;34;-0.73;27;0.2;0;1965
Thomas Claes;M/AM (C), ST (C);24;€70K - €700K;Jupiler Pro League;Belgium;0.0;9.3;41%;0.0;12%;0;0.0;0.0;0.5;0%;17.2;0;0.0;0.0;0.0;0.0;0.2;0.2;0;0.0;0.0;0.0;0.0;0.0;0;0.0;0.6;0.0;0.0;0.1;0.0;0.0;0.0;0.1;0.0;0.0;0.0;0.2;0;0.0;0;0.64;0;0.0;0;2595
Joedrick Pupe;D (LC);30;€130K - €1.3M;Jupiler Pro League;Belgium;2.4;15.8;0%;0.1;0%;0;0.0;0.1;0.1;93%;3.0;0;1.1;2.7;1.1;0.5;0.1;0.0;0;43.1;2.2;3.2;0.1;0.0;16;0.0;0.1;0.8;0.5;0.0;9.8;0.0;5.0;0.0;0.1;2.9;0.0;0.1;0;0.9;58;-0.3;22;0.0;0;2636
Aymen Dahmen;GK;31;€110K - €1.1M;Jupiler Pro League;Belgium;0.0;3.4;0%;0.0;0%;69;0.2;0.0;0.0;77%;8.7;6.27;3.7;0.0;0.0;0.0;0.0;0.0;88;24.0;0.0;0.0;0.0;0.0;1;0.0;0.0;0.0;0.0;0.0;5.7;0.0;0.0;0.0;0.0;0.0;0.0;0.0;0;0.0;0;0;4;0.0;46;3153
Léandre Kuavita;DM, M (C);24;€210K - €2.1M;Jupiler Pro League;Belgium;0.7;10.1;44%;0.0;22%;0;0.0;0.1;0.3;87%;12.9;0;0.2;2.1;0.5;0.2;0.1;0.2;0;17.2;1.2;3.2;0.2;0.0;3;0.0;0.6;0.1;0.2;0.1;3.5;0.1;0.5;0.2;0.0;0.4;0.1;0.0;0;0.0;75;0.16;3;0.1;0;1457
Romain Matthys;GK;29;€275K - €2.8M;Jupiler Pro League;Belgium;0.0;3.7;0%;0.0;0%;76;0.2;0.0;0.0;80%;6.5;5.53;3.1;0.0;0.0;0.1;0.0;0.0;89;24.6;0.0;0.0;0.0;0.0;2;0.0;0.0;0.0;0.0;0.0;5.8;0.0;0.0;0.0;0.0;0.0;0.0;0.0;0;0.0;0;0;3;0.0;29;2340
Martin Rossignol;DM, M (C);24;€850K - €2M;Jupiler Pro League;Belgium;0.2;10.4;44%;0.0;11%;0;0.0;0.3;0.1;95%;14.1;0;0.2;0.7;0.3;0.3;0.2;0.2;0;6.2;0.8;1.2;0.3;0.0;5;0.0;0.5;0.1;0.0;0.1;1.5;0.0;0.3;0.1;0.1;0.2;0.1;0.1;0;0.1;50;0.59;6;0.0;0;1797
Ewoud Pletinckx;D (C);27;€110K - €1.1M;Jupiler Pro League;Belgium;2.9;21.3;0%;0.2;0%;0;0.0;0.5;0.0;89%;2.8;0;1.3;2.8;0.5;0.2;0.1;0.0;0;43.4;2.2;5.3;0.5;0.0;3;0.0;0.4;0.6;0.9;0.0;10.7;0.0;4.9;0.2;0.1;3.6;0.1;0.1;0;0.7;73;-0.62;4;0.0;0;1160
Emirhan Demircan;M (L), AM (RL);23;€75K - €750K;Jupiler Pro League;Belgium;1.9;3.7;52%;0.0;10%;0;0.0;1.8;0.2;91%;21.5;0;0.4;8.7;2.4;1.8;0.4;0.6;0;45.8;2.9;12.0;1.8;3.8;42;0.6;1.2;0.0;0.2;0.1;11.5;0.1;4.3;0.1;3.4;1.3;0.0;3.4;18;0.1;30;-0.41;48;0.1;0;2141
Noam Mayoka-Tika;DM, M (C);24;€210K - €2.1M;Jupiler Pro League;Belgium;2.8;12.0;25%;0.2;0%;0;0.0;1.1;0.1;92%;6.2;0;1.0;5.3;2.0;1.5;0.1;0.1;0;52.1;5.3;10.3;1.1;0.3;21;0.0;0.6;0.3;0.4;0.0;11.9;0.1;3.0;0.2;0.2;1.5;0.4;0.2;0;0.6;49;-0.74;28;0.1;0;1272
Yannick Leliendal;D/WB (L), DM, M (C);26;€230K - €2.3M;Jupiler Pro League;Belgium;2.4;9.6;20%;0.0;7%;0;0.0;0.6;0.1;91%;8.6;0;0.8;6.1;1.5;1.1;0.2;0.1;0;49.9;3.5;10.0;0.6;0.4;33;0.2;0.5;0.1;0.5;0.0;10.8;0.1;1.4;0.1;0.3;0.7;0.1;0.9;34;0.1;45;-2.44;47;0.1;0;2746
Amadou Keita;DM, M (C);26;€160K - €1.6M;Jupiler Pro League;Belgium;0.7;11.5;11%;0.0;0%;0;0.0;0.6;0.2;90%;10.6;0;0.5;1.9;0.5;0.4;0.3;0.1;0;18.1;2.0;3.5;0.7;0.1;12;0.0;0.6;0.1;0.3;0.0;4.1;0.1;0.5;0.1;0.0;0.2;0.2;0.0;0;0.1;50;-1.86;14;0.1;0;2780
Jonathan Silva;D/WB (L);33;€120K;Jupiler Pro League;Belgium;3.1;14.9;33%;0.1;0%;0;0.0;1.0;0.3;90%;12.7;0;1.2;7.2;1.7;2.4;0.0;0.0;0;54.6;6.6;16.2;1.7;0.5;71;0.5;0.1;0.5;0.5;0.0;11.8;0.0;3.5;0.1;2.7;1.7;0.1;7.3;19;0.4;48;-0.54;88;0.0;0;2701
Bruny Nsimba;AM (L), ST (C);28;€950K - €2.2M;Jupiler Pro League;Belgium;0.8;2.0;44%;0.0;15%;0;0.0;1.1;0.0;88%;16.9;0;0.2;1.5;0.6;0.1;0.6;1.0;0;25.8;0.8;5.1;1.1;0.7;4;0.1;2.3;0.0;0.2;0.3;9.9;0.2;7.5;0.1;0.5;3.1;0.0;0.5;25;0.2;42;2.79;6;0.2;0;2635
Thomas Van Den Keybus;DM, M (C);27;€20K - €210K;Jupiler Pro League;Belgium;2.8;10.8;20%;0.0;0%;0;0.0;0.9;0.1;91%;7.3;0;0.8;5.8;1.5;1.3;0.1;0.1;0;51.8;6.0;10.4;1.0;0.4;46;0.0;0.4;0.1;0.4;0.0;11.3;0.0;2.2;0.2;0.2;1.3;0.1;3.3;15;0.1;60;-0.98;53;0.0;0;3214
Đorđe Gordić;M (RC), AM (RLC);23;€45K - €475K;Jupiler Pro League;Belgium;1.4;11.8;37%;0.0;11%;0;0.0;1.8;0.3;88%;19.6;0;0.3;5.1;1.1;0.4;0.3;0.6;0;41.1;3.0;8.9;1.9;1.5;11;0.2;1.7;0.0;0.3;0.2;11.1;0.2;3.9;0.2;0.8;1.2;0.2;1.2;18;0.1;31;-0.33;15;0.2;0;2442
Matheus Araújo;M (C), AM (RLC);26;€300K - €3.1M;First Division;Brazil;1.5;11.2;59%;0.0;11%;0;0.0;1.8;0.4;89%;15.1;0;0.5;6.1;0.9;0.5;0.6;1.0;0;41.3;2.6;10.7;1.9;1.8;12;0.1;1.7;0.0;0.4;0.2;11.8;0.2;3.6;0.2;0.7;0.7;0.2;0.7;13;0.0;19;0.38;19;0.2;0;1996
Gabriel Grando;GK;28;€210K - €2.1M;First Division;Brazil;0.0;3.3;0%;0.0;0%;67;-0.0;0.0;0.0;83%;8.4;-0.87;2.9;0.0;0.0;0.0;0.0;0.0;90;24.6;0.0;0.0;0.0;0.0;0;0.0;0.0;0.0;0.0;0.0;5.0;0.0;0.0;0.0;0.0;0.0;0.0;0.0;0;0.0;0;0;2;0.0;17;1567
Caíque França;GK;33;Not for Sale;First Division;Brazil;0.0;4.2;0%;0.0;0%;73;0.0;0.1;0.0;86%;7.9;0.12;3.4;0.0;0.0;0.0;0.0;0.0;90;25.2;0.0;0.0;0.1;0.0;0;0.0;0.0;0.0;0.0;0.0;5.1;0.0;0.0;0.0;0.0;0.0;0.0;0.0;0;0.0;0;0;0;0.0;20;1279
Raphael Rodrigues;D (C), DM;29;€3K - €28K;First Division;Brazil;2.8;14.7;0%;0.2;0%;0;0.0;0.1;0.0;90%;4.0;0;0.8;2.8;1.2;0.7;0.0;0.0;0;41.3;1.9;4.3;0.1;0.0;11;0.0;0.2;1.0;0.7;0.0;10.2;0.0;3.9;0.0;0.1;2.9;0.0;0.1;0;0.6;73;-0.34;14;0.0;0;1465
Felipe Salomoni;D/WB/M/AM (L);25;€650K - €6.4M;First Division;Brazil;2.3;12.7;38%;0.2;0%;0;0.0;1.0;0.2;88%;12.1;0;1.3;7.3;1.9;2.1;0.2;0.2;0;54.0;6.4;15.7;1.0;1.0;41;0.1;0.4;0.8;0.7;0.0;11.8;0.0;3.4;0.1;1.7;1.6;0.0;1.7;3;0.3;48;-0.42;49;0.0;0;1773
Tiago Cóser;D (C);24;€5.6M - €11.5M;First Division;Brazil;3.3;16.8;29%;0.1;12%;0;0.0;0.1;0.0;93%;3.3;0;0.9;3.1;1.0;0.5;0.2;0.2;0;41.4;2.1;3.7;0.1;0.0;11;0.0;0.7;0.4;0.6;0.1;10.4;0.1;6.2;0.0;0.0;4.0;0.0;0.0;0;0.8;65;0.44;14;0.1;0;2185
Marcus Vinicius;AM (LC), ST (C);31;€150K - €1.5M;First Division;Brazil;1.3;8.9;48%;0.0;13%;0;0.0;2.0;0.3;88%;18.9;0;0.2;4.8;1.4;0.4;0.4;0.8;0;41.7;3.2;9.8;2.2;0.9;6;0.0;1.6;0.0;0.2;0.2;11.9;0.1;3.4;0.1;1.3;1.2;0.1;1.8;4;0.1;35;0.07;13;0.2;0;1280
Marcelinho;D/WB/AM (R);29;€230K - €750K;First Division;Brazil;1.9;6.1;34%;0.1;10%;0;0.0;1.5;0.3;87%;17.8;0;0.5;7.4;2.1;1.5;0.3;0.5;0;47.1;4.8;14.1;1.5;2.5;27;0.6;1.6;0.2;0.3;0.2;11.3;0.2;3.8;0.1;3.5;0.8;0.2;3.5;18;0.1;20;-0.33;35;0.2;0;1663
Luiz Peu;DM;19;€750K - €1.8M;First Division;Brazil;2.1;11.3;20%;0.1;0%;0;0.0;0.8;0.1;95%;7.0;0;1.0;6.5;1.5;1.1;0.3;0.1;0;50.4;5.5;12.7;0.8;0.3;17;0.1;0.6;0.0;0.5;0.0;12.0;0.1;1.7;0.1;0.2;0.9;0.3;0.2;66;0.0;54;-1.09;19;0.1;0;1406
Cristian Renato;AM (R), ST (C);28;€1.1M - €11M;First Division;Brazil;0.4;2.4;54%;0.0;19%;0;0.0;1.5;0.1;86%;17.4;0;0.1;1.8;0.8;0.3;0.9;1.4;0;26.7;1.1;6.1;1.5;0.3;6;0.1;2.6;0.0;0.0;0.5;10.3;0.3;9.0;0.1;0.6;3.8;0.1;0.6;18;0.1;42;3.58;9;0.3;0;1672
Lucão;D (C);30;€0 - €45K;First Division;Brazil;4.1;13.2;17%;0.2;0%;0;0.0;0.1;0.0;91%;4.6;0;1.6;2.4;0.9;0.6;0.1;0.1;0;41.7;2.1;4.4;0.1;0.1;8;0.0;0.4;1.5;1.0;0.0;10.2;0.0;6.0;0.0;0.1;4.8;0.1;0.1;0;0.7;79;-0.5;13;0.0;0;1300
Gabriel Bahia;D (C), DM;29;€325K - €1.1M;First Division;Brazil;2.7;18.9;25%;0.1;0%;0;0.0;0.3;0.0;88%;3.2;0;1.2;2.5;1.0;0.5;0.2;0.2;0;41.1;2.2;3.8;0.3;0.0;14;0.0;0.9;1.3;0.7;0.0;9.5;0.1;3.5;0.0;0.0;2.7;0.0;0.0;0;0.6;79;-2.71;18;0.1;0;2360
Braian Cufré;D/WB (L);31;Not for Sale;First Division;Brazil;2.9;10.0;21%;0.0;0%;0;0.0;1.4;0.2;91%;14.4;0;1.8;6.3;1.8;1.9;0.1;0.1;0;56.1;7.5;16.9;1.6;0.6;43;0.4;0.6;0.6;0.6;0.0;11.8;0.1;3.6;0.1;2.3;1.8;0.0;2.3;16;0.3;51;-2.06;48;0.1;0;2079
Rafael Ramos;D (RL), WB (R);33;€120K - €1.2M;First Division;Brazil;3.7;13.1;15%;0.3;0%;0;0.0;1.0;0.3;90%;13.9;0;0.9;8.4;2.0;2.1;0.2;0.1;0;50.5;6.7;14.2;1.0;0.6;35;0.2;0.8;0.2;0.4;0.0;11.6;0.2;3.2;0.2;1.6;1.6;0.2;4.2;15;0.1;49;-3.2;46;0.2;0;1474
Jamerson;D/WB (L);29;€1.1M - €2.6M;First Division;Brazil;4.0;12.8;40%;0.0;20%;0;0.0;1.2;0.1;86%;14.1;0;1.1;6.7;1.5;1.5;0.1;0.1;0;55.6;7.2;15.7;1.3;1.4;28;0.2;0.3;0.4;0.6;0.1;11.7;0.0;3.6;0.2;2.4;2.1;0.1;2.4;6;0.3;59;0.66;36;0.0;0;1709
Gabriel Feliciano;D/WB/M/AM (L);26;€500K - €5M;First Division;Brazil;2.9;10.3;0%;0.2;0%;0;0.0;1.0;0.2;89%;15.4;0;1.4;7.6;2.4;2.4;0.1;0.0;0;56.7;7.7;15.5;1.2;0.7;43;0.2;0.3;0.4;0.6;0.0;11.6;0.0;3.7;0.0;1.5;2.1;0.1;1.5;11;0.3;56;-0.75;50;0.0;0;1602
Luiz Mandaca;DM, M (LC), AM (L);26;€300K - €3M;First Division;Brazil;0.0;9.9;24%;0.0;12%;0;0.0;0.1;0.4;0%;14.3;0;0.0;0.0;0.0;0.0;0.2;0.2;0;0.0;0.0;0.0;0.1;0.0;0;0.0;0.7;0.0;0.0;0.1;0.0;0.1;0.0;0.1;0.0;0.0;0.1;0.0;0;0.0;0;0.75;0;0.1;0;2052
Agustín Colazo;AM (R), ST (C);27;€4M - €8.8M;First Division;Brazil;0.9;2.9;47%;0.0;20%;0;0.0;0.6;0.1;89%;18.1;0;0.2;2.1;0.4;0.1;0.7;1.2;0;25.0;0.4;5.2;1.2;1.2;1;0.0;2.5;0.0;0.3;0.5;9.7;0.3;8.1;0.1;0.3;2.9;0.1;0.3;0;0.1;36;4.44;3;0.3;0;1618
Hugo Gomes;D (C);33;€26K - €250K;First Division;Brazil;2.5;12.8;67%;0.1;0%;0;0.0;0.1;0.1;92%;3.5;0;0.9;1.5;0.7;0.3;0.2;0.2;0;41.1;1.7;3.0;0.1;0.0;3;0.0;0.3;1.1;0.5;0.0;9.2;0.0;5.8;0.0;0.0;4.0;0.0;0.0;0;1.3;69;-0.15;4;0.0;0;1048
Tobías Coppo;D (RC), DM;27;€110K - €1.1M;First Division;Brazil;2.2;18.8;50%;0.0;13%;0;0.0;0.8;0.1;92%;3.9;0;1.1;3.4;1.3;1.0;0.1;0.3;0;46.3;3.9;6.4;0.8;0.1;14;0.1;0.6;0.4;0.6;0.1;10.3;0.1;3.6;0.1;0.4;2.5;0.1;0.4;16;0.4;69;0.08;18;0.1;0;1281
Nathan Melo;DM, M (C);27;€170K - €1.7M;First Division;Brazil;2.0;15.0;40%;0.0;0%;0;0.0;0.9;0.3;90%;5.5;0;0.6;6.3;1.7;1.3;0.3;0.1;0;50.8;5.3;10.8;0.9;0.2;19;0.1;0.3;0.4;0.3;0.0;11.7;0.0;1.7;0.3;0.1;1.1;0.1;0.1;100;0.0;64;-0.25;25;0.0;0;1294
Lucca;AM (LC), ST (C);25;€1.5M - €3.5M;First Division;Brazil;0.7;2.6;46%;0.0;15%;0;0.0;0.5;0.7;87%;16.3;0;0.5;0.8;0.2;0.0;1.1;1.6;0;25.2;0.3;4.9;0.5;0.6;0;0.2;3.5;0.0;0.0;0.5;9.9;0.4;6.6;0.1;0.2;1.2;0.1;0.2;100;0.0;18;1.49;1;0.4;0;1062
Léo;D (LC);32;€1.7M;First Division;Brazil;3.0;18.9;27%;0.1;9%;0;0.0;0.2;0.1;92%;3.6;0;0.9;3.1;1.0;0.6;0.2;0.2;0;41.3;2.3;5.8;0.2;0.1;10;0.0;0.6;0.2;0.6;0.1;10.5;0.1;6.0;0.1;0.1;4.0;0.1;0.1;0;1.4;67;-0.14;13;0.1;0;1574
Adriel;D (C), DM;31;€0 - €60K;First Division;Brazil;1.9;13.6;0%;0.0;0%;0;0.0;0.2;0.1;92%;5.4;0;1.4;4.5;1.0;0.4;0.1;0.0;0;49.1;3.7;7.5;0.2;0.1;5;0.0;0.2;0.5;0.5;0.0;11.2;0.0;3.3;0.1;0.1;2.4;0.0;0.1;0;0.5;73;-0.32;11;0.0;0;1080
Román Gómez;D (R);23;€350K - €3.4M;First Division;Brazil;3.3;13.2;27%;0.1;7%;0;0.0;1.0;0.1;88%;14.6;0;1.0;7.1;1.8;1.4;0.1;0.3;0;58.1;8.2;14.2;1.0;1.5;21;0.6;1.0;0.4;0.5;0.1;11.9;0.1;4.3;0.1;1.6;2.5;0.3;1.6;37;0.4;58;-0.53;29;0.1;0;1353
Juan Camilo Portilla;DM, M (C);29;€900K;First Division;Brazil;0.2;12.0;25%;0.0;0%;0;0.0;0.1;0.0;87%;13.8;0;0.0;0.8;0.2;0.2;0.6;0.3;0;6.8;0.5;1.3;0.3;0.1;2;0.0;1.3;0.0;0.0;0.0;1.4;0.1;0.3;0.1;0.0;0.2;0.1;0.1;0;0.1;50;-1.16;3;0.1;0;1133
Marcos Victor;D (C);26;€190K - €1.9M;First Division;Brazil;2.5;15.1;19%;0.1;0%;0;0.0;0.1;0.2;90%;3.3;0;0.8;2.1;0.8;0.3;0.4;0.2;0;41.5;1.9;3.7;0.1;0.1;7;0.0;0.9;0.6;0.5;0.0;10.2;0.1;5.7;0.0;0.1;4.1;0.0;0.1;0;1.1;72;-2;14;0.1;0;2160
Mateusinho;D/WB (R);29;€140K - €1.4M;First Division;Brazil;3.1;10.7;10%;0.0;0%;0;0.0;0.7;0.2;87%;15.2;0;1.1;7.9;1.8;1.5;0.8;0.2;0;53.3;7.9;16.3;1.4;1.2;34;0.4;1.7;0.4;0.7;0.0;11.8;0.2;3.6;0.1;1.5;1.3;0.1;3.3;25;0.2;37;-3.66;45;0.2;0;2096
Renato Kayser;ST (C);32;Not for Sale;First Division;Brazil;0.7;1.7;50%;0.0;12%;0;0.0;0.8;0.3;90%;20.5;0;0.2;1.8;0.5;0.1;0.5;1.3;0;30.7;0.7;5.9;0.8;1.1;1;0.2;2.5;0.0;0.1;0.3;10.4;0.3;7.6;0.1;0.4;1.4;0.1;0.4;57;0.2;18;0.23;2;0.3;0;1487
Fernandinho;AM (RL), ST (C);30;€400K - €4.1M;First Division;Brazil;2.2;4.1;48%;0.1;12%;0;0.0;1.4;0.3;88%;16.8;0;0.4;6.5;1.4;0.9;0.6;1.1;0;37.1;2.6;11.7;1.4;3.4;13;0.2;2.3;0.0;0.4;0.3;11.6;0.3;4.9;0.2;2.3;1.3;0.0;2.3;9;0.0;28;-0.88;16;0.3;0;1269
Cleiton;D (C);25;€26K - €275K;First Division;Brazil;2.6;12.5;67%;0.1;17%;0;0.0;0.1;0.0;87%;3.0;0;1.1;3.1;0.9;0.4;0.2;0.3;0;41.5;2.5;3.1;0.1;0.1;6;0.0;0.4;0.7;0.9;0.1;9.8;0.0;4.8;0.0;0.0;3.3;0.0;0.0;0;1.1;68;0.64;6;0.0;0;1371
Isaque;AM (LC), ST (C);31;€210K - €2.1M;First Division;Brazil;1.4;4.9;32%;0.0;12%;0;0.0;1.7;0.2;88%;20.6;0;0.5;9.6;1.9;1.6;0.3;0.5;0;41.5;2.9;12.6;1.7;3.8;25;0.3;1.6;0.0;0.3;0.2;10.7;0.2;4.9;0.1;2.2;2.2;0.1;2.2;11;0.1;44;-0.55;27;0.2;0;1413
Jeppe Simonsen;D (RLC), WB (RL);32;Unknown;3F Superliga;Denmark;0.0;0.0;8%;0.0;0%;0;0.0;0.0;0.0;69%;0.0;0;0.0;0.0;0.0;1.4;0.0;0.0;0;20.9;0.0;0.0;0.0;0.0;29;0.0;0.6;0.0;0.0;0.0;0.0;0.1;0.0;0.1;0.0;0.0;0.0;0.0;0;0.0;0;-1.88;30;0.1;0;1894
Patrick Olsen;DM, M (C);34;€16K - €170K;3F Superliga;Denmark;0.0;0.0;21%;0.0;7%;0;0.0;0.0;0.0;65%;0.0;0;0.0;0.0;0.0;2.0;0.0;0.1;0;20.0;0.0;0.0;0.0;0.0;44;0.0;0.6;0.0;0.0;0.0;0.0;0.1;0.0;0.1;0.0;0.0;0.2;0.0;0;0.0;0;-0.81;53;0.1;0;1980
Lubambo Musonda;D/WB/M (RL);33;Unknown;3F Superliga;Denmark;0.0;0.0;10%;0.0;10%;0;0.0;0.0;0.0;69%;0.0;0;0.0;0.0;0.0;1.9;0.0;0.1;0;20.0;0.0;0.0;0.0;0.0;34;0.0;0.6;0.0;0.0;0.1;0.0;0.1;0.0;0.1;0.0;0.0;0.0;0.0;0;0.0;0;-0.09;37;0.1;0;1620
Lévy Néne;AM (RL), ST (C);22;Unknown;3F Superliga;Denmark;0.0;0.0;50%;0.0;17%;0;0.0;0.0;0.0;61%;0.0;0;0.0;0.0;0.0;1.2;0.0;1.7;0;21.2;0.0;0.0;0.0;0.0;20;0.0;3.4;0.0;0.0;0.6;0.0;0.4;0.0;0.1;0.0;0.0;0.5;0.0;0;0.0;0;1.93;32;0.4;0;1441
William Lykke;GK;23;Unknown;3F Superliga;Denmark;0.0;1.1;0%;0.0;0%;77;0.1;0.0;0.0;66%;2.8;3.6;1.4;0.0;0.0;0.0;0.0;0.0;83;21.1;0.0;0.0;0.0;0.0;0;0.0;0.0;0.0;0.0;0.0;1.8;0.0;0.0;0.0;0.0;0.0;0.0;0.0;0;0.0;0;0;1;0.0;34;2214
Renzo Tytens;D/WB/M (L);22;Unknown;3F Superliga;Denmark;0.0;0.0;18%;0.0;9%;0;0.0;0.0;0.0;72%;0.0;0;0.0;0.0;0.0;1.6;0.0;0.1;0;20.0;0.0;0.0;0.0;0.0;33;0.0;0.6;0.0;0.0;0.1;0.0;0.1;0.0;0.1;0.0;0.0;0.1;0.0;0;0.0;0;-0.28;34;0.1;0;1800
Sebastian Grønning;ST (C);31;€100K - €1M;3F Superliga;Denmark;0.4;0.4;53%;0.0;14%;0;0.0;0.2;0.1;71%;6.2;0;0.0;0.5;0.2;0.7;0.2;1.4;0;23.1;0.4;3.4;0.2;0.2;12;0.0;2.6;0.0;0.1;0.4;3.5;0.3;3.1;0.1;0.2;1.1;0.2;0.2;0;0.1;35;0.87;19;0.3;0;1474
Lars Bro;ST (C);17;Unknown;3F Superliga;Denmark;0.0;0.1;49%;0.0;2%;0;0.0;0.1;0.0;65%;3.7;0;0.0;0.4;0.1;0.8;0.4;1.8;0;21.6;0.1;0.6;0.1;0.1;11;0.0;3.6;0.0;0.0;0.1;1.4;0.4;1.0;0.1;0.0;0.4;0.1;0.0;0;0.0;43;-4.56;20;0.4;0;1279
Otabek Shukurov;DM, M (C);31;€3.5K - €35K;3F Superliga;Denmark;0.6;3.6;20%;0.0;20%;0;0.0;0.2;0.2;79%;1.7;0;0.2;1.7;0.6;1.9;0.0;0.1;0;29.8;2.0;3.1;0.2;0.1;39;0.1;0.5;0.0;0.0;0.1;3.4;0.1;0.5;0.2;0.1;0.3;0.2;0.1;100;0.0;70;0.81;48;0.1;0;1886
Simon Colyn;M (L), AM (LC), ST (C);26;Unknown;3F Superliga;Denmark;0.0;0.0;35%;0.0;10%;0;0.0;0.0;0.0;61%;0.0;0;0.0;0.0;0.0;0.6;0.0;0.8;0;20.0;0.0;0.0;0.0;0.0;14;0.0;2.2;0.0;0.0;0.2;0.0;0.3;0.0;0.1;0.0;0.0;0.1;0.0;0;0.0;0;-1.53;14;0.3;0;1980
Ivan Milićević;D/WB/M (L);29;Unknown;3F Superliga;Denmark;0.0;0.0;0%;0.0;17%;0;0.0;0.0;0.0;73%;0.0;0;0.0;0.0;0.0;2.1;0.0;0.0;0;20.0;0.0;0.0;0.0;0.0;34;0.0;0.4;0.0;0.0;0.1;0.0;0.0;0.0;0.1;0.0;0.0;0.1;0.0;0;0.0;0;0.61;35;0.0;0;1440
Elies Mahmoud;AM (RL);27;Unknown;3F Superliga;Denmark;0.0;0.0;35%;0.0;0%;0;0.0;0.0;0.0;71%;0.0;0;0.0;0.0;0.0;1.1;0.0;0.5;0;20.0;0.0;0.0;0.0;0.0;21;0.0;1.3;0.0;0.0;0.0;0.0;0.1;0.0;0.0;0.0;0.0;0.1;0.0;0;0.0;0;-2.96;27;0.1;0;1800
Baptiste Rolland;D (C);25;Unknown;3F Superliga;Denmark;0.0;0.0;0%;0.0;13%;0;0.0;0.0;0.0;67%;0.0;0;0.0;0.0;0.0;2.0;0.0;0.0;0;23.1;0.0;0.0;0.0;0.0;35;0.0;0.5;0.0;0.0;0.1;0.0;0.1;0.0;0.0;0.0;0.0;0.1;0.0;0;0.0;0;-0.11;36;0.1;0;1558
Arbnor Mucolli;M/AM (RLC), ST (C);28;Unknown;3F Superliga;Denmark;0.0;0.0;52%;0.0;12%;0;0.0;0.0;0.0;58%;0.0;0;0.0;0.0;0.0;1.3;0.0;1.9;0;20.9;0.0;0.0;0.0;0.0;27;0.0;3.7;0.0;0.0;0.4;0.0;0.3;0.0;0.1;0.0;0.0;0.1;0.0;0;0.0;0;1.81;33;0.3;0;1895
Julius Beck;DM, M (C);23;Unknown;3F Superliga;Denmark;0.0;0.4;0%;0.0;0%;0;0.0;0.0;0.1;70%;0.7;0;0.0;0.3;0.1;2.4;0.0;0.0;0;28.1;0.3;0.7;0.0;0.1;33;0.0;0.7;0.0;0.0;0.0;0.8;0.1;0.1;0.1;0.0;0.0;0.1;0.0;0;0.0;0;-0.95;38;0.1;0;1243
Maxime Soulas;D (C);29;Unknown;3F Superliga;Denmark;0.0;0.0;18%;0.0;27%;0;0.0;0.0;0.0;70%;0.0;0;0.0;0.0;0.0;1.5;0.0;0.1;0;20.0;0.0;0.0;0.0;0.0;32;0.0;0.5;0.0;0.0;0.1;0.0;0.1;0.0;0.0;0.0;0.0;0.0;0.0;0;0.0;0;1.55;33;0.1;0;1980
Jubril Adedeji;AM (RL);28;Unknown;3F Superliga;Denmark;0.0;0.0;36%;0.0;4%;0;0.0;0.0;0.0;67%;0.0;0;0.0;0.0;0.0;0.7;0.0;0.5;0;20.0;0.0;0.0;0.0;0.0;13;0.0;1.2;0.0;0.0;0.1;0.0;0.1;0.0;0.0;0.0;0.0;0.1;0.0;0;0.0;0;-0.7;25;0.1;0;1800
Bjarne Pudel;D (C), DM, M (C);27;Unknown;3F Superliga;Denmark;0.0;0.0;31%;0.0;15%;0;0.0;0.0;0.0;71%;0.0;0;0.0;0.0;0.0;1.7;0.0;0.2;0;20.6;0.0;0.0;0.0;0.0;36;0.0;0.6;0.0;0.0;0.1;0.0;0.1;0.0;0.1;0.0;0.0;0.1;0.0;0;0.0;0;-0.23;37;0.1;0;1920
Kevin Mbabu;D/WB (R);33;€100K - €1M;3F Superliga;Denmark;0.8;2.7;24%;0.0;18%;0;0.0;0.3;0.0;78%;2.9;0;0.2;2.4;0.4;1.6;0.0;0.2;0;28.6;1.6;3.2;0.3;0.3;36;0.1;0.7;0.3;0.1;0.1;2.6;0.1;1.0;0.1;0.5;0.7;0.1;0.5;18;0.1;74;1.41;38;0.1;0;2090
Anders Larsen;AM (C);18;Unknown;3F Superliga;Denmark;0.1;0.1;29%;0.0;0%;0;0.0;0.0;0.0;71%;0.4;0;0.0;0.1;0.0;1.0;0.0;0.7;0;21.4;0.0;0.2;0.0;0.1;17;0.0;2.3;0.0;0.0;0.0;0.2;0.3;0.1;0.0;0.0;0.0;0.2;0.0;0;0.0;0;-4.82;37;0.3;0;1571
Lucas Lissens;D (C);26;Unknown;3F Superliga;Denmark;0.0;0.0;15%;0.0;8%;0;0.0;0.0;0.0;71%;0.0;0;0.0;0.0;0.0;1.7;0.0;0.1;0;20.7;0.0;0.0;0.0;0.0;35;0.0;0.6;0.0;0.0;0.0;0.0;0.0;0.0;0.0;0.0;0.0;0.1;0.0;0;0.0;0;0.06;37;0.0;0;1827
Kotaro Uchino;ST (C);23;Unknown;3F Superliga;Denmark;0.1;0.0;46%;0.0;12%;0;0.0;0.1;0.0;63%;4.6;0;0.0;0.3;0.0;0.5;0.2;1.1;0;21.6;0.0;0.9;0.1;0.2;6;0.0;2.3;0.0;0.0;0.3;1.8;0.2;1.4;0.0;0.0;0.2;0.1;0.0;0;0.0;13;0.34;12;0.2;0;1002
Wessel Dammers;D (C), DM, M (C);33;Not for Sale;3F Superliga;Denmark;0.0;0.0;44%;0.0;22%;0;0.0;0.0;0.0;69%;0.0;0;0.0;0.0;0.0;1.8;0.0;0.2;0;20.0;0.0;0.0;0.0;0.0;35;0.0;0.5;0.0;0.0;0.1;0.0;0.1;0.0;0.1;0.0;0.0;0.0;0.0;0;0.0;0;0.84;35;0.1;0;1800
Kenneth Find;M (C);17;Unknown;3F Superliga;Denmark;0.0;0.3;11%;0.0;11%;0;0.0;0.0;0.0;66%;2.0;0;0.0;0.0;0.0;1.5;0.0;0.0;0;18.6;0.0;0.0;0.0;0.0;31;0.0;0.4;0.0;0.0;0.0;0.0;0.1;0.0;0.1;0.0;0.0;0.0;0.0;0;0.0;0;-0.56;36;0.1;0;1843
Amin Al-Hamawi;ST (C);24;Unknown;3F Superliga;Denmark;0.0;0.0;40%;0.0;11%;0;0.0;0.0;0.0;57%;0.0;0;0.0;0.0;0.0;1.0;0.0;1.2;0;22.6;0.0;0.0;0.0;0.0;19;0.0;2.9;0.0;0.0;0.3;0.0;0.2;0.0;0.1;0.0;0.0;0.2;0.0;0;0.0;0;0.46;31;0.3;0;1750
Melker Jonsson;D (RC), DM;25;Unknown;3F Superliga;Denmark;0.2;0.4;18%;0.0;9%;0;0.0;0.1;0.0;72%;0.6;0;0.1;0.3;0.2;2.0;0.0;0.1;0;21.9;0.3;0.6;0.1;0.0;34;0.0;0.6;0.0;0.0;0.1;0.6;0.0;0.0;0.0;0.1;0.0;0.1;0.1;0;0.0;0;0.58;34;0.0;0;1535
Pontus Rödin;D (C);27;Unknown;3F Superliga;Denmark;0.3;0.8;40%;0.0;20%;0;0.0;0.0;0.0;71%;0.4;0;0.2;0.1;0.1;1.4;0.0;0.2;0;22.0;0.1;0.3;0.0;0.0;30;0.0;0.5;0.1;0.1;0.1;0.9;0.1;0.6;0.0;0.0;0.4;0.0;0.0;0;0.0;69;0.94;30;0.1;0;1890
Rami Al Hajj;M/AM (C);26;Unknown;3F Superliga;Denmark;0.1;0.5;38%;0.0;3%;0;0.0;0.2;0.0;73%;1.7;0;0.1;0.4;0.1;0.8;0.0;0.8;0;21.5;0.2;0.9;0.2;0.1;16;0.0;2.0;0.0;0.0;0.1;1.0;0.2;0.2;0.1;0.1;0.1;0.2;0.1;0;0.0;50;-3.14;21;0.2;0;1773
Carl Björk;AM (RL), ST (C);28;Unknown;3F Superliga;Denmark;0.0;0.0;40%;0.0;5%;0;0.0;0.0;0.0;58%;0.0;0;0.0;0.0;0.0;1.0;0.0;1.0;0;20.6;0.0;0.0;0.0;0.0;21;0.0;2.6;0.0;0.0;0.1;0.0;0.3;0.0;0.1;0.0;0.0;0.2;0.0;0;0.0;0;-4.17;27;0.3;0;1919
Benjamin Örn;D/WB (R);24;Unknown;3F Superliga;Denmark;0.0;0.0;17%;0.0;0%;0;0.0;0.0;0.0;69%;0.0;0;0.0;0.0;0.0;1.6;0.0;0.0;0;20.0;0.0;0.0;0.0;0.0;36;0.0;0.3;0.0;0.0;0.0;0.0;0.1;0.0;0.0;0.0;0.0;0.0;0.0;0;0.0;0;-1.61;38;0.1;0;1980
Charles Divialle;D (LC), DM;24;Unknown;3F Superliga;Denmark;0.9;2.0;10%;0.0;20%;0;0.0;0.0;0.0;78%;1.4;0;0.0;0.9;0.1;1.4;0.0;0.0;0;25.5;0.7;0.9;0.0;0.0;31;0.0;0.5;0.1;0.0;0.1;2.3;0.1;1.2;0.0;0.0;0.7;0.1;0.0;0;0.2;56;-0.38;32;0.1;0;1987
Oliver Urso;D/WB (L), M/AM (LC);29;Unknown;3F Superliga;Denmark;0.6;0.5;48%;0.0;6%;0;0.0;0.1;0.0;75%;3.4;0;0.1;0.8;0.1;1.8;0.0;1.1;0;27.2;0.8;1.8;0.3;0.3;25;0.1;2.2;0.0;0.1;0.1;1.7;0.3;0.8;0.0;0.3;0.6;0.0;0.8;18;0.0;67;-1.62;25;0.3;0;1282
Jordi Vanlerberghe;D (C), DM;31;Unknown;3F Superliga;Denmark;0.7;4.2;29%;0.0;0%;0;0.0;0.0;0.1;78%;0.8;0;0.2;0.6;0.1;1.2;0.0;0.1;0;24.9;0.4;1.0;0.0;0.0;27;0.0;0.3;0.0;0.3;0.0;2.5;0.0;1.0;0.0;0.0;0.9;0.0;0.0;0;0.1;87;-0.73;29;0.0;0;2038
Callum McCowatt;M (C), AM (RLC);29;Unknown;3F Superliga;Denmark;0.0;0.2;36%;0.0;2%;0;0.0;0.0;0.0;65%;0.9;0;0.0;0.0;0.0;0.8;0.0;0.8;0;19.0;0.0;0.0;0.0;0.0;16;0.0;2.2;0.0;0.0;0.0;0.0;0.3;0.0;0.1;0.0;0.0;0.1;0.1;0;0.0;0;-4.33;20;0.3;0;1804
Hugo Andersson;D (C);29;Unknown;3F Superliga;Denmark;0.0;0.0;8%;0.0;0%;0;0.0;0.0;0.0;70%;0.0;0;0.0;0.0;0.0;1.9;0.0;0.1;0;20.9;0.0;0.0;0.0;0.0;35;0.0;0.7;0.0;0.0;0.0;0.0;0.1;0.0;0.0;0.0;0.0;0.0;0.0;0;0.0;0;-1.64;36;0.1;0;1637
Paulinho;D/WB/M (L);33;Unknown;3F Superliga;Denmark;0.5;3.3;17%;0.0;33%;0;0.0;0.2;0.0;84%;4.5;0;0.3;2.0;0.6;1.9;0.0;0.1;0;31.3;2.0;4.7;0.2;0.1;27;0.3;0.4;0.1;0.0;0.1;3.9;0.1;0.5;0.1;0.6;0.3;0.1;0.6;50;0.1;57;0.64;31;0.1;0;1292
Vincent Müller;GK;27;Unknown;3F Superliga;Denmark;0.0;0.0;0%;0.0;0%;0;0.0;0.0;0.0;55%;0.0;0;0.0;0.0;0.0;0.0;0.0;0.0;0;20.0;0.0;0.0;0.0;0.0;0;0.0;0.0;0.0;0.0;0.0;0.0;0.0;0.0;0.0;0.0;0.0;0.0;0.0;0;0.0;0;0;0;0.0;30;1890
Adam Andersson;D/WB (RL), AM (L);31;Unknown;3F Superliga;Denmark;0.0;0.0;40%;0.0;0%;0;0.0;0.0;0.0;70%;0.0;0;0.0;0.0;0.0;1.7;0.0;0.5;0;20.0;0.0;0.0;0.0;0.0;37;0.0;1.1;0.0;0.0;0.0;0.0;0.1;0.0;0.2;0.0;0.0;0.0;0.0;0;0.0;0;-2.37;38;0.1;0;1980
Mihailo Ivanović;AM (C), ST (C);23;Unknown;Sky Bet Championship;England;0.7;2.4;57%;0.0;19%;0;0.0;1.2;0.1;91%;14.2;0;0.1;1.4;0.4;0.2;0.8;1.3;0;31.4;1.0;5.6;1.2;0.7;7;0.1;2.2;0.0;0.0;0.4;10.1;0.2;6.1;0.1;0.3;2.6;0.1;0.3;23;0.1;42;5.91;9;0.3;0;3891
Lasse Nordås;ST (C);26;Unknown;Sky Bet Championship;England;0.6;2.6;49%;0.0;14%;0;0.0;1.0;0.0;91%;19.9;0;0.2;1.6;0.8;0.2;1.1;1.7;0;25.6;0.6;7.5;1.0;0.5;9;0.1;3.4;0.0;0.1;0.5;9.9;0.4;9.1;0.1;0.5;4.0;0.1;0.5;21;0.1;44;3.94;11;0.4;0;3748
Josh Thomas;ST (C);25;Unknown;Sky Bet Championship;England;0.4;0.9;61%;0.0;20%;0;0.0;1.3;0.0;91%;26.6;0;0.2;2.1;1.2;0.5;0.5;1.2;0;28.3;0.7;8.0;1.3;0.4;10;0.1;2.0;0.0;0.0;0.4;9.9;0.2;7.9;0.0;0.6;1.2;0.0;0.6;15;0.0;15;4.36;15;0.2;0;1954
Gideon Kodua;AM (RL);23;Unknown;Sky Bet Championship;England;1.9;6.2;42%;0.0;17%;0;0.0;0.7;0.0;87%;16.0;0;0.5;10.1;1.8;1.5;0.7;0.4;0;44.7;3.5;13.5;0.7;3.0;17;0.8;1.1;0.0;0.1;0.2;11.5;0.1;3.6;0.1;2.5;1.2;0.1;2.5;32;0.0;34;1.19;17;0.1;0;1017
Will Blackmore;GK;26;Unknown;Sky Bet Championship;England;0.0;2.5;0%;0.0;0%;67;-0.2;0.0;0.0;69%;9.6;-7.48;5.1;0.0;0.0;0.1;0.0;0.0;87;26.9;0.0;0.0;0.0;0.0;4;0.0;0.0;0.0;0.0;0.0;5.2;0.0;0.0;0.0;0.0;0.0;0.0;0.0;0;0.0;0;0;10;0.0;73;4320
Joe Walsh;GK;26;Unknown;Sky Bet Championship;England;0.0;2.2;0%;0.0;0%;72;-0.1;0.0;0.0;84%;9.7;-1.52;3.9;0.0;0.0;0.0;0.0;0.0;88;24.3;0.0;0.0;0.0;0.0;1;0.0;0.0;0.0;0.0;0.0;5.1;0.0;0.0;0.0;0.0;0.0;0.0;0.0;0;0.0;0;0;2;0.0;27;1893
Ibane Bowat;D (C);25;Unknown;Sky Bet Championship;England;2.7;14.1;0%;0.1;0%;0;0.0;0.2;0.0;92%;3.0;0;1.3;2.4;0.8;0.5;0.1;0.0;0;42.1;1.6;4.4;0.2;0.0;23;0.0;0.3;0.7;0.6;0.0;10.5;0.0;5.2;0.0;0.0;4.0;0.1;0.0;0;1.3;78;-1.41;30;0.0;0;4162
Ayman Benarous;M (LC), AM (C);24;Unknown;Sky Bet Championship;England;2.0;5.2;22%;0.0;11%;0;0.0;1.5;0.3;84%;14.9;0;0.6;10.2;2.3;1.6;0.3;0.2;0;41.6;4.6;14.9;1.5;2.7;19;0.5;0.8;0.0;0.1;0.1;11.2;0.1;2.9;0.1;3.3;1.2;0.0;3.3;15;0.1;41;-0.02;30;0.1;0;1046
Ronan Curtis;M (RL), AM (RLC), ST (C);32;Unknown;Sky Bet Championship;England;2.1;4.0;23%;0.0;8%;0;0.0;1.2;0.2;86%;20.1;0;0.8;8.6;1.3;1.4;0.1;0.1;0;40.9;3.6;11.6;1.9;2.4;53;0.5;0.3;0.0;0.4;0.0;11.7;0.0;3.3;0.2;2.9;1.1;0.1;2.9;16;0.1;35;-0.25;70;0.0;0;3409
Elkan Baggott;D (C);25;Unknown;Sky Bet Championship;England;3.6;12.4;25%;0.1;0%;0;0.0;0.1;0.1;87%;4.5;0;0.8;2.9;0.8;0.2;0.0;0.0;0;42.4;1.8;4.3;0.1;0.0;5;0.0;0.2;0.6;0.9;0.0;9.5;0.0;4.9;0.0;0.0;3.7;0.0;0.0;0;1.1;75;-0.46;11;0.0;0;2195
Luke McNally;D (C);28;Unknown;Sky Bet Championship;England;2.6;11.7;12%;0.1;6%;0;0.0;0.1;0.1;90%;4.4;0;1.1;2.3;0.8;0.4;0.2;0.1;0;40.1;2.1;3.0;0.1;0.0;18;0.0;0.7;0.6;0.6;0.0;9.7;0.1;5.0;0.0;0.0;4.0;0.0;0.0;0;1.1;79;-1.53;27;0.1;0;4446
Luke Campbell;GK;22;Unknown;Sky Bet Championship;England;0.0;2.6;0%;0.0;0%;66;-0.1;0.0;0.0;79%;10.0;-6.43;3.4;0.0;0.0;0.0;0.0;0.0;87;24.2;0.0;0.0;0.0;0.0;1;0.0;0.0;0.0;0.0;0.0;5.3;0.0;0.0;0.0;0.0;0.0;0.0;0.0;0;0.0;0;0;8;0.0;60;4350
Lennon Wheeldon;AM (RLC), ST (C);22;Unknown;Sky Bet Championship;England;1.0;1.3;40%;0.0;8%;0;0.0;0.7;0.2;89%;31.0;0;0.3;5.2;0.8;0.5;1.2;1.9;0;32.6;1.2;11.4;0.7;1.6;6;0.2;4.8;0.0;0.2;0.4;10.8;0.5;6.2;0.1;1.2;1.1;0.1;1.2;12;0.0;18;-0.95;8;0.5;0;1169
Shadrach Ogie;D (LC), WB (L);26;Unknown;Sky Bet Championship;England;3.1;13.3;33%;0.1;0%;0;0.0;0.3;0.0;88%;3.8;0;0.8;2.1;0.8;0.4;0.1;0.1;0;41.1;2.0;3.7;0.3;0.1;12;0.0;0.3;0.5;0.6;0.0;10.0;0.1;3.4;0.1;0.0;2.3;0.0;0.0;0;0.5;68;-1.97;17;0.1;0;2913
Isaiah Jones;WB (R), M/AM (RL);28;Unknown;Sky Bet Championship;England;2.3;5.1;40%;0.1;10%;0;0.0;1.6;0.2;89%;18.3;0;0.5;8.7;2.2;1.4;0.5;0.5;0;42.3;3.0;13.9;1.6;5.5;54;0.9;1.3;0.0;0.4;0.1;11.6;0.2;3.9;0.2;4.2;0.7;0.1;4.2;20;0.1;18;-1.37;66;0.2;0;3478
Femi Azeez;M (L), AM (RL);26;Unknown;Sky Bet Championship;England;1.7;3.8;44%;0.1;16%;0;0.0;1.8;0.1;88%;21.1;0;0.5;8.8;2.1;1.4;0.6;0.8;0;42.3;3.3;14.3;1.8;4.5;47;0.5;1.8;0.0;0.1;0.3;11.7;0.2;4.1;0.1;3.1;1.1;0.1;3.1;16;0.1;26;4.1;66;0.2;0;3028
Jonathan Varane;DM, M (C);26;Unknown;Sky Bet Championship;England;2.4;13.6;20%;0.2;0%;0;0.0;0.9;0.3;90%;7.5;0;0.8;5.1;1.7;1.2;0.1;0.0;0;49.2;5.9;11.6;0.9;0.3;32;0.1;0.2;0.3;0.7;0.0;11.3;0.0;2.8;0.2;0.1;1.6;0.2;0.1;66;0.2;55;-0.44;46;0.0;0;2315
Rayan Kolli;AM (RL), ST (C);23;Unknown;Sky Bet Championship;England;0.6;1.1;37%;0.0;12%;0;0.0;1.1;0.0;88%;20.2;0;0.2;2.0;0.8;0.2;1.3;1.3;0;26.8;1.4;6.4;1.1;0.6;4;0.1;3.6;0.0;0.1;0.4;10.6;0.3;7.7;0.0;0.8;2.2;0.1;0.8;7;0.1;29;2.22;7;0.3;0;1488
Finley Munroe;D/WB (L), DM;23;Unknown;Sky Bet Championship;England;3.6;11.8;11%;0.2;0%;0;0.0;1.0;0.3;89%;16.0;0;0.9;6.5;1.7;1.6;0.2;0.0;0;52.3;6.0;14.5;1.0;1.0;38;0.4;0.4;0.7;0.4;0.0;11.5;0.0;3.1;0.1;1.9;1.8;0.2;1.9;19;0.2;58;-0.43;54;0.0;0;2202
Zach Mitchell;D (RC), DM;23;Unknown;Sky Bet Championship;England;3.1;10.0;33%;0.1;0%;0;0.0;0.2;0.1;90%;3.9;0;1.1;2.6;0.7;0.3;0.2;0.1;0;41.9;1.8;4.1;0.2;0.2;5;0.0;0.3;0.4;0.5;0.0;10.1;0.0;4.3;0.0;0.0;3.4;0.0;0.0;0;0.5;78;-0.43;12;0.0;0;1580
Toby Steward;GK;23;Unknown;Sky Bet Championship;England;0.0;3.5;0%;0.0;0%;71;0.0;0.0;0.0;79%;6.7;2.08;3.8;0.0;0.0;0.0;0.0;0.0;88;24.0;0.0;0.0;0.0;0.0;2;0.0;0.0;0.0;0.0;0.0;5.3;0.0;0.0;0.0;0.0;0.0;0.0;0.0;0;0.0;0;0;4;0.0;62;4372
Reuell Walters;D (RL), WB (R);23;Unknown;Sky Bet Championship;England;2.9;9.2;18%;0.0;0%;0;0.0;0.9;0.1;87%;16.3;0;1.0;8.1;1.9;1.3;0.1;0.1;0;55.0;7.3;13.6;0.9;0.6;35;0.2;0.4;0.5;0.4;0.0;11.1;0.1;4.2;0.0;2.3;2.7;0.0;2.3;6;0.5;65;-1.9;51;0.1;0;2358
Radinio Balker;D (RC);29;Unknown;Sky Bet Championship;England;2.8;10.8;0%;0.0;0%;0;0.0;0.2;0.1;89%;3.8;0;1.3;2.4;0.8;0.6;0.0;0.0;0;42.0;2.2;3.6;0.2;0.0;13;0.0;0.2;0.3;0.7;0.0;10.1;0.0;4.6;0.0;0.1;3.3;0.0;0.1;0;0.3;71;-0.64;14;0.0;0;1866
Jack Shepherd;D (C);27;Unknown;Sky Bet Championship;England;3.5;15.3;31%;0.1;0%;0;0.0;0.2;0.1;91%;3.9;0;1.0;2.2;0.8;0.4;0.1;0.1;0;40.6;2.0;3.6;0.2;0.0;17;0.0;0.3;0.8;0.8;0.0;9.7;0.1;3.5;0.0;0.1;2.6;0.0;0.1;16;0.5;74;-2.43;22;0.1;0;4219
Camiel Neghli;M/AM (RLC);26;Unknown;Sky Bet Championship;England;1.6;10.2;30%;0.0;11%;0;0.0;1.8;0.2;89%;21.0;0;0.5;4.8;1.3;0.7;0.4;0.6;0;41.8;2.5;11.1;2.5;1.1;26;0.2;2.0;0.0;0.2;0.2;11.9;0.3;3.1;0.1;0.9;0.9;0.1;3.5;22;0.0;30;-1.22;34;0.3;0;3203
Kaly Sène;AM (RL), ST (C);27;Unknown;Sky Bet Championship;England;1.1;1.4;49%;0.0;10%;0;0.0;0.9;0.1;89%;20.0;0;0.3;2.1;0.7;0.3;1.6;2.7;0;28.6;0.6;8.8;0.9;0.9;7;0.2;5.4;0.0;0.2;0.5;10.3;0.6;7.6;0.1;0.6;2.3;0.0;0.6;30;0.0;30;-0.37;10;0.6;0;1993
Josh Davidson;D (RL), WB (R), DM;22;Unknown;Sky Bet Championship;England;3.8;8.9;50%;0.0;0%;0;0.0;0.8;0.1;88%;17.4;0;1.2;6.6;1.5;1.4;0.0;0.0;0;54.6;5.7;13.6;0.8;0.6;44;0.6;0.1;0.5;0.4;0.0;12.0;0.0;3.7;0.1;3.6;2.1;0.0;3.6;15;0.3;57;-0.48;50;0.0;0;2880
Eli King;DM, M (C);25;Unknown;Sky Bet Championship;England;2.4;11.0;20%;0.1;0%;0;0.0;1.0;0.2;92%;6.7;0;1.5;5.9;1.1;0.8;0.2;0.1;0;51.5;5.6;11.4;1.0;0.1;25;0.0;0.5;0.3;0.7;0.0;11.7;0.1;2.1;0.1;0.1;0.9;0.1;0.5;6;0.2;45;-2.21;30;0.1;0;2822
Jayden Luker;DM, M/AM (RC);23;Unknown;Sky Bet Championship;England;1.4;10.3;28%;0.0;7%;0;0.0;1.5;0.3;88%;20.0;0;0.5;5.4;1.1;0.5;0.4;0.4;0;42.9;2.7;10.1;1.5;1.6;19;0.1;1.3;0.0;0.3;0.1;11.3;0.1;2.4;0.2;0.5;0.4;0.1;0.6;28;0.0;17;-1.89;29;0.1;0;3612
Freddie Turley;D (R), WB (RL), M (C), AM (RLC);21;Unknown;Sky Bet Championship;England;2.8;8.3;25%;0.1;0%;0;0.0;1.7;0.1;85%;21.1;0;1.1;10.2;1.9;2.2;0.1;0.0;0;48.6;4.6;21.4;1.7;2.9;87;0.9;0.2;0.1;0.6;0.0;12.5;0.0;4.3;0.0;6.0;2.8;0.0;6.0;14;0.3;65;-0.5;114;0.0;0;3632
Greg Docherty;DM, M (C);31;Unknown;Sky Bet Championship;England;2.5;11.1;27%;0.1;9%;0;0.0;0.8;0.2;91%;7.4;0;0.9;6.7;1.9;1.5;0.1;0.1;0;52.0;3.5;11.7;0.8;0.1;67;0.1;0.2;0.1;0.5;0.0;11.7;0.0;2.0;0.2;0.3;1.1;0.3;0.3;30;0.2;55;0.16;79;0.0;0;4030
Ciaron Brown;D (LC);30;Unknown;Sky Bet Championship;England;3.1;10.5;50%;0.1;0%;0;0.0;0.2;0.1;91%;4.0;0;1.0;2.5;0.6;0.4;0.0;0.1;0;41.2;1.8;4.3;0.2;0.1;8;0.0;0.1;1.0;0.8;0.0;10.1;0.0;5.3;0.0;0.0;3.5;0.0;0.0;0;1.1;66;-0.23;9;0.0;0;1615
Hector Kyprianou;D (C), DM, M (C);27;Unknown;Sky Bet Championship;England;1.5;10.9;36%;0.0;7%;0;0.0;0.2;0.2;94%;9.6;0;0.7;2.3;0.7;0.3;0.3;0.4;0;29.7;1.7;4.0;0.2;0.0;9;0.0;1.0;0.3;0.5;0.1;7.1;0.1;3.0;0.1;0.1;2.1;0.1;0.1;50;0.4;69;-0.63;13;0.1;0;2561
Max Cleworth;D (RC);25;Unknown;Sky Bet Championship;England;2.4;13.1;31%;0.3;10%;0;0.0;0.2;0.0;88%;4.2;0;1.4;2.6;1.0;0.5;0.3;0.3;0;41.6;2.1;4.4;0.2;0.0;26;0.0;0.8;0.9;0.7;0.1;9.6;0.1;5.5;0.0;0.0;3.7;0.0;0.0;50;0.8;67;0.28;45;0.1;0;4290
Ollie Tanner;AM (RL);26;Unknown;Sky Bet Championship;England;1.8;3.8;35%;0.0;10%;0;0.0;1.6;0.2;89%;22.6;0;0.7;9.1;1.9;1.5;0.3;0.3;0;43.3;3.3;11.3;1.8;4.1;36;0.6;0.8;0.0;0.2;0.1;11.1;0.1;4.3;0.1;3.9;1.5;0.0;4.3;16;0.3;35;-0.07;46;0.1;0;2202
Sonny Carey;M/AM (C);27;Unknown;Sky Bet Championship;England;1.5;10.5;53%;0.0;8%;0;0.0;1.4;0.2;87%;17.9;0;0.3;5.2;1.0;0.4;0.6;0.9;0;43.3;2.2;13.3;2.4;1.2;10;0.1;1.6;0.0;0.3;0.1;12.8;0.2;3.0;0.1;0.6;0.8;0.0;6.3;13;0.0;27;-2.54;14;0.2;0;2092
Georgie Gent;D/WB/M (L);24;Unknown;Sky Bet Championship;England;3.4;10.4;36%;0.2;9%;0;0.0;1.0;0.0;87%;14.9;0;1.0;6.8;2.0;2.3;0.2;0.1;0;55.0;6.9;15.5;1.4;0.9;76;0.6;0.3;0.9;0.7;0.0;11.6;0.0;2.7;0.0;2.3;1.0;0.1;5.4;19;0.2;39;-0.19;87;0.0;0;2950
Connor Barratt;D (RC), DM;24;Unknown;Sky Bet Championship;England;2.9;12.2;29%;0.0;0%;0;0.0;0.2;0.0;89%;4.2;0;1.1;2.4;1.1;0.5;0.1;0.1;0;40.7;2.1;3.2;0.2;0.0;14;0.0;0.3;0.3;1.0;0.0;9.6;0.0;3.2;0.0;0.1;2.5;0.0;0.1;50;0.6;78;-0.65;18;0.0;0;2310
Matthew Sorinola;D/WB (RL), M (L);27;Unknown;Sky Bet Championship;England;3.3;9.3;13%;0.2;6%;0;0.0;0.8;0.0;84%;19.0;0;1.0;8.0;2.0;1.8;0.1;0.0;0;52.0;6.6;15.7;0.8;1.2;82;0.5;0.3;0.2;0.5;0.0;11.3;0.0;3.5;0.0;2.6;1.6;0.0;2.6;18;0.1;45;-0.09;98;0.0;0;4198
Aaron Connolly;M (L), AM (RLC), ST (C);28;Unknown;Sky Bet Championship;England;1.0;2.9;45%;0.0;14%;0;0.0;1.2;0.1;88%;17.1;0;0.4;5.4;1.0;0.7;0.5;0.8;0;37.9;3.3;11.3;1.2;1.3;19;0.3;1.9;0.0;0.3;0.3;10.9;0.2;5.4;0.1;1.3;0.7;0.1;1.3;27;0.0;14;1.65;26;0.2;0;2350
Ebou Adams;DM, M/AM (C);32;Unknown;Sky Bet Championship;England;1.2;13.9;36%;0.0;6%;0;0.0;0.8;0.2;87%;12.7;0;0.3;5.2;1.1;0.7;0.6;0.9;0;46.9;2.0;12.7;0.8;0.8;9;0.3;2.5;0.1;0.2;0.2;12.4;0.3;3.9;0.1;0.8;1.9;0.2;0.8;40;0.0;48;-1.35;11;0.3;0;1191
Jérémy Petris;D/WB/M (R);30;Unknown;Sky Bet Championship;England;3.9;6.7;50%;0.1;0%;0;0.0;1.0;0.0;86%;21.7;0;0.8;10.6;1.7;2.0;0.1;0.1;0;47.1;6.4;24.5;1.0;3.6;29;1.0;0.1;0.3;0.6;0.0;11.8;0.0;4.3;0.1;7.2;1.7;0.1;7.2;13;0.2;40;-0.12;33;0.0;0;1301
Patrick Agyemang;ST (C);27;Unknown;Sky Bet Championship;England;0.6;1.2;46%;0.0;10%;0;0.0;0.9;0.1;87%;22.6;0;0.1;2.3;0.6;0.1;0.8;0.9;0;25.6;0.6;5.2;0.9;0.9;4;0.1;1.9;0.0;0.1;0.2;10.0;0.1;8.5;0.1;0.5;3.8;0.0;0.5;12;0.1;44;1.76;9;0.1;0;3191
Mohamed Touré;AM (RLC), ST (C);24;Unknown;Sky Bet Championship;England;0.6;1.5;54%;0.0;20%;0;0.0;1.0;0.2;88%;20.1;0;0.3;1.6;0.6;0.4;0.8;1.5;0;25.9;0.7;5.9;1.0;1.0;11;0.3;2.7;0.0;0.2;0.5;10.1;0.3;7.2;0.1;0.6;2.3;0.1;0.6;47;0.1;33;5.68;12;0.3;0;2721
Harvey Vale;D/WB (L), M (C), AM (RLC);24;Unknown;Sky Bet Championship;England;3.3;8.9;25%;0.0;0%;0;0.0;0.9;0.2;89%;15.7;0;0.6;8.3;1.8;1.7;0.3;0.2;0;44.7;4.4;16.8;1.8;1.9;39;0.4;0.7;0.0;0.3;0.0;11.4;0.1;3.8;0.2;2.4;1.2;0.2;2.4;17;0.3;31;-1.74;42;0.1;0;2092
Darko Gyabi;DM, M/AM (C);24;Unknown;Sky Bet Championship;England;2.4;10.9;16%;0.0;5%;0;0.0;0.4;0.3;89%;7.3;0;0.7;5.4;1.7;0.7;0.2;0.1;0;51.8;4.1;11.2;0.4;0.4;14;0.1;0.9;0.2;0.6;0.0;11.2;0.1;2.7;0.2;0.1;1.2;0.1;0.1;100;0.4;43;-0.89;21;0.1;0;1903
Adrian Segecic;M/AM (RLC);24;Unknown;Sky Bet Championship;England;1.8;3.9;27%;0.0;7%;0;0.0;1.6;0.2;88%;22.3;0;0.5;7.8;1.7;1.1;0.3;0.2;0;41.5;3.3;12.2;1.6;3.3;42;0.6;0.8;0.0;0.2;0.1;11.3;0.1;2.7;0.1;2.6;0.6;0.0;2.6;24;0.0;23;-2.1;54;0.1;0;3483
Yousef Salech;ST (C);26;Unknown;Sky Bet Championship;England;0.6;1.8;45%;0.0;19%;0;0.0;1.2;0.1;88%;17.9;0;0.1;1.6;0.7;0.2;0.8;1.2;0;25.3;0.9;5.4;1.2;0.4;11;0.1;2.6;0.0;0.1;0.5;10.1;0.3;8.1;0.1;0.6;3.5;0.2;0.6;25;0.2;43;9.16;11;0.3;0;4340
Esquerdinha;D/WB (L);22;Unknown;Sky Bet Championship;England;3.3;12.8;33%;0.0;33%;0;0.0;1.4;0.1;89%;16.2;0;1.0;8.0;2.0;2.0;0.0;0.0;0;54.4;7.1;16.9;1.4;1.8;68;0.4;0.1;0.4;0.5;0.0;11.7;0.0;3.3;0.1;2.9;1.5;0.1;3.2;14;0.4;44;0.58;81;0.0;0;3034
Amadou Mbengue;D (RC), WB (R);26;Unknown;Sky Bet Championship;England;3.1;8.3;14%;0.1;14%;0;0.0;1.3;0.0;86%;16.5;0;1.2;8.6;1.6;2.0;0.1;0.0;0;47.3;5.1;22.9;1.3;2.7;45;0.8;0.3;0.6;0.7;0.0;12.4;0.0;3.4;0.0;4.9;2.0;0.0;4.9;16;0.3;59;0.62;53;0.0;0;2008
Fábio Jaló;AM (RL), ST (C);22;Unknown;Sky Bet Championship;England;0.8;1.3;43%;0.0;9%;0;0.0;1.2;0.1;89%;22.2;0;0.3;2.6;1.2;0.6;0.5;0.8;0;29.5;1.2;6.4;1.2;1.6;20;0.4;1.9;0.0;0.1;0.2;10.1;0.2;7.2;0.1;1.3;1.6;0.1;1.3;27;0.1;22;-1.83;24;0.2;0;3164
Jonathan Bland;D (R), DM, M (C);22;Unknown;Sky Bet Championship;England;2.2;11.9;0%;0.0;0%;0;0.0;0.5;0.1;91%;6.1;0;0.7;5.7;1.8;1.5;0.1;0.0;0;52.2;3.9;10.6;0.5;0.2;65;0.1;0.2;0.1;0.3;0.0;11.4;0.0;1.7;0.1;0.2;1.1;0.1;0.2;57;0.1;65;-0.53;81;0.0;0;3972
James Clarridge;D (C);24;Unknown;Sky Bet Championship;England;3.0;8.8;11%;0.1;0%;0;0.0;0.2;0.0;89%;5.9;0;1.1;2.2;1.0;0.5;0.2;0.0;0;44.3;2.3;3.3;0.2;0.0;24;0.0;0.4;0.4;0.6;0.0;9.8;0.0;6.8;0.0;0.0;5.2;0.0;0.0;0;1.0;77;-1.53;28;0.0;0;4048
Luey Giles;D/WB (L);21;Unknown;Sky Bet Championship;England;4.3;7.0;0%;0.0;0%;0;0.0;1.1;0.0;87%;21.6;0;1.4;6.9;1.6;1.0;0.0;0.0;0;54.9;6.2;13.5;1.1;1.0;25;0.3;0.2;0.2;0.8;0.0;11.4;0.0;4.1;0.0;3.0;2.6;0.1;3.0;10;0.2;64;-0.49;35;0.0;0;2241
Iestyn Jones;D (RC), DM;21;Unknown;Sky Bet Championship;England;3.7;13.3;29%;0.2;0%;0;0.0;0.2;0.0;86%;7.5;0;0.9;3.5;1.0;0.6;0.2;0.2;0;46.1;2.9;5.7;0.2;0.1;15;0.1;0.6;1.1;0.7;0.0;10.3;0.0;5.1;0.0;0.5;3.3;0.0;0.5;18;0.3;65;-1.03;18;0.0;0;2181
Paul Nardi;GK;34;Unknown;Sky Bet Championship;England;0.0;3.4;0%;0.0;0%;75;0.3;0.0;0.0;82%;9.7;7.07;3.3;0.0;0.0;0.0;0.0;0.0;89;24.5;0.0;0.0;0.0;0.0;0;0.0;0.0;0.0;0.0;0.0;5.3;0.0;0.0;0.0;0.0;0.0;0.0;0.0;0;0.0;0;0;3;0.0;29;2517
Niall McAndrew;DM, AM (RLC);21;Unknown;Sky Bet Championship;England;2.2;2.8;29%;0.0;14%;0;0.0;1.8;0.4;89%;28.9;0;0.4;7.7;1.6;1.0;0.3;0.2;0;42.6;3.6;16.3;1.8;3.2;11;0.5;0.6;0.0;0.3;0.1;11.6;0.0;3.5;0.2;3.1;1.0;0.1;3.1;17;0.0;28;0.46;18;0.0;0;1013
Ryan Hardie;AM (R), ST (C);31;Unknown;Sky Bet Championship;England;0.7;0.8;43%;0.0;9%;0;0.0;1.2;0.1;88%;31.9;0;0.3;1.5;0.5;0.1;1.0;1.9;0;31.7;0.8;9.2;1.2;0.9;2;0.1;4.4;0.0;0.0;0.4;11.2;0.6;7.0;0.0;0.3;2.3;0.1;0.3;20;0.1;32;-3.09;4;0.6;0;1384
Eoghan O'Connell;D (C), DM;32;Unknown;Sky Bet Championship;England;2.7;12.9;20%;0.1;0%;0;0.0;0.1;0.2;94%;3.7;0;0.9;3.2;0.9;0.7;0.1;0.1;0;44.3;2.0;3.4;0.1;0.1;10;0.1;0.4;0.7;0.4;0.0;9.0;0.1;3.7;0.1;0.2;2.3;0.1;0.2;33;0.6;63;-1.16;11;0.1;0;1240
Lyndon Dykes;AM (C), ST (C);32;Unknown;Sky Bet Championship;England;1.4;1.7;48%;0.0;13%;0;0.0;0.6;0.1;90%;21.2;0;0.2;1.6;0.1;0.0;1.2;2.1;0;29.5;0.7;8.7;0.6;0.4;0;0.1;4.4;0.0;0.2;0.6;11.0;0.6;7.2;0.1;0.1;3.4;0.1;0.1;100;0.0;47;-0.21;0;0.6;0;1258
Davis Keillor-Dunn;AM (RLC), ST (C);30;Unknown;Sky Bet Championship;England;1.3;8.4;41%;0.0;12%;0;0.0;1.8;0.4;88%;24.2;0;0.2;4.9;1.5;0.6;0.3;0.4;0;41.8;2.7;11.0;1.8;0.9;26;0.3;1.1;0.0;0.2;0.1;11.9;0.1;2.5;0.1;1.1;0.4;0.1;3.2;19;0.0;16;0.63;45;0.1;0;4017
Jack MacKenzie;D (LC), WB (L);28;Unknown;Sky Bet Championship;England;3.1;12.3;0%;0.1;0%;0;0.0;1.0;0.2;89%;13.2;0;1.2;7.4;1.9;1.9;0.0;0.0;0;55.6;6.5;16.9;1.0;0.7;86;0.5;0.1;0.6;0.7;0.0;11.6;0.0;3.1;0.1;2.7;1.6;0.0;2.7;18;0.3;51;-0.6;104;0.0;0;4098
Josh Edwards;D/WB (L);28;Unknown;Sky Bet Championship;England;3.2;11.8;0%;0.1;0%;0;0.0;1.7;0.3;86%;16.9;0;1.0;10.1;2.4;2.4;0.0;0.0;0;49.0;5.8;26.3;1.7;2.0;84;1.1;0.0;0.6;0.6;0.0;12.3;0.0;3.1;0.1;5.5;1.7;0.1;5.8;19;0.3;54;-0.17;122;0.0;0;3093
Kader Dembélé;M (RC), AM (RLC);25;Unknown;Sky Bet Championship;England;1.2;6.8;21%;0.0;7%;0;0.0;1.1;0.3;92%;14.8;0;0.5;6.7;1.4;0.8;0.5;0.3;0;31.6;2.2;8.4;1.1;4.4;9;0.7;1.2;0.0;0.5;0.1;7.8;0.1;2.0;0.1;3.6;0.0;0.1;11.7;15;0.0;0;-0.04;10;0.1;0;1024
Bailey Cadamarteri;ST (C);23;Unknown;Sky Bet Championship;England;0.9;1.6;54%;0.0;16%;0;0.0;0.7;0.1;89%;19.4;0;0.3;1.5;0.6;0.1;0.7;1.3;0;27.0;0.6;7.7;0.7;0.6;5;0.1;2.5;0.0;0.1;0.4;10.2;0.2;7.3;0.1;0.2;2.5;0.0;0.2;33;0.0;33;5.81;8;0.2;0;3410
Richard Koné;AM (C), ST (C);24;Unknown;Sky Bet Championship;England;0.8;2.0;53%;0.0;21%;0;0.0;0.9;0.1;87%;18.3;0;0.2;1.2;0.6;0.2;0.6;1.3;0;25.3;0.7;6.3;0.9;1.0;11;0.1;2.5;0.0;0.1;0.5;10.3;0.3;8.5;0.1;0.4;2.5;0.1;0.4;37;0.1;29;9.94;12;0.3;0;4081
Filip Lissah;D (RLC);23;Unknown;Sky Bet Championship;England;3.8;10.6;25%;0.1;6%;0;0.0;0.8;0.2;87%;13.5;0;1.1;7.3;2.0;1.8;0.1;0.1;0;51.4;7.0;15.1;0.8;0.4;77;0.3;0.4;0.4;0.4;0.0;11.1;0.0;5.5;0.1;1.9;3.8;0.0;1.9;17;0.6;70;-0.71;92;0.0;0;3842
Frank Djamna;M/AM (C);20;Unknown;Sky Bet Championship;England;2.0;4.6;29%;0.0;0%;0;0.0;1.3;0.3;89%;35.8;0;0.6;5.6;1.2;0.1;0.0;0.1;0;41.0;1.8;10.1;1.3;1.3;1;0.3;0.5;0.0;0.4;0.0;11.9;0.1;4.0;0.1;0.7;1.3;0.0;0.7;44;0.0;31;-1.15;2;0.1;0;1216
Luke Skinner;WB (L), AM (RL), ST (C);20;Unknown;Sky Bet Championship;England;0.8;1.5;44%;0.0;10%;0;0.0;1.2;0.1;89%;27.2;0;0.2;2.7;1.1;0.6;0.8;1.1;0;27.6;1.5;7.1;1.2;1.4;14;0.4;2.4;0.2;0.1;0.2;10.3;0.3;7.3;0.1;1.4;2.1;0.0;1.4;28;0.1;29;-1.24;17;0.3;0;2273
Joe Johnson;D (LC), WB (L);22;€350K - €1M;Sky Bet Championship;England;3.2;9.4;50%;0.1;50%;0;0.0;1.5;0.1;87%;16.8;0;1.4;6.7;2.0;1.8;0.0;0.0;0;55.1;6.1;14.9;1.5;0.8;93;0.5;0.0;0.4;0.6;0.0;12.0;0.0;5.3;0.0;3.4;3.7;0.0;3.4;13;0.5;70;0.94;112;0.0;0;4553
Micah Mbick;AM (C), ST (C);21;Unknown;Sky Bet Championship;England;0.8;2.2;54%;0.0;17%;0;0.0;1.0;0.2;89%;21.1;0;0.3;1.2;0.4;0.1;0.7;1.5;0;27.8;0.6;5.7;1.0;0.9;4;0.0;2.7;0.0;0.2;0.5;9.9;0.4;7.2;0.1;0.3;2.7;0.1;0.3;7;0.1;38;3.14;5;0.4;0;3701
Ibrahim Fullah;WB (L), M/AM (C);21;Unknown;Sky Bet Championship;England;1.8;9.1;42%;0.0;8%;0;0.0;1.7;0.2;90%;18.5;0;0.6;6.2;1.4;1.0;0.3;0.4;0;43.5;3.5;13.7;1.7;2.2;38;0.4;0.9;0.0;0.3;0.1;11.6;0.1;3.2;0.1;2.4;1.0;0.1;2.4;18;0.1;31;-0.39;48;0.1;0;3419
Harry Vaughan;M/AM (LC);24;Unknown;Sky Bet Championship;England;1.7;9.9;37%;0.0;15%;0;0.0;1.8;0.2;90%;16.1;0;0.3;5.3;1.1;0.4;0.5;0.6;0;40.5;3.0;11.4;1.8;2.1;13;0.3;1.7;0.0;0.1;0.3;12.1;0.2;3.1;0.1;1.1;0.5;0.1;1.8;24;0.0;15;1.24;21;0.2;0;2763
Ronan Kpakio;D/WB (R);21;Unknown;Sky Bet Championship;England;3.2;7.5;20%;0.1;20%;0;0.0;1.6;0.0;83%;19.5;0;1.1;9.1;2.5;2.3;0.1;0.0;0;46.1;4.7;21.3;1.6;2.5;51;1.1;0.2;0.1;0.6;0.0;12.3;0.1;3.7;0.0;6.8;2.7;0.1;6.8;16;0.3;73;-0.74;61;0.1;0;2038
Alfie Bradshaw;M/AM (C), ST (C);21;Unknown;Sky Bet Championship;England;1.5;5.1;40%;0.0;10%;0;0.0;1.2;0.2;86%;35.9;0;0.7;3.3;0.9;0.5;0.5;0.3;0;41.6;1.3;9.5;1.2;1.5;6;0.5;0.9;0.0;0.3;0.1;12.5;0.0;3.2;0.1;1.1;1.1;0.0;1.1;46;0.1;35;0.51;9;0.0;0;1051
Reyes Cleary;AM (RL);24;Unknown;Sky Bet Championship;England;2.0;3.1;31%;0.1;7%;0;0.0;1.8;0.1;87%;23.2;0;0.6;9.2;2.0;1.4;0.3;0.2;0;43.4;3.7;11.9;1.8;3.6;54;0.5;0.7;0.0;0.2;0.1;11.2;0.1;4.4;0.1;2.8;1.9;0.1;2.8;18;0.1;43;-2.19;72;0.1;0;3520
José Córdoba;D (C);27;Unknown;Sky Bet Championship;England;2.4;13.4;40%;0.3;0%;0;0.0;0.5;0.0;90%;6.0;0;1.4;3.2;1.1;1.2;0.2;0.1;0;46.4;3.7;7.2;0.5;0.2;23;0.1;0.3;0.6;0.7;0.0;10.7;0.0;4.7;0.0;0.4;3.8;0.1;0.4;25;0.9;81;-0.15;26;0.0;0;1766
Josh Keeley;GK;25;Unknown;Sky Bet Championship;England;0.0;4.4;0%;0.0;0%;74;0.2;0.0;0.0;86%;7.8;8.88;3.7;0.0;0.0;0.0;0.0;0.0;88;24.1;0.0;0.0;0.0;0.0;0;0.0;0.0;0.0;0.0;0.0;5.7;0.0;0.0;0.0;0.0;0.0;0.0;0.0;0;0.0;0;0;4;0.0;54;4324
Kévin Keben;D (C);24;Unknown;Sky Bet Championship;England;2.7;12.2;9%;0.1;0%;0;0.0;0.2;0.1;93%;4.5;0;0.9;2.8;1.0;0.6;0.1;0.0;0;41.3;1.7;3.1;0.2;0.0;27;0.0;0.2;0.7;0.6;0.0;9.8;0.0;4.5;0.0;0.0;2.9;0.0;0.0;100;0.7;65;-1.82;32;0.0;0;4206
Hevertton;D/WB (R);27;Unknown;Sky Bet Championship;England;3.5;8.8;26%;0.1;11%;0;0.0;1.3;0.2;86%;16.3;0;0.8;9.6;2.4;2.0;0.1;0.1;0;47.4;4.1;23.6;1.3;1.8;82;1.3;0.5;0.3;0.6;0.0;12.7;0.1;4.0;0.1;6.9;2.6;0.1;7.8;16;0.3;63;-0.54;111;0.1;0;3727
Myles Dayman;D (RLC), WB (R), DM, M (R);19;Unknown;Premier League;England;3.1;5.4;40%;0.1;0%;0;0.0;0.9;0.1;88%;33.3;0;0.9;6.4;1.7;1.7;0.1;0.1;0;53.0;6.4;13.6;0.9;0.5;33;0.5;0.3;0.1;0.3;0.0;11.2;0.0;4.9;0.1;1.8;2.7;0.1;1.8;26;1.0;54;-0.68;36;0.0;0;1710
Luca Connell;DM, M (C);27;Unknown;Sky Bet Championship;England;2.3;11.4;16%;0.2;0%;0;0.0;1.0;0.2;92%;7.3;0;1.0;6.2;1.6;1.3;0.1;0.1;0;52.1;5.7;11.0;1.4;0.2;56;0.0;0.4;0.1;0.5;0.0;11.8;0.1;1.7;0.1;0.1;0.6;0.2;4.3;16;0.2;35;-2.34;72;0.1;0;3944
Travis Akomeah;D (C);22;Unknown;Sky Bet Championship;England;2.5;7.2;0%;0.1;0%;0;0.0;0.2;0.1;90%;5.9;0;1.0;2.5;0.7;0.5;0.0;0.0;0;44.1;2.5;3.5;0.2;0.0;6;0.0;0.0;0.4;1.0;0.0;10.1;0.0;7.0;0.1;0.0;5.6;0.0;0.0;0;1.3;80;0;6;0.0;0;1029
Lewie Coyle;D/WB (RL);32;Unknown;Sky Bet Championship;England;3.3;12.3;25%;0.1;0%;0;0.0;1.0;0.1;87%;15.6;0;1.2;6.7;2.1;2.5;0.1;0.1;0;53.6;6.0;16.2;1.0;0.7;54;0.7;0.4;0.5;0.5;0.0;11.6;0.0;3.3;0.1;2.3;0.9;0.1;2.3;30;0.2;28;-0.81;64;0.0;0;1936
Harry Tyrer;GK;26;Unknown;Sky Bet Championship;England;0.0;3.4;0%;0.0;0%;71;0.0;0.0;0.0;71%;8.7;1.69;3.5;0.0;0.0;0.0;0.0;0.0;90;23.9;0.0;0.0;0.0;0.0;0;0.0;0.0;0.0;0.0;0.0;5.4;0.0;0.0;0.0;0.0;0.0;0.0;0.0;0;0.0;0;0;0;0.0;59;4254
Adam Phillips;M/AM (RC);30;Unknown;Sky Bet Championship;England;2.2;6.4;37%;0.1;3%;0;0.0;1.8;0.4;87%;18.3;0;0.6;8.7;1.6;1.0;0.4;0.6;0;44.9;3.4;15.2;2.0;3.1;45;0.7;1.5;0.0;0.2;0.0;11.6;0.2;3.3;0.2;3.1;1.2;0.1;4.0;20;0.0;35;-4.7;61;0.2;0;3992
Ben Cabango;D (C);28;Unknown;Sky Bet Championship;England;2.6;15.0;27%;0.1;9%;0;0.0;0.2;0.1;89%;3.7;0;1.3;2.6;0.9;0.7;0.2;0.1;0;42.6;2.0;4.6;0.2;0.0;21;0.0;0.4;0.9;0.6;0.0;10.1;0.1;5.8;0.0;0.2;4.4;0.0;0.2;16;1.3;77;-0.65;28;0.1;0;2797
Kyle Joseph;M/AM (RL), ST (C);26;Unknown;Sky Bet Championship;England;0.9;1.6;42%;0.0;12%;0;0.0;1.1;0.0;92%;19.6;0;0.2;2.3;0.5;0.2;1.1;1.7;0;28.6;1.1;8.5;1.1;0.6;4;0.0;4.0;0.0;0.1;0.5;10.1;0.4;7.4;0.1;0.4;2.0;0.0;0.4;12;0.1;27;1.05;6;0.4;0;1875
Seb Revan;D (LC), WB (L);24;Unknown;Sky Bet Championship;England;3.4;10.8;0%;0.3;0%;0;0.0;1.2;0.1;87%;13.1;0;1.1;6.9;2.1;2.0;0.0;0.0;0;45.4;4.3;18.5;1.2;3.4;32;0.4;0.1;0.6;0.8;0.0;11.9;0.0;3.3;0.1;2.7;1.7;0.0;2.7;13;0.1;52;-0.19;40;0.0;0;1439
Jon Russell;DM, M/AM (C);27;Unknown;Sky Bet Championship;England;1.9;13.0;29%;0.0;9%;0;0.0;1.7;0.4;89%;14.6;0;0.3;5.3;1.2;0.5;0.5;0.5;0;44.2;3.3;9.6;1.7;0.9;22;0.2;1.7;0.0;0.3;0.1;11.6;0.2;3.5;0.2;0.7;1.4;0.0;0.7;29;0.2;38;-1.9;29;0.2;0;3722
Alex Robertson;M/AM (C);25;€700K - €7.2M;Sky Bet Championship;England;0.0;11.1;42%;0.0;12%;0;0.0;0.1;0.1;0%;15.7;0;0.0;0.0;0.0;0.0;0.3;0.4;0;0.0;0.0;0.0;0.3;0.0;0;0.0;0.9;0.0;0.0;0.1;0.0;0.1;0.0;0.2;0.0;0.0;0.1;2.4;14;0.0;0;0.96;0;0.1;0;3300
Kamarl Grant;D (C);25;Unknown;Sky Bet Championship;England;2.4;14.3;10%;0.1;0%;0;0.0;0.1;0.1;89%;3.4;0;1.5;3.0;1.0;0.4;0.2;0.1;0;41.1;2.3;3.8;0.1;0.0;13;0.0;0.6;0.7;0.6;0.0;9.7;0.1;5.5;0.0;0.1;3.8;0.0;0.1;25;1.2;69;-3.12;22;0.1;0;2882
Michael Baidoo;DM, M/AM (C), ST (C);29;Unknown;Sky Bet Championship;England;0.7;3.0;46%;0.0;9%;0;0.0;1.2;0.3;88%;18.0;0;0.1;1.7;0.6;0.2;1.2;1.7;0;30.7;0.9;8.2;1.2;0.6;7;0.1;3.6;0.0;0.1;0.3;10.5;0.4;8.0;0.1;0.4;1.6;0.1;0.4;17;0.1;21;-4.14;14;0.4;0;4099
Cody Drameh;D/WB (RL);26;Unknown;Sky Bet Championship;England;3.3;12.3;19%;0.1;13%;0;0.0;0.9;0.0;91%;15.1;0;0.9;6.3;1.5;1.4;0.1;0.1;0;54.4;7.5;13.9;0.9;1.1;46;0.2;0.5;0.5;0.6;0.1;11.4;0.0;3.7;0.1;1.9;1.9;0.1;1.9;9;0.2;51;0.6;57;0.0;0;2885
Matty Jacob;D/WB (L);27;Unknown;Sky Bet Championship;England;3.2;14.5;0%;0.1;0%;0;0.0;1.3;0.2;88%;14.2;0;1.1;6.7;1.8;1.5;0.1;0.0;0;56.3;7.6;14.9;1.3;1.4;70;0.7;0.2;0.9;0.8;0.0;11.5;0.0;3.8;0.1;2.8;2.3;0.1;2.8;24;0.4;61;-0.87;95;0.0;0;4193
Brandon Williams;D/WB (RL);27;Unknown;Sky Bet Championship;England;3.0;12.9;24%;0.1;6%;0;0.0;1.0;0.1;89%;10.8;0;1.1;7.3;2.2;1.7;0.1;0.1;0;52.9;6.9;14.7;1.0;0.9;77;0.5;0.4;1.2;0.6;0.0;11.4;0.0;4.4;0.1;2.0;2.6;0.1;2.0;22;0.4;60;-1.08;107;0.0;0;4088
Xavier Amaechi;M (R), AM (RLC);27;Unknown;Sky Bet Championship;England;2.0;3.5;38%;0.0;13%;0;0.0;1.8;0.3;88%;20.4;0;0.7;8.7;1.7;1.0;0.1;0.1;0;37.8;6.1;10.7;1.9;2.3;34;0.2;0.2;0.0;0.0;0.0;10.6;0.0;2.7;0.1;1.5;0.6;0.1;1.5;13;0.0;21;0.09;58;0.0;0;3029
Zak Swanson;D (RL), WB (R);27;Unknown;Sky Bet Championship;England;3.2;11.3;17%;0.1;17%;0;0.0;1.7;0.1;88%;13.3;0;1.7;7.2;2.0;2.3;0.0;0.0;0;56.0;7.6;15.6;1.7;0.9;81;0.4;0.2;0.3;0.9;0.0;11.7;0.0;3.0;0.1;1.8;1.8;0.1;4.9;15;0.3;58;0.52;92;0.0;0;3149
Lorent Tolaj;ST (C);26;Unknown;Sky Bet Championship;England;0.8;1.9;53%;0.0;13%;0;0.0;1.0;0.1;91%;22.0;0;0.2;1.5;0.4;0.2;0.6;1.3;0;27.1;0.7;7.8;1.0;0.7;8;0.1;2.5;0.0;0.0;0.3;10.4;0.3;7.9;0.1;0.3;2.7;0.0;0.3;21;0.0;34;1.28;11;0.3;0;4103
Joe Wright;D (C);33;Unknown;Sky Bet Championship;England;3.1;13.8;7%;0.1;0%;0;0.0;0.1;0.0;93%;3.4;0;0.8;2.6;0.7;0.4;0.1;0.0;0;42.5;1.6;4.4;0.1;0.0;18;0.0;0.3;0.5;0.7;0.0;9.7;0.0;5.4;0.0;0.1;4.0;0.0;0.1;33;1.1;74;-1.56;23;0.0;0;4003
Sidnei Tavares;DM, M (C);26;Unknown;Sky Bet Championship;England;2.3;9.1;38%;0.0;13%;0;0.0;0.6;0.1;91%;9.3;0;1.0;6.7;1.2;0.8;0.1;0.1;0;52.4;3.4;10.0;0.9;0.2;25;0.0;0.3;0.2;0.6;0.0;11.1;0.0;3.1;0.1;0.1;1.7;0.1;2.7;10;0.4;55;0.4;36;0.0;0;2689
Teden Mengi;D (RC);26;Unknown;Sky Bet Championship;England;2.8;16.1;14%;0.1;0%;0;0.0;0.4;0.0;88%;5.5;0;1.2;4.9;1.5;1.1;0.1;0.1;0;45.3;3.5;8.3;0.4;0.3;34;0.1;0.4;1.2;0.4;0.0;10.7;0.0;5.5;0.0;0.7;4.1;0.0;0.7;17;1.6;75;-1.05;44;0.0;0;2867
Collins Sichenje;D (C), DM, M (C);24;Unknown;Sky Bet Championship;England;3.0;14.3;11%;0.1;11%;0;0.0;0.2;0.0;90%;4.6;0;1.1;3.3;1.2;0.8;0.1;0.0;0;40.8;2.2;3.7;0.2;0.0;37;0.0;0.4;0.5;0.7;0.0;10.4;0.0;5.7;0.1;0.1;3.8;0.0;0.1;25;0.9;68;0.45;42;0.0;0;3945
Arthur Okonkwo;GK;26;Unknown;Sky Bet Championship;England;0.0;2.1;0%;0.0;0%;65;-0.1;0.0;0.0;77%;10.1;-3.85;4.1;0.0;0.0;0.0;0.0;0.0;87;23.8;0.0;0.0;0.0;0.0;1;0.0;0.0;0.0;0.0;0.0;5.5;0.0;0.0;0.0;0.0;0.0;0.0;0.0;0;0.0;0;0;3;0.0;54;3244
Jackson Tchatchoua;D/WB/M (R);26;€11M;Premier League;England;2.8;8.9;33%;0.0;17%;0;0.0;1.2;0.0;88%;21.0;0;1.0;8.4;2.3;2.2;0.0;0.1;0;48.6;5.6;21.5;1.2;3.4;45;0.7;0.3;0.1;0.6;0.0;12.2;0.0;3.5;0.0;5.3;1.6;0.1;6.2;12;0.2;46;0.54;51;0.0;0;1844
Mathias Ross;D (C);27;Unknown;Sky Bet Championship;England;3.1;17.4;12%;0.2;0%;0;0.0;0.2;0.2;91%;3.0;0;1.1;2.5;0.8;0.6;0.1;0.0;0;40.1;1.8;4.1;0.2;0.0;28;0.0;0.4;1.2;0.7;0.0;10.1;0.0;5.3;0.1;0.0;3.9;0.1;0.0;50;1.1;73;-1.79;30;0.0;0;4320
Oli McBurnie;ST (C);31;€4.2M - €7M;Sky Bet Championship;England;0.6;1.9;51%;0.0;21%;0;0.0;1.1;0.1;89%;16.1;0;0.1;1.8;0.7;0.2;1.0;1.4;0;30.2;0.8;5.2;1.1;0.5;8;0.1;2.7;0.0;0.1;0.6;10.0;0.3;7.6;0.0;0.6;3.2;0.1;0.6;14;0.1;42;9.69;11;0.3;0;3168
Alfie Jones;D (C), DM;30;Unknown;Sky Bet Championship;England;2.4;16.8;36%;0.1;0%;0;0.0;0.2;0.1;91%;3.5;0;1.6;2.6;0.9;0.4;0.0;0.1;0;42.4;2.2;4.6;0.2;0.0;20;0.0;0.3;0.7;0.7;0.0;10.2;0.0;5.5;0.1;0.1;3.9;0.1;0.1;50;1.1;71;-1.28;32;0.0;0;4252
Reece Burke;D (RC);31;Unknown;Sky Bet Championship;England;2.8;15.9;18%;0.2;9%;0;0.0;0.3;0.1;93%;3.2;0;1.1;2.4;0.8;0.6;0.2;0.1;0;42.3;1.7;4.5;0.3;0.1;21;0.0;0.6;0.5;0.7;0.1;9.8;0.1;5.5;0.1;0.0;3.7;0.1;0.0;0;0.9;67;0.01;24;0.1;0;3261
Ryan Allsop;GK;35;Unknown;Sky Bet Championship;England;0.0;2.9;0%;0.0;0%;69;0.0;0.0;0.0;75%;9.8;1.62;3.3;0.0;0.0;0.1;0.0;0.0;90;24.0;0.0;0.0;0.0;0.0;3;0.0;0.0;0.0;0.0;0.0;5.4;0.0;0.0;0.0;0.0;0.0;0.0;0.0;0;0.0;0;0;5;0.0;67;4597
Vladan Kovačević;GK;30;Unknown;Sky Bet Championship;England;0.0;2.7;0%;0.0;0%;71;-0.1;0.0;0.0;74%;9.1;-3.28;3.7;0.0;0.0;0.0;0.0;0.0;90;23.6;0.0;0.0;0.0;0.0;1;0.0;0.0;0.0;0.0;0.0;6.0;0.0;0.0;0.0;0.0;0.0;0.0;0.0;0;0.0;0;0;3;0.0;41;3081
Jackson Smith;GK;26;Unknown;Sky Bet Championship;England;0.0;2.3;0%;0.0;0%;69;-0.2;0.0;0.0;70%;9.5;-11.53;4.7;0.0;0.0;0.0;0.0;0.0;90;26.5;0.0;0.0;0.0;0.0;1;0.0;0.0;0.0;0.0;0.0;5.3;0.0;0.0;0.0;0.0;0.0;0.0;0.0;0;0.0;0;0;7;0.0;88;4420
Tennai Watson;D/WB (R);31;Unknown;Sky Bet Championship;England;3.3;8.1;20%;0.1;20%;0;0.0;1.1;0.2;89%;16.6;0;1.1;5.8;1.6;1.3;0.1;0.0;0;54.7;6.7;13.4;1.1;0.5;29;0.2;0.2;0.6;0.4;0.0;11.4;0.0;5.7;0.1;2.4;3.3;0.1;2.4;9;0.2;58;0.55;33;0.0;0;1962
Ilias Chair;M (C), AM (LC);30;€475K - €4.7M;Sky Bet Championship;England;1.4;6.8;29%;0.0;8%;0;0.0;1.1;0.2;87%;16.6;0;0.4;5.9;1.5;1.0;0.7;0.6;0;28.0;2.0;10.5;1.3;2.6;42;0.3;1.9;0.0;0.2;0.2;7.7;0.2;2.5;0.2;2.1;0.4;0.4;2.1;14;0.0;18;-1.11;55;0.2;0;3873
Alfie Lloyd;AM (RL), ST (C);25;Unknown;Sky Bet Championship;England;0.8;1.1;52%;0.0;16%;0;0.0;0.6;0.0;91%;24.5;0;0.1;1.5;0.4;0.1;0.8;1.2;0;27.0;0.4;7.8;0.6;0.8;3;0.1;2.3;0.0;0.1;0.4;10.3;0.3;7.2;0.0;0.3;1.3;0.1;0.3;33;0.0;19;1.76;3;0.3;0;2628
Calum Chambers;D (C), DM;33;Not for Sale;Sky Bet Championship;England;2.4;11.3;33%;0.0;22%;0;0.0;0.7;0.0;92%;6.3;0;0.8;4.2;1.4;1.3;0.2;0.1;0;45.0;4.8;8.6;0.7;0.0;28;0.0;0.4;0.7;0.5;0.1;10.0;0.0;2.7;0.1;0.2;1.0;0.0;0.2;0;0.4;37;1.47;35;0.0;0;1916
Will Mannion;GK;30;Unknown;Sky Bet Championship;England;0.0;2.6;0%;0.0;0%;76;0.3;0.0;0.0;76%;10.1;10.91;3.5;0.0;0.0;0.0;0.0;0.0;89;24.6;0.0;0.0;0.0;0.0;1;0.0;0.0;0.0;0.0;0.0;5.8;0.0;0.0;0.0;0.0;0.0;0.0;0.0;0;0.0;0;0;9;0.0;45;3655
Daniel Grimshaw;GK;30;Unknown;Sky Bet Championship;England;0.0;2.4;0%;0.0;0%;67;-0.3;0.0;0.0;78%;9.5;-3.98;4.2;0.0;0.0;0.0;0.0;0.0;88;25.3;0.0;0.0;0.0;0.0;0;0.0;0.0;0.0;0.0;0.0;5.6;0.0;0.0;0.0;0.0;0.0;0.0;0.0;0;0.0;0;0;3;0.0;23;1329
Jimmy Dunne;D (RC);30;Unknown;Sky Bet Championship;England;2.9;13.2;14%;0.1;0%;0;0.0;0.5;0.0;91%;9.9;0;1.0;5.2;1.5;1.4;0.2;0.1;0;48.5;5.0;11.3;0.5;0.3;65;0.2;0.5;0.6;0.5;0.0;10.9;0.0;5.2;0.1;1.3;4.0;0.0;1.3;18;0.8;76;-2.08;77;0.0;0;4304
Lawrence Vigouroux;GK;34;Unknown;Sky Bet Championship;England;0.0;3.7;0%;0.0;0%;78;0.4;0.0;0.0;79%;8.7;10.99;3.8;0.0;0.0;0.0;0.0;0.0;89;24.0;0.0;0.0;0.0;0.0;1;0.0;0.0;0.0;0.0;0.0;5.0;0.0;0.0;0.0;0.0;0.0;0.0;0.0;0;0.0;0;0;3;0.0;27;2370
Danny McNamara;D/WB (RL);29;Unknown;Sky Bet Championship;England;3.1;12.0;33%;0.1;0%;0;0.0;1.2;0.1;89%;17.5;0;1.3;7.1;2.3;2.1;0.0;0.1;0;53.8;7.2;14.8;1.2;1.0;79;0.3;0.2;0.6;0.6;0.0;11.3;0.0;3.3;0.1;2.0;1.2;0.1;2.0;13;0.3;36;-0.56;98;0.0;0;3362
Brendan Wiredu;D (C), DM, M (C);28;Unknown;Sky Bet Championship;England;2.2;9.2;25%;0.0;0%;0;0.0;0.4;0.1;91%;6.3;0;0.6;5.9;1.6;1.0;0.1;0.1;0;48.5;3.8;9.9;0.4;0.4;12;0.0;0.3;0.2;0.5;0.0;10.6;0.0;2.3;0.1;0.2;1.5;0.0;0.2;0;0.2;64;-0.4;18;0.0;0;1080
Josh Vickers;GK;32;Unknown;Sky Bet Championship;England;0.0;2.5;0%;0.0;0%;67;-0.1;0.0;0.0;78%;9.9;-3.43;3.7;0.0;0.0;0.0;0.0;0.0;90;24.7;0.0;0.0;0.0;0.0;0;0.0;0.0;0.0;0.0;0.0;5.1;0.0;0.0;0.0;0.0;0.0;0.0;0.0;0;0.0;0;0;1;0.0;55;4140
Liam Kitching;D (LC);28;€4.7M;Premier League;England;2.2;13.3;0%;0.1;0%;0;0.0;0.1;0.0;90%;3.5;0;1.1;2.6;0.8;0.7;0.1;0.0;0;43.3;1.7;4.0;0.1;0.1;23;0.0;0.1;1.3;0.4;0.0;10.2;0.0;5.6;0.0;0.1;4.0;0.0;0.1;0;1.5;72;-0.08;26;0.0;0;3103
Jordan Williams;D (RLC), WB (R);28;Unknown;Sky Bet Championship;England;2.4;9.3;14%;0.0;0%;0;0.0;0.7;0.0;86%;15.6;0;1.1;6.7;1.7;1.1;0.1;0.1;0;52.5;7.0;15.6;0.7;0.9;13;0.6;0.6;0.3;0.7;0.0;11.4;0.0;4.7;0.0;1.9;3.4;0.0;1.9;30;0.5;71;-0.3;20;0.0;0;1070
Jacob Brown;AM (R), ST (C);30;Unknown;Sky Bet Championship;England;1.1;2.7;46%;0.0;12%;0;0.0;1.2;0.2;90%;19.6;0;0.4;4.3;1.1;0.6;1.1;1.6;0;32.5;1.5;10.6;1.2;1.3;16;0.1;3.5;0.0;0.2;0.4;10.9;0.4;6.9;0.1;0.9;2.4;0.0;0.9;9;0.1;34;1.86;20;0.4;0;2267
Joe Lumley;GK;33;Unknown;Sky Bet Championship;England;0.0;1.6;0%;0.0;0%;67;-0.1;0.0;0.0;79%;11.1;-4.01;3.3;0.0;0.0;0.0;0.0;0.0;90;22.8;0.0;0.0;0.0;0.0;0;0.0;0.0;0.0;0.0;0.0;5.0;0.0;0.0;0.0;0.0;0.0;0.0;0.0;0;0.0;0;0;3;0.0;51;3955
Josh Murphy;WB/M (L), AM (RL);33;Unknown;Sky Bet Championship;England;2.1;2.7;22%;0.1;7%;0;0.0;1.7;0.1;90%;24.8;0;0.5;9.0;1.7;1.4;0.6;0.4;0;42.8;3.3;12.2;1.7;4.0;21;0.5;1.8;0.0;0.2;0.1;11.4;0.2;4.3;0.1;3.0;0.9;0.1;3.0;17;0.1;20;-0.57;24;0.2;0;1347
Joe Buršík;GK;27;Unknown;Sky Bet Championship;England;0.0;2.6;0%;0.0;0%;68;0.0;0.0;0.0;83%;8.5;0.74;4.1;0.0;0.0;0.0;0.0;0.0;88;23.7;0.0;0.0;0.0;0.0;0;0.0;0.0;0.0;0.0;0.0;5.9;0.0;0.0;0.0;0.0;0.0;0.0;0.0;0;0.0;0;0;2;0.0;26;1919
Rumarn Burrell;AM (RL), ST (C);27;Unknown;Sky Bet Championship;England;1.2;2.8;61%;0.0;22%;0;0.0;2.0;0.4;87%;19.5;0;0.3;6.9;2.4;0.8;0.5;0.9;0;36.5;3.0;11.4;2.0;3.3;10;0.3;1.5;0.0;0.2;0.3;11.5;0.2;4.2;0.1;2.3;1.0;0.1;2.3;14;0.0;24;1.77;18;0.2;0;1089
John Swift;DM, M/AM (C);32;Unknown;Sky Bet Championship;England;1.8;10.0;41%;0.0;7%;0;0.0;1.9;0.4;90%;21.9;0;0.7;5.4;0.9;0.7;0.3;0.4;0;41.2;2.7;8.8;3.3;1.2;17;0.2;1.1;0.0;0.2;0.1;11.2;0.1;3.9;0.2;0.5;0.9;0.1;8.9;19;0.1;24;-1.38;20;0.1;0;2294
Terry Taylor;DM, M (C);26;Unknown;Sky Bet Championship;England;2.7;11.8;20%;0.2;0%;0;0.0;0.7;0.5;91%;7.3;0;0.8;6.3;1.1;0.8;0.2;0.1;0;52.0;5.7;10.6;1.0;0.3;15;0.0;0.6;0.0;0.6;0.0;11.2;0.1;2.0;0.3;0.1;0.9;0.2;4.6;8;0.1;44;-1.33;18;0.1;0;1608
Owen Dodgson;D/WB/M (L);25;Unknown;Sky Bet Championship;England;3.1;10.3;0%;0.1;0%;0;0.0;1.3;0.3;85%;18.0;0;1.3;8.2;2.2;2.1;0.0;0.0;0;48.3;5.5;23.6;1.3;2.1;79;0.9;0.1;0.3;0.7;0.0;12.0;0.0;3.4;0.1;5.6;1.8;0.0;7.8;15;0.2;52;-0.3;103;0.0;0;3440
Dion Sanderson;D (RC);28;Unknown;Sky Bet Championship;England;3.0;10.9;24%;0.1;5%;0;0.0;0.1;0.0;88%;4.1;0;1.0;2.4;0.8;0.5;0.1;0.1;0;40.9;2.4;4.2;0.1;0.0;21;0.0;0.5;0.4;0.4;0.0;9.7;0.0;5.7;0.0;0.1;4.2;0.0;0.1;0;1.0;74;-0.84;24;0.0;0;4010
Andrew Fisher;GK;30;Unknown;Sky Bet Championship;England;0.0;2.8;0%;0.0;0%;74;0.2;0.0;0.0;77%;11.4;4.46;3.1;0.0;0.0;0.1;0.0;0.0;86;22.7;0.0;0.0;0.0;0.0;2;0.0;0.0;0.0;0.0;0.0;5.4;0.0;0.0;0.0;0.0;0.0;0.0;0.0;0;0.0;0;0;2;0.0;29;2130
Josh Earl;D (LC), WB (L);29;Unknown;Sky Bet Championship;England;3.0;12.0;25%;0.0;25%;0;0.0;0.1;0.0;88%;2.4;0;1.4;2.4;0.7;0.5;0.1;0.1;0;41.2;1.7;4.1;0.1;0.0;6;0.0;0.3;0.6;0.9;0.1;10.1;0.0;5.3;0.0;0.0;3.9;0.1;0.0;0;1.1;75;0.5;8;0.0;0;1144
Will Fish;D (C);25;Unknown;Sky Bet Championship;England;3.3;12.6;15%;0.1;0%;0;0.0;0.1;0.1;90%;4.0;0;1.2;2.8;1.0;0.6;0.1;0.0;0;41.5;1.7;3.4;0.1;0.0;24;0.0;0.3;1.0;0.7;0.0;9.9;0.0;5.3;0.0;0.1;4.0;0.1;0.1;0;1.0;75;-1.61;30;0.0;0;3923
Max Crocombe;GK;34;Unknown;Sky Bet Championship;England;0.0;2.6;0%;0.0;0%;69;0.1;0.0;0.0;73%;9.7;2.73;3.1;0.0;0.0;0.0;0.0;0.0;89;24.3;0.0;0.0;0.0;0.0;1;0.0;0.0;0.0;0.0;0.0;5.0;0.0;0.0;0.0;0.0;0.0;0.0;0.0;0;0.0;0;0;3;0.0;59;4050
Josh Knight;D (C);30;Unknown;Sky Bet Championship;England;3.0;14.0;16%;0.2;8%;0;0.0;0.2;0.1;92%;3.1;0;1.3;2.5;0.7;0.4;0.2;0.1;0;41.9;1.5;4.0;0.2;0.0;20;0.0;0.5;0.9;0.8;0.0;10.4;0.1;5.5;0.0;0.0;4.0;0.0;0.0;0;0.8;72;-0.68;26;0.1;0;4303
Akin Famewo;D (LC);29;Unknown;Sky Bet Championship;England;3.0;13.1;33%;0.3;33%;0;0.0;0.2;0.1;90%;3.3;0;1.0;2.4;1.0;0.6;0.0;0.0;0;41.3;2.3;4.2;0.2;0.0;26;0.0;0.1;0.7;0.9;0.0;9.9;0.0;4.5;0.0;0.1;3.4;0.0;0.1;33;0.5;75;0.59;32;0.0;0;4061
Nathan Broadhead;AM (LC);30;€375K - €3.8M;Sky Bet Championship;England;1.3;9.2;20%;0.0;0%;0;0.0;1.8;0.3;87%;22.1;0;0.4;4.8;0.9;0.4;0.5;0.3;0;42.7;2.9;9.9;2.4;1.2;5;0.1;1.3;0.0;0.3;0.0;12.1;0.1;2.3;0.2;0.5;0.4;0.1;0.5;16;0.0;19;-1.34;5;0.1;0;1008
Liam Walsh;DM, M (C);30;Unknown;Sky Bet Championship;England;2.3;12.7;25%;0.0;0%;0;0.0;0.9;0.4;92%;6.5;0;0.5;6.0;1.7;1.4;0.0;0.0;0;51.0;5.2;10.5;2.3;0.4;44;0.0;0.1;0.1;0.5;0.0;11.5;0.0;2.1;0.2;0.1;0.8;0.1;9.6;16;0.1;39;-0.56;53;0.0;0;2907
Marc Bola;D/WB/M (L);30;€110K - €1.1M;Sky Bet Championship;England;3.1;8.3;0%;0.1;0%;0;0.0;1.5;0.3;87%;21.4;0;1.3;8.4;2.0;2.4;0.1;0.0;0;46.7;4.3;24.6;1.5;2.1;92;0.8;0.1;0.5;0.6;0.0;12.5;0.0;3.6;0.1;5.3;2.2;0.1;5.9;16;0.3;61;-0.42;110;0.0;0;3405
Ryan Wintle;DM, M (C);30;Unknown;Sky Bet Championship;England;0.0;11.9;34%;0.0;8%;0;0.0;0.1;0.3;0%;13.9;0;0.0;0.0;0.0;0.0;0.4;0.4;0;0.0;0.0;0.0;0.2;0.0;0;0.0;1.1;0.0;0.0;0.1;0.0;0.1;0.0;0.2;0.0;0.0;0.1;2.9;7;0.0;0;-2.04;0;0.1;0;4350
Perry Ng;D (RC), WB (R);31;Not for Sale;Sky Bet Championship;England;3.6;11.7;21%;0.1;11%;0;0.0;1.1;0.1;85%;13.7;0;1.4;6.8;1.6;1.5;0.2;0.1;0;56.0;7.3;15.4;1.4;0.3;54;0.2;0.5;1.1;0.7;0.1;11.3;0.1;4.5;0.1;1.7;2.8;0.1;1.7;13;0.4;61;0.11;69;0.1;0;3236
Chris Willock;M (L), AM (RLC);30;Unknown;Sky Bet Championship;England;1.7;3.2;33%;0.0;15%;0;0.0;1.5;0.6;90%;22.5;0;0.4;9.4;1.9;1.3;0.9;0.6;0;42.7;3.1;11.7;1.5;3.1;21;0.3;1.7;0.0;0.1;0.2;10.9;0.1;3.6;0.2;2.6;0.7;0.0;2.6;12;0.1;19;2.49;29;0.1;0;1445
Malachi Boateng;DM, M (C);25;Unknown;Sky Bet Championship;England;2.6;12.4;13%;0.0;0%;0;0.0;1.2;0.2;90%;7.3;0;0.7;6.3;1.5;0.9;0.3;0.1;0;52.5;6.4;11.5;1.2;0.1;41;0.0;0.7;0.1;0.5;0.0;11.4;0.1;1.8;0.1;0.1;1.1;0.2;0.1;33;0.2;60;-3.39;53;0.1;0;4143
Connor Ogilvie;D (LC), WB (L);32;Unknown;Sky Bet Championship;England;2.7;10.3;0%;0.0;0%;0;0.0;1.2;0.1;88%;14.7;0;0.8;7.1;1.7;1.5;0.0;0.0;0;54.8;7.0;14.9;1.2;0.3;22;0.5;0.0;0.8;0.5;0.0;11.3;0.0;4.2;0.1;3.2;2.5;0.1;3.2;14;0.9;60;0;31;0.0;0;1319
Rob Dickie;D (C);32;Unknown;Sky Bet Championship;England;2.5;10.5;12%;0.1;0%;0;0.0;0.1;0.1;92%;3.8;0;1.0;2.4;0.8;0.4;0.1;0.0;0;42.1;1.8;4.2;0.1;0.0;19;0.0;0.4;0.6;0.7;0.0;10.2;0.0;5.4;0.0;0.0;3.9;0.0;0.0;0;1.4;73;-1.44;29;0.0;0;4165
Ivor Pandur;GK;28;Unknown;Sky Bet Championship;England;0.0;4.2;0%;0.0;0%;74;0.2;0.0;0.0;81%;7.6;8.49;2.3;0.0;0.0;0.0;0.0;0.0;88;24.8;0.0;0.0;0.0;0.0;2;0.0;0.0;0.0;0.0;0.0;6.1;0.0;0.0;0.0;0.0;0.0;0.0;0.0;0;0.0;0;0;3;0.0;55;4533
Dominic Hyam;D (C);32;Unknown;Sky Bet Championship;England;2.7;11.3;18%;0.0;5%;0;0.0;0.1;0.0;91%;4.0;0;1.0;2.5;0.8;0.4;0.1;0.1;0;41.1;1.9;3.1;0.1;0.0;18;0.0;0.5;0.7;0.5;0.0;9.7;0.0;5.4;0.0;0.1;3.5;0.0;0.1;25;1.5;66;-1.38;30;0.0;0;4320
Sebastiaan Bornauw;D (RC);29;€6M - €8.2M;Sky Bet Championship;England;2.9;15.2;36%;0.1;18%;0;0.0;0.1;0.1;94%;5.3;0;0.7;4.1;1.5;1.0;0.2;0.2;0;55.5;3.9;5.2;0.1;0.1;17;0.1;0.6;0.6;0.5;0.1;10.2;0.1;5.6;0.1;0.2;4.5;0.0;0.2;66;1.0;80;0.63;22;0.1;0;1541
Enzo Cantero;AM (RL);23;Unknown;Ligue 2 BKT;France;1.8;3.7;27%;0.0;7%;0;0.0;1.5;0.3;92%;22.4;0;0.3;7.3;1.7;1.3;0.5;0.3;0;40.6;3.1;12.0;1.5;3.3;17;0.9;1.1;0.0;0.6;0.1;11.2;0.2;5.1;0.2;5.9;2.0;0.1;5.9;15;0.1;39;-1.28;20;0.2;0;1191
Enzo Tchato;D (RC);25;Unknown;Ligue 2 BKT;France;3.8;13.8;0%;0.2;0%;0;0.0;0.2;0.2;91%;3.6;0;0.7;2.3;0.7;0.5;0.0;0.0;0;43.2;1.9;2.4;0.2;0.0;6;0.0;0.2;0.5;0.8;0.0;10.4;0.0;3.2;0.0;0.0;2.5;0.0;0.0;0;0.2;78;-0.47;6;0.0;0;1032
Ibrahim Coulibaly;D (RL);22;Unknown;Ligue 2 BKT;France;2.7;9.9;15%;0.0;0%;0;0.0;0.7;0.2;86%;15.7;0;0.8;7.4;1.4;1.6;0.3;0.1;0;52.1;7.6;12.8;0.8;1.2;34;0.3;0.6;0.4;0.5;0.0;10.7;0.0;3.6;0.1;1.7;2.4;0.0;4.7;11;0.2;66;-0.9;39;0.0;0;1922
Coleen Louis;D/WB/M (L);22;Unknown;Ligue 2 BKT;France;3.6;8.6;50%;0.0;0%;0;0.0;1.4;0.0;84%;17.9;0;1.1;6.2;2.2;1.3;0.1;0.1;0;55.4;6.3;12.9;1.4;0.5;20;1.1;0.1;0.8;0.3;0.0;11.0;0.0;4.5;0.0;4.2;3.3;0.0;4.2;25;0.8;73;-0.38;28;0.0;0;1336
Yuliwes Bellache;M (C), AM (RLC);25;Unknown;Ligue 2 BKT;France;2.0;7.4;44%;0.0;0%;0;0.0;1.8;0.0;88%;12.3;0;0.7;6.5;1.6;0.9;0.4;0.7;0;43.7;3.4;8.8;3.2;1.3;11;0.4;1.5;0.0;0.2;0.0;11.0;0.1;3.4;0.1;1.8;1.6;0.1;1.8;23;0.2;48;-2.45;16;0.2;0;1072
Nesta Zahui;WB/M/AM (R);25;Unknown;Ligue 2 BKT;France;2.2;6.4;25%;0.1;13%;0;0.0;1.3;0.2;90%;19.9;0;0.6;5.4;1.1;1.0;0.2;0.2;0;27.3;2.9;12.6;1.3;1.3;13;0.5;0.6;0.0;0.3;0.1;7.2;0.1;1.5;0.1;3.4;0.5;0.1;3.4;13;0.2;32;0.05;17;0.1;0;1147
Habib Keïta;DM, M (C);26;Unknown;Ligue 2 BKT;France;3.5;14.8;11%;0.0;5%;0;0.0;0.9;0.1;91%;6.0;0;0.8;5.7;1.4;0.8;0.5;0.1;0;48.4;4.7;12.2;1.1;0.4;17;0.3;0.9;0.3;0.7;0.0;11.4;0.1;2.3;0.1;0.6;1.2;0.1;1.2;36;0.1;51;-1.34;25;0.1;0;1900
Allan Ackra;DM, M (C);24;Unknown;Ligue 2 BKT;France;2.1;13.2;6%;0.1;0%;0;0.0;0.9;0.1;91%;6.0;0;1.0;5.7;1.8;1.0;0.2;0.0;0;51.4;5.8;11.3;0.9;0.2;33;0.1;0.5;0.3;0.4;0.0;11.5;0.1;2.8;0.1;0.2;1.5;0.0;0.2;40;0.6;55;-1.91;50;0.1;0;2846
Elie N'Gatta;D (RC), WB (R);22;Unknown;Ligue 2 BKT;France;3.2;12.4;19%;0.1;11%;0;0.0;1.2;0.1;88%;16.9;0;1.0;8.0;2.2;1.5;0.1;0.1;0;54.3;7.0;14.0;1.2;0.4;51;0.5;0.8;0.5;0.4;0.1;11.4;0.1;4.7;0.1;2.9;2.9;0.0;2.9;16;0.6;61;-0.66;79;0.1;0;3052
Emmanuel Biumla;D (C), DM;23;Unknown;Ligue 2 BKT;France;2.3;14.6;23%;0.0;6%;0;0.0;1.1;0.2;88%;6.1;0;0.8;5.9;1.6;1.0;0.2;0.2;0;52.0;6.1;10.3;1.1;0.3;36;0.0;0.9;0.1;0.5;0.1;11.0;0.1;2.9;0.2;0.1;1.7;0.3;0.1;33;0.5;57;-0.51;46;0.1;0;3148
Amine El Farissi;AM (LC), ST (C);29;Unknown;Ligue 2 BKT;France;2.2;3.6;36%;0.1;7%;0;0.0;2.0;0.1;90%;21.5;0;0.5;9.7;2.6;1.4;0.2;0.3;0;43.3;3.7;14.2;2.0;3.0;49;0.7;0.8;0.0;0.2;0.1;11.9;0.1;2.8;0.2;2.4;0.6;0.1;2.4;27;0.0;20;-1.29;70;0.1;0;3075
Kemo Cissé;WB/M/AM (RL);31;Not for Sale;Ligue 2 BKT;France;3.2;10.0;20%;0.0;0%;0;0.0;1.4;0.2;85%;17.7;0;0.9;9.7;2.4;2.1;0.0;0.0;0;48.2;4.5;22.2;1.4;2.7;63;1.0;0.2;0.0;0.4;0.0;12.6;0.0;3.9;0.1;6.5;1.8;0.1;6.5;15;0.3;46;-0.46;85;0.0;0;2683
Noah Raveyre;GK;22;Unknown;Ligue 2 BKT;France;0.0;4.3;0%;0.0;0%;76;0.3;0.0;0.0;75%;6.5;11.72;3.6;0.0;0.0;0.0;0.0;0.0;89;25.4;0.0;0.0;0.0;0.0;0;0.0;0.0;0.0;0.0;0.0;5.1;0.0;0.0;0.0;0.0;0.0;0.0;0.0;0;0.0;0;0;8;0.0;32;3204
Julien Boyer;D/WB (L);30;Unknown;Ligue 2 BKT;France;3.1;10.9;30%;0.2;0%;0;0.0;1.1;0.0;89%;15.0;0;1.2;6.9;1.8;2.2;0.1;0.1;0;53.3;7.2;14.3;2.4;0.8;74;0.2;0.3;0.3;0.7;0.0;11.2;0.0;3.3;0.1;1.9;2.1;0.1;6.4;14;0.1;62;-1.08;84;0.0;0;2983
Clément Rodrigues;M/AM (R), ST (C);27;Unknown;Ligue 2 BKT;France;1.6;4.0;43%;0.0;14%;0;0.0;1.3;0.5;84%;16.3;0;0.7;4.9;1.1;0.4;0.8;1.1;0;32.7;2.1;10.8;1.3;1.8;8;0.5;2.5;0.1;0.4;0.3;11.0;0.4;7.5;0.2;1.6;2.3;0.1;3.3;16;0.1;30;-1.54;11;0.4;0;1616
Thomas Dasquet;D (C), DM;34;Unknown;Ligue 2 BKT;France;3.1;13.5;14%;0.1;0%;0;0.0;0.1;0.1;86%;4.0;0;0.8;2.7;1.1;0.6;0.2;0.1;0;44.4;2.9;3.3;0.1;0.0;13;0.0;0.6;0.7;0.7;0.0;10.2;0.1;5.5;0.0;0.0;3.9;0.0;0.0;0;0.7;70;-1.14;15;0.1;0;1999
Teddy Averlant;M/AM (RC);28;Unknown;Ligue 2 BKT;France;2.3;5.0;38%;0.0;13%;0;0.0;1.8;0.5;86%;15.8;0;0.2;12.0;1.9;0.7;0.6;0.6;0;40.0;5.7;16.3;1.8;3.5;24;0.8;1.6;0.0;0.2;0.2;10.9;0.2;2.4;0.2;3.5;1.2;0.3;3.5;22;0.0;49;1.24;43;0.2;0;3047
Jérémy Sebas;AM (L), ST (C);25;Unknown;Ligue 2 BKT;France;0.6;2.1;44%;0.0;11%;0;0.0;0.9;0.0;88%;18.2;0;0.1;1.5;0.7;0.2;0.9;1.2;0;24.5;0.6;5.0;0.9;0.8;5;0.1;2.8;0.0;0.1;0.3;10.2;0.3;8.4;0.0;0.4;2.7;0.0;0.4;16;0.0;32;-0.77;8;0.3;0;2453
Théo Chendri;M (LC), AM (RLC);31;Unknown;Ligue 2 BKT;France;2.0;3.2;20%;0.0;0%;0;0.0;1.3;0.2;89%;28.1;0;0.4;7.1;2.2;1.2;0.1;0.1;0;45.9;3.2;12.7;1.3;3.7;24;0.7;0.7;0.0;0.3;0.0;12.0;0.1;5.0;0.1;3.4;1.8;0.0;3.4;22;0.0;36;-1.92;33;0.1;0;1814
Adrián Ortolà;GK;34;Unknown;Ligue 2 BKT;France;0.0;4.6;0%;0.0;0%;74;0.0;0.0;0.0;79%;7.8;1.49;3.7;0.0;0.0;0.0;0.0;0.0;89;23.1;0.0;0.0;0.0;0.0;0;0.0;0.0;0.0;0.0;0.0;5.3;0.0;0.0;0.0;0.0;0.0;0.0;0.0;0;0.0;0;0;3;0.0;35;3330
Dehmaine Tabibou;M/AM (C);23;Unknown;Ligue 1 McDonald's;France;1.4;8.8;29%;0.0;6%;0;0.0;1.8;0.2;89%;20.6;0;0.6;4.7;1.0;0.5;0.4;0.4;0;39.9;2.8;10.5;2.3;1.2;12;0.2;1.2;0.0;0.5;0.1;11.4;0.1;4.3;0.0;0.7;1.4;0.0;3.2;17;0.1;34;-0.51;14;0.1;0;2241
Sidi Bane;D (RC), WB (R);24;Unknown;Ligue 2 BKT;France;2.9;13.2;16%;0.1;4%;0;0.0;0.1;0.1;90%;4.1;0;1.2;2.9;1.0;0.5;0.3;0.2;0;42.2;2.2;3.8;0.1;0.0;13;0.0;1.0;0.5;0.6;0.0;9.5;0.1;4.4;0.0;0.0;2.4;0.0;0.0;0;0.7;55;-1.11;22;0.1;0;2146
Bram Lagae;D (C);24;Unknown;Ligue 1 McDonald's;France;2.6;13.4;0%;0.2;0%;0;0.0;0.2;0.0;90%;3.8;0;1.3;3.1;1.0;0.7;0.1;0.0;0;41.4;2.2;3.2;0.2;0.0;22;0.0;0.3;1.0;0.8;0.0;9.4;0.1;5.7;0.0;0.1;3.2;0.0;0.1;33;1.2;56;-1.69;25;0.1;0;2962
Neil Glossoa;D (RC), DM;23;Unknown;Ligue 2 BKT;France;3.4;10.4;33%;0.0;14%;0;0.0;0.7;0.0;89%;15.4;0;1.0;7.1;1.5;1.4;0.3;0.2;0;53.1;6.4;14.0;0.7;0.6;48;0.4;0.6;0.6;0.5;0.1;11.0;0.1;3.6;0.1;2.1;2.3;0.1;2.1;18;0.3;63;1.29;60;0.1;0;3026
Victor Mayela;D (RC);24;Unknown;Ligue 2 BKT;France;2.9;15.4;14%;0.1;14%;0;0.0;0.1;0.1;91%;3.4;0;1.1;3.0;0.9;0.5;0.1;0.0;0;42.2;1.8;4.2;0.1;0.1;15;0.0;0.2;0.9;0.6;0.0;9.9;0.0;3.9;0.1;0.1;2.9;0.0;0.1;25;0.5;73;-0.43;21;0.0;0;2888
Ange Josuè Chibozo;AM (LC), ST (C);24;Unknown;Ligue 2 BKT;France;1.0;1.3;51%;0.0;12%;0;0.0;0.8;0.1;89%;19.4;0;0.3;1.2;0.5;0.1;0.8;1.5;0;27.6;0.4;4.2;0.8;0.7;2;0.1;2.9;0.0;0.1;0.4;10.3;0.3;8.0;0.1;0.3;1.5;0.1;0.3;33;0.0;19;0.12;3;0.3;0;2809
Paul Venot;DM, M (C);26;Unknown;Ligue 2 BKT;France;2.7;13.7;7%;0.1;7%;0;0.0;0.6;0.5;91%;7.7;0;0.5;6.1;2.0;1.3;0.1;0.0;0;50.5;4.0;11.1;0.6;0.1;28;0.0;0.7;0.0;0.7;0.0;11.5;0.1;3.0;0.3;0.0;2.0;0.2;0.0;0;0.3;68;-1.4;44;0.1;0;1982
Layousse Samb;D/WB (L);27;Unknown;Ligue 2 BKT;France;3.1;11.2;0%;0.1;0%;0;0.0;1.6;0.1;88%;15.4;0;1.2;9.2;2.7;2.2;0.0;0.0;0;48.6;5.9;22.8;2.3;1.6;52;1.1;0.0;0.4;0.7;0.0;12.1;0.0;2.6;0.1;4.7;1.6;0.0;4.7;22;0.3;60;0;73;0.0;0;2133
Damien Durand;AM (L), ST (C);32;Unknown;Ligue 2 BKT;France;0.5;4.4;43%;0.0;10%;0;0.0;0.7;0.2;91%;17.8;0;0.0;1.2;0.6;0.1;1.0;1.2;0;20.1;0.5;3.8;2.1;0.5;4;0.1;2.7;0.0;0.1;0.3;7.7;0.3;5.6;0.1;0.4;1.1;0.0;6.9;18;0.1;19;0.56;7;0.3;0;2882
Mohamed-Amine Bouchenna;ST (C);21;Unknown;Ligue 2 BKT;France;0.7;2.1;58%;0.0;17%;0;0.0;0.9;0.1;87%;18.5;0;0.2;1.9;0.9;0.3;0.7;1.1;0;26.1;0.7;5.3;0.9;0.6;5;0.1;2.0;0.0;0.1;0.3;10.1;0.2;8.4;0.1;0.4;1.7;0.1;0.4;12;0.1;20;1.87;6;0.2;0;1654
Donatien Gomis;D (C);33;Unknown;Ligue 2 BKT;France;3.0;17.4;14%;0.1;5%;0;0.0;0.2;0.0;90%;2.5;0;1.0;2.7;0.7;0.5;0.3;0.1;0;41.8;2.0;4.9;0.2;0.1;19;0.0;0.6;0.5;0.9;0.0;9.9;0.1;5.8;0.0;0.0;4.4;0.0;0.0;0;1.0;75;-1.2;25;0.1;0;3130
Mahlôn Barty;AM (L), ST (C);29;Unknown;Ligue 2 BKT;France;0.4;0.6;50%;0.0;14%;0;0.0;1.0;0.1;90%;20.7;0;0.1;1.3;0.7;0.3;0.6;1.2;0;27.4;0.7;4.1;1.0;0.2;6;0.3;2.4;0.0;0.1;0.3;9.3;0.3;8.8;0.0;0.6;2.0;0.0;0.6;54;0.1;22;1.16;7;0.3;0;1608
Clément Bassin;D (LC), WB (L);33;Unknown;Ligue 2 BKT;France;3.9;15.7;33%;0.1;0%;0;0.0;0.2;0.0;90%;5.2;0;1.0;3.5;0.7;0.3;0.1;0.0;0;43.8;2.2;6.0;0.2;0.4;7;0.0;0.1;0.8;0.8;0.0;10.2;0.0;4.9;0.1;1.5;3.3;0.0;1.5;2;0.4;67;-0.27;12;0.0;0;2041
Amine Boutrah;M (L), AM (RLC), ST (C);27;Unknown;Ligue 2 BKT;France;1.9;5.2;30%;0.0;7%;0;0.0;1.3;0.3;87%;13.7;0;0.5;8.1;1.4;1.5;0.2;0.3;0;39.9;3.9;12.7;1.5;3.1;50;0.5;0.9;0.0;0.4;0.1;11.2;0.1;2.4;0.2;3.2;0.3;0.2;3.2;15;0.0;11;-2.34;58;0.1;0;3005
Rayan Touzghar;M/AM (C);24;Unknown;Ligue 2 BKT;France;0.0;17.4;41%;0.0;9%;0;0.0;0.2;0.4;0%;10.8;0;0.0;0.0;0.0;0.0;0.2;0.3;0;0.0;0.0;0.0;0.2;0.0;0;0.0;0.7;0.0;0.0;0.1;0.0;0.1;0.0;0.2;0.0;0.0;0.2;0.9;20;0.0;0;-1.1;0;0.1;0;2914
Kader Bamba;AM (RLC), ST (C);34;Unknown;Ligue 2 BKT;France;1.8;7.6;22%;0.1;9%;0;0.0;1.8;0.4;91%;17.1;0;0.6;7.2;1.9;1.3;0.4;0.3;0;41.1;2.9;11.2;1.8;2.2;25;0.5;1.2;0.0;0.3;0.1;11.7;0.1;3.2;0.2;2.6;0.5;0.2;4.0;16;0.1;14;-0.26;32;0.1;0;1787
Abner Felipe;D/WB (L);32;Unknown;Ligue 2 BKT;France;3.5;7.5;0%;0.2;0%;0;0.0;0.9;0.1;86%;16.4;0;1.3;7.1;1.3;1.3;0.0;0.0;0;55.1;7.0;15.1;0.9;1.4;28;0.2;0.1;0.8;0.9;0.0;11.4;0.0;2.7;0.1;2.2;1.4;0.0;7.1;12;0.1;53;-0.07;42;0.0;0;1992
Ugo Bonnet;AM (C), ST (C);34;Unknown;Ligue 2 BKT;France;0.7;1.4;45%;0.0;12%;0;0.0;1.1;0.0;88%;26.5;0;0.2;1.5;0.7;0.2;0.7;1.3;0;27.4;1.0;4.8;1.2;0.4;4;0.1;2.9;0.0;0.2;0.4;9.6;0.3;8.6;0.1;0.4;2.3;0.0;2.0;22;0.3;26;1.34;7;0.3;0;2026
François Lajugie;D (RC), WB (R), DM, M (C);32;Unknown;Ligue 2 BKT;France;2.9;13.6;27%;0.1;7%;0;0.0;1.5;0.2;87%;12.2;0;1.3;8.7;1.9;1.2;0.2;0.1;0;49.8;5.0;16.7;1.5;0.8;32;0.6;0.6;0.4;0.5;0.0;12.3;0.1;4.0;0.1;3.6;2.8;0.1;3.6;16;0.6;71;-0.47;60;0.1;0;2400
Ivan M'Bahia;D (RC);23;Unknown;Ligue 2 BKT;France;3.1;17.3;12%;0.1;0%;0;0.0;0.3;0.2;90%;6.0;0;0.8;3.9;1.4;0.7;0.1;0.1;0;44.0;3.3;5.5;0.4;0.2;26;0.0;0.5;0.9;0.4;0.0;10.3;0.1;3.3;0.1;0.5;2.0;0.0;0.5;0;0.5;61;-3.08;39;0.1;0;3126
Balthazar Pierret;DM, M (C);28;€1.4M;Ligue 1 McDonald's;France;0.1;8.1;33%;0.0;0%;0;0.0;0.4;0.4;92%;17.9;0;0.0;0.5;0.2;0.2;0.1;0.1;0;3.9;0.5;0.9;0.8;0.0;2;0.0;0.2;0.1;0.0;0.0;1.0;0.0;0.3;0.3;0.0;0.2;0.4;0.0;0;0.0;75;-0.21;2;0.0;0;1151
Tylel Tati;D (C);20;Unknown;Ligue 1 McDonald's;France;3.1;11.9;6%;0.0;0%;0;0.0;0.2;0.0;92%;3.6;0;1.7;2.2;0.8;0.4;0.3;0.0;0;42.7;1.6;4.6;0.2;0.1;13;0.0;0.5;0.6;0.6;0.0;10.6;0.0;5.4;0.0;0.0;4.1;0.0;0.0;0;1.1;76;-0.99;20;0.0;0;2766
Harouna Sy;D/WB/M (L);32;Not for Sale;Ligue 2 BKT;France;3.4;11.9;0%;0.0;0%;0;0.0;1.1;0.1;85%;16.2;0;1.2;9.5;2.2;2.2;0.1;0.0;0;48.1;5.4;22.3;1.2;1.8;75;1.3;0.1;0.7;0.6;0.0;12.4;0.0;3.5;0.1;6.3;1.9;0.1;6.5;20;0.3;55;-0.1;97;0.0;0;3109
Mattéo Commaret;D (RC), WB (R);26;Unknown;Ligue 2 BKT;France;2.6;16.4;20%;0.1;0%;0;0.0;0.3;0.1;91%;3.9;0;1.0;2.5;0.8;0.6;0.3;0.2;0;43.2;2.0;5.2;0.3;0.6;14;0.0;1.0;0.7;0.9;0.0;10.2;0.1;3.9;0.1;0.4;2.1;0.1;0.4;11;0.3;54;-2.35;17;0.1;0;2144
Marco Essimi;AM (RL);29;Unknown;Ligue 2 BKT;France;1.9;3.9;28%;0.0;8%;0;0.0;2.2;0.2;88%;18.0;0;0.3;8.9;2.0;1.5;0.8;0.5;0;44.4;3.8;11.9;2.2;4.6;21;0.7;1.8;0.0;0.1;0.1;11.1;0.1;4.4;0.1;3.6;1.6;0.0;3.6;19;0.1;37;0.29;28;0.1;0;1278
Lucas Bernadou;DM, M/AM (C);27;Unknown;Ligue 2 BKT;France;0.0;8.0;20%;0.0;0%;0;0.0;0.0;0.1;0%;16.7;0;0.0;0.0;0.0;0.0;0.1;0.1;0;0.0;0.0;0.0;0.1;0.0;0;0.0;0.5;0.0;0.0;0.0;0.0;0.1;0.0;0.1;0.0;0.0;0.0;0.3;0;0.0;0;-1.41;0;0.1;0;1889
Ryad Hachem;D/WB (L), DM, M (C);30;Unknown;Ligue 2 BKT;France;0.0;11.9;20%;0.0;0%;0;0.0;0.1;0.3;0%;15.2;0;0.0;0.0;0.0;0.0;0.1;0.1;0;0.0;0.0;0.0;0.1;0.0;0;0.0;0.3;0.0;0.0;0.0;0.0;0.0;0.0;0.1;0.0;0.0;0.1;0.0;0;0.0;0;-1.01;0;0.0;0;3286
Alpha Sissoko;D/WB (R);31;Unknown;Ligue 2 BKT;France;3.0;14.4;26%;0.1;5%;0;0.0;1.0;0.2;88%;11.9;0;1.0;6.7;2.2;2.1;0.4;0.3;0;53.9;7.3;13.9;1.0;0.9;69;0.2;1.1;0.3;0.5;0.1;11.4;0.1;4.0;0.1;1.5;2.9;0.0;4.5;11;0.4;71;-1.31;80;0.1;0;2975
Trésor Matondo;DM, M (C);24;Unknown;Ligue 2 BKT;France;3.6;12.7;20%;0.1;20%;0;0.0;0.8;0.1;90%;5.7;0;0.8;5.9;1.1;0.5;0.2;0.1;0;45.9;5.1;9.9;0.8;0.1;7;0.1;0.4;0.0;0.7;0.1;11.8;0.0;1.3;0.1;0.1;0.6;0.1;0.1;50;0.0;42;0.6;10;0.0;0;1276
Yann Kitala;AM (RL), ST (C);30;Unknown;Ligue 2 BKT;France;0.7;1.6;49%;0.0;17%;0;0.0;1.1;0.1;87%;22.2;0;0.2;1.5;0.4;0.3;0.7;1.3;0;25.6;0.8;5.2;1.1;0.8;9;0.0;2.6;0.0;0.1;0.4;9.9;0.3;7.7;0.1;0.2;2.4;0.1;0.3;20;0.0;31;5.3;9;0.3;0;2836
Alan Kérouédan;AM (RL), ST (C);28;Unknown;Ligue 2 BKT;France;0.7;3.5;55%;0.0;8%;0;0.0;1.4;0.5;86%;22.7;0;0.2;3.0;0.9;0.5;0.5;1.5;0;31.1;1.5;8.3;1.5;0.6;9;0.3;2.7;0.0;0.0;0.2;11.0;0.2;7.5;0.1;1.2;1.9;0.3;5.7;17;0.3;26;-0.41;13;0.2;0;1647
Julien Masson;DM, M (C);29;Unknown;Ligue 2 BKT;France;2.4;14.3;14%;0.1;14%;0;0.0;1.0;0.2;92%;5.9;0;0.8;6.0;1.7;1.0;0.0;0.0;0;52.2;6.4;10.9;1.0;0.2;33;0.0;0.2;0.1;0.6;0.0;11.2;0.0;1.7;0.1;0.1;1.2;0.1;0.1;0;0.2;67;0.39;42;0.0;0;2934
Hamady Traoré;D (RC);29;Unknown;Ligue 2 BKT;France;2.7;7.5;0%;0.0;0%;0;0.0;0.5;0.1;86%;13.3;0;0.7;5.1;1.4;0.8;0.0;0.0;0;47.5;3.7;11.8;0.5;1.2;10;0.8;0.1;0.6;0.5;0.0;10.9;0.0;4.8;0.0;4.6;3.0;0.0;4.6;16;0.3;63;-0.14;12;0.0;0;1169
Kylian Kaïboue;D (LC), WB (L), DM, M (C);29;Unknown;Ligue 2 BKT;France;2.6;14.8;44%;0.0;0%;0;0.0;1.1;0.2;88%;11.5;0;0.9;5.1;1.2;1.2;0.1;0.1;0;41.2;5.5;12.2;2.0;0.5;35;0.2;0.3;0.2;0.6;0.0;8.7;0.0;2.0;0.1;1.6;1.4;0.1;1.9;12;0.0;74;-1.02;42;0.0;0;2619
Jean Ruiz;D (C), DM;30;Unknown;Ligue 2 BKT;France;2.9;20.4;17%;0.1;0%;0;0.0;0.1;0.0;92%;2.8;0;0.9;2.8;0.7;0.4;0.1;0.1;0;42.3;1.8;4.1;0.1;0.1;15;0.0;0.4;0.8;0.6;0.0;10.1;0.0;5.5;0.0;0.1;3.9;0.0;0.1;0;1.1;71;-1.56;18;0.0;0;3051
Akim Abdallah;D/WB/M (L);30;Unknown;Ligue 2 BKT;France;3.1;11.7;0%;0.0;0%;0;0.0;1.0;0.1;89%;13.3;0;1.4;7.3;1.6;1.4;0.0;0.0;0;52.8;7.1;15.7;1.0;0.8;34;0.5;0.1;0.4;0.7;0.0;11.8;0.0;2.9;0.1;2.7;1.2;0.2;2.7;20;0.1;42;-0.68;50;0.0;0;2147
Alban Lafont;GK;29;€500K - €5M;Ligue 1 McDonald's;France;0.0;3.3;0%;0.0;0%;67;-0.2;0.0;0.0;88%;8.2;-5.69;1.2;0.0;0.0;0.0;0.0;0.0;89;23.3;0.0;0.0;0.0;0.0;1;0.0;0.0;0.0;0.0;0.0;6.2;0.0;0.0;0.0;0.0;0.0;0.0;0.0;0;0.0;0;0;6;0.0;57;3051
Matthieu Huard;D (LC), WB (L);30;Unknown;Ligue 2 BKT;France;3.1;15.9;14%;0.1;5%;0;0.0;0.2;0.1;92%;2.7;0;1.0;2.7;0.8;0.5;0.2;0.1;0;43.0;1.6;4.1;0.2;0.0;17;0.0;0.6;0.4;0.8;0.0;9.9;0.1;3.4;0.1;0.1;2.0;0.1;0.1;0;0.6;60;-1.47;20;0.1;0;3240
Alec Georgen;D/WB (R), DM;29;Unknown;Ligue 2 BKT;France;3.0;12.1;19%;0.1;5%;0;0.0;1.2;0.0;88%;12.7;0;1.1;6.8;1.8;1.6;0.1;0.1;0;56.3;7.4;15.6;1.2;1.1;46;0.2;0.7;1.1;0.5;0.0;11.4;0.1;3.3;0.1;1.4;1.8;0.0;3.1;14;0.3;55;-2.27;54;0.1;0;2592
Georges Gomis;D (LC);20;Unknown;Ligue 1 McDonald's;France;2.1;8.4;0%;0.2;0%;0;0.0;0.7;0.0;87%;16.4;0;0.9;5.6;1.3;0.7;0.0;0.0;0;49.6;3.9;11.4;0.7;0.2;9;0.2;0.1;1.0;0.5;0.0;10.4;0.0;4.0;0.0;0.9;2.4;0.0;0.9;18;0.8;60;-0.04;17;0.0;0;1133
Kayyum Alabi;D (LC);20;Unknown;Ligue 2 BKT;France;2.5;16.5;21%;0.0;11%;0;0.0;0.1;0.0;92%;3.5;0;1.2;2.9;1.1;0.5;0.1;0.1;0;43.4;2.0;2.7;0.1;0.0;16;0.0;0.5;1.4;0.5;0.1;9.4;0.1;5.4;0.0;0.0;3.9;0.0;0.0;0;0.7;73;-0.25;21;0.1;0;3145
Albert Lottin;DM, M (C);26;Unknown;Ligue 2 BKT;France;2.8;13.5;17%;0.0;7%;0;0.0;0.6;0.3;91%;7.4;0;1.1;6.0;1.3;0.8;0.2;0.2;0;50.7;3.6;11.1;0.6;0.3;25;0.0;1.0;0.1;0.6;0.1;12.1;0.2;3.5;0.1;0.1;2.0;0.1;0.1;25;0.4;56;-2.56;39;0.2;0;2676
Modibo Sagnan;D (C);29;€325K - €3.3M;Ligue 2 BKT;France;2.4;14.6;8%;0.2;8%;0;0.0;0.2;0.1;91%;3.6;0;0.8;2.6;1.0;0.6;0.4;0.0;0;42.2;2.5;3.8;0.2;0.1;14;0.0;0.5;0.7;0.6;0.0;10.2;0.1;5.6;0.0;0.0;4.5;0.0;0.0;0;1.3;80;-0.39;20;0.1;0;2150
Gustave Akueson;D (C);32;Unknown;Ligue 2 BKT;France;3.0;15.5;21%;0.2;5%;0;0.0;0.2;0.1;90%;3.4;0;1.2;2.7;1.0;0.5;0.2;0.1;0;40.9;2.1;3.7;0.2;0.0;17;0.0;0.6;1.5;0.6;0.0;9.9;0.1;5.5;0.1;0.0;4.4;0.0;0.0;0;0.9;80;-1.74;24;0.1;0;3105
Maxence Carlier;D (C), DM;31;Unknown;Ligue 2 BKT;France;3.2;18.4;17%;0.1;4%;0;0.0;0.2;0.2;88%;4.5;0;0.8;2.8;1.1;0.5;0.2;0.1;0;42.8;2.0;3.8;0.2;0.0;17;0.0;0.7;0.2;0.5;0.0;9.8;0.1;4.6;0.1;0.0;2.6;0.1;0.0;0;0.8;57;-1.01;23;0.1;0;2973
Clément Billemaz;WB/M/AM (L);29;Unknown;Ligue 2 BKT;France;2.0;8.4;29%;0.1;7%;0;0.0;1.9;0.4;89%;18.7;0;0.7;9.4;2.1;1.7;0.3;0.3;0;43.5;3.2;16.2;1.9;2.3;46;0.6;1.1;0.0;0.1;0.1;11.1;0.1;4.4;0.2;3.7;0.9;0.1;3.7;15;0.3;21;-0.94;59;0.1;0;2389
Evans Maurin;AM (R), ST (C);27;Unknown;Ligue 2 BKT;France;0.7;0.8;38%;0.0;8%;0;0.0;0.8;0.0;90%;25.5;0;0.3;1.0;0.4;0.2;1.1;1.2;0;26.4;0.5;4.2;0.8;0.8;6;0.1;3.2;0.0;0.1;0.3;10.2;0.3;9.1;0.0;0.2;2.2;0.0;0.2;42;0.0;24;-1.6;6;0.3;0;2731
Shaquil Delos;D/WB (RL);28;Unknown;Ligue 2 BKT;France;2.8;11.4;0%;0.0;0%;0;0.0;1.8;0.1;88%;13.6;0;1.0;8.9;1.8;1.9;0.0;0.0;0;48.3;5.5;20.8;1.8;1.5;43;1.1;0.2;0.1;0.5;0.0;12.5;0.0;3.1;0.1;5.9;2.2;0.0;5.9;18;0.3;71;-0.54;51;0.0;0;2028
Kévin Cabral;AM (RL), ST (C);28;Unknown;Ligue 2 BKT;France;2.0;3.9;33%;0.1;6%;0;0.0;2.3;0.5;89%;19.5;0;0.7;8.1;1.3;0.8;0.8;0.9;0;40.5;4.0;13.2;2.3;4.6;10;0.5;2.7;0.0;0.1;0.2;11.5;0.3;3.7;0.1;2.8;0.9;0.0;2.8;18;0.1;24;-1.97;12;0.3;0;1188
Andy Pelmard;D (RLC);28;Unknown;Ligue 2 BKT;France;3.1;16.4;15%;0.1;8%;0;0.0;0.9;0.1;90%;10.7;0;1.0;6.8;1.4;1.6;0.1;0.1;0;54.7;7.1;14.2;0.9;1.1;47;0.3;0.4;0.8;0.8;0.0;11.3;0.0;4.2;0.0;1.5;2.9;0.0;1.5;23;0.3;69;-0.13;58;0.0;0;2607
William Bianda;D (C);28;Unknown;Ligue 2 BKT;France;3.3;12.5;18%;0.1;0%;0;0.0;0.2;0.0;90%;4.0;0;1.1;2.6;0.8;0.5;0.1;0.1;0;41.4;1.9;3.4;0.2;0.1;17;0.0;0.3;0.5;0.7;0.0;10.0;0.0;4.1;0.0;0.0;2.5;0.0;0.0;0;0.5;61;-1.26;18;0.0;0;3235
Mehdi Merghem;M (R), AM (RLC);30;Unknown;Ligue 2 BKT;France;1.8;6.4;20%;0.0;7%;0;0.0;1.7;0.4;89%;12.8;0;0.6;7.5;2.0;2.7;0.4;0.2;0;42.2;4.3;12.6;2.9;2.5;39;0.3;1.1;0.0;0.0;0.1;10.6;0.1;2.0;0.4;2.2;0.1;0.4;7.2;12;0.0;7;-0.31;48;0.1;0;1277
Kapit Djoco;AM (R), ST (C);32;Unknown;Ligue 2 BKT;France;0.7;2.4;52%;0.0;16%;0;0.0;0.8;0.2;88%;20.0;0;0.3;1.5;0.6;0.1;0.7;1.2;0;25.9;0.5;4.8;0.8;0.7;2;0.2;2.2;0.0;0.0;0.4;9.6;0.3;8.5;0.1;0.5;2.6;0.0;0.5;31;0.1;30;2.67;6;0.3;0;2768
Benjamin Gomel;AM (RLC);30;Unknown;Ligue 2 BKT;France;2.0;5.2;39%;0.0;12%;0;0.0;2.1;0.3;88%;19.8;0;0.5;9.2;2.0;1.5;0.4;0.7;0;43.6;3.4;14.1;3.2;2.9;52;0.4;1.7;0.0;0.2;0.2;11.6;0.2;3.8;0.1;2.5;0.6;0.1;8.6;13;0.0;16;-0.32;62;0.2;0;3041
Julien Anziani;M (LC), AM (C);28;Unknown;Ligue 2 BKT;France;0.0;15.2;36%;0.0;5%;0;0.0;0.3;0.4;0%;12.9;0;0.0;0.0;0.0;0.0;0.2;0.2;0;0.0;0.0;0.0;1.5;0.0;0;0.0;0.7;0.0;0.0;0.0;0.0;0.1;0.0;0.3;0.0;0.0;0.3;2.3;9;0.0;0;-2.74;0;0.1;0;2948
Alexandre Pierre;GK;27;Unknown;Ligue 2 BKT;France;0.0;3.9;0%;0.0;0%;72;0.2;0.0;0.0;73%;9.6;6.91;5.3;0.0;0.0;0.0;0.0;0.0;88;27.0;0.0;0.0;0.0;0.0;0;0.0;0.0;0.0;0.0;0.0;4.8;0.0;0.0;0.0;0.0;0.0;0.0;0.0;0;0.0;0;0;5;0.0;31;2713
Elydjah Mendy;D (C);28;Unknown;Ligue 2 BKT;France;3.2;14.0;9%;0.2;5%;0;0.0;0.2;0.1;87%;5.0;0;1.1;2.5;0.9;0.5;0.2;0.1;0;40.9;2.0;3.1;0.2;0.1;16;0.0;0.6;0.8;0.8;0.0;9.9;0.1;5.2;0.0;0.1;3.5;0.1;0.1;0;1.0;68;-2.26;23;0.1;0;3155
Paul Millet;DM, M (C);31;Unknown;Ligue 2 BKT;France;2.1;10.6;40%;0.0;0%;0;0.0;0.8;0.3;89%;9.2;0;0.6;5.9;1.4;0.6;0.0;0.1;0;59.3;5.4;8.9;0.8;0.2;19;0.1;0.2;0.0;0.5;0.0;11.5;0.0;1.8;0.2;0.1;0.8;0.2;0.1;66;0.1;46;-0.63;31;0.0;0;2977
Kalidou Sidibé;DM, M (C);29;Unknown;Ligue 2 BKT;France;2.4;14.8;45%;0.0;0%;0;0.0;1.1;0.3;92%;5.4;0;1.0;6.8;1.2;0.8;0.2;0.2;0;51.7;6.1;12.2;1.1;0.1;22;0.0;0.4;0.0;0.5;0.0;11.6;0.0;2.9;0.2;0.0;1.7;0.2;0.0;0;0.3;60;-0.95;33;0.0;0;2600
Evens Joseph;AM (RL), ST (C);28;Unknown;Ligue 2 BKT;France;0.7;1.6;45%;0.0;15%;0;0.0;1.0;0.2;90%;19.1;0;0.2;1.8;0.6;0.1;1.4;1.4;0;27.0;0.7;5.3;1.0;1.1;1;0.1;3.0;0.0;0.3;0.5;10.2;0.3;7.9;0.1;0.3;1.5;0.1;0.3;40;0.1;19;3.23;3;0.3;0;1774
Mounaïm El Idrissy;AM (RL), ST (C);29;Unknown;Ligue 2 BKT;France;0.6;2.2;52%;0.0;15%;0;0.0;1.0;0.1;89%;17.2;0;0.1;1.6;0.5;0.1;0.8;1.2;0;26.5;0.7;6.2;1.0;0.7;2;0.1;2.4;0.0;0.2;0.4;10.4;0.2;8.4;0.1;0.4;1.8;0.1;0.4;27;0.1;22;3.64;6;0.2;0;2778
Hicham Mahou;AM (RL), ST (C);28;Unknown;Ligue 2 BKT;France;2.1;4.4;38%;0.0;10%;0;0.0;1.7;0.4;87%;15.4;0;0.5;9.1;2.5;1.5;0.5;0.8;0;42.6;3.5;15.3;2.5;3.8;39;0.9;2.0;0.0;0.4;0.2;11.5;0.2;3.5;0.2;3.2;1.0;0.1;4.7;23;0.0;28;-1.28;49;0.2;0;2392
Théo Sainte-Luce;D/WB (L);29;Unknown;Ligue 2 BKT;France;2.7;10.0;33%;0.1;0%;0;0.0;1.5;0.1;86%;15.2;0;1.3;9.7;2.5;2.7;0.0;0.0;0;47.3;4.1;22.1;1.5;1.9;85;1.1;0.1;0.4;0.4;0.0;12.3;0.0;3.1;0.1;6.2;1.4;0.1;6.2;18;0.2;46;-0.26;104;0.0;0;2831
Stone Mambo;D (LC), WB (L);29;Unknown;Ligue 2 BKT;France;2.9;11.8;0%;0.0;0%;0;0.0;0.9;0.3;89%;16.6;0;1.0;8.5;2.4;2.0;0.1;0.0;0;48.6;5.3;19.2;0.9;1.4;61;0.7;0.2;0.6;0.5;0.0;12.0;0.0;3.9;0.1;5.0;2.3;0.1;5.0;13;0.5;60;-0.37;86;0.0;0;2759
Sam Sanna;DM, M (C);29;Unknown;Ligue 2 BKT;France;2.2;14.4;13%;0.1;3%;0;0.0;0.8;0.3;92%;7.1;0;0.7;5.7;1.4;1.0;0.3;0.1;0;50.3;5.4;11.0;0.9;0.3;34;0.0;0.9;0.1;0.4;0.0;11.4;0.1;1.5;0.2;0.2;0.5;0.1;0.2;16;0.0;31;-4.44;40;0.2;0;3139
Chaïn Ghrissi;M/AM (C);22;Unknown;Ligue 2 BKT;France;1.5;12.3;35%;0.0;12%;0;0.0;1.9;0.3;88%;17.8;0;0.3;5.6;1.2;0.5;0.3;0.5;0;41.7;2.9;9.0;1.9;1.5;15;0.1;1.4;0.0;0.1;0.2;11.8;0.2;3.7;0.2;1.1;0.8;0.4;1.1;11;0.1;20;0.32;22;0.2;0;2750
Peter Ouaneh;D (C);30;Unknown;Ligue 2 BKT;France;2.7;14.3;37%;0.1;11%;0;0.0;0.2;0.0;86%;3.6;0;1.1;3.1;0.8;0.4;0.2;0.3;0;41.4;2.2;2.7;0.2;0.0;11;0.0;0.9;1.0;0.6;0.1;9.4;0.1;5.2;0.0;0.0;3.6;0.0;0.0;100;0.9;69;0.11;13;0.1;0;2593
Bradley Danger;D (C), DM, M (C);30;Unknown;Ligue 2 BKT;France;2.1;12.3;11%;0.1;6%;0;0.0;0.4;0.3;91%;7.0;0;0.7;5.0;1.6;1.1;0.2;0.1;0;49.2;4.0;10.0;0.4;0.2;40;0.0;0.5;0.3;0.5;0.0;11.0;0.1;2.3;0.1;0.1;1.4;0.0;0.1;20;0.1;62;-1.23;54;0.1;0;3144
Thibaut Vargas;D/WB/M (R);28;Unknown;Ligue 2 BKT;France;3.3;12.6;0%;0.1;0%;0;0.0;1.4;0.2;86%;12.7;0;1.3;9.6;2.2;1.9;0.0;0.0;0;43.6;4.2;23.0;1.4;2.1;64;0.7;0.3;0.4;0.8;0.0;12.3;0.0;3.1;0.2;4.4;1.4;0.1;9.2;17;0.2;43;-0.77;75;0.0;0;2980
Mohamed Ali Lakbi;D (RLC);26;Unknown;Ligue 2 BKT;France;3.2;10.6;25%;0.1;0%;0;0.0;0.3;0.1;90%;5.1;0;1.1;2.5;0.8;0.4;0.2;0.2;0;44.5;2.5;2.8;0.3;0.0;13;0.0;0.7;0.5;0.8;0.0;9.8;0.1;6.5;0.0;0.1;4.6;0.0;0.1;50;0.5;71;-2.54;18;0.1;0;3103
Oumar Camara;D (C);27;Unknown;Ligue 2 BKT;France;2.8;12.3;0%;0.1;0%;0;0.0;0.2;0.0;89%;4.3;0;1.1;2.6;1.0;0.3;0.1;0.0;0;49.3;2.2;3.4;0.2;0.0;5;0.0;0.1;0.6;0.6;0.0;9.2;0.0;6.8;0.0;0.0;4.9;0.0;0.0;0;1.6;71;-0.07;10;0.0;0;1390
Mamadou Diop;GK;28;Unknown;Ligue 2 BKT;France;0.0;2.9;0%;0.0;0%;74;0.2;0.0;0.0;77%;8.7;6.68;3.9;0.0;0.0;0.0;0.0;0.0;91;24.2;0.0;0.0;0.0;0.0;0;0.0;0.0;0.0;0.0;0.0;5.5;0.0;0.0;0.0;0.0;0.0;0.0;0.0;0;0.0;0;0;0;0.0;29;2805
Loris Mouyokolo;D (C);27;Unknown;Ligue 2 BKT;France;2.8;10.3;14%;0.1;7%;0;0.0;0.2;0.0;93%;3.7;0;1.6;2.2;1.0;0.7;0.2;0.1;0;40.0;2.6;3.5;0.2;0.0;18;0.0;0.5;0.5;0.7;0.0;9.8;0.1;5.4;0.0;0.0;3.8;0.0;0.0;0;1.4;71;-0.47;20;0.1;0;2317
Noa Mupemba;ST (C);25;Unknown;Ligue 2 BKT;France;0.6;0.9;45%;0.0;11%;0;0.0;1.2;0.1;90%;19.8;0;0.2;1.7;0.9;0.2;0.7;1.5;0;23.5;0.7;3.5;1.2;0.6;6;0.0;3.4;0.0;0.1;0.4;9.7;0.4;10.2;0.1;0.6;2.8;0.0;0.6;7;0.0;28;-1.6;7;0.4;0;2283
Younès Ghabaoui;D/WB (L);31;Unknown;Ligue 2 BKT;France;2.9;10.5;0%;0.0;0%;0;0.0;2.0;0.2;82%;16.8;0;1.1;9.8;2.0;2.0;0.0;0.0;0;49.7;4.8;18.9;2.0;1.8;67;1.3;0.0;0.7;0.5;0.0;12.8;0.0;3.2;0.1;7.8;1.0;0.1;8.9;17;0.2;31;0;78;0.0;0;3025
Yannis Nahounou;D (C), DM;24;Unknown;Ligue 2 BKT;France;2.8;15.6;29%;0.1;13%;0;0.0;0.2;0.1;90%;4.7;0;0.9;1.8;0.6;0.3;0.4;0.2;0;41.8;1.8;4.1;0.2;0.0;8;0.0;0.8;0.7;0.7;0.1;10.0;0.1;5.6;0.0;0.0;3.8;0.0;0.0;0;0.8;68;0.44;13;0.1;0;2621
Axel Drouhin;D (RC);28;Unknown;Ligue 2 BKT;France;3.4;17.7;21%;0.2;5%;0;0.0;0.1;0.1;87%;3.0;0;1.2;2.7;0.9;0.4;0.6;0.2;0;42.3;1.8;3.8;0.1;0.0;15;0.0;1.2;0.7;0.7;0.1;9.7;0.1;5.6;0.1;0.1;4.0;0.0;0.1;0;0.9;72;-1.87;21;0.1;0;3273
Nathan Zohoré;D (C);27;Unknown;Ligue 2 BKT;France;2.8;15.6;26%;0.2;11%;0;0.0;0.1;0.0;90%;3.4;0;1.0;2.9;0.9;0.6;0.1;0.1;0;42.8;2.2;3.8;0.1;0.0;23;0.0;0.5;0.7;0.6;0.1;9.7;0.1;5.4;0.0;0.1;3.8;0.0;0.1;20;1.0;70;-0.85;27;0.1;0;3400
Yahya Bathily;DM, M (C);24;Unknown;Ligue 2 BKT;France;0.0;13.9;50%;0.0;17%;0;0.0;0.2;0.3;0%;12.9;0;0.0;0.0;0.0;0.0;0.1;0.2;0;0.0;0.0;0.0;0.2;0.0;0;0.0;0.3;0.0;0.0;0.1;0.0;0.0;0.0;0.3;0.0;0.0;0.2;0.0;0;0.0;0;0.18;0;0.0;0;1739
Mathis Suray;AM (RLC);26;Unknown;Ligue 1 McDonald's;France;1.6;8.6;35%;0.1;8%;0;0.0;2.0;0.5;89%;21.2;0;0.5;5.4;0.8;0.5;0.4;0.5;0;42.9;2.8;11.1;2.2;1.1;17;0.1;1.3;0.0;0.4;0.1;11.9;0.1;3.0;0.2;0.8;0.8;0.1;2.0;9;0.0;28;-0.93;17;0.1;0;2791
Noah Fatar;AM (RLC);26;Unknown;Ligue 2 BKT;France;1.7;4.9;23%;0.0;8%;0;0.0;1.7;0.3;88%;18.8;0;0.4;9.3;2.1;1.6;0.4;0.3;0;40.4;3.1;13.5;1.7;3.2;53;1.3;1.2;0.0;0.2;0.1;11.2;0.1;3.0;0.2;4.2;0.7;0.2;5.9;27;0.0;22;-0.29;64;0.1;0;3010
Eddy Ouattara;AM (L), ST (C);26;Unknown;Ligue 2 BKT;France;0.9;1.4;46%;0.0;9%;0;0.0;1.0;0.2;92%;15.8;0;0.1;1.5;0.5;0.1;1.1;2.0;0;26.0;0.6;5.4;1.0;0.8;1;0.1;4.3;0.0;0.1;0.4;10.8;0.5;8.1;0.0;0.2;1.7;0.0;0.2;33;0.1;21;-1.66;1;0.5;0;1184
Matéo Loubatières;DM, M (C);24;Unknown;Ligue 2 BKT;France;0.0;11.5;57%;0.0;0%;0;0.0;0.2;0.4;0%;15.1;0;0.0;0.0;0.0;0.0;0.1;0.2;0;0.0;0.0;0.0;0.2;0.0;0;0.0;0.4;0.0;0.0;0.0;0.0;0.0;0.0;0.2;0.0;0.0;0.2;0.0;0;0.0;0;-0.34;0;0.0;0;1797
Lenny Dziki;D (R), DM, M (C);23;Unknown;Ligue 2 BKT;France;2.1;8.3;10%;0.1;0%;0;0.0;1.1;0.8;92%;7.8;0;1.2;5.6;1.3;0.7;0.0;0.0;0;44.9;5.1;8.7;1.1;0.2;17;0.1;0.4;0.0;0.3;0.0;10.9;0.1;1.6;0.3;0.3;0.8;0.4;0.3;33;0.1;49;-1.42;23;0.1;0;2082
Hugo Barbier;DM, M (C);23;Unknown;Ligue 2 BKT;France;2.9;10.8;15%;0.1;0%;0;0.0;1.0;0.3;88%;7.7;0;1.4;4.6;1.1;1.0;0.1;0.1;0;60.0;5.8;8.5;1.0;0.0;27;0.0;0.5;0.0;0.5;0.0;11.6;0.0;2.3;0.2;0.1;1.3;0.1;0.1;0;0.1;58;-1.37;30;0.0;0;2534
Amine Zenadji;D/WB/M (R), AM (RC), ST (C);30;Unknown;Ligue 2 BKT;France;3.3;7.5;25%;0.0;0%;0;0.0;1.3;0.0;85%;21.8;0;0.6;7.5;1.8;1.2;0.0;0.0;0;47.8;5.9;17.6;1.9;2.0;25;1.0;0.2;0.5;0.7;0.0;12.2;0.0;3.4;0.1;8.0;1.7;0.1;14.3;12;0.1;51;-0.51;29;0.0;0;1928
Samuel Renel;M (C), AM (RLC);26;Unknown;Ligue 2 BKT;France;0.0;8.3;20%;0.0;0%;0;0.0;0.3;0.3;0%;15.2;0;0.0;0.0;0.0;0.0;0.3;0.1;0;0.0;0.0;0.0;0.3;0.0;0;0.0;0.5;0.0;0.0;0.0;0.0;0.0;0.0;0.2;0.0;0.0;0.3;0.0;0;0.0;0;-0.23;0;0.0;0;1924
Kandet Diawara;M (RL), AM (RLC);28;Unknown;Ligue 2 BKT;France;1.4;4.0;48%;0.0;8%;0;0.0;2.1;0.1;86%;18.9;0;0.3;7.5;2.1;1.7;0.4;0.4;0;43.6;3.5;11.9;2.5;4.9;45;0.8;0.9;0.0;0.2;0.1;11.1;0.1;3.6;0.1;4.1;0.9;0.0;4.1;19;0.0;26;-0.23;49;0.1;0;2422
Youssef Njoya;AM (LC);24;Unknown;Ligue 2 BKT;France;1.7;5.3;42%;0.0;6%;0;0.0;1.3;0.2;88%;16.5;0;0.5;7.3;1.8;1.1;0.6;0.9;0;45.4;2.8;8.9;1.3;2.2;18;0.2;2.0;0.0;0.4;0.1;11.3;0.2;5.3;0.1;2.4;2.0;0.2;2.4;10;0.2;37;-1.99;19;0.2;0;1470
Zakaria Fdaouch;AM (LC), ST (C);31;Unknown;Ligue 2 BKT;France;2.0;4.4;25%;0.0;8%;0;0.0;2.0;0.2;86%;19.2;0;0.4;8.9;1.8;1.5;0.6;0.4;0;43.2;3.5;12.0;2.5;2.6;36;0.5;1.5;0.0;0.2;0.1;11.3;0.1;4.9;0.3;2.8;1.0;0.1;3.2;16;0.2;20;-0.6;39;0.1;0;2204
Arthur Vitelli;D (C);27;Unknown;Ligue 2 BKT;France;2.9;12.7;33%;0.0;11%;0;0.0;0.1;0.1;91%;3.9;0;0.9;2.6;0.8;0.4;0.1;0.1;0;43.5;1.8;3.1;0.1;0.0;10;0.0;0.3;0.9;0.4;0.0;9.8;0.0;7.3;0.0;0.1;4.5;0.0;0.1;0;1.6;61;-0.16;11;0.0;0;2539
Herman Esmel;DM, M (C);28;Unknown;Ligue 2 BKT;France;2.4;9.8;30%;0.1;20%;0;0.0;0.7;0.2;88%;9.5;0;1.3;5.9;1.6;1.0;0.1;0.1;0;49.5;3.2;9.9;0.7;0.2;32;0.0;0.3;0.0;0.5;0.1;11.9;0.1;2.8;0.1;0.2;1.8;0.1;0.2;0;0.2;66;0.29;40;0.1;0;2907
Anthony Briançon;D (C), DM, M (C);33;Unknown;Ligue 2 BKT;France;3.2;17.6;8%;0.1;0%;0;0.0;0.3;0.0;87%;3.5;0;0.9;2.3;0.6;0.3;0.0;0.0;0;43.1;1.9;3.4;0.3;0.0;7;0.1;0.5;0.8;0.8;0.0;9.9;0.1;4.1;0.1;0.1;2.5;0.0;0.1;100;0.5;61;-2.24;11;0.1;0;2478
Paul Bernardoni;GK;31;Unknown;Ligue 2 BKT;France;0.0;3.8;0%;0.0;0%;74;0.1;0.0;0.0;84%;5.8;5.12;3.2;0.0;0.0;0.1;0.0;0.0;90;24.0;0.0;0.0;0.0;0.0;2;0.0;0.0;0.0;0.0;0.0;5.5;0.0;0.0;0.0;0.0;0.0;0.0;0.0;0;0.0;0;0;2;0.0;36;3330
Faitout Maouassa;D/WB/M/AM (L);29;Unknown;Ligue 2 BKT;France;3.1;12.1;0%;0.0;0%;0;0.0;1.6;0.1;87%;15.8;0;0.8;10.1;2.0;1.8;0.0;0.0;0;50.4;6.3;21.6;2.4;2.8;44;1.3;0.1;0.0;0.4;0.0;11.9;0.0;3.3;0.0;5.4;0.9;0.1;10.7;22;0.1;27;-0.99;59;0.0;0;2254
Mathis Picouleau;WB (L), DM, M/AM (C);28;Unknown;Ligue 2 BKT;France;3.3;16.2;17%;0.1;0%;0;0.0;1.7;0.3;84%;13.9;0;1.0;8.9;2.5;1.9;0.0;0.0;0;47.6;5.4;24.9;2.8;2.2;56;0.7;0.2;0.3;0.5;0.0;12.6;0.0;3.5;0.2;5.7;0.8;0.1;12.6;13;0.2;25;-1.05;86;0.0;0;2659
Théo De Percin;GK;27;Unknown;Ligue 2 BKT;France;0.0;2.2;0%;0.0;0%;65;-0.1;0.0;0.0;66%;8.5;-4.34;4.3;0.0;0.0;0.0;0.0;0.0;89;25.9;0.0;0.0;0.0;0.0;0;0.0;0.0;0.0;0.0;0.0;4.3;0.0;0.0;0.0;0.0;0.0;0.0;0.0;0;0.0;0;0;3;0.0;41;2712
Vinni Triboulet;AM (RL), ST (C);28;Unknown;Ligue 2 BKT;France;0.7;2.5;42%;0.0;14%;0;0.0;0.7;0.3;90%;16.2;0;0.4;1.6;0.7;0.1;1.1;1.4;0;25.1;0.7;5.6;0.7;0.7;3;0.0;3.2;0.0;0.1;0.5;10.5;0.3;7.7;0.2;0.4;2.6;0.1;0.4;0;0.0;34;3.5;4;0.3;0;2314
Siad Gourville;D (C);28;Unknown;Ligue 2 BKT;France;3.2;11.7;20%;0.1;7%;0;0.0;0.2;0.0;90%;4.3;0;1.1;2.4;0.9;0.5;0.1;0.1;0;40.5;2.3;3.4;0.2;0.0;18;0.0;0.4;0.7;0.6;0.0;9.9;0.0;5.3;0.0;0.0;3.8;0.0;0.0;0;1.2;73;-0.46;23;0.0;0;3308
Maïdine Douane;M/AM (LC);25;Unknown;Ligue 2 BKT;France;1.8;6.0;30%;0.0;20%;0;0.0;1.9;0.0;89%;14.3;0;0.5;8.9;2.1;2.0;0.2;0.2;0;40.6;3.2;11.6;2.7;3.4;26;1.2;0.8;0.0;0.4;0.2;11.2;0.1;4.5;0.0;2.5;0.8;0.0;2.5;48;0.2;17;0.79;28;0.1;0;1177
Enzo Dos Santos;D/WB (L), M (LC);23;Unknown;Ligue 2 BKT;France;3.6;10.1;14%;0.1;0%;0;0.0;0.9;0.3;85%;17.0;0;1.0;6.2;1.8;1.3;0.1;0.0;0;56.7;6.5;12.5;0.9;0.9;45;0.5;0.2;0.6;0.4;0.0;11.4;0.0;4.5;0.1;2.5;2.1;0.1;2.5;19;0.5;48;-1.4;54;0.0;0;3130
Lilian Raillot;DM, M (C);24;Unknown;Ligue 2 BKT;France;0.0;13.1;30%;0.0;12%;0;0.0;0.1;0.2;0%;14.6;0;0.0;0.0;0.0;0.0;0.3;0.3;0;0.0;0.0;0.0;0.1;0.0;0;0.0;1.1;0.0;0.0;0.1;0.0;0.1;0.0;0.2;0.0;0.0;0.1;0.0;0;0.0;0;0.49;0;0.1;0;2611
Carlens Arcus;D (RC), WB (R);31;Unknown;Ligue 2 BKT;France;3.1;12.8;19%;0.1;4%;0;0.0;1.1;0.2;87%;11.5;0;1.0;7.5;2.5;2.4;0.2;0.2;0;55.3;7.0;15.9;1.1;0.6;72;0.3;0.9;0.3;0.4;0.0;11.4;0.1;3.8;0.1;2.1;2.5;0.1;2.1;12;0.3;66;-2;86;0.1;0;2654
Loup-Diwan Guého;D (RC), DM;24;Unknown;Ligue 2 BKT;France;2.9;18.7;9%;0.0;9%;0;0.0;0.1;0.2;90%;3.2;0;1.0;2.5;0.6;0.3;0.1;0.0;0;42.5;1.6;3.4;0.1;0.1;11;0.0;0.3;1.0;0.8;0.0;9.9;0.0;5.0;0.0;0.0;3.7;0.1;0.0;0;1.2;75;-0.2;14;0.0;0;2937
Exaucé Mpembélé;AM (LC), ST (C);26;Unknown;Ligue 2 BKT;France;0.8;1.2;32%;0.0;7%;0;0.0;0.8;0.3;92%;17.2;0;0.3;2.3;0.7;0.4;1.1;1.0;0;28.7;0.7;4.7;0.8;1.2;9;0.2;3.1;0.0;0.1;0.2;9.9;0.3;9.6;0.1;0.6;4.1;0.1;0.6;30;0.0;43;-2.91;9;0.3;0;2119
Allan Tchaptchet;D (C);26;€800K - €7.8M;Ligue 2 BKT;France;3.1;14.9;29%;0.1;12%;0;0.0;0.3;0.0;92%;2.8;0;1.3;2.4;0.7;0.4;0.3;0.2;0;42.5;2.4;4.6;0.3;0.1;11;0.0;0.6;0.6;0.5;0.1;10.4;0.1;5.5;0.0;0.0;3.7;0.0;0.0;0;1.0;66;0.47;16;0.1;0;2711
Titouan Thomas;DM, M/AM (C);26;Unknown;Ligue 2 BKT;France;2.5;12.5;33%;0.1;7%;0;0.0;1.0;0.5;93%;7.2;0;1.0;5.7;1.2;1.1;0.2;0.1;0;52.3;6.3;11.6;1.5;0.1;37;0.1;0.4;0.0;0.8;0.0;11.5;0.1;1.4;0.2;0.3;0.8;0.1;1.4;23;0.3;55;-1.32;43;0.1;0;3050
Mamadou Camara;AM (RL), ST (C);27;Unknown;Ligue 2 BKT;France;2.1;4.9;35%;0.0;7%;0;0.0;1.8;0.3;87%;20.4;0;0.6;9.5;1.8;1.0;0.6;0.5;0;42.6;3.2;11.4;1.8;3.6;32;0.9;1.5;0.0;0.3;0.1;11.1;0.2;3.5;0.1;3.6;1.2;0.1;3.6;26;0.1;35;-3.88;42;0.2;0;2777
Elie Kayembe Tete;DM, M (C);23;Unknown;Ligue 2 BKT;France;1.0;7.7;33%;0.1;25%;0;0.0;0.4;0.3;91%;14.5;0;0.3;2.6;0.7;0.3;0.5;0.3;0;29.7;2.6;4.4;0.4;0.2;4;0.0;0.9;0.0;0.2;0.2;5.6;0.1;1.2;0.2;0.0;0.9;0.0;0.0;0;0.0;75;1.66;7;0.1;0;1179
Clément Vidal;D (C);27;Unknown;Ligue 2 BKT;France;2.8;12.6;32%;0.0;5%;0;0.0;0.2;0.1;92%;3.0;0;1.1;2.7;1.0;0.6;0.3;0.3;0;43.2;2.4;3.5;0.2;0.0;14;0.0;0.8;0.5;0.4;0.0;10.1;0.1;4.9;0.0;0.0;3.4;0.0;0.0;0;1.1;69;-0.94;18;0.1;0;2117
Nolan Binet;DM, M (C);24;Unknown;Ligue 2 BKT;France;0.0;11.6;38%;0.0;7%;0;0.0;0.1;0.1;0%;14.3;0;0.0;0.0;0.0;0.0;0.1;0.3;0;0.0;0.0;0.0;0.1;0.0;0;0.0;0.8;0.0;0.0;0.1;0.0;0.1;0.0;0.1;0.0;0.0;0.1;0.0;0;0.0;0;-3.09;0;0.1;0;3103
Théo Guivarch;GK;32;Not for Sale;Ligue 2 BKT;France;0.0;3.2;0%;0.0;0%;77;0.4;0.0;0.0;80%;8.3;9.7;3.4;0.0;0.0;0.1;0.0;0.0;88;23.4;0.0;0.0;0.0;0.0;2;0.0;0.0;0.0;0.0;0.0;5.4;0.0;0.0;0.0;0.0;0.0;0.0;0.0;0;0.0;0;0;5;0.0;20;1969
Mouez Hassen;GK;33;Unknown;Ligue 2 BKT;France;0.0;3.2;0%;0.0;0%;79;0.4;0.1;0.0;64%;7.7;4.55;5.6;0.0;0.0;0.0;0.0;0.0;88;27.6;0.0;0.0;0.1;0.0;0;0.0;0.0;0.0;0.0;0.0;5.4;0.0;0.0;0.0;0.0;0.0;0.0;0.0;0;0.0;0;0;0;0.0;8;1005
Adrien Hunou;M/AM (RC);34;Unknown;Ligue 2 BKT;France;1.3;11.1;19%;0.0;5%;0;0.0;1.7;0.1;88%;19.4;0;0.5;4.8;1.0;0.3;0.6;0.3;0;41.4;2.6;10.4;2.1;0.9;5;0.1;1.3;0.0;0.2;0.1;12.1;0.2;4.2;0.2;0.9;1.8;0.2;1.1;11;0.0;44;-1.81;7;0.2;0;1429
Florian Escales;GK;32;Unknown;Ligue 2 BKT;France;0.0;5.0;0%;0.0;0%;72;-0.0;0.1;0.0;78%;7.1;-0.14;4.2;0.0;0.0;0.0;0.0;0.0;90;24.1;0.0;0.0;0.1;0.0;1;0.0;0.0;0.0;0.0;0.0;5.7;0.0;0.0;0.0;0.0;0.0;0.0;0.0;0;0.0;0;0;4;0.0;39;3150
Haris Belkebla;DM, M (C);34;Unknown;Ligue 2 BKT;France;2.7;15.7;12%;0.0;0%;0;0.0;1.2;0.3;90%;5.8;0;0.8;7.3;1.6;1.1;0.2;0.1;0;50.7;5.5;11.6;1.3;0.2;34;0.0;0.5;0.2;0.6;0.0;11.5;0.1;1.8;0.2;0.2;1.0;0.4;4.3;15;0.0;55;-1.91;52;0.1;0;2803
Frédéric Guilbert;D/WB (R);33;Unknown;Ligue 1 McDonald's;France;3.4;10.1;8%;0.1;0%;0;0.0;0.8;0.2;88%;17.6;0;1.4;7.2;1.5;1.6;0.2;0.0;0;56.0;7.3;15.5;0.8;1.2;46;0.3;0.4;0.8;0.8;0.0;11.1;0.0;4.0;0.1;1.9;3.0;0.0;1.9;14;0.2;77;-1.16;51;0.0;0;2618
Gautier Lloris;D (C);32;Unknown;Ligue 2 BKT;France;2.6;21.4;50%;0.1;0%;0;0.0;0.3;0.1;88%;2.8;0;0.8;2.2;0.7;0.4;0.0;0.1;0;41.5;2.2;3.9;0.3;0.1;6;0.0;0.1;0.3;0.6;0.0;9.7;0.0;5.8;0.0;0.2;4.3;0.0;0.2;0;1.0;74;-0.31;8;0.0;0;1302
Stéphane Sparagna;D (C), DM;33;Unknown;Ligue 2 BKT;France;2.6;14.3;15%;0.1;0%;0;0.0;0.2;0.1;92%;3.8;0;1.0;2.4;0.8;0.4;0.2;0.1;0;41.1;2.4;3.7;0.2;0.0;16;0.0;0.4;0.6;0.6;0.0;9.7;0.0;5.1;0.0;0.0;3.1;0.1;0.0;0;0.9;61;-1.17;20;0.0;0;3211
Abdoulaye Touré;DM, M (C);34;Unknown;Ligue 1 McDonald's;France;2.7;11.3;55%;0.1;18%;0;0.0;1.1;0.2;91%;6.5;0;1.0;7.2;1.3;1.5;0.2;0.2;0;48.7;5.4;10.7;1.1;0.1;42;0.0;0.4;0.3;0.5;0.1;10.9;0.0;3.4;0.1;0.1;2.2;0.0;0.1;50;0.5;65;0.11;55;0.1;0;2483
Jordan Lefort;D (LC);34;Unknown;Ligue 2 BKT;France;3.2;12.3;40%;0.1;20%;0;0.0;0.7;0.2;90%;12.6;0;1.4;7.8;1.8;2.0;0.0;0.1;0;54.3;7.4;14.9;0.7;0.7;51;0.7;0.2;0.4;0.7;0.0;11.2;0.1;2.9;0.2;3.0;2.3;0.1;3.0;22;0.4;79;-0.46;66;0.1;0;2340
Mory Diaw;GK;34;€170K;Ligue 1 McDonald's;France;0.0;3.4;0%;0.0;0%;74;-0.1;0.0;0.0;75%;10.9;-2.69;3.3;0.0;0.0;0.0;0.0;0.0;90;24.3;0.0;0.0;0.0;0.0;1;0.0;0.0;0.0;0.0;0.0;5.7;0.0;0.0;0.0;0.0;0.0;0.0;0.0;0;0.0;0;0;5;0.0;42;2678
Naby Sarr;D (LC);34;Unknown;Ligue 2 BKT;France;3.8;14.7;21%;0.1;7%;0;0.0;0.3;0.1;89%;4.0;0;1.4;2.4;0.7;0.2;0.1;0.1;0;43.6;2.1;2.8;0.3;0.0;8;0.0;0.4;0.3;0.7;0.0;9.4;0.1;6.7;0.0;0.0;4.5;0.1;0.0;0;1.5;67;-0.9;13;0.1;0;3250
Quentin Beunardeau;GK;34;Not for Sale;Ligue 2 BKT;France;0.0;3.2;0%;0.0;0%;77;0.2;0.0;0.0;76%;10.2;6.62;3.3;0.0;0.0;0.0;0.0;0.0;91;24.5;0.0;0.0;0.0;0.0;1;0.0;0.0;0.0;0.0;0.0;5.2;0.0;0.0;0.0;0.0;0.0;0.0;0.0;0;0.0;0;0;2;0.0;23;2415
Julien Fabri;GK;34;Unknown;Ligue 2 BKT;France;0.0;2.5;0%;0.0;0%;74;0.3;0.0;0.0;73%;10.4;6.44;6.0;0.0;0.0;0.0;0.0;0.0;89;27.0;0.0;0.0;0.0;0.0;1;0.0;0.0;0.0;0.0;0.0;5.8;0.0;0.0;0.0;0.0;0.0;0.0;0.0;0;0.0;0;0;4;0.0;27;1980
Dylan Tavares;D/WB/M (L);31;Unknown;Ligue 2 BKT;France;3.7;12.2;31%;0.1;23%;0;0.0;1.0;0.1;89%;13.6;0;1.0;8.1;1.9;2.0;0.0;0.1;0;52.4;6.9;15.5;1.0;1.3;71;0.6;0.4;0.4;0.4;0.1;11.8;0.0;3.1;0.1;2.4;1.4;0.1;2.4;23;0.1;45;1.93;88;0.0;0;3218
Samba Diba;DM, M (C);24;€0;Ligue 2 BKT;France;3.2;7.5;40%;0.0;20%;0;0.0;0.9;0.3;88%;10.5;0;1.0;5.7;1.4;1.1;0.1;0.1;0;46.6;5.2;9.8;0.9;0.1;29;0.1;0.2;0.0;0.5;0.0;11.8;0.0;3.3;0.1;0.3;2.1;0.0;0.3;50;0.3;64;0.63;33;0.0;0;2417
Abdel Hbouch;M/AM (LC);29;Unknown;Ligue 2 BKT;France;1.6;4.5;45%;0.0;10%;0;0.0;1.5;0.2;88%;16.7;0;0.2;8.2;1.9;1.3;0.5;0.6;0;42.9;3.4;12.0;1.5;2.8;20;0.3;1.3;0.0;0.1;0.1;11.1;0.1;3.1;0.2;2.5;0.5;0.2;4.3;10;0.0;17;0.39;24;0.1;0;1334
Massamba N'Diaye;GK;26;Unknown;Ligue 2 BKT;France;0.0;3.4;0%;0.0;0%;73;-0.1;0.0;0.0;86%;7.4;-0.79;4.7;0.0;0.0;0.1;0.0;0.0;89;23.3;0.0;0.0;0.0;0.0;1;0.0;0.0;0.0;0.0;0.0;5.3;0.0;0.0;0.0;0.0;0.0;0.0;0.0;0;0.0;0;0;5;0.0;18;1350
Jimmy Evans;AM (R), ST (C);29;Unknown;Ligue 2 BKT;France;0.6;1.2;47%;0.0;25%;0;0.0;1.1;0.1;89%;23.8;0;0.2;3.1;0.9;0.1;0.4;1.1;0;28.2;0.9;8.9;1.3;1.5;1;0.1;2.3;0.0;0.2;0.6;10.5;0.4;6.5;0.1;0.9;0.7;0.0;0.9;16;0.1;11;2.68;4;0.4;0;1247
Lanroy Machine;AM (RLC), ST (C);22;Unknown;Ligue 2 BKT;France;1.5;3.9;28%;0.0;10%;0;0.0;1.8;0.2;90%;21.5;0;0.3;8.1;1.6;1.0;0.7;0.7;0;41.7;3.4;11.5;1.8;2.2;12;1.2;2.4;0.0;0.1;0.2;9.8;0.2;3.9;0.1;3.9;2.0;0.2;3.9;31;0.1;52;0.37;18;0.2;0;1100
Josué Escartin;D (C);25;Unknown;Ligue 2 BKT;France;2.1;16.9;16%;0.1;8%;0;0.0;0.2;0.2;90%;2.9;0;1.5;3.2;1.3;0.6;0.2;0.1;0;41.7;2.0;3.1;0.2;0.0;21;0.0;0.8;1.0;0.6;0.1;9.6;0.1;5.3;0.1;0.0;4.3;0.0;0.0;0;1.3;82;0.13;28;0.1;0;2929
Daniel Bachmann;GK;33;€95K - €950K;Ligue 2 BKT;France;0.0;3.5;0%;0.0;0%;69;0.1;0.0;0.0;79%;7.9;4.02;3.7;0.0;0.0;0.0;0.0;0.0;87;23.7;0.0;0.0;0.0;0.0;0;0.0;0.0;0.0;0.0;0.0;5.7;0.0;0.0;0.0;0.0;0.0;0.0;0.0;0;0.0;0;0;3;0.0;24;2698
Victor Lobry;M/AM (C);32;Not for Sale;Ligue 2 BKT;France;0.0;13.9;33%;0.0;14%;0;0.0;0.2;0.2;90%;15.8;0;0.0;0.6;0.0;0.0;0.2;0.2;0;2.2;0.3;0.8;0.4;0.1;1;0.1;0.7;0.0;0.0;0.1;0.7;0.1;0.1;0.2;0.1;0.0;0.0;3.8;16;0.0;33;-0.2;1;0.1;0;2721
Jérémy Gélin;D (C), DM, M (C);31;Unknown;Ligue 2 BKT;France;2.2;13.7;30%;0.0;0%;0;0.0;0.8;0.0;92%;7.2;0;0.9;5.4;1.3;0.9;0.1;0.1;0;51.3;5.6;10.5;0.8;0.2;25;0.0;0.3;0.1;0.5;0.0;11.6;0.0;2.1;0.1;0.0;1.3;0.1;0.0;0;0.2;61;-0.87;34;0.0;0;2588
Nicolas Pays;AM (RLC);24;Unknown;Ligue 2 BKT;France;2.0;4.2;53%;0.0;14%;0;0.0;2.2;0.2;92%;18.6;0;0.4;9.1;2.8;1.3;0.7;1.0;0;43.3;3.6;16.4;2.2;3.7;40;0.7;1.9;0.0;0.1;0.3;11.9;0.2;3.4;0.1;3.7;0.6;0.2;3.7;18;0.1;17;0.97;62;0.2;0;2766
Siméon Ouré;AM (RLC);28;Unknown;Ligue 2 BKT;France;1.7;5.3;36%;0.1;8%;0;0.0;1.1;0.4;92%;21.3;0;0.5;7.1;1.3;0.4;0.6;0.7;0;42.7;2.5;9.0;1.3;3.0;5;1.0;2.0;0.0;0.5;0.2;11.4;0.2;4.1;0.1;4.9;0.7;0.0;5.8;18;0.0;18;-0.31;13;0.2;0;1116
Florian Bohnert;D/WB (R), M (L), AM (RL);30;Unknown;Ligue 2 BKT;France;3.8;11.4;19%;0.1;12%;0;0.0;0.6;0.2;86%;16.5;0;0.8;6.3;1.7;1.9;0.3;0.2;0;51.6;6.6;16.4;0.8;1.4;57;0.4;0.9;0.9;0.8;0.1;11.6;0.1;3.6;0.1;1.9;1.9;0.1;3.4;18;0.1;53;0.52;76;0.1;0;2697
Matys Donavin;D (C);21;Unknown;Ligue 2 BKT;France;3.3;14.5;40%;0.1;40%;0;0.0;0.1;0.1;88%;4.3;0;0.9;2.5;0.7;0.4;0.0;0.1;0;43.3;2.3;3.3;0.1;0.1;12;0.0;0.2;0.4;0.5;0.1;9.9;0.0;5.9;0.0;0.0;4.1;0.0;0.0;0;0.7;69;1.83;14;0.0;0;2855
Yohan Zemoura;ST (C);27;Unknown;Ligue 2 BKT;France;0.8;1.8;52%;0.0;11%;0;0.0;1.0;0.0;89%;20.9;0;0.2;1.7;0.5;0.3;1.0;1.5;0;26.8;0.6;8.2;1.0;0.4;8;0.0;2.9;0.0;0.1;0.3;9.6;0.3;10.5;0.1;0.3;5.0;0.1;0.3;9;0.2;48;0.36;9;0.3;0;2832
Amine Hemia;M/AM (C);30;Unknown;Ligue 2 BKT;France;1.2;13.2;36%;0.0;12%;0;0.0;2.2;0.3;88%;15.2;0;0.1;5.6;1.7;0.5;0.7;0.8;0;42.1;2.9;9.2;3.0;1.0;13;0.0;2.3;0.0;0.1;0.3;11.4;0.3;2.6;0.2;1.2;0.6;0.2;4.4;13;0.0;23;-0.28;21;0.3;0;2594
Yadali Bayo;DM, M (C);23;Unknown;Ligue 2 BKT;France;1.3;9.6;33%;0.0;0%;0;0.0;0.9;0.2;85%;15.6;0;0.8;4.9;0.8;0.6;0.1;0.1;0;34.7;3.7;8.5;0.9;0.3;11;0.3;0.2;0.0;0.6;0.0;8.3;0.0;1.4;0.1;1.1;0.8;0.1;1.1;22;0.1;54;-0.21;14;0.0;0;1775
Ibrahim Fofana;DM, M (C);24;Unknown;Ligue 2 BKT;France;0.0;14.8;28%;0.0;0%;0;0.0;0.1;0.0;0%;10.7;0;0.0;0.0;0.0;0.0;0.4;0.3;0;0.0;0.0;0.0;0.1;0.0;0;0.0;1.2;0.0;0.0;0.0;0.0;0.1;0.0;0.1;0.0;0.0;0.1;0.0;0;0.0;0;-4.03;0;0.1;0;2847
Jean-Kévin Duverne;D (LC);30;Unknown;Ligue 1 McDonald's;France;3.0;8.2;17%;0.1;0%;0;0.0;1.0;0.1;92%;20.2;0;1.1;7.3;1.8;1.9;0.1;0.1;0;56.3;7.6;14.5;1.0;0.6;28;0.2;0.4;0.7;0.9;0.0;11.1;0.0;4.2;0.0;1.5;2.4;0.1;1.5;13;0.3;57;-0.24;38;0.0;0;1339
Raphael Obermair;D (R), WB (RL);32;Unknown;Ligue 1 McDonald's;France;3.2;9.6;0%;0.1;0%;0;0.0;1.9;0.1;84%;21.6;0;1.2;8.7;2.5;2.3;0.1;0.0;0;44.5;4.6;26.2;1.9;4.0;69;1.5;0.1;0.2;0.5;0.0;12.6;0.0;2.8;0.1;6.8;1.3;0.1;7.1;21;0.2;47;-0.14;82;0.0;0;2657
Zoran Moco;D/M/AM (R);24;Unknown;Ligue 2 BKT;France;2.7;13.0;6%;0.1;3%;0;0.0;1.1;0.2;88%;14.6;0;1.5;7.3;1.7;1.5;0.2;0.1;0;50.1;6.5;15.2;1.1;0.7;52;0.5;0.9;1.1;0.6;0.0;11.3;0.1;5.1;0.0;2.1;3.3;0.1;2.1;25;0.5;64;-1.49;65;0.1;0;3035
Rayan Lutin;M/AM (LC);25;Unknown;Ligue 2 BKT;France;1.6;6.8;32%;0.0;9%;0;0.0;1.3;0.6;87%;12.6;0;0.4;7.7;2.9;2.6;0.4;0.4;0;34.4;4.2;9.5;1.5;2.1;47;0.6;1.2;0.0;0.2;0.1;9.8;0.1;3.2;0.2;3.4;0.4;0.4;7.9;16;0.2;12;-0.04;53;0.1;0;1636
Gamaël Dorvil;AM (RL), ST (C);26;Unknown;Ligue 2 BKT;France;0.5;1.6;39%;0.0;12%;0;0.0;1.1;0.4;91%;19.5;0;0.1;2.1;0.9;0.2;0.7;0.9;0;26.7;0.8;4.1;1.1;0.4;6;0.0;2.3;0.0;0.0;0.3;9.5;0.4;8.7;0.2;0.4;1.2;0.0;0.4;9;0.0;14;-2.01;9;0.4;0;2227
Mazou Bambara;AM (C), ST (C);25;Unknown;Ligue 2 BKT;France;1.4;7.8;36%;0.0;13%;0;0.0;1.7;0.0;88%;21.7;0;0.3;5.2;1.3;0.6;0.3;0.4;0;42.3;2.3;10.4;1.7;0.8;21;0.1;1.1;0.0;0.2;0.1;12.1;0.1;4.0;0.0;0.7;0.7;0.0;0.7;16;0.0;18;0.14;31;0.1;0;3298
Moïse Sahi Dion;ST (C);26;Unknown;Ligue 2 BKT;France;0.4;2.4;48%;0.0;12%;0;0.0;1.3;0.1;89%;16.9;0;0.1;1.6;0.7;0.4;1.4;1.8;0;27.9;0.9;5.4;1.3;0.4;8;0.0;3.7;0.0;0.0;0.5;10.2;0.4;7.5;0.2;0.3;1.0;0.2;0.3;0;0.1;13;1.38;11;0.4;0;1999
Alex Daho;M/AM (LC);24;Unknown;Ligue 2 BKT;France;1.5;3.2;31%;0.1;4%;0;0.0;1.5;0.3;90%;20.8;0;0.3;8.6;2.1;1.3;0.4;0.5;0;43.5;3.4;12.8;1.5;3.7;40;0.4;1.6;0.0;0.3;0.1;11.1;0.2;3.6;0.2;2.3;0.5;0.1;2.3;15;0.0;14;-2.9;51;0.2;0;2812
Mathieu Michel;GK;36;Unknown;Ligue 2 BKT;France;0.0;3.1;0%;0.0;0%;71;0.1;0.0;0.0;72%;11.4;1.99;4.9;0.0;0.0;0.0;0.0;0.0;90;25.0;0.0;0.0;0.0;0.0;0;0.0;0.0;0.0;0.0;0.0;4.8;0.0;0.0;0.0;0.0;0.0;0.0;0.0;0;0.0;0;0;2;0.0;20;1836
Tom Meynadier;D/WB/M (R);28;Unknown;Ligue 2 BKT;France;3.0;12.6;27%;0.0;0%;0;0.0;1.4;0.1;89%;10.9;0;1.6;5.9;1.9;1.6;0.4;0.3;0;51.6;6.3;14.8;1.4;1.0;18;0.9;1.3;0.2;0.3;0.0;11.6;0.1;4.1;0.1;3.1;2.2;0.2;3.1;27;0.3;53;-1.41;20;0.1;0;1039
Enzo Basilio;GK;33;Unknown;Ligue 2 BKT;France;0.0;4.3;0%;0.0;0%;75;0.3;0.0;0.0;77%;11.8;12.19;3.1;0.0;0.0;0.0;0.0;0.0;87;24.5;0.0;0.0;0.0;0.0;0;0.0;0.0;0.0;0.0;0.0;5.3;0.0;0.0;0.0;0.0;0.0;0.0;0.0;0;0.0;0;0;4;0.0;31;3150
Guevin Tormin;M (L), AM (RLC);30;Unknown;Ligue 2 BKT;France;2.2;4.5;35%;0.0;15%;0;0.0;1.8;0.4;88%;15.3;0;0.7;9.0;1.7;1.9;0.3;0.3;0;42.3;7.0;12.5;1.8;1.8;59;0.7;0.8;0.0;0.2;0.1;11.7;0.1;2.5;0.2;3.8;0.6;0.1;3.8;19;0.2;24;0.69;71;0.1;0;2836
Alexandre Mendy;ST (C);34;Not for Sale;Ligue 2 BKT;France;0.8;1.8;53%;0.0;21%;0;0.0;0.7;0.1;89%;21.5;0;0.2;1.3;0.4;0.2;1.1;1.4;0;26.4;0.5;7.9;0.7;0.5;5;0.1;2.7;0.0;0.1;0.6;10.3;0.2;8.1;0.0;0.2;3.5;0.0;0.2;42;0.0;43;12.07;5;0.2;0;2995
Ben Hamed Touré;AM (R), ST (C);24;Unknown;Ligue 2 BKT;France;1.4;4.4;40%;0.1;9%;0;0.0;1.6;0.0;86%;25.0;0;0.6;8.9;2.2;1.4;0.9;0.9;0;42.7;3.0;13.3;1.6;3.1;42;0.4;2.2;0.0;0.1;0.2;10.7;0.2;5.1;0.1;3.2;2.5;0.1;3.2;12;0.1;49;-0.36;53;0.2;0;2773
Teddy Bouriaud;M (C);31;Unknown;Ligue 2 BKT;France;2.7;12.9;50%;0.0;0%;0;0.0;1.3;0.3;86%;11.0;0;0.8;7.5;2.2;1.7;0.1;0.1;0;48.9;5.6;18.2;1.3;0.6;22;0.4;0.2;0.3;0.3;0.0;11.7;0.0;2.1;0.2;3.7;1.1;0.3;8.3;12;0.2;54;-0.3;30;0.0;0;1189
Patrick Ouotro;ST (C);22;Unknown;Ligue 2 BKT;France;0.9;2.6;45%;0.0;9%;0;0.0;0.9;0.2;92%;19.7;0;0.1;1.3;0.6;0.1;1.1;1.3;0;25.3;0.5;5.6;1.0;0.8;3;0.1;2.9;0.0;0.2;0.3;10.3;0.2;8.7;0.1;0.4;3.1;0.0;0.4;27;0.2;36;0.79;9;0.2;0;2631
Loni Laurent;D (RC);27;Unknown;Ligue 2 BKT;France;2.6;11.5;6%;0.1;0%;0;0.0;0.2;0.1;91%;4.2;0;1.5;2.3;0.9;0.6;0.2;0.0;0;41.5;2.7;3.2;0.2;0.0;20;0.0;0.5;0.8;0.8;0.0;9.7;0.0;3.5;0.0;0.0;2.4;0.0;0.0;0;0.6;69;-1.09;23;0.0;0;2770
Amine Abdellaoui;D (LC), DM, M (LC);32;Unknown;Ligue 2 BKT;France;2.5;6.5;50%;0.0;50%;0;0.0;0.8;0.0;90%;9.4;0;1.2;4.7;1.3;1.0;0.1;0.0;0;45.7;3.4;8.8;1.7;0.1;21;0.0;0.1;0.2;0.6;0.0;10.9;0.0;2.4;0.1;0.1;0.6;0.0;0.1;0;0.1;24;0.97;27;0.0;0;1890
Elson Mendes;D (RC), WB (R), DM, M (C);22;Unknown;Ligue 2 BKT;France;2.9;12.3;13%;0.0;13%;0;0.0;0.8;0.2;91%;8.1;0;0.7;6.0;1.8;1.4;0.1;0.1;0;50.4;4.8;9.9;0.8;0.1;39;0.0;0.6;0.3;0.5;0.1;12.0;0.0;2.7;0.2;0.1;1.9;0.2;0.1;25;0.3;71;0.75;46;0.0;0;2547
Abdellah Baallal;DM, M (C);23;Unknown;Ligue 2 BKT;France;2.0;11.7;25%;0.2;4%;0;0.0;0.9;0.2;89%;6.7;0;0.9;5.9;2.3;1.4;0.2;0.2;0;50.2;4.5;10.8;0.9;0.4;36;0.0;0.9;0.1;0.4;0.0;11.1;0.2;3.5;0.1;0.2;2.0;0.0;1.0;14;0.6;59;-3.21;56;0.2;0;2376
Sacha Contena;GK;22;Unknown;Ligue 2 BKT;France;0.0;2.2;0%;0.0;0%;69;0.2;0.0;0.0;70%;10.7;3.76;5.4;0.0;0.0;0.0;0.0;0.0;88;26.2;0.0;0.0;0.0;0.0;0;0.0;0.0;0.0;0.0;0.0;5.8;0.0;0.0;0.0;0.0;0.0;0.0;0.0;0;0.0;0;0;1;0.0;22;1440
Enzo Tacafred;D/WB (RL);22;Unknown;Ligue 2 BKT;France;2.8;12.8;0%;0.1;0%;0;0.0;1.6;0.1;85%;16.7;0;1.3;9.6;2.6;1.9;0.1;0.0;0;46.9;4.8;21.5;1.6;2.0;58;1.5;0.2;0.3;0.5;0.0;12.4;0.0;3.4;0.0;6.5;2.1;0.0;6.8;22;0.4;60;-0.51;92;0.0;0;2821
Stanislas Kielt;AM (C), ST (C);26;Unknown;Ligue 2 BKT;France;0.8;2.1;47%;0.0;14%;0;0.0;1.3;0.2;88%;18.2;0;0.0;1.4;0.6;0.3;0.8;1.2;0;27.3;1.0;8.2;1.3;0.6;9;0.1;2.5;0.0;0.2;0.3;10.1;0.3;7.1;0.2;0.3;1.8;0.1;0.3;41;0.1;26;2.43;11;0.3;0;3183
Amadou Samoura;AM (L), ST (C);24;Unknown;Ligue 2 BKT;France;1.9;5.0;44%;0.0;13%;0;0.0;2.1;0.3;90%;17.5;0;0.4;8.2;2.0;1.3;0.5;0.8;0;44.0;3.6;12.8;2.2;4.2;35;0.8;1.7;0.0;0.2;0.2;11.9;0.1;3.1;0.2;3.1;0.8;0.2;3.1;25;0.0;25;2.25;49;0.1;0;2372
Walid Bouabdeli;AM (RL), ST (C);27;Unknown;Ligue 2 BKT;France;1.6;5.7;31%;0.0;9%;0;0.0;1.8;0.4;87%;19.2;0;0.6;10.1;2.4;1.3;0.7;0.6;0;44.6;3.3;16.4;1.8;3.3;41;0.8;2.0;0.0;0.2;0.2;11.5;0.3;4.0;0.2;4.0;1.9;0.1;4.0;20;0.2;47;-2.47;59;0.3;0;2856
Siaka Bakayoko;D (C);23;Unknown;Ligue 2 BKT;France;2.7;12.9;33%;0.1;20%;0;0.0;0.1;0.0;92%;3.9;0;1.2;2.2;0.8;0.5;0.1;0.1;0;40.6;1.7;3.2;0.1;0.0;17;0.0;0.4;0.9;0.7;0.1;9.6;0.0;4.9;0.0;0.0;3.4;0.0;0.0;0;1.0;69;1.65;19;0.0;0;3187
Stephan Zagadou;D (C);19;Unknown;Ligue 1 McDonald's;France;2.7;12.8;33%;0.1;0%;0;0.0;0.3;0.1;90%;3.5;0;1.6;2.3;0.8;0.4;0.1;0.1;0;41.0;1.7;3.7;0.3;0.0;12;0.0;0.3;0.9;0.9;0.0;9.9;0.0;5.2;0.1;0.0;3.8;0.0;0.0;0;0.7;72;-0.83;19;0.0;0;2687
Enzo Genton;D (C), DM;22;Unknown;Ligue 2 BKT;France;3.0;14.1;27%;0.1;7%;0;0.0;0.6;0.1;91%;8.8;0;1.4;4.3;1.3;1.0;0.3;0.3;0;49.8;3.3;8.2;0.6;0.1;15;0.0;1.0;0.1;0.7;0.1;10.7;0.1;3.7;0.1;0.1;2.3;0.1;0.1;0;0.3;64;-0.46;19;0.1;0;1306
Victor Lebas;D/WB (L);23;Unknown;Ligue 2 BKT;France;2.9;7.0;22%;0.0;11%;0;0.0;0.9;0.1;87%;22.7;0;1.2;5.2;1.9;1.6;0.1;0.1;0;53.0;5.7;9.8;0.9;0.8;58;0.3;0.3;0.4;0.4;0.0;10.9;0.0;3.9;0.1;2.4;1.9;0.0;2.4;11;0.4;48;-0.33;72;0.0;0;3231
Mohamed Boumaaoui;M/AM (C), ST (C);23;Unknown;Ligue 2 BKT;France;1.0;1.6;67%;0.0;20%;0;0.0;0.6;0.1;92%;21.2;0;0.1;1.7;0.6;0.2;0.8;1.6;0;26.0;0.4;5.2;0.6;1.0;4;0.1;2.3;0.0;0.1;0.5;10.0;0.3;7.3;0.1;0.3;2.7;0.0;0.3;37;0.1;37;4.72;8;0.3;0;2080
Yaël Mouanga;D (C), DM;22;Unknown;Ligue 2 BKT;France;3.0;13.5;29%;0.2;2%;0;0.0;0.2;0.1;91%;3.9;0;1.0;2.8;1.0;0.5;0.4;0.3;0;41.3;2.1;3.5;0.2;0.1;18;0.0;1.2;0.5;0.5;0.0;10.1;0.1;3.9;0.1;0.0;2.8;0.0;0.0;0;0.7;71;-3.96;22;0.1;0;3150
Aboubacar Lô;D (C), DM;28;Unknown;Ligue 2 BKT;France;3.3;17.0;10%;0.1;5%;0;0.0;0.2;0.1;92%;2.6;0;0.9;2.5;1.0;0.5;0.1;0.1;0;42.9;2.0;3.8;0.2;0.1;17;0.0;0.6;0.6;0.5;0.0;9.5;0.1;4.1;0.1;0.0;3.0;0.0;0.0;0;0.5;73;-1.13;20;0.1;0;3203
Antoine Sekongo;M/AM (C);23;Unknown;Ligue 2 BKT;France;0.0;10.1;40%;0.0;12%;0;0.0;0.0;0.2;0%;13.5;0;0.0;0.0;0.0;0.0;0.4;0.6;0;0.0;0.0;0.0;0.8;0.0;0;0.0;1.4;0.0;0.0;0.2;0.0;0.2;0.0;0.1;0.0;0.0;0.0;0.4;25;0.0;0;-0.87;0;0.2;0;2765
Sébastien Tou;GK;23;Unknown;Ligue 2 BKT;France;0.0;2.3;0%;0.0;0%;73;0.0;0.0;0.0;69%;11.8;0.89;4.9;0.0;0.0;0.0;0.0;0.0;88;25.1;0.0;0.0;0.0;0.0;0;0.0;0.0;0.0;0.0;0.0;4.0;0.0;0.0;0.0;0.0;0.0;0.0;0.0;0;0.0;0;0;2;0.0;42;2790
Amadou Sagna;M/AM (RL);28;€240K - €700K;Ligue 2 BKT;France;2.6;3.2;41%;0.0;6%;0;0.0;1.6;0.3;89%;18.0;0;0.6;8.4;1.8;1.1;0.5;0.5;0;44.1;2.9;17.3;1.6;3.7;26;0.7;1.3;0.0;0.4;0.1;12.0;0.2;3.3;0.1;4.1;0.9;0.2;4.1;18;0.0;26;-1.82;33;0.2;0;2179
Julien Kouadio;D (RC), WB (R);28;Unknown;Ligue 2 BKT;France;3.1;16.8;19%;0.1;13%;0;0.0;1.0;0.2;87%;8.7;0;0.9;6.9;2.1;1.7;0.2;0.1;0;46.1;3.6;15.7;1.0;1.5;61;0.4;0.4;0.3;0.4;0.1;11.5;0.0;3.7;0.1;3.1;2.2;0.1;3.1;12;0.5;58;0.97;78;0.0;0;3271
Enzo Koffi;D/WB/M/AM (L);22;Unknown;Ligue 1 McDonald's;France;3.2;8.5;20%;0.1;0%;0;0.0;1.0;0.1;89%;18.5;0;1.2;7.5;1.6;2.0;0.0;0.0;0;51.7;6.9;18.9;1.0;0.8;52;0.7;0.2;0.2;0.7;0.0;12.4;0.0;3.3;0.0;3.2;1.5;0.2;3.2;23;0.2;46;-0.66;59;0.0;0;2310
Noam Obougou Jacquet;AM (RL), ST (C);22;€2.2M;Ligue 1 McDonald's;France;1.4;2.3;33%;0.0;7%;0;0.0;1.0;0.0;88%;24.4;0;0.6;4.7;1.2;0.7;0.8;0.7;0;34.0;1.7;10.1;1.0;1.8;15;0.4;2.1;0.0;0.3;0.1;11.3;0.2;6.3;0.0;2.4;2.7;0.0;2.4;18;0.1;44;-0.64;17;0.2;0;1839
Yanis Issoufou;AM (L);21;Unknown;Ligue 2 BKT;France;2.2;5.4;38%;0.0;7%;0;0.0;2.0;0.2;88%;18.4;0;0.5;9.6;2.3;1.7;0.4;0.6;0;41.7;3.8;14.0;2.0;3.9;49;0.8;1.6;0.0;0.2;0.1;11.7;0.1;4.2;0.1;3.9;1.5;0.1;3.9;20;0.2;36;-0.93;62;0.1;0;2572
Ahmad Ngouyamsa;D/WB (R);27;Unknown;Ligue 2 BKT;France;3.4;10.4;50%;0.1;0%;0;0.0;1.2;0.2;85%;15.5;0;1.0;9.3;1.8;1.6;0.0;0.1;0;47.9;5.6;21.8;1.2;2.3;45;0.8;0.1;0.8;0.5;0.0;12.5;0.0;3.4;0.1;4.5;1.4;0.0;4.5;17;0.3;41;-0.56;62;0.0;0;2456
Paul Jaeckel;D (C), DM;29;€325K;Bundesliga 2;Germany;3.3;15.1;24%;0.0;6%;0;0.0;0.2;0.1;89%;3.0;0;1.3;2.1;0.5;0.2;0.1;0.1;0;41.1;1.5;3.4;0.2;0.1;6;0.0;0.6;0.8;1.0;0.0;10.3;0.1;5.9;0.1;0.0;4.0;0.0;0.0;0;0.9;67;-0.73;10;0.1;0;2479
Ayoub Chaikhoun;DM, M (C), AM (LC);22;€110K - €1.1M;Bundesliga 2;Germany;1.1;7.1;33%;0.0;13%;0;0.0;1.6;0.2;89%;24.4;0;0.2;5.6;1.1;0.5;0.3;0.3;0;39.8;2.5;9.4;1.6;1.5;10;0.3;0.8;0.0;0.1;0.1;11.1;0.1;3.3;0.1;1.0;0.8;0.0;1.3;24;0.0;24;0.59;13;0.1;0;1707
Matúš Bero;DM, M/AM (C);32;€180K - €1.8M;Bundesliga 2;Germany;2.2;12.8;18%;0.1;0%;0;0.0;0.6;0.1;93%;5.4;0;1.0;6.1;1.5;0.8;0.3;0.1;0;50.4;4.0;11.5;0.9;0.3;12;0.0;0.8;0.1;0.4;0.0;11.4;0.1;2.0;0.3;0.1;1.2;0.1;5.5;20;0.1;61;-1.43;19;0.1;0;1289
Julian Guttau;AM (RLC), ST (C);28;€22K - €220K;Bundesliga 2;Germany;1.5;9.8;35%;0.0;12%;0;0.0;1.4;0.1;89%;16.8;0;0.5;5.1;1.2;0.6;0.4;0.7;0;41.8;2.4;8.5;1.4;1.6;16;0.2;1.9;0.0;0.2;0.2;11.8;0.2;3.1;0.0;0.5;0.5;0.1;0.5;40;0.1;17;-0.67;23;0.2;0;2461
Kevin Jappert;D (C);24;€900K - €2.1M;Bundesliga 2;Germany;2.9;13.2;21%;0.2;14%;0;0.0;0.1;0.0;89%;4.2;0;1.3;2.5;1.1;0.8;0.1;0.1;0;41.5;1.9;3.4;0.1;0.0;27;0.0;0.4;0.5;0.7;0.1;10.0;0.0;5.5;0.0;0.1;3.4;0.0;0.1;0;0.9;63;0.76;32;0.0;0;3157
Felix Götze;D (C), DM, M (C);30;€325K - €3.3M;Bundesliga 2;Germany;2.5;14.2;0%;0.1;0%;0;0.0;0.2;0.0;91%;3.0;0;1.3;2.5;0.9;0.7;0.1;0.0;0;42.4;1.7;4.3;0.2;0.0;20;0.0;0.2;0.7;0.7;0.0;9.6;0.0;3.9;0.1;0.1;2.9;0.0;0.1;25;0.5;74;-0.5;25;0.0;0;2632
Richmond Tachie;M/AM (R), ST (C);29;€60K - €600K;Bundesliga 2;Germany;0.8;1.2;62%;0.0;24%;0;0.0;0.7;0.1;89%;21.0;0;0.1;2.0;0.6;0.2;0.6;0.9;0;26.2;0.9;6.3;0.7;1.4;3;0.0;1.5;0.0;0.2;0.4;10.9;0.2;7.3;0.0;0.5;1.3;0.0;0.5;0;0.0;18;2;3;0.2;0;1241
Alexander Nollenberger;D/WB/M/AM (L);30;€230K - €750K;Bundesliga 2;Germany;2.0;3.5;41%;0.2;14%;0;0.0;1.4;0.3;88%;20.1;0;0.9;8.3;1.7;1.6;0.2;0.7;0;41.6;3.6;13.3;1.4;4.1;20;0.5;1.7;0.0;0.5;0.2;11.5;0.2;3.5;0.1;3.3;1.0;0.2;3.3;16;0.0;29;0.15;24;0.2;0;1156
Cedric Itten;ST (C);31;€400K - €4M;Bundesliga 2;Germany;0.6;1.1;50%;0.0;14%;0;0.0;1.0;0.2;91%;24.0;0;0.1;1.4;0.8;0.2;1.3;1.4;0;31.5;0.9;8.6;1.0;0.5;3;0.0;2.8;0.0;0.1;0.4;10.3;0.3;8.1;0.1;0.3;3.2;0.0;0.3;0;0.1;40;1.65;4;0.3;0;1142
Andrej Ilić;ST (C);28;€550K - €5.2M;Bundesliga;Germany;0.8;3.0;56%;0.0;12%;0;0.0;1.0;0.2;91%;6.2;0;0.6;2.2;0.4;0.2;0.5;1.1;0;32.0;1.3;8.4;1.0;0.8;4;0.2;2.0;0.1;0.3;0.2;11.3;0.3;10.4;0.1;0.6;4.3;0.1;0.6;33;0.2;41;-2.54;7;0.4;0;1860
David Zec;D (C);28;€450K - €4.5M;Bundesliga 2;Germany;2.1;12.0;0%;0.3;0%;0;0.0;0.2;0.0;89%;3.2;0;1.5;3.1;1.2;0.7;0.1;0.0;0;43.1;1.9;3.8;0.2;0.1;15;0.0;0.2;0.7;0.9;0.0;10.0;0.0;5.4;0.0;0.0;4.3;0.0;0.0;100;1.2;81;-0.28;25;0.0;0;1951
Christopher Lannert;D (RL), WB (R);29;€300K - €900K;Bundesliga 2;Germany;2.9;10.7;21%;0.1;8%;0;0.0;1.0;0.3;89%;16.0;0;1.0;7.5;1.9;1.9;0.3;0.2;0;52.3;6.8;15.7;1.2;0.8;58;0.1;0.8;0.2;0.6;0.1;11.3;0.1;3.8;0.2;1.6;2.5;0.2;2.6;11;0.3;64;-0.7;62;0.1;0;2701
Tim Campulka;D (C), DM;29;€130K - €425K;Bundesliga 2;Germany;2.5;12.8;0%;0.1;0%;0;0.0;0.4;0.2;93%;7.6;0;0.9;4.7;1.3;0.9;0.1;0.0;0;49.6;3.1;8.4;0.4;0.1;27;0.0;0.2;0.4;0.7;0.0;11.1;0.0;3.5;0.1;0.1;2.0;0.0;0.1;25;0.3;57;-0.57;33;0.0;0;2768
Erhan Mašović;D (C), DM;29;€110K - €1.1M;Bundesliga 2;Germany;2.9;12.5;0%;0.2;0%;0;0.0;0.1;0.1;90%;3.6;0;1.7;2.6;1.0;0.9;0.1;0.0;0;41.3;2.0;4.7;0.1;0.0;17;0.1;0.3;0.8;0.9;0.0;10.3;0.1;5.6;0.0;0.2;3.8;0.0;0.2;33;0.7;68;-0.94;19;0.1;0;1669
Charalampos Makridis;M (L), AM (RL);31;€7K - €22K;Bundesliga 2;Germany;2.2;2.5;19%;0.0;0%;0;0.0;1.3;0.1;88%;25.4;0;0.5;9.1;1.9;1.7;0.2;0.1;0;43.8;2.7;11.4;1.3;3.7;41;0.8;0.7;0.0;0.4;0.0;10.7;0.1;4.1;0.1;3.7;0.7;0.1;3.7;21;0.1;17;-1.71;50;0.1;0;2190
Marcel Benger;D (C), DM, M (C);29;€45K - €475K;Bundesliga 2;Germany;2.2;10.7;13%;0.0;0%;0;0.0;0.6;0.1;92%;5.8;0;0.9;4.9;1.2;0.9;0.2;0.1;0;49.6;3.9;9.1;0.7;0.1;15;0.0;0.5;0.1;0.6;0.0;10.5;0.0;3.9;0.0;0.0;1.9;0.0;0.2;0;0.7;48;-0.79;21;0.0;0;1442
Oliver Batista Meier;AM (RLC), ST (C);27;€230K;Bundesliga 2;Germany;1.6;10.5;38%;0.1;12%;0;0.0;1.9;0.1;91%;18.3;0;0.5;5.1;1.2;0.6;0.3;0.5;0;42.1;2.5;9.0;2.9;1.5;18;0.2;1.2;0.0;0.1;0.1;11.6;0.2;2.7;0.3;0.7;0.9;0.3;5.9;16;0.0;32;-0.3;26;0.2;0;2528
Marcel Hoffmeier;D (RLC);28;€1.3M - €3M;Bundesliga 2;Germany;3.3;16.8;15%;0.1;0%;0;0.0;0.2;0.2;90%;3.6;0;1.3;2.8;1.0;0.7;0.0;0.1;0;42.8;2.1;5.8;0.2;0.0;21;0.0;0.4;0.6;1.0;0.0;10.4;0.0;3.1;0.0;0.4;1.5;0.0;0.4;9;0.3;49;-1.24;25;0.0;0;2644
Dennis Dressel;DM, M (C);29;€130K - €425K;Bundesliga 2;Germany;0.0;9.9;44%;0.0;13%;0;0.0;0.1;0.0;0%;16.3;0;0.0;0.0;0.0;0.0;0.1;0.3;0;0.0;0.0;0.0;0.1;0.0;0;0.0;0.6;0.0;0.0;0.1;0.0;0.1;0.0;0.1;0.0;0.0;0.1;0.0;0;0.0;0;-0.03;0;0.1;0;2508
Lars Ritzka;D (LC), WB (L);30;€130K - €1.3M;Bundesliga 2;Germany;2.9;12.3;40%;0.1;20%;0;0.0;1.3;0.2;89%;13.1;0;1.3;6.8;2.3;2.4;0.1;0.1;0;56.0;7.5;16.6;1.3;0.4;68;0.6;0.2;0.6;0.8;0.0;11.6;0.0;4.1;0.1;3.0;2.7;0.1;3.7;19;0.5;66;0.51;83;0.0;0;2554
Erik Wekesser;D/WB/M/AM (L);30;€22K - €220K;Bundesliga 2;Germany;2.3;9.5;0%;0.1;0%;0;0.0;1.3;0.1;85%;16.7;0;1.3;7.0;2.2;2.1;0.1;0.0;0;55.8;7.3;16.4;1.4;0.7;28;0.7;0.1;0.2;0.5;0.0;11.6;0.0;3.9;0.1;3.5;2.2;0.0;4.6;19;0.4;58;-0.14;39;0.0;0;1201
Marvin Mehlem;DM, M/AM (C);30;€0 - €30K;Bundesliga 2;Germany;0.9;10.1;33%;0.0;6%;0;0.0;1.1;0.1;89%;17.4;0;0.4;3.5;0.6;0.3;0.5;0.6;0;31.2;1.6;7.3;1.1;0.5;6;0.1;1.8;0.0;0.2;0.1;8.1;0.2;1.9;0.1;0.6;0.1;0.2;0.6;9;0.0;3;-0.9;8;0.2;0;1654
Etienne Amenyido;AM (RLC), ST (C);30;€45K - €475K;Bundesliga 2;Germany;1.5;3.4;29%;0.0;11%;0;0.0;1.4;0.2;92%;21.0;0;0.4;7.9;2.0;1.3;0.8;0.6;0;37.4;2.3;14.3;1.4;2.6;18;0.1;2.0;0.0;0.1;0.2;11.5;0.2;4.6;0.1;2.3;1.6;0.2;2.3;6;0.0;35;0.3;21;0.2;0;1232
Luca Herrmann;DM, M (C);29;€85K - €850K;Bundesliga 2;Germany;0.3;9.6;42%;0.0;19%;0;0.0;0.0;0.1;90%;16.5;0;0.0;0.6;0.1;0.0;0.4;0.5;0;3.4;0.4;0.3;0.9;0.0;1;0.0;1.1;0.0;0.0;0.2;0.7;0.1;0.1;0.1;0.0;0.0;0.0;0.8;10;0.0;0;2.09;4;0.1;0;2112
Luca Itter;D (LC), WB (L);29;€40K - €400K;Bundesliga 2;Germany;2.9;13.6;20%;0.2;0%;0;0.0;0.2;0.1;92%;3.5;0;1.2;2.0;0.8;0.4;0.1;0.0;0;43.4;1.8;4.1;0.2;0.0;10;0.1;0.2;0.5;1.1;0.0;10.2;0.0;3.8;0.0;0.1;2.5;0.0;1.7;26;0.3;65;-0.33;15;0.0;0;2459
Lino Tempelmann;DM, M (C);29;€110K - €1.1M;Bundesliga 2;Germany;2.4;13.4;18%;0.1;10%;0;0.0;0.8;0.4;91%;6.1;0;0.8;6.9;1.6;0.8;0.4;0.2;0;50.5;4.0;11.7;0.8;0.3;26;0.1;1.3;0.1;0.4;0.1;11.7;0.1;1.7;0.2;0.3;1.1;0.1;0.5;26;0.1;65;-0.01;43;0.1;0;2867
Dennis Slamar;D (RC), DM;33;€3K;Bundesliga 2;Germany;3.4;11.9;0%;0.2;0%;0;0.0;0.7;0.1;88%;10.1;0;0.9;3.4;1.2;0.9;0.1;0.0;0;48.4;4.2;7.4;0.7;0.1;22;0.0;0.3;0.4;0.5;0.0;10.2;0.0;5.8;0.1;0.4;4.0;0.1;0.4;0;0.6;69;-0.82;27;0.0;0;2250
Carlo Sickinger;D (C), DM, M (C);30;€20K - €190K;Bundesliga 2;Germany;2.8;11.7;29%;0.1;0%;0;0.0;0.5;0.3;92%;6.1;0;0.6;6.7;1.8;1.3;0.1;0.1;0;50.6;3.7;10.7;0.6;0.2;40;0.0;0.2;0.5;0.6;0.0;11.2;0.0;3.5;0.2;0.1;2.3;0.2;0.1;50;0.5;65;-0.74;51;0.0;0;2738
Nyamekye Awortwie-Grant;D (LC), DM;27;€550K;Bundesliga 2;Germany;3.3;14.3;33%;0.1;0%;0;0.0;0.3;0.0;92%;2.6;0;1.1;3.2;0.9;0.6;0.1;0.2;0;42.4;2.6;4.3;0.7;0.0;17;0.0;0.6;0.9;0.7;0.0;9.9;0.1;5.6;0.0;0.1;3.5;0.0;0.1;0;0.9;63;-2.57;19;0.1;0;2669
Abu Francis;DM, M (C);27;€450K - €1.4M;Bundesliga 2;Germany;0.0;8.2;45%;0.0;5%;0;0.0;0.2;0.2;0%;14.7;0;0.0;0.0;0.0;0.0;0.5;0.5;0;0.0;0.0;0.0;0.2;0.0;0;0.0;1.1;0.0;0.0;0.1;0.0;0.1;0.0;0.1;0.0;0.0;0.2;0.0;0;0.0;0;-1.79;0;0.1;0;1681
Kristian Mandić;D (LC);20;€500K - €5M;Bundesliga 2;Germany;3.6;12.1;25%;0.2;0%;0;0.0;0.6;0.0;88%;5.2;0;1.3;3.5;1.0;0.7;0.1;0.1;0;44.3;2.7;7.1;0.6;0.5;8;0.1;0.3;0.2;1.0;0.0;10.2;0.1;4.3;0.0;0.7;3.3;0.0;1.0;8;0.3;77;-0.92;10;0.1;0;1083
Isak Brusberg;M (C), AM (LC), ST (C);21;€230K - €2.3M;Bundesliga 2;Germany;0.7;2.2;59%;0.0;17%;0;0.0;1.1;0.0;90%;19.8;0;0.1;1.3;0.5;0.3;0.5;1.6;0;26.5;0.6;6.8;1.1;0.6;8;0.0;2.7;0.0;0.1;0.5;10.1;0.3;8.1;0.1;0.3;1.4;0.1;0.3;11;0.3;18;4.32;11;0.3;0;2715
Florian Neuhaus;DM, M/AM (C);31;€210K - €2.1M;Bundesliga;Germany;1.0;3.5;55%;0.0;19%;0;0.0;1.2;0.2;87%;8.4;0;0.1;4.3;0.8;0.5;0.9;1.1;0;37.9;3.7;13.2;1.2;1.0;10;0.2;1.9;0.0;0.0;0.4;12.2;0.3;6.7;0.1;1.2;1.2;0.0;1.8;17;0.0;17;2.48;19;0.3;0;1948
Tim Siersleben;D (C), DM;28;€400K - €3.9M;Bundesliga 2;Germany;2.7;17.1;30%;0.2;10%;0;0.0;0.3;0.1;92%;3.2;0;1.1;2.9;1.0;0.5;0.1;0.1;0;43.5;2.2;5.6;0.3;0.0;13;0.0;0.4;0.8;0.6;0.0;10.0;0.1;5.1;0.1;0.1;3.2;0.1;0.1;0;1.0;62;-0.26;25;0.1;0;2241
Ron-Thorben Hoffmann;GK;29;€120K - €1.2M;Bundesliga 2;Germany;0.0;4.5;0%;0.0;0%;76;0.2;0.0;0.0;75%;7.8;5.48;2.9;0.0;0.0;0.0;0.0;0.0;89;23.6;0.0;0.0;0.0;0.0;0;0.0;0.0;0.0;0.0;0.0;5.2;0.0;0.0;0.0;0.0;0.0;0.0;0.0;0;0.0;0;0;4;0.0;30;2480
Maximilian Dietz;D (C), DM;26;€950K - €2.3M;Bundesliga 2;Germany;2.9;12.3;9%;0.0;9%;0;0.0;0.0;0.1;94%;3.5;0;0.9;3.5;0.9;0.3;0.1;0.0;0;44.7;2.1;4.6;0.0;0.0;7;0.0;0.5;0.8;0.7;0.0;10.2;0.1;4.8;0.0;0.1;3.2;0.0;0.1;0;0.9;67;-0.22;12;0.1;0;2004
Niklas Schmidt;DM, M/AM (C);30;€10K - €95K;Bundesliga 2;Germany;1.2;11.4;48%;0.0;16%;0;0.0;1.7;0.4;91%;18.2;0;0.4;5.2;1.0;0.5;0.2;0.6;0;43.3;2.6;10.8;1.7;1.2;12;0.1;1.2;0.0;0.3;0.2;11.9;0.1;3.7;0.2;0.8;0.8;0.3;2.9;9;0.1;22;2.25;16;0.1;0;2234
Alexander Bernhardsson;WB/M (R), AM (RLC), ST (C);29;€350K - €3.5M;Bundesliga 2;Germany;1.4;4.1;46%;0.0;14%;0;0.0;1.3;0.1;89%;17.6;0;0.3;5.9;1.3;0.9;0.4;1.1;0;38.1;2.1;11.1;1.4;2.0;22;0.4;2.3;0.0;0.2;0.3;10.9;0.3;4.4;0.1;2.1;0.8;0.0;2.1;18;0.1;18;0.19;29;0.3;0;2286
Boris Tomiak;D (C), DM;29;€375K - €3.8M;Bundesliga 2;Germany;3.2;13.5;36%;0.1;18%;0;0.0;0.2;0.3;89%;4.1;0;0.9;3.1;0.6;0.4;0.1;0.2;0;43.7;2.1;5.3;0.2;0.1;10;0.0;0.4;0.7;0.5;0.1;10.2;0.0;5.1;0.1;0.0;3.7;0.0;0.0;0;1.3;72;0.22;17;0.1;0;2320
Killian Corredor;M (L), AM (LC), ST (C);27;€60K - €600K;Bundesliga;Germany;2.0;6.2;56%;0.0;17%;0;0.0;0.9;0.2;87%;10.4;0;0.6;9.1;1.6;2.0;0.7;1.2;0;38.3;2.1;17.7;0.9;1.8;38;0.3;2.2;0.2;0.4;0.4;12.6;0.3;6.6;0.1;1.6;2.1;0.1;1.6;19;0.0;32;1.66;50;0.3;0;1708
Marcel Schuhen;GK;35;€45K - €150K;Bundesliga;Germany;0.4;9.5;0%;0.0;0%;68;-0.9;0.0;0.0;68%;10.7;-29.22;4.5;0.0;0.0;0.0;0.0;0.0;86;24.5;1.3;0.1;0.0;0.0;1;0.0;0.0;0.0;0.0;0.0;4.1;0.0;0.0;0.0;0.0;0.0;0.0;0.0;0;0.0;0;0;8;0.0;86;3060
Leart Paçarada;D/WB (L);33;€0 - €6K;Bundesliga 2;Germany;3.4;8.0;0%;0.1;0%;0;0.0;1.2;0.5;89%;18.5;0;0.8;9.8;2.2;2.3;0.0;0.0;0;47.2;4.5;20.8;2.2;2.0;37;1.3;0.0;0.2;0.5;0.0;11.8;0.0;4.0;0.1;6.4;2.0;0.1;13.6;17;0.2;51;0;44;0.0;0;1465
Julian Green;DM, M/AM (C);32;€0 - €70K;Bundesliga 2;Germany;2.7;9.7;30%;0.1;10%;0;0.0;0.9;0.4;88%;6.8;0;0.8;6.2;1.7;1.0;0.3;0.2;0;51.1;5.4;10.4;1.1;0.1;16;0.1;0.6;0.1;0.5;0.1;11.4;0.1;1.6;0.2;0.1;0.7;0.2;3.8;26;0.0;42;0.16;26;0.1;0;1422
Niklas Stark;D (C), DM;33;€140K - €1.4M;Bundesliga 2;Germany;2.8;14.4;38%;0.2;13%;0;0.0;0.4;0.2;90%;4.8;0;1.2;4.5;1.5;1.0;0.2;0.2;0;45.3;2.6;7.5;0.4;0.1;13;0.2;0.6;0.4;0.6;0.1;11.0;0.1;4.9;0.1;0.2;4.2;0.1;0.2;100;0.8;84;-0.34;21;0.1;0;1166
Niklas Dorsch;DM, M (C);30;€600K - €5.8M;Bundesliga 2;Germany;2.4;14.1;29%;0.0;7%;0;0.0;1.1;0.3;94%;6.1;0;1.0;6.8;1.6;1.1;0.2;0.1;0;49.5;5.1;11.7;1.2;0.1;30;0.1;0.5;0.1;0.6;0.0;11.7;0.0;2.0;0.2;0.3;1.1;0.3;1.6;23;0.2;56;-0.3;50;0.0;0;2456
Leon Guwara;D (LC), WB (L);31;€10K - €110K;Bundesliga 2;Germany;3.6;8.7;100%;0.0;0%;0;0.0;1.3;0.1;87%;15.7;0;1.0;9.2;2.2;2.1;0.0;0.0;0;49.3;5.1;20.3;1.3;1.8;65;1.1;0.0;0.9;0.5;0.0;12.0;0.0;3.1;0.1;4.5;1.7;0.1;6.9;21;0.3;54;-0.09;87;0.0;0;2748
Patrick Pflücke;WB (R), M (RC), AM (R);31;€180K - €1.8M;Bundesliga 2;Germany;2.2;3.9;61%;0.1;35%;0;0.0;1.4;0.3;86%;19.7;0;0.5;10.4;1.9;1.2;0.2;0.7;0;44.6;2.8;13.8;1.4;5.7;23;0.7;1.2;0.0;0.4;0.4;11.4;0.2;3.5;0.2;2.9;1.7;0.1;2.9;25;0.0;48;4.9;29;0.2;0;1720
Marius Wolf;D/WB/M/AM (R);33;€850K;Bundesliga;Germany;3.4;10.3;50%;0.2;17%;0;0.0;1.6;0.5;84%;18.4;0;1.1;10.5;2.5;2.4;0.3;0.2;0;39.9;4.3;30.9;1.7;3.0;32;1.4;0.5;0.5;1.1;0.1;13.5;0.0;5.2;0.2;9.0;2.1;0.2;9.5;15;0.2;41;0.76;45;0.0;0;1186
Amara Condé;DM, M (C);31;€50K - €500K;Bundesliga 2;Germany;0.5;10.6;31%;0.0;4%;0;0.0;0.3;0.1;90%;12.9;0;0.2;1.6;0.4;0.2;0.2;0.2;0;14.1;1.8;2.8;0.3;0.0;6;0.1;0.7;0.1;0.1;0.0;2.8;0.1;0.3;0.1;0.1;0.1;0.1;0.1;100;0.0;50;-1.84;13;0.1;0;3138
Benedikt Gimber;D (LC), DM;31;€240K - €2.4M;Bundesliga 2;Germany;2.6;14.6;36%;0.2;0%;0;0.0;0.5;0.1;92%;4.7;0;1.1;4.7;1.4;1.1;0.1;0.1;0;47.4;2.8;8.6;0.5;0.2;35;0.1;0.3;0.3;0.9;0.0;11.2;0.0;4.5;0.1;0.2;3.3;0.1;0.2;60;0.5;73;-0.77;46;0.0;0;2834
Lucas Höler;AM (RLC), ST (C);33;€22K - €210K;Bundesliga 2;Germany;1.1;2.7;61%;0.0;16%;0;0.0;0.9;0.2;88%;16.2;0;0.2;1.2;0.4;0.0;0.7;1.7;0;30.1;0.7;8.2;0.9;0.6;1;0.0;2.8;0.0;0.2;0.4;10.4;0.3;8.2;0.1;0.3;2.7;0.1;0.3;10;0.1;33;4.52;2;0.3;0;2615
Erik Engelhardt;AM (LC), ST (C);30;€220K - €2.2M;Bundesliga 2;Germany;0.8;2.2;55%;0.1;12%;0;0.0;0.9;0.3;88%;19.5;0;0.3;1.8;0.6;0.2;0.9;1.4;0;31.2;0.7;8.3;0.9;0.6;4;0.1;2.6;0.0;0.0;0.3;10.6;0.3;8.3;0.1;0.2;2.9;0.1;0.2;50;0.1;35;0.5;10;0.3;0;2369
Tim Handwerker;D/WB (L);30;€50K - €475K;Bundesliga 2;Germany;3.4;10.2;50%;0.1;25%;0;0.0;1.4;0.2;88%;15.4;0;1.2;7.0;1.5;1.4;0.0;0.1;0;54.8;6.9;15.1;1.9;0.5;33;0.1;0.2;0.3;0.5;0.0;11.1;0.0;3.5;0.1;1.7;1.9;0.0;5.9;12;0.6;55;0.5;46;0.0;0;2132
Aleksandar Vukotić;D (C);32;€80K - €275K;Bundesliga;Germany;3.0;10.4;50%;0.2;0%;0;0.0;0.2;0.1;82%;9.4;0;1.8;2.4;0.5;0.6;0.0;0.1;0;45.8;3.2;6.0;0.2;0.0;22;0.0;0.3;0.7;0.8;0.0;10.1;0.0;5.7;0.0;0.1;4.0;0.0;0.1;0;2.0;70;-0.72;28;0.0;0;3060
Lasse Rosenboom;D (RC), WB (R);26;€275K - €2.7M;Bundesliga 2;Germany;3.7;10.3;17%;0.1;0%;0;0.0;1.2;0.2;86%;17.0;0;1.6;8.6;1.9;1.5;0.2;0.1;0;48.4;6.6;22.3;1.2;2.0;44;0.8;0.4;0.4;0.8;0.0;12.2;0.0;4.6;0.1;4.9;3.2;0.1;4.9;15;0.4;69;-1.09;64;0.0;0;2695
Sergio López;D/WB (R);29;€80K - €800K;Bundesliga;Germany;3.5;9.7;14%;0.2;0%;0;0.0;0.9;0.3;85%;13.0;0;1.0;7.3;2.4;2.4;0.2;0.1;0;44.5;4.5;18.9;0.9;1.3;43;0.7;0.4;0.3;0.6;0.0;12.5;0.0;2.7;0.1;3.9;1.0;0.1;5.8;14;0.3;37;-0.3;65;0.0;0;1617
Kennedy Okpala;AM (RC), ST (C);23;€100K - €1M;Bundesliga 2;Germany;0.6;2.5;48%;0.0;12%;0;0.0;1.2;0.1;87%;16.9;0;0.1;1.5;0.7;0.3;0.5;1.4;0;25.1;1.0;5.6;1.2;0.9;8;0.2;2.9;0.0;0.0;0.4;10.1;0.3;7.6;0.1;0.5;2.0;0.1;0.5;33;0.2;26;0.85;8;0.3;0;2565
David Herold;D/WB (L);25;€350K - €3.4M;Bundesliga 2;Germany;3.0;12.2;18%;0.1;0%;0;0.0;0.8;0.2;89%;14.4;0;0.9;7.7;2.0;1.8;0.1;0.1;0;56.5;7.4;17.9;0.8;1.4;56;0.4;0.6;1.0;0.3;0.0;12.0;0.1;3.8;0.1;3.1;2.5;0.1;4.7;10;0.6;66;-1.74;74;0.1;0;2768
Mohammad Ghorbani;D (C), DM, M (C);26;€425K - €4.2M;Bundesliga 2;Germany;2.7;10.7;25%;0.1;25%;0;0.0;1.1;0.2;91%;6.7;0;1.0;5.7;1.4;1.1;0.0;0.0;0;50.9;5.2;10.3;1.1;0.2;30;0.0;0.1;0.1;0.6;0.0;11.2;0.0;3.2;0.2;0.1;2.0;0.3;0.1;0;0.3;62;0.55;39;0.0;0;2510
Jonas Kersken;GK;27;€1.6M - €3.6M;Bundesliga 2;Germany;0.0;4.7;0%;0.0;0%;76;0.2;0.0;0.0;82%;6.5;8.53;2.3;0.0;0.0;0.0;0.0;0.0;87;25.0;0.0;0.0;0.0;0.0;1;0.0;0.0;0.0;0.0;0.0;5.7;0.0;0.0;0.0;0.0;0.0;0.0;0.0;0;0.0;0;0;4;0.0;30;3270
Faride Alidou;M (RL), AM (RLC);26;€350K - €3.4M;Bundesliga 2;Germany;1.7;3.8;28%;0.0;6%;0;0.0;1.7;0.2;89%;18.6;0;0.9;8.4;2.2;1.3;0.4;0.3;0;43.9;3.9;12.9;1.7;4.7;22;0.5;1.1;0.0;0.3;0.1;12.2;0.1;4.0;0.1;3.3;1.7;0.1;3.3;16;0.1;43;-0.13;30;0.1;0;1517
Falko Michel;DM, M/AM (C);27;€90K - €900K;Bundesliga 2;Germany;0.0;10.9;43%;0.0;10%;0;0.0;0.1;0.2;0%;15.7;0;0.0;0.0;0.0;0.0;0.6;0.6;0;0.0;0.0;0.0;0.3;0.0;0;0.0;1.5;0.0;0.0;0.1;0.0;0.1;0.0;0.2;0.0;0.0;0.1;0.7;15;0.0;0;-0.57;0;0.2;0;2462
Sascha Risch;D/WB (L);28;€100K - €1M;Bundesliga 2;Germany;3.0;10.4;0%;0.2;0%;0;0.0;1.0;0.1;86%;15.0;0;1.1;7.3;2.1;2.3;0.0;0.0;0;55.8;7.2;15.2;1.1;1.3;59;0.4;0.1;0.4;0.6;0.0;11.6;0.0;3.1;0.1;2.2;1.9;0.0;2.8;17;0.2;62;-0.13;77;0.0;0;2273
Lucas Brumme;D/WB/M/AM (L);28;€95K - €950K;Bundesliga 2;Germany;3.4;9.1;0%;0.2;0%;0;0.0;0.9;0.0;86%;14.4;0;0.7;6.6;1.9;1.9;0.1;0.0;0;55.6;6.7;15.8;0.9;1.5;55;0.3;0.4;0.3;0.9;0.0;11.4;0.1;4.1;0.1;1.8;2.5;0.0;1.8;15;0.4;62;-1.74;72;0.1;0;2665
Marius Funk;GK;32;€12K - €110K;Bundesliga 2;Germany;0.0;3.3;0%;0.0;0%;73;0.2;0.0;0.0;73%;9.2;6.04;3.1;0.0;0.0;0.0;0.0;0.0;89;24.8;0.0;0.0;0.0;0.0;1;0.0;0.0;0.0;0.0;0.0;5.5;0.0;0.0;0.0;0.0;0.0;0.0;0.0;0;0.0;0;0;4;0.0;45;2910
Max Besuschkow;DM, M/AM (C);31;€12K - €110K;Bundesliga 2;Germany;0.1;8.6;36%;0.0;14%;0;0.0;0.1;0.3;89%;16.7;0;0.0;0.2;0.1;0.1;0.1;0.2;0;2.7;0.3;0.5;0.1;0.0;2;0.0;0.5;0.0;0.0;0.1;0.6;0.1;0.0;0.2;0.0;0.0;0.1;2.3;9;0.0;0;0.17;2;0.1;0;2414
Branimir Hrgota;AM (C), ST (C);35;€16K;Bundesliga 2;Germany;1.2;9.0;25%;0.0;7%;0;0.0;1.5;0.2;90%;23.7;0;0.4;4.7;1.4;0.8;0.7;0.6;0;43.1;2.1;10.4;2.1;1.2;21;0.4;2.4;0.0;0.4;0.2;12.2;0.4;4.0;0.2;1.3;0.9;0.2;2.5;26;0.1;22;-5.99;32;0.4;0;2475
Jannik Dehm;D/WB (R);32;€16K - €160K;Bundesliga 2;Germany;3.4;10.1;0%;0.2;0%;0;0.0;1.3;0.2;86%;16.8;0;1.1;9.5;2.2;2.4;0.0;0.0;0;47.0;4.2;21.3;1.4;2.1;79;1.0;0.1;0.7;0.7;0.0;12.1;0.0;3.5;0.1;5.8;1.8;0.1;6.0;16;0.5;51;-0.13;105;0.0;0;2921
Dominik Reimann;GK;30;€210K - €700K;Bundesliga 2;Germany;0.0;3.8;0%;0.0;0%;78;0.3;0.0;0.0;83%;9.7;9.07;3.2;0.0;0.0;0.0;0.0;0.0;89;24.2;0.0;0.0;0.0;0.0;0;0.0;0.0;0.0;0.0;0.0;5.6;0.0;0.0;0.0;0.0;0.0;0.0;0.0;0;0.0;0;0;2;0.0;30;3051
Joel Grodowski;AM (RL), ST (C);30;€220K - €2.2M;Bundesliga 2;Germany;1.7;3.6;40%;0.0;12%;0;0.0;1.4;0.2;88%;20.2;0;0.3;6.6;1.4;0.8;1.2;1.0;0;35.7;2.1;12.8;1.4;3.5;17;0.5;2.6;0.0;0.3;0.3;10.8;0.2;5.1;0.2;2.7;1.6;0.1;2.7;19;0.0;31;1.51;20;0.2;0;2023
Niklas Hauptmann;DM, M/AM (C);31;€80K - €800K;Bundesliga 2;Germany;0.0;11.7;40%;0.0;12%;0;0.0;0.2;0.4;88%;14.1;0;0.1;0.6;0.1;0.0;0.4;0.4;0;3.4;0.2;0.4;0.2;0.0;0;0.0;1.0;0.0;0.0;0.1;0.6;0.1;0.0;0.2;0.0;0.0;0.2;0.1;0;0.0;0;0.76;0;0.1;0;2223
Bakery Jatta;WB/M (R), AM (RL);29;€110K - €1.1M;Bundesliga 2;Germany;1.8;6.6;44%;0.0;10%;0;0.0;2.2;0.1;88%;17.4;0;0.6;9.6;2.6;1.5;0.4;0.8;0;44.8;3.8;17.2;2.2;3.5;35;0.6;1.7;0.1;0.4;0.2;11.7;0.2;3.5;0.1;3.4;1.1;0.1;3.4;18;0.1;30;-1.19;58;0.2;0;2132
Philipp Strompf;D (C);30;€110K - €1.1M;Bundesliga 2;Germany;2.6;16.5;25%;0.2;0%;0;0.0;0.0;0.0;88%;2.6;0;1.3;2.9;1.2;1.0;0.2;0.1;0;41.8;2.1;4.1;0.0;0.1;30;0.0;0.5;0.9;0.6;0.0;10.2;0.1;5.3;0.0;0.1;4.0;0.0;0.1;0;1.3;74;-2.45;36;0.1;0;2730
Maximilian Großer;D (C), DM;26;€120K - €1.2M;Bundesliga 2;Germany;2.6;14.3;17%;0.2;6%;0;0.0;0.2;0.1;89%;3.1;0;1.5;2.3;0.8;0.7;0.2;0.1;0;42.1;1.7;4.3;0.2;0.0;20;0.0;0.6;0.7;0.9;0.0;9.9;0.0;4.9;0.1;0.0;3.4;0.0;0.0;0;1.1;69;-0.32;25;0.0;0;2641
Niclas Thiede;GK;29;€55K - €550K;Bundesliga 2;Germany;0.0;3.3;0%;0.0;0%;76;0.1;0.0;0.0;76%;9.5;4.27;3.0;0.0;0.0;0.0;0.0;0.0;88;23.5;0.0;0.0;0.0;0.0;1;0.0;0.0;0.0;0.0;0.0;6.0;0.0;0.0;0.0;0.0;0.0;0.0;0.0;0;0.0;0;0;4;0.0;36;2879
Sebastian Klaas;DM, M/AM (C);29;€220K - €2.2M;Bundesliga 2;Germany;3.2;12.1;38%;0.1;0%;0;0.0;0.8;0.5;92%;6.3;0;1.0;5.6;0.9;0.7;0.0;0.2;0;50.3;5.6;11.7;0.9;0.2;12;0.0;0.5;0.1;0.8;0.0;11.4;0.1;1.5;0.2;0.1;0.7;0.2;3.3;10;0.1;46;-1.76;15;0.1;0;1533
Rayan Ghrieb;M (R), AM (RLC);29;€425K - €1.4M;Bundesliga 2;Germany;2.2;3.1;42%;0.0;3%;0;0.0;1.6;0.1;85%;22.4;0;0.7;7.7;2.2;1.4;0.5;0.8;0;43.4;3.5;12.7;1.7;5.0;30;1.2;1.8;0.0;0.4;0.0;11.2;0.2;2.9;0.1;4.2;1.1;0.2;5.4;23;0.0;37;-2.39;38;0.2;0;1867
Denis Husser;ST (C);20;€2.6M - €5.8M;Bundesliga 2;Germany;0.6;1.7;50%;0.0;19%;0;0.0;1.5;0.2;91%;18.2;0;0.3;1.9;0.7;0.1;1.0;1.4;0;26.7;1.0;6.5;1.5;0.6;1;0.2;2.8;0.0;0.1;0.5;9.8;0.3;7.5;0.1;0.6;3.8;0.0;0.6;28;0.3;50;1.75;2;0.4;0;1031
Mehmet Aydın;D/WB/M/AM (R);26;€230K - €2.3M;Bundesliga 2;Germany;3.4;11.6;25%;0.2;0%;0;0.0;0.9;0.2;88%;14.3;0;0.9;7.3;2.1;2.2;0.1;0.1;0;55.3;6.5;16.0;0.9;1.3;54;0.1;0.5;0.9;0.7;0.0;11.4;0.1;4.1;0.1;2.1;2.6;0.0;2.1;5;0.1;63;-1.78;61;0.1;0;2210
John Tolkin;D/WB (L);25;€1.7M - €4M;Bundesliga 2;Germany;3.0;10.9;43%;0.1;14%;0;0.0;1.6;0.1;88%;16.8;0;1.0;8.3;1.9;2.1;0.1;0.1;0;51.7;6.5;22.6;2.8;1.8;66;0.9;0.2;0.4;0.7;0.0;12.5;0.0;3.1;0.1;4.3;1.3;0.1;9.0;18;0.1;40;0.63;82;0.0;0;2840
Kevin Ehlers;D (C);27;€90K - €900K;Bundesliga 2;Germany;2.0;13.5;0%;0.2;0%;0;0.0;0.2;0.0;88%;4.5;0;1.8;2.5;0.7;0.5;0.0;0.0;0;41.8;2.3;4.6;0.2;0.0;6;0.0;0.4;0.8;0.9;0.0;10.0;0.1;5.3;0.0;0.0;3.3;0.0;0.0;0;1.4;63;-1.08;9;0.1;0;1054
Leon Schneider;D (RLC);27;€350K - €1.2M;Bundesliga 2;Germany;3.3;13.4;50%;0.1;0%;0;0.0;0.7;0.2;91%;8.4;0;0.8;5.4;1.2;0.7;0.2;0.1;0;51.2;5.2;10.9;0.7;0.4;13;0.2;0.2;0.5;1.1;0.0;10.8;0.0;3.9;0.1;1.1;2.6;0.1;1.1;18;0.4;65;-0.4;21;0.0;0;1786
Fynn Otto;D (RLC), DM;26;€95K - €950K;Bundesliga 2;Germany;3.5;16.4;17%;0.2;8%;0;0.0;0.2;0.1;94%;2.7;0;1.0;2.9;0.9;0.4;0.1;0.1;0;44.9;1.7;4.3;0.2;0.0;10;0.0;0.5;0.9;0.7;0.0;10.1;0.1;5.2;0.0;0.1;4.0;0.1;0.1;33;1.0;77;-0.61;17;0.1;0;2267
Christopher Scott;M (C), AM (LC);25;€130K - €1.3M;Bundesliga;Germany;2.1;5.6;53%;0.0;13%;0;0.0;1.4;0.3;88%;8.1;0;0.4;4.8;1.1;0.8;0.9;0.8;0;35.7;2.4;10.2;1.4;1.1;20;0.1;1.6;0.0;0.1;0.2;12.1;0.2;4.2;0.1;1.4;0.5;0.3;1.4;9;0.0;11;0.49;25;0.2;0;2121
Florian Müller;GK;30;€1.3M - €3.1M;Bundesliga 2;Germany;0.0;4.0;0%;0.0;0%;70;0.0;0.0;0.0;79%;8.5;0.59;2.9;0.0;0.0;0.0;0.0;0.0;89;23.1;0.0;0.0;0.0;0.0;0;0.0;0.0;0.0;0.0;0.0;4.8;0.0;0.0;0.0;0.0;0.0;0.0;0.0;0;0.0;0;0;5;0.0;33;2970
Jan Faberski;AM (RLC);22;€600K - €5.8M;Bundesliga 2;Germany;1.6;4.4;48%;0.0;17%;0;0.0;1.9;0.4;89%;14.3;0;0.7;10.1;2.0;1.2;0.5;0.7;0;40.3;3.1;13.6;2.0;3.8;26;0.5;1.4;0.0;0.2;0.2;11.4;0.1;3.1;0.2;3.2;0.6;0.1;3.4;18;0.0;19;2.13;36;0.1;0;1887
Marcus Müller;ST (C);25;€85K - €850K;Bundesliga 2;Germany;1.0;1.3;41%;0.0;11%;0;0.0;0.9;0.1;88%;22.0;0;0.2;1.9;0.5;0.2;1.1;1.3;0;33.0;0.6;8.0;0.9;0.8;4;0.1;3.3;0.0;0.0;0.4;10.4;0.4;9.0;0.0;0.3;3.6;0.0;0.3;33;0.1;40;-1.73;6;0.5;0;1746
Luca Netz;D/WB (L);25;€375K - €3.9M;Bundesliga;Germany;3.1;10.1;38%;0.1;6%;0;0.0;1.1;0.4;83%;17.2;0;1.3;6.0;2.1;1.4;0.5;0.3;0;46.7;5.4;24.2;1.4;1.8;27;0.6;0.8;0.2;0.6;0.1;13.0;0.1;3.7;0.2;5.9;2.0;0.1;8.7;10;0.2;56;-0.02;43;0.1;0;1717
Patric Pfeiffer;D (C);28;€75K - €750K;Bundesliga;Germany;3.1;12.1;50%;0.2;0%;0;0.0;0.2;0.0;86%;6.9;0;1.2;1.9;0.6;0.8;0.0;0.2;0;43.9;3.5;5.4;0.2;0.1;26;0.0;0.3;0.5;0.6;0.0;10.4;0.0;6.6;0.0;0.0;5.2;0.0;0.0;0;1.4;79;-0.46;30;0.0;0;2818
Paul Will;DM, M (C);29;€200K - €700K;Bundesliga;Germany;3.0;9.6;35%;0.2;10%;0;0.0;0.5;0.2;89%;6.6;0;0.8;6.3;1.7;0.8;0.9;0.4;0;49.1;5.3;16.0;0.7;0.6;15;0.1;1.1;0.3;0.3;0.1;12.4;0.0;2.6;0.1;0.3;1.4;0.0;1.7;19;0.3;53;1.1;29;0.0;0;1679
Friedrich Müller;D (LC), DM, M (C);22;€500K - €5.2M;Bundesliga 2;Germany;2.4;10.4;33%;0.1;33%;0;0.0;0.5;0.1;88%;8.9;0;0.4;5.4;1.5;1.9;0.0;0.1;0;49.6;4.0;11.2;0.5;0.3;26;0.1;0.2;0.2;0.4;0.1;11.9;0.0;3.8;0.0;0.8;2.9;0.0;0.8;9;0.9;75;0.72;26;0.0;0;1249
Samuel Brolin;GK;27;€1.5M - €3.5M;Bundesliga 2;Germany;0.0;3.9;0%;0.0;0%;75;0.0;0.0;0.0;83%;6.9;1.72;2.0;0.0;0.0;0.0;0.0;0.0;88;23.8;0.0;0.0;0.0;0.0;0;0.0;0.0;0.0;0.0;0.0;5.3;0.0;0.0;0.0;0.0;0.0;0.0;0.0;0;0.0;0;0;5;0.0;39;3270
Marco John;D/WB (L), DM;26;€800K - €1.9M;Bundesliga 2;Germany;3.5;11.0;0%;0.2;0%;0;0.0;1.2;0.1;86%;14.7;0;1.2;9.2;2.8;2.7;0.0;0.0;0;47.8;5.5;20.9;1.2;2.3;82;0.9;0.0;0.3;0.6;0.0;12.0;0.0;3.3;0.1;4.6;1.6;0.1;5.8;16;0.3;49;-0.08;102;0.0;0;2692
Jonas Sterner;D/WB (R), M (RC);26;€400K - €4M;Bundesliga 2;Germany;2.5;10.8;25%;0.1;0%;0;0.0;1.2;0.1;86%;15.5;0;0.7;7.8;2.3;2.2;0.1;0.1;0;50.4;6.8;18.2;1.3;1.8;38;0.6;0.2;0.3;0.6;0.0;11.1;0.0;4.3;0.1;4.1;2.4;0.1;5.2;16;0.4;55;-0.6;46;0.0;0;1565
Luka Lochoshvili;D (LC);30;€250K - €2.5M;Bundesliga 2;Germany;2.5;15.4;17%;0.1;0%;0;0.0;0.1;0.1;92%;2.7;0;0.9;2.7;0.9;0.7;0.2;0.1;0;41.5;2.0;3.8;0.1;0.1;21;0.0;0.6;1.0;0.6;0.0;10.2;0.1;5.7;0.0;0.0;4.0;0.0;0.0;0;1.4;70;-1.49;26;0.1;0;2632
Nicolas Oliveira;D (RLC), WB (RL);24;€250K - €2.5M;Bundesliga 2;Germany;3.0;12.0;14%;0.0;4%;0;0.0;1.2;0.2;86%;12.9;0;1.2;7.0;1.5;1.3;0.2;0.1;0;50.5;6.8;15.6;1.2;1.2;43;0.3;0.8;0.3;0.6;0.0;11.1;0.1;3.2;0.1;1.3;1.7;0.1;1.3;22;0.2;53;-1.46;58;0.1;0;3047
Tjark Scheller;D (C), DM;26;€240K - €2.4M;Bundesliga 2;Germany;2.4;14.4;9%;0.1;0%;0;0.0;0.1;0.1;92%;3.2;0;1.3;2.4;0.9;0.6;0.2;0.1;0;43.7;1.6;3.4;0.1;0.1;19;0.0;0.7;0.5;0.7;0.0;10.0;0.1;5.9;0.0;0.1;4.1;0.0;0.1;50;1.3;69;-2.66;23;0.1;0;3013
Hugo Novoa;D/WB/M/AM (R);25;€210K - €2.1M;Bundesliga 2;Germany;1.8;3.5;47%;0.0;5%;0;0.0;1.8;0.4;88%;18.0;0;0.6;8.9;2.0;1.3;0.3;0.6;0;42.4;3.1;13.3;1.8;3.9;21;0.4;1.2;0.0;0.2;0.1;11.4;0.1;3.9;0.1;3.6;1.1;0.1;3.6;11;0.2;28;-0.69;28;0.1;0;1464
Maximilian Rohr;D (C), DM, M (C);32;€90K - €900K;Bundesliga 2;Germany;2.8;12.7;38%;0.1;0%;0;0.0;0.2;0.0;92%;3.9;0;1.1;2.4;0.7;0.5;0.2;0.2;0;41.8;1.3;3.4;0.2;0.0;7;0.0;0.5;0.8;0.9;0.0;9.1;0.1;4.4;0.1;0.1;3.4;0.0;0.1;0;1.0;76;-0.82;9;0.1;0;1335
Virgil Ghiţă;D (C);29;€160K - €1.6M;Bundesliga 2;Germany;3.0;15.7;31%;0.2;0%;0;0.0;0.1;0.2;92%;3.3;0;1.0;2.6;0.9;0.4;0.1;0.1;0;42.5;1.8;3.5;0.1;0.0;14;0.0;0.4;0.5;0.4;0.0;10.2;0.0;5.0;0.1;0.1;3.1;0.1;0.1;33;0.9;63;-0.91;21;0.0;0;2846
Antonio Tikvić;D (C);24;€30K - €300K;Bundesliga 2;Germany;3.0;14.2;10%;0.1;0%;0;0.0;0.3;0.1;89%;2.7;0;1.2;2.6;0.9;0.5;0.1;0.0;0;41.6;2.3;4.1;0.3;0.0;10;0.0;0.5;0.6;0.7;0.0;10.1;0.0;4.9;0.1;0.1;3.5;0.0;0.1;50;1.0;72;-1.03;15;0.0;0;1907
Theo Warmuth;DM, M (C);19;€55K - €550K;Bundesliga 2;Germany;1.8;6.4;0%;0.0;0%;0;0.0;0.9;0.0;87%;11.9;0;1.2;5.0;1.5;1.3;0.0;0.0;0;44.4;3.6;7.6;0.9;0.1;21;0.0;0.1;0.1;0.4;0.0;10.2;0.0;2.2;0.1;0.1;1.4;0.1;0.1;0;0.2;64;-0.15;23;0.0;0;1486
Fabian Nürnberger;D/WB (L), DM, M (C);28;€210K - €700K;Bundesliga;Germany;3.2;10.2;53%;0.2;0%;0;0.0;0.8;0.4;84%;16.8;0;1.3;9.2;2.4;2.4;0.9;0.5;0;43.7;4.4;26.8;1.1;1.8;38;1.0;1.0;0.3;0.7;0.0;12.9;0.0;3.4;0.2;6.5;1.4;0.1;8.3;18;0.1;42;-0.5;57;0.0;0;1413
Emre Erdoğan;M (L), AM (RL), ST (C);21;€75K - €750K;Bundesliga 2;Germany;1.4;3.5;50%;0.0;19%;0;0.0;1.4;0.1;92%;21.5;0;0.5;9.7;1.5;0.8;0.5;1.0;0;42.5;3.2;16.9;1.4;2.5;10;0.4;2.0;0.0;0.2;0.4;12.1;0.2;3.7;0.1;2.4;1.9;0.2;2.4;16;0.1;51;2.66;16;0.2;0;1147
Maximilian Bauer;D (RC), DM;28;€120K - €1.2M;Bundesliga 2;Germany;3.1;12.0;27%;0.1;0%;0;0.0;0.1;0.0;90%;4.8;0;1.0;2.9;0.8;0.6;0.2;0.2;0;45.2;2.2;6.1;0.1;0.0;12;0.1;0.6;0.5;0.6;0.0;10.2;0.1;5.0;0.0;0.1;3.8;0.0;0.1;50;1.0;77;-1.41;20;0.1;0;1796
Daniel Hanslik;AM (RLC), ST (C);31;€100K - €1M;Bundesliga 2;Germany;0.9;3.0;50%;0.0;12%;0;0.0;0.8;0.2;92%;18.5;0;0.5;1.6;0.5;0.0;0.7;1.3;0;33.2;0.5;8.5;0.8;0.8;1;0.0;2.5;0.0;0.2;0.3;10.4;0.3;7.8;0.1;0.4;1.7;0.1;0.4;0;0.0;22;-0.8;5;0.3;0;2735
Marcus Mathisen;D (C), DM;32;€35K - €350K;Bundesliga 2;Germany;2.4;14.4;18%;0.1;9%;0;0.0;0.4;0.2;92%;4.4;0;1.0;4.5;1.3;1.0;0.1;0.1;0;50.5;4.6;8.1;0.4;0.1;27;0.0;0.4;0.4;0.4;0.0;11.4;0.0;4.5;0.1;0.1;3.1;0.0;0.1;50;0.8;68;0.16;37;0.0;0;2358
Noah Weißhaupt;WB/M (L), AM (RL);26;€425K - €4.2M;Bundesliga 2;Germany;2.0;5.7;34%;0.1;13%;0;0.0;2.1;0.0;90%;16.7;0;0.6;7.3;3.1;2.5;0.6;0.6;0;43.8;3.1;14.6;2.6;3.7;45;0.6;1.8;0.0;0.1;0.2;11.2;0.2;4.6;0.2;3.5;1.2;0.2;4.8;13;0.2;27;0.2;56;0.2;0;1636
Johan Gómez;WB (R), M/AM (C);26;€275K - €2.8M;Bundesliga 2;Germany;0.9;10.2;36%;0.0;12%;0;0.0;1.6;0.1;88%;18.5;0;0.2;5.8;1.5;0.5;0.4;0.6;0;40.4;2.4;10.4;1.6;1.1;8;0.1;1.6;0.0;0.1;0.2;12.0;0.3;3.6;0.1;0.7;0.7;0.1;0.7;9;0.0;19;-1.11;13;0.3;0;1448
Mathias Olesen;DM, M/AM (C);27;€1.5M - €3.3M;Bundesliga 2;Germany;2.2;11.6;19%;0.1;0%;0;0.0;0.6;0.2;93%;6.4;0;1.1;6.5;1.8;1.2;0.1;0.1;0;49.8;3.9;10.6;0.6;0.0;39;0.0;0.5;0.1;0.4;0.0;11.1;0.1;2.9;0.1;0.2;1.3;0.1;0.2;20;0.5;47;-2.13;59;0.1;0;2947
Waniss Taïbi;DM, M/AM (C);26;€800K;Bundesliga 2;Germany;0.5;10.9;29%;0.0;11%;0;0.0;0.3;0.3;89%;12.9;0;0.2;1.1;0.3;0.3;0.3;0.4;0;12.5;1.6;2.6;0.3;0.2;5;0.0;1.4;0.0;0.1;0.2;2.6;0.2;0.4;0.1;0.1;0.1;0.1;0.1;0;0.1;29;-1.02;6;0.2;0;1748
Jan Schöppner;DM, M (C);28;€750K - €7.4M;Bundesliga 2;Germany;1.9;11.9;13%;0.1;6%;0;0.0;0.7;0.3;92%;6.1;0;0.9;7.2;1.5;1.6;0.3;0.1;0;52.2;3.6;11.7;0.7;0.2;30;0.1;0.8;0.1;0.7;0.1;12.0;0.1;3.5;0.1;0.1;1.9;0.2;0.1;50;0.4;54;-0.49;35;0.1;0;1725
Jan Reichert;GK;26;€140K - €1.4M;Bundesliga 2;Germany;0.0;4.2;0%;0.0;0%;76;0.4;0.0;0.0;86%;7.1;12.87;3.3;0.0;0.0;0.1;0.0;0.0;89;24.7;0.0;0.0;0.0;0.0;2;0.0;0.0;0.0;0.0;0.0;5.1;0.0;0.0;0.0;0.0;0.0;0.0;0.0;0;0.0;0;0;4;0.0;29;2640
Lukas Petkov;M (R), AM (RLC);27;€190K - €1.9M;Bundesliga 2;Germany;2.1;4.1;35%;0.0;7%;0;0.0;1.9;0.2;88%;20.7;0;0.4;8.6;1.8;1.3;0.7;0.7;0;40.9;4.0;16.5;1.9;5.4;34;0.6;2.1;0.0;0.2;0.2;11.4;0.2;3.9;0.1;4.2;1.3;0.1;4.2;14;0.2;33;-0.49;40;0.2;0;2315
Moritz Hannemann;M (R), AM (RC), ST (C);30;€650K - €1.5M;Bundesliga 2;Germany;1.7;4.1;24%;0.0;10%;0;0.0;1.6;0.1;87%;21.5;0;0.4;10.2;2.5;2.0;0.6;0.4;0;45.2;3.0;16.8;1.6;3.5;54;0.9;1.6;0.0;0.2;0.2;11.5;0.2;3.7;0.1;3.1;1.1;0.0;3.1;30;0.1;30;-2.52;60;0.2;0;2371
Jonas Dirkner;DM, M (C);25;€275K - €850K;Bundesliga 2;Germany;3.1;11.6;11%;0.1;11%;0;0.0;0.7;0.4;93%;6.3;0;0.6;6.0;1.2;0.9;0.3;0.1;0;52.1;5.6;10.7;0.7;0.1;15;0.0;0.5;0.1;0.7;0.1;11.5;0.0;1.7;0.2;0.0;0.9;0.1;0.0;0;0.1;52;0.29;21;0.0;0;1534
Fatih Kaya;AM (LC), ST (C);28;€650K - €1.5M;Bundesliga 2;Germany;0.8;2.1;49%;0.0;17%;0;0.0;1.1;0.3;90%;17.8;0;0.2;1.8;0.5;0.1;0.6;1.1;0;27.6;0.9;5.6;1.1;1.1;3;0.2;2.2;0.0;0.1;0.4;10.1;0.2;8.0;0.1;0.5;2.0;0.2;0.5;40;0.2;25;4.85;4;0.2;0;2606
Pirmin Reinheimer;DM, M/AM (C);21;€40K - €425K;Bundesliga 2;Germany;1.3;7.7;31%;0.0;6%;0;0.0;2.2;0.3;88%;21.4;0;0.2;5.0;1.6;0.6;0.3;0.4;0;42.1;3.3;10.4;2.2;1.4;15;0.1;1.2;0.0;0.2;0.1;11.9;0.2;3.3;0.2;1.2;1.0;0.3;3.2;14;0.0;31;-2.31;32;0.2;0;2348
Stefano Russo;D (C), DM, M (C);27;€1.3M - €2.9M;Bundesliga 2;Germany;2.8;12.3;25%;0.0;5%;0;0.0;0.6;0.4;91%;6.8;0;0.5;5.9;1.4;1.1;0.3;0.2;0;46.0;5.6;11.1;1.2;0.0;35;0.2;0.6;0.4;0.5;0.0;11.2;0.1;3.0;0.1;0.3;1.7;0.0;3.2;15;0.4;54;-1.56;50;0.1;0;2776
Nicolas Cozza;D (LC), WB (L);29;€1.6M - €3.6M;Bundesliga 2;Germany;2.6;12.6;25%;0.2;0%;0;0.0;1.0;0.4;89%;13.3;0;1.4;7.2;1.9;2.1;0.1;0.1;0;53.1;7.1;16.5;1.0;1.2;68;0.2;0.4;0.3;0.7;0.0;12.2;0.0;3.2;0.1;1.8;2.0;0.1;1.9;11;0.3;61;-1.48;84;0.0;0;2888
Phillip Verhounig;ST (C);22;€550K - €5.4M;Bundesliga 2;Germany;0.9;1.6;48%;0.0;14%;0;0.0;0.8;0.1;87%;22.4;0;0.3;1.4;0.5;0.2;1.0;1.1;0;24.5;0.6;5.0;0.8;0.7;5;0.0;2.4;0.0;0.1;0.3;10.0;0.2;7.4;0.1;0.4;2.1;0.0;0.4;0;0.1;29;2.55;8;0.2;0;2442
Anouar El Azzouzi;D (C), DM, M (C);27;€600K - €5.8M;Bundesliga 2;Germany;2.2;14.0;57%;0.1;14%;0;0.0;0.7;0.4;91%;6.4;0;0.7;4.9;1.6;1.4;0.1;0.3;0;44.7;4.0;9.1;0.7;0.1;38;0.1;0.5;0.4;0.4;0.1;10.1;0.1;2.5;0.2;0.2;1.4;0.1;0.2;50;0.5;58;-0.17;49;0.1;0;2442
Brandon López;AM (RL), ST (C);24;€190K;Bundesliga 2;Germany;0.8;2.1;45%;0.0;9%;0;0.0;0.4;0.3;85%;17.9;0;0.4;1.2;0.2;0.1;0.3;1.3;0;25.3;0.3;4.9;0.4;0.4;1;0.1;2.9;0.0;0.2;0.3;10.0;0.3;8.1;0.1;0.2;2.4;0.0;0.7;25;0.0;30;-0.54;2;0.3;0;1031
Luka Hyryläinen;D (C), DM, M (C);23;€75K - €750K;Bundesliga 2;Germany;0.9;11.2;21%;0.0;5%;0;0.0;0.3;0.1;91%;10.2;0;0.3;3.0;0.5;0.4;0.2;0.3;0;25.5;2.0;5.6;0.3;0.1;6;0.0;1.4;0.0;0.3;0.1;5.9;0.2;1.5;0.1;0.0;0.9;0.0;0.0;0;0.1;60;-1.29;6;0.2;0;1232
Jonas Krumrey;GK;24;€210K - €700K;Bundesliga 2;Germany;0.0;2.8;0%;0.0;0%;68;-0.2;0.0;0.0;84%;10.1;-7.34;3.0;0.0;0.0;0.0;0.0;0.0;89;23.7;0.0;0.0;0.0;0.0;0;0.0;0.0;0.0;0.0;0.0;5.3;0.0;0.0;0.0;0.0;0.0;0.0;0.0;0;0.0;0;0;6;0.0;37;2752
Neraysho Kasanwirjo;D (RLC), DM;26;€250K - €2.6M;Bundesliga 2;Germany;3.5;12.2;16%;0.0;0%;0;0.0;0.7;0.2;88%;13.4;0;0.6;7.9;2.2;1.8;0.2;0.1;0;51.8;7.0;16.5;0.7;0.8;50;0.4;0.7;0.4;0.3;0.0;11.8;0.1;5.1;0.1;2.0;3.2;0.1;2.0;21;0.6;63;-1.89;69;0.1;0;2568
Kasper Davidsen;D (R), DM, M (C);23;€2.1M - €4.6M;Bundesliga 2;Germany;1.7;10.0;12%;0.0;4%;0;0.0;0.6;0.3;91%;10.4;0;0.5;3.1;0.6;0.5;0.3;0.1;0;27.5;2.5;6.2;0.6;0.3;14;0.0;0.8;0.1;0.3;0.0;5.9;0.1;1.5;0.2;0.1;1.1;0.2;0.1;0;0.2;76;-1.11;20;0.1;0;2774
Max Marie;DM, M (LC), AM (RLC);23;€450K - €1.5M;Bundesliga 2;Germany;2.0;10.0;26%;0.1;5%;0;0.0;0.8;0.2;90%;11.0;0;0.7;6.0;1.6;0.9;0.6;0.4;0;53.6;5.5;13.8;0.9;1.0;12;0.0;1.4;0.0;0.4;0.1;12.3;0.1;2.3;0.2;0.6;0.3;0.1;0.8;9;0.0;13;-0.64;16;0.1;0;1210
Marin Ljubičić;AM (R), ST (C);26;€500K - €5M;Bundesliga;Germany;0.5;2.1;57%;0.0;21%;0;0.0;1.3;0.1;89%;7.4;0;0.4;1.4;0.5;0.1;0.8;1.2;0;29.4;0.9;6.6;1.3;0.5;1;0.4;2.1;0.0;0.0;0.4;11.5;0.3;7.2;0.1;1.0;1.6;0.1;1.0;38;0.0;22;2.27;4;0.3;0;1221
Alejo Sarco;AM (L), ST (C);22;€40K - €400K;Bundesliga 2;Germany;1.1;1.8;44%;0.0;19%;0;0.0;1.0;0.3;92%;19.6;0;0.2;1.3;0.3;0.1;0.7;0.8;0;26.9;0.8;6.3;1.0;1.3;2;0.0;1.9;0.0;0.1;0.4;10.3;0.2;8.6;0.1;0.2;2.3;0.1;0.2;20;0.0;27;4.11;3;0.2;0;2517
Dariusz Stalmach;DM, M/AM (C);22;€230K - €2.3M;Bundesliga 2;Germany;1.9;9.9;41%;0.1;9%;0;0.0;1.0;0.4;92%;10.9;0;1.1;5.3;1.1;0.9;0.3;0.5;0;51.5;5.1;13.1;1.0;0.4;17;0.1;1.2;0.0;0.5;0.1;11.8;0.1;2.2;0.2;0.3;0.9;0.1;2.2;12;0.1;43;-0.3;20;0.1;0;1674
Louis Breunig;D (LC);24;€60K - €600K;Bundesliga 2;Germany;2.7;17.6;16%;0.1;0%;0;0.0;0.2;0.0;93%;2.8;0;1.0;2.6;1.0;0.5;0.2;0.1;0;42.0;2.0;4.4;0.2;0.1;16;0.0;0.6;0.6;0.9;0.0;10.0;0.1;5.6;0.1;0.1;4.0;0.1;0.1;0;1.0;72;-2.25;23;0.1;0;2910
Filipe Gabriel;AM (RL);22;€1.4M - €3.3M;Bundesliga 2;Germany;1.7;4.8;38%;0.0;13%;0;0.0;1.3;0.1;88%;21.6;0;0.3;9.1;1.8;1.2;0.6;0.4;0;45.0;3.0;13.3;1.3;3.5;26;0.6;1.1;0.0;0.2;0.1;11.4;0.1;4.1;0.1;3.0;0.6;0.1;3.0;20;0.0;15;1.01;31;0.1;0;1903
Samuel Bamba;M/AM (RL);24;€600K - €6M;Bundesliga 2;Germany;1.8;4.0;35%;0.0;10%;0;0.0;2.1;0.1;89%;18.8;0;0.7;9.2;1.9;1.3;0.5;0.6;0;43.2;4.1;14.4;2.1;5.1;29;0.8;1.8;0.0;0.4;0.2;12.2;0.2;3.5;0.1;3.2;0.8;0.0;3.2;25;0.0;23;-1.28;36;0.2;0;2055
Paul Lehmann;D (RC), WB (R);23;€55K - €550K;Bundesliga 2;Germany;3.3;10.2;10%;0.0;0%;0;0.0;0.7;0.1;89%;13.8;0;1.1;6.1;1.2;2.1;0.1;0.0;0;51.4;6.5;14.8;0.7;0.8;69;0.2;0.3;0.4;0.8;0.0;11.1;0.0;5.8;0.0;1.5;3.7;0.1;1.5;13;0.3;63;-0.99;77;0.0;0;2965
Pascal Fallmann;D (RL), WB/M (R);24;€180K - €600K;Bundesliga 2;Germany;3.5;6.8;13%;0.1;13%;0;0.0;0.7;0.2;86%;16.3;0;1.0;7.1;1.8;1.4;0.1;0.1;0;52.9;6.4;14.4;0.7;0.7;39;0.3;0.6;0.9;0.5;0.1;11.6;0.1;5.3;0.0;2.2;3.2;0.0;2.2;15;0.4;61;0.51;61;0.1;0;2436
Yusuf Demir;M (C), AM (RC);25;€75K - €750K;Bundesliga 2;Germany;1.2;8.3;37%;0.0;8%;0;0.0;2.1;0.2;88%;19.2;0;0.3;5.7;1.3;0.7;0.7;0.7;0;42.6;3.0;9.4;2.1;1.4;19;0.3;1.8;0.0;0.2;0.1;11.8;0.1;3.2;0.1;0.9;0.9;0.1;0.9;28;0.0;28;0.02;26;0.1;0;2514
Jonas Therkelsen;WB (L), M (C), AM (LC);25;€500K;Bundesliga 2;Germany;0.0;8.9;33%;0.0;14%;0;0.0;0.0;0.2;0%;14.7;0;0.0;0.0;0.0;0.0;0.3;0.3;0;0.0;0.0;0.0;0.0;0.0;0;0.0;0.9;0.0;0.0;0.1;0.0;0.1;0.0;0.2;0.0;0.0;0.0;0.0;0;0.0;0;0.39;0;0.1;0;2158
Andu Kelati;M (LC), AM (RLC), ST (C);25;€120K - €1.2M;Bundesliga 2;Germany;1.6;4.0;32%;0.0;8%;0;0.0;1.4;0.0;88%;21.2;0;0.4;9.1;2.1;1.6;0.6;0.4;0;43.8;3.2;13.9;1.6;3.7;44;0.9;1.4;0.0;0.2;0.1;11.7;0.2;3.4;0.1;2.9;0.3;0.1;5.0;22;0.0;10;-1.49;54;0.2;0;2414
Colin Kleine-Bekel;D (C);25;€350K - €3.6M;Bundesliga 2;Germany;2.7;17.6;0%;0.1;0%;0;0.0;0.2;0.0;91%;2.6;0;1.0;2.9;0.8;0.4;0.0;0.0;0;42.1;1.5;3.9;0.2;0.1;10;0.0;0.2;0.5;0.7;0.0;9.8;0.0;6.2;0.0;0.0;3.8;0.1;0.0;0;1.6;62;-0.37;13;0.0;0;2003
Tristan Zobel;D (LC);24;€160K - €550K;Bundesliga 2;Germany;3.0;15.5;0%;0.1;0%;0;0.0;0.2;0.1;92%;4.2;0;0.7;3.4;0.7;0.3;0.1;0.0;0;43.4;1.8;4.2;0.2;0.1;4;0.0;0.1;1.5;0.3;0.0;9.7;0.0;5.2;0.0;0.1;4.0;0.1;0.1;0;1.4;77;-0.04;8;0.0;0;1297
Yannik Lührs;D (LC);24;€200K - €2M;Bundesliga 2;Germany;2.5;11.6;40%;0.0;10%;0;0.0;0.2;0.0;93%;3.6;0;1.1;2.5;1.0;0.5;0.2;0.2;0;42.0;2.1;3.4;0.2;0.1;8;0.0;0.6;0.8;0.6;0.1;9.9;0.0;4.8;0.0;0.1;3.8;0.1;0.1;0;1.2;79;0.29;12;0.0;0;1594
Sanoussy Ba;D/WB (RL);24;€85K - €850K;Bundesliga 2;Germany;3.2;11.9;38%;0.1;0%;0;0.0;1.0;0.2;88%;14.4;0;0.7;7.0;1.9;1.8;0.1;0.1;0;55.5;6.8;15.2;1.0;1.3;63;0.4;0.4;0.3;0.6;0.0;11.5;0.1;3.7;0.1;2.0;2.3;0.2;2.3;17;0.3;61;-1.87;80;0.1;0;3194
Mohamed Alì Zoma;AM (L), ST (C);24;€300K - €3.1M;Bundesliga 2;Germany;1.9;4.0;43%;0.1;9%;0;0.0;2.1;0.1;86%;18.3;0;0.8;8.1;2.4;1.1;0.5;0.8;0;42.1;3.2;13.7;2.1;4.9;15;0.7;1.8;0.0;0.2;0.2;11.8;0.2;4.0;0.1;2.7;1.2;0.1;2.7;25;0.0;31;-0.61;21;0.2;0;1178
Felix Keidel;D/WB (RL), DM, M (C);24;€120K - €1.2M;Bundesliga 2;Germany;3.4;10.2;0%;0.1;0%;0;0.0;1.0;0.1;88%;15.7;0;0.9;7.4;2.2;1.9;0.0;0.0;0;53.6;6.8;19.6;1.7;1.7;66;0.9;0.3;0.5;0.5;0.0;12.2;0.0;3.4;0.1;3.9;1.8;0.0;6.6;20;0.2;55;-1.61;90;0.0;0;3127
Jón Dagur Þorsteinsson;M (L), AM (RLC);29;€375K - €3.7M;Bundesliga 2;Germany;2.4;4.8;20%;0.0;5%;0;0.0;1.4;0.2;90%;19.2;0;0.6;8.7;2.4;1.6;0.7;0.4;0;43.3;3.2;15.4;1.5;3.4;34;0.7;1.8;0.0;0.5;0.1;11.3;0.2;3.9;0.1;3.2;0.8;0.0;4.0;21;0.0;20;-2.03;44;0.2;0;1967
Tony Menzel;M (C), AM (RLC);23;€24K - €240K;Bundesliga 2;Germany;0.1;7.9;42%;0.0;17%;0;0.0;0.5;0.1;93%;17.9;0;0.1;1.0;0.1;0.1;0.4;0.5;0;5.2;0.2;1.9;0.5;0.6;1;0.2;1.2;0.0;0.1;0.2;1.2;0.2;0.5;0.1;0.6;0.1;0.2;0.6;33;0.0;30;0.88;2;0.2;0;1800
Julian Hettwer;M (RL), AM (RLC);24;€120K - €1.2M;Bundesliga 2;Germany;1.8;4.9;43%;0.1;18%;0;0.0;2.4;0.3;89%;18.2;0;0.7;8.3;2.0;0.7;0.7;0.9;0;43.8;4.5;13.9;2.4;4.6;10;0.4;2.1;0.0;0.1;0.4;12.0;0.2;2.7;0.1;2.9;0.5;0.0;2.9;12;0.1;19;1.63;18;0.3;0;1208
Johannes Schenk;GK;25;€65K - €650K;Bundesliga 2;Germany;0.0;3.6;0%;0.0;0%;72;-0.0;0.0;0.0;82%;9.3;-0.49;3.4;0.0;0.0;0.0;0.0;0.0;89;24.0;0.0;0.0;0.0;0.0;1;0.0;0.0;0.0;0.0;0.0;5.5;0.0;0.0;0.0;0.0;0.0;0.0;0.0;0;0.0;0;0;7;0.0;45;2995
Dennis Duah;D (C);24;€100K - €1M;Bundesliga 2;Germany;3.2;12.5;0%;0.1;0%;0;0.0;0.2;0.0;85%;3.6;0;1.0;2.4;0.5;0.3;0.1;0.0;0;39.8;1.8;3.9;0.2;0.0;7;0.0;0.2;0.6;0.7;0.0;9.5;0.0;5.3;0.0;0.0;3.8;0.0;0.0;0;0.7;73;-0.91;9;0.0;0;2248
Nicolas Kristof;GK;28;€40K - €425K;Bundesliga 2;Germany;0.0;3.4;0%;0.0;0%;78;0.4;0.0;0.0;79%;8.1;13.18;3.0;0.0;0.0;0.0;0.0;0.0;89;24.5;0.0;0.0;0.0;0.0;0;0.0;0.0;0.0;0.0;0.0;5.3;0.0;0.0;0.0;0.0;0.0;0.0;0.0;0;0.0;0;0;4;0.0;31;3000
Frederik Schmahl;DM, M/AM (C), ST (C);25;€375K - €3.6M;Bundesliga 2;Germany;1.7;10.5;47%;0.1;21%;0;0.0;1.2;0.2;91%;11.3;0;0.6;3.4;1.0;0.8;0.4;0.5;0;30.6;3.2;7.4;1.4;0.1;15;0.1;1.1;0.0;0.3;0.2;7.6;0.1;1.8;0.2;0.3;0.4;0.4;3.9;14;0.1;21;2.43;15;0.1;0;1627
Justin von der Hitz;D/WB/M/AM (R);21;€2.1M - €4.7M;Bundesliga 2;Germany;3.2;7.8;40%;0.1;0%;0;0.0;1.5;0.1;87%;17.8;0;1.1;8.4;2.6;2.1;0.0;0.1;0;47.4;4.3;21.9;1.5;4.1;36;1.3;0.3;0.0;0.5;0.0;11.7;0.0;3.8;0.0;6.8;1.7;0.1;6.8;19;0.2;44;-0.69;52;0.0;0;1571
Franz Roggow;DM, M (C);25;€475K - €4.7M;Bundesliga 2;Germany;2.5;12.4;50%;0.0;25%;0;0.0;1.0;0.4;91%;6.7;0;0.7;7.0;1.2;0.8;0.0;0.1;0;52.3;6.0;12.5;2.1;0.0;18;0.0;0.2;0.1;0.6;0.0;11.4;0.0;3.3;0.3;0.1;1.7;0.3;0.5;25;0.6;53;0.23;28;0.0;0;1979
Fabio Di Michele Sánchez;D (LC), WB (L);25;€50K - €500K;Bundesliga 2;Germany;3.5;10.7;25%;0.1;0%;0;0.0;0.8;0.0;88%;15.2;0;1.2;7.4;1.8;1.5;0.1;0.1;0;56.7;7.5;13.7;0.8;1.0;23;0.5;0.3;0.5;0.7;0.0;11.2;0.0;3.1;0.0;2.3;2.0;0.0;2.3;22;0.3;66;-0.33;27;0.0;0;1384
Leo Greiml;D (C);26;€65K - €650K;Bundesliga 2;Germany;2.5;15.6;25%;0.1;0%;0;0.0;0.2;0.0;93%;3.1;0;1.0;2.6;0.9;0.4;0.1;0.1;0;41.8;1.5;3.9;0.2;0.1;11;0.0;0.3;1.1;0.7;0.0;10.1;0.0;5.2;0.0;0.0;3.7;0.0;0.0;0;1.1;71;-0.74;19;0.0;0;2223
Tim Kloss;D (C), DM, M (C);23;€110K - €1.1M;Bundesliga 2;Germany;2.3;13.3;0%;0.2;0%;0;0.0;0.2;0.0;93%;2.6;0;1.1;2.8;0.8;0.4;0.1;0.0;0;41.7;2.0;3.4;0.2;0.0;13;0.0;0.1;0.7;0.7;0.0;9.8;0.0;6.1;0.0;0.0;4.4;0.0;0.0;0;0.9;73;-0.01;19;0.0;0;2745
Panos Katseris;D/WB/M/AM (R);26;€275K - €2.7M;Bundesliga 2;Germany;2.5;7.6;52%;0.0;13%;0;0.0;1.8;0.2;86%;13.9;0;0.6;8.7;2.7;1.4;0.2;1.0;0;49.3;4.8;16.7;1.8;3.7;17;0.6;1.8;0.1;0.2;0.2;12.4;0.2;2.6;0.1;3.7;0.7;0.2;3.7;17;0.1;27;0.26;29;0.2;0;1132
Marius Wörl;DM, M (C), AM (LC);24;€275K - €2.8M;Bundesliga 2;Germany;0.0;12.3;40%;0.0;6%;0;0.0;0.1;0.3;0%;13.0;0;0.0;0.0;0.0;0.0;0.4;0.5;0;0.0;0.0;0.0;0.1;0.0;0;0.0;1.2;0.0;0.0;0.1;0.0;0.1;0.0;0.2;0.0;0.0;0.1;0.3;25;0.0;0;-0.71;0;0.1;0;2555
Sean Dulic;D (RLC), WB (RL);22;€700K - €6.8M;Bundesliga 2;Germany;3.4;11.6;17%;0.2;0%;0;0.0;0.3;0.0;89%;3.3;0;1.0;2.7;0.8;0.3;0.0;0.0;0;40.1;2.2;3.4;0.3;0.0;9;0.0;0.2;0.2;0.9;0.0;10.1;0.0;3.7;0.0;0.1;2.3;0.0;0.1;50;0.3;63;-0.95;19;0.0;0;2404
Florian Flick;D (C), DM, M (C);28;€180K - €1.8M;Bundesliga 2;Germany;3.3;14.3;40%;0.1;0%;0;0.0;0.5;0.2;92%;5.9;0;0.6;6.9;1.8;1.7;0.2;0.1;0;50.9;3.8;10.5;0.5;0.1;52;0.0;0.3;0.3;0.7;0.0;11.2;0.0;3.3;0.1;0.1;1.5;0.1;0.1;0;0.3;46;-0.87;63;0.0;0;2811
Nick Seidel;D (LC);23;€750K - €1.8M;Bundesliga 2;Germany;2.5;13.4;7%;0.1;0%;0;0.0;0.0;0.0;92%;3.6;0;1.4;3.6;1.3;0.7;0.2;0.0;0;42.1;2.3;3.5;0.0;0.2;23;0.0;0.4;0.5;0.5;0.0;10.0;0.1;5.0;0.0;0.2;3.3;0.0;0.2;0;1.5;65;-1.71;30;0.1;0;2842
Dimitris Giannoulis;D/WB (L);32;€350K - €3.5M;Bundesliga 2;Germany;3.4;10.8;22%;0.2;0%;0;0.0;2.1;0.3;88%;15.6;0;1.4;10.2;2.3;2.8;0.2;0.1;0;47.8;5.7;25.8;2.1;4.4;73;1.5;0.3;0.2;0.6;0.0;12.3;0.0;3.0;0.1;5.7;1.2;0.1;6.3;25;0.3;39;-0.62;91;0.0;0;2382
Lukas Reich;D/WB (R);21;€425K - €4.3M;Bundesliga 2;Germany;2.4;11.2;14%;0.1;0%;0;0.0;1.2;0.1;91%;12.4;0;1.3;7.5;2.5;2.0;0.2;0.1;0;51.7;6.6;14.3;1.2;0.5;23;0.3;0.6;0.2;0.4;0.0;10.5;0.1;5.1;0.1;2.3;2.5;0.1;2.3;15;0.4;50;-0.7;30;0.1;0;1033
Doni Arifi;DM, M/AM (C);26;€24K - €250K;Bundesliga 2;Germany;1.7;9.7;25%;0.0;0%;0;0.0;0.6;0.3;91%;7.8;0;0.5;6.2;1.2;0.8;0.1;0.1;0;54.2;4.4;12.2;0.6;0.3;12;0.1;0.3;0.2;0.5;0.0;11.7;0.0;3.5;0.2;0.1;2.3;0.0;0.1;100;0.9;67;-0.11;19;0.0;0;1404
Paul Scholl;D (C);21;€230K - €2.3M;Bundesliga 2;Germany;3.2;11.1;40%;0.1;0%;0;0.0;0.3;0.1;91%;3.6;0;1.6;2.6;0.5;0.4;0.1;0.1;0;42.4;1.9;4.5;0.3;0.0;8;0.0;0.3;1.0;1.2;0.0;9.9;0.0;5.2;0.0;0.0;4.2;0.1;0.0;0;0.7;82;-0.84;9;0.0;0;1709
Elias Baum;D/WB (RL);22;€900K - €8.8M;Bundesliga 2;Germany;2.9;11.1;0%;0.1;0%;0;0.0;1.8;0.2;86%;16.4;0;1.0;10.9;2.5;2.5;0.1;0.0;0;48.9;4.8;23.8;1.8;2.6;67;1.0;0.2;0.4;0.7;0.0;12.3;0.0;2.7;0.1;6.3;1.4;0.1;6.3;15;0.1;53;-0.42;86;0.0;0;2422
Saël Kumbedi;D/WB (R);23;€300K - €3M;Bundesliga;Germany;4.4;10.5;0%;0.2;0%;0;0.0;1.1;0.1;91%;10.0;0;1.7;7.8;2.3;1.6;0.2;0.0;0;70.2;7.8;19.0;1.2;0.9;21;0.5;0.2;0.2;0.5;0.0;12.7;0.0;3.0;0.1;1.4;0.8;0.1;1.5;35;0.5;26;-0.26;28;0.0;0;1171
Kofi Amoako;D (C), DM, M (C);23;€325K - €3.2M;Bundesliga 2;Germany;2.1;11.7;22%;0.2;0%;0;0.0;0.6;0.2;93%;6.0;0;0.8;5.5;1.5;1.3;0.1;0.1;0;46.9;4.6;11.0;0.6;0.2;33;0.0;0.4;0.3;0.6;0.0;10.9;0.0;2.7;0.1;0.1;2.0;0.0;0.1;0;0.5;74;-1.07;40;0.0;0;2291
Elias Saad;M (L), AM (RLC);28;€2.2M - €4.9M;Bundesliga 2;Germany;1.2;8.8;27%;0.0;0%;0;0.0;1.9;0.2;89%;18.2;0;0.1;5.1;1.4;0.7;0.5;0.6;0;43.0;2.5;13.2;2.1;1.2;9;0.2;2.1;0.0;0.4;0.0;11.7;0.2;2.6;0.1;1.3;0.3;0.2;1.4;11;0.1;13;-2.42;9;0.2;0;1094
Danel Sinani;M/AM (RC);31;Not for Sale;Bundesliga 2;Germany;2.0;4.3;49%;0.0;16%;0;0.0;1.8;0.1;89%;23.0;0;0.4;11.0;2.2;1.5;0.3;0.8;0;44.0;3.5;16.8;2.1;4.4;44;0.5;1.7;0.0;0.2;0.3;11.9;0.2;4.1;0.2;2.8;1.2;0.1;3.9;20;0.1;29;0.14;59;0.3;0;2576
David Jiménez;D/WB (R);24;€275K - €2.8M;Bundesliga 2;Germany;3.1;12.2;11%;0.1;0%;0;0.0;1.2;0.2;85%;12.7;0;1.1;8.0;2.7;2.0;0.1;0.1;0;49.7;6.2;18.3;1.2;1.6;34;1.1;0.5;0.4;0.4;0.0;11.7;0.1;2.5;0.1;3.8;0.9;0.1;3.8;29;0.1;38;-0.88;49;0.1;0;1528
Filip Bilbija;AM (RLC);28;€475K - €4.7M;Bundesliga 2;Germany;1.7;14.2;47%;0.0;21%;0;0.0;1.3;0.1;89%;15.4;0;0.2;4.8;0.8;0.4;0.5;0.8;0;41.3;2.1;12.2;1.3;1.8;11;0.1;1.7;0.0;0.2;0.4;12.1;0.2;3.6;0.2;0.9;1.4;0.1;0.9;16;0.0;41;3.94;14;0.2;0;2554
Tobias Raschl;DM, M/AM (C);28;€200K;Bundesliga 2;Germany;2.3;11.7;32%;0.1;3%;0;0.0;1.0;0.2;91%;7.1;0;0.9;5.2;1.2;0.8;0.2;0.3;0;51.9;6.0;11.6;1.1;0.3;26;0.0;1.0;0.2;0.6;0.0;11.2;0.1;1.7;0.1;0.0;0.6;0.2;1.5;12;0.0;35;-3.14;36;0.1;0;2912
Jorrit Hendrix;D (C), DM, M (C);33;€500 - €6K;Bundesliga 2;Germany;2.5;11.5;0%;0.2;0%;0;0.0;0.8;0.1;92%;7.7;0;0.7;7.0;1.3;0.8;0.1;0.0;0;51.2;6.2;11.6;0.8;0.1;16;0.0;0.6;0.0;0.7;0.0;11.5;0.0;2.6;0.1;0.1;1.8;0.1;0.1;0;0.2;68;-0.94;28;0.0;0;1803
David Mokwa;AM (RLC), ST (C);24;€120K - €1.2M;Bundesliga 2;Germany;0.8;1.4;44%;0.0;19%;0;0.0;0.9;0.2;90%;19.1;0;0.3;1.1;0.3;0.0;0.5;0.9;0;27.0;0.6;5.1;0.9;1.4;1;0.0;2.1;0.0;0.1;0.4;10.1;0.2;7.6;0.1;0.3;1.6;0.0;0.3;0;0.0;21;5.18;4;0.2;0;2329
Marko Ivezić;D (C), DM, M (C);26;€800K - €1.9M;Bundesliga 2;Germany;3.3;14.2;0%;0.2;0%;0;0.0;0.2;0.1;92%;3.3;0;1.3;2.7;1.2;0.6;0.1;0.0;0;44.1;2.4;4.4;0.2;0.0;11;0.0;0.2;0.8;0.4;0.0;10.1;0.0;6.0;0.0;0.1;4.0;0.1;0.1;0;1.8;67;-0.49;17;0.0;0;1642
Adrian Beck;DM, M/AM (C);30;€375K - €1.1M;Bundesliga 2;Germany;1.5;10.8;33%;0.0;6%;0;0.0;1.8;0.5;89%;18.9;0;0.4;4.3;1.0;0.5;0.7;0.7;0;40.8;2.8;12.2;1.8;1.1;14;0.0;2.2;0.0;0.1;0.1;12.2;0.2;3.8;0.1;0.8;1.2;0.1;2.9;20;0.0;30;-3.14;19;0.2;0;2660
Henri Koudossou;D/WB (RL), M (R);28;€300K - €3.1M;Bundesliga 2;Germany;3.2;8.0;0%;0.1;0%;0;0.0;1.6;0.0;82%;19.2;0;1.0;8.7;1.9;1.5;0.0;0.0;0;49.7;5.9;26.1;1.6;4.4;24;0.8;0.0;0.2;0.3;0.0;12.5;0.0;2.6;0.1;6.2;1.3;0.1;7.7;10;0.3;51;0;31;0.0;0;1446
Jano ter Horst;D (RC), WB (R);25;€300K - €950K;Bundesliga 2;Germany;3.3;10.6;20%;0.1;0%;0;0.0;1.1;0.1;88%;15.6;0;1.2;6.4;1.9;1.6;0.1;0.1;0;51.6;6.6;15.8;1.1;0.8;46;0.4;0.7;1.2;0.8;0.0;11.4;0.1;4.7;0.0;1.7;2.9;0.0;1.7;20;0.4;62;-2.53;59;0.1;0;2568
Lukas Frenkert;D (RLC);27;€1.5M - €3.4M;Bundesliga 2;Germany;3.0;15.6;33%;0.2;19%;0;0.0;0.2;0.2;90%;3.1;0;1.3;2.7;1.0;0.6;0.1;0.3;0;43.0;2.3;4.9;0.2;0.1;17;0.0;0.8;0.7;1.0;0.1;10.0;0.1;5.5;0.0;0.1;3.9;0.0;0.1;50;1.0;71;1.86;26;0.1;0;2440
Daniel Gleiber;DM, M (C);23;€1.2M - €2.8M;Bundesliga 2;Germany;2.5;8.5;40%;0.1;20%;0;0.0;1.1;0.4;93%;9.2;0;0.9;5.8;2.0;1.6;0.1;0.2;0;53.7;6.5;11.8;1.9;0.2;42;0.1;0.4;0.0;0.4;0.1;11.4;0.0;1.4;0.2;0.2;0.6;0.1;3.4;13;0.0;44;0.59;47;0.1;0;2310
Mika Clausen;DM, M (C), AM (RC);25;€85K - €850K;Bundesliga 2;Germany;1.4;4.0;35%;0.0;0%;0;0.0;1.5;0.4;87%;18.0;0;0.2;7.2;1.4;0.8;0.8;0.5;0;39.2;3.5;11.9;1.7;3.2;11;0.7;1.5;0.0;0.3;0.0;11.5;0.2;3.0;0.2;3.1;0.4;0.1;5.1;20;0.0;13;-2.29;14;0.2;0;1193
Monju Momuluh;WB/M (R), AM (RL);26;€3M;Bundesliga 2;Germany;2.0;4.3;37%;0.0;11%;0;0.0;2.2;0.3;87%;20.3;0;1.1;9.2;2.4;1.6;0.5;0.7;0;42.8;3.9;14.1;2.2;5.3;24;0.3;1.8;0.0;0.4;0.2;11.5;0.2;3.3;0.1;3.5;1.0;0.1;3.5;9;0.1;30;0.68;27;0.2;0;1355
Olivier Ntcham;DM, M/AM (C);32;€325K - €3.2M;Serie BKT;Italy;0.0;10.6;33%;0.0;8%;0;0.0;0.2;0.6;0%;16.0;0;0.0;0.0;0.0;0.0;0.1;0.1;0;0.0;0.0;0.0;0.2;0.0;0;0.0;0.4;0.0;0.0;0.0;0.0;0.0;0.0;0.2;0.0;0.0;0.2;0.2;20;0.0;0;-0.25;0;0.0;0;2775
Matteo Obleac;D (RC);21;Unknown;Serie BKT;Italy;3.3;8.9;25%;0.0;13%;0;0.0;0.1;0.1;82%;5.7;0;0.7;2.2;0.5;0.2;0.1;0.1;0;49.6;2.4;2.3;0.1;0.0;4;0.0;0.4;0.4;0.4;0.1;9.7;0.0;6.9;0.0;0.0;5.0;0.0;0.0;0;0.8;72;0.12;5;0.0;0;1650
Marco Tumminello;AM (R), ST (C);29;Unknown;Serie BKT;Italy;0.8;1.7;40%;0.0;9%;0;0.0;1.0;0.1;89%;20.5;0;0.2;1.4;0.5;0.1;1.1;1.3;0;25.5;0.8;4.7;1.0;0.3;2;0.2;3.2;0.0;0.1;0.3;9.7;0.4;7.8;0.1;0.4;1.7;0.1;0.4;38;0.1;22;-4.04;6;0.4;0;2753
Luca Zanimacchia;M/AM (RL);29;Unknown;Serie BKT;Italy;2.2;7.0;29%;0.0;7%;0;0.0;1.6;0.2;90%;16.1;0;0.9;9.9;2.4;1.4;0.7;0.6;0;46.4;3.6;19.1;1.6;4.3;37;0.4;2.2;0.1;0.4;0.1;12.0;0.3;3.3;0.1;3.2;1.0;0.1;3.8;15;0.0;31;-2.76;53;0.3;0;2413
Filippo Pirola;D (C);30;Unknown;Serie BKT;Italy;2.9;10.4;31%;0.1;0%;0;0.0;0.1;0.1;87%;4.7;0;1.0;2.5;0.9;0.3;0.0;0.1;0;41.3;2.0;3.4;0.1;0.0;12;0.1;0.3;1.1;0.8;0.0;10.2;0.0;5.3;0.0;0.1;3.4;0.0;0.1;66;1.0;64;-1.14;25;0.0;0;3453
Giulio Maggiore;DM, M/AM (C);30;Unknown;Serie BKT;Italy;0.6;9.6;25%;0.0;0%;0;0.0;0.1;0.2;91%;17.9;0;0.1;1.0;0.2;0.1;0.3;0.2;0;7.1;0.8;1.4;0.1;0.0;3;0.0;0.8;0.0;0.1;0.0;1.6;0.1;0.2;0.1;0.0;0.1;0.1;0.0;0;0.0;71;-2.13;5;0.1;0;3060
Alessandro Garattoni;D/WB/M (R);30;Unknown;Serie BKT;Italy;2.9;8.7;17%;0.0;0%;0;0.0;1.6;0.2;87%;19.9;0;1.0;7.4;2.4;1.7;0.0;0.0;0;47.2;5.7;20.5;1.6;1.5;65;1.2;0.2;0.1;0.3;0.0;12.4;0.0;4.6;0.1;7.4;2.8;0.1;7.4;16;0.6;61;-0.55;83;0.0;0;3384
Lorenzo Libutti;D/WB (R);30;Unknown;Serie BKT;Italy;2.6;14.9;9%;0.1;0%;0;0.0;1.2;0.3;88%;14.5;0;1.3;7.7;2.3;1.7;0.2;0.0;0;52.1;7.3;16.1;1.3;0.8;43;0.4;0.4;0.9;0.4;0.0;11.5;0.0;5.0;0.1;2.2;3.2;0.2;5.5;14;0.5;63;-1.1;61;0.0;0;2214
Harold Preciado;AM (RL), ST (C);34;Unknown;Serie BKT;Italy;0.7;1.1;58%;0.0;14%;0;0.0;0.9;0.4;89%;28.8;0;0.3;1.4;0.6;0.2;1.0;1.7;0;24.7;0.8;5.4;0.9;0.3;5;0.1;2.9;0.0;0.1;0.4;10.1;0.2;8.2;0.1;0.5;2.4;0.0;0.5;15;0.1;29;4.49;6;0.2;0;2413
Claud Adjapong;D/WB/M (R);30;Unknown;Serie BKT;Italy;3.3;9.5;13%;0.1;0%;0;0.0;0.8;0.1;88%;17.7;0;1.0;6.9;2.3;2.2;0.3;0.1;0;50.9;7.0;16.1;0.8;0.6;86;0.3;1.0;0.4;0.6;0.0;11.4;0.1;3.7;0.1;2.2;2.4;0.1;2.2;14;0.4;63;-5.61;93;0.1;0;3490
Marin Šverko;D (LC), WB (L);30;Unknown;Serie BKT;Italy;3.1;9.1;20%;0.0;0%;0;0.0;1.4;0.0;91%;12.7;0;1.0;6.6;1.3;1.5;0.0;0.0;0;46.3;4.1;16.6;1.4;1.4;38;0.5;0.2;0.4;0.6;0.0;11.8;0.0;4.5;0.0;4.5;2.7;0.1;4.5;11;0.4;61;-0.97;44;0.0;0;2262
Massimiliano Mangraviti;D (LC);30;Unknown;Serie BKT;Italy;3.0;18.2;14%;0.2;0%;0;0.0;0.2;0.1;91%;2.5;0;1.3;2.8;0.8;0.6;0.2;0.1;0;41.6;1.8;4.3;0.2;0.1;21;0.0;0.4;0.5;0.9;0.0;10.4;0.0;5.3;0.0;0.1;3.5;0.0;0.1;33;1.0;67;-1.57;22;0.0;0;3425
Gabriele Gori;ST (C);29;Unknown;Serie BKT;Italy;0.8;2.2;50%;0.0;16%;0;0.0;1.1;0.0;90%;18.7;0;0.1;1.6;0.8;0.2;0.7;1.1;0;27.4;1.0;5.7;1.1;0.4;6;0.1;2.3;0.0;0.1;0.4;10.4;0.3;8.2;0.1;0.5;2.3;0.1;0.5;18;0.1;28;3.56;7;0.3;0;3020
Matias Antonini;D (C);30;Unknown;Serie BKT;Italy;2.9;18.1;43%;0.1;7%;0;0.0;0.2;0.0;92%;2.9;0;1.1;2.3;0.8;0.5;0.1;0.2;0;42.1;1.5;4.1;0.2;0.1;20;0.0;0.4;1.0;0.7;0.0;9.7;0.0;5.9;0.0;0.0;4.5;0.0;0.0;0;1.2;75;-0.19;23;0.0;0;3536
Filippo Pittarello;ST (C);31;Unknown;Serie BKT;Italy;0.7;2.8;51%;0.0;16%;0;0.0;1.1;0.0;90%;18.1;0;0.1;1.4;0.4;0.2;1.3;1.9;0;25.9;0.6;7.5;1.1;0.6;4;0.0;3.7;0.0;0.1;0.6;9.8;0.3;8.6;0.1;0.2;4.3;0.0;0.2;0;0.1;50;6.64;4;0.3;0;2222
Alberto Rizzo;D (LC), WB (L);31;Unknown;Serie A;Italy;2.6;9.3;22%;0.1;0%;0;0.0;0.1;0.0;91%;4.7;0;1.0;3.2;1.2;0.7;0.1;0.1;0;42.1;2.1;4.8;0.1;0.1;23;0.0;0.3;1.0;0.6;0.0;9.9;0.0;4.2;0.0;0.2;3.1;0.0;0.2;0;0.8;73;-1.46;28;0.0;0;3141
Manuel De Luca;ST (C);29;Unknown;Serie BKT;Italy;0.6;1.9;50%;0.0;13%;0;0.0;0.9;0.2;89%;17.5;0;0.1;1.6;0.6;0.3;1.4;2.0;0;26.9;0.6;9.0;0.9;0.5;9;0.1;4.0;0.0;0.1;0.5;10.8;0.4;8.5;0.1;0.2;3.8;0.1;0.2;25;0.2;45;2.94;10;0.4;0;2891
Federico Bonazzoli;ST (C);31;Unknown;Serie BKT;Italy;0.7;3.1;52%;0.0;16%;0;0.0;1.1;0.5;88%;19.4;0;0.2;1.3;0.4;0.0;0.9;1.4;0;29.0;0.8;5.5;1.1;0.6;1;0.2;2.7;0.0;0.1;0.4;9.9;0.3;5.9;0.2;0.3;1.9;0.1;0.6;38;0.2;31;5.32;1;0.3;0;2704
Michele Tommasi;GK;23;Unknown;Serie BKT;Italy;0.0;1.8;0%;0.0;0%;67;-0.0;0.0;0.0;67%;11.9;-1.3;5.3;0.0;0.0;0.1;0.0;0.0;89;26.9;0.0;0.0;0.0;0.0;2;0.0;0.0;0.0;0.0;0.0;5.4;0.0;0.0;0.0;0.0;0.0;0.0;0.0;0;0.0;0;0;7;0.0;71;3309
Nicola Dalmonte;M/AM (L), ST (C);30;Unknown;Serie BKT;Italy;1.7;3.6;23%;0.0;5%;0;0.0;1.3;0.3;88%;21.5;0;0.6;8.8;2.3;1.8;0.6;0.3;0;43.5;3.1;15.6;1.3;3.3;53;0.7;1.5;0.0;0.2;0.1;11.2;0.1;3.1;0.1;3.4;0.8;0.1;3.4;21;0.0;26;-1.41;61;0.1;0;2682
Marc Oliver Kempf;D (C), DM;33;€475K;Serie A;Italy;2.9;14.7;25%;0.2;0%;0;0.0;0.3;0.0;88%;3.2;0;1.7;2.4;0.8;0.5;0.1;0.1;0;43.6;2.2;4.5;0.3;0.0;6;0.0;0.3;0.7;0.7;0.0;9.7;0.0;5.4;0.0;0.0;3.8;0.0;0.0;0;1.0;70;-0.18;10;0.0;0;1093
Riccardo Gatti;D (C);31;Unknown;Serie BKT;Italy;3.2;10.6;33%;0.2;11%;0;0.0;0.1;0.1;90%;4.5;0;1.2;2.4;0.9;0.4;0.1;0.1;0;44.6;1.7;3.5;0.1;0.1;17;0.0;0.2;0.4;0.7;0.0;10.1;0.0;6.9;0.0;0.1;4.9;0.0;0.1;0;1.4;72;-0.64;20;0.0;0;3491
Eugenio D'Ursi;AM (RL), ST (C);33;Unknown;Serie BKT;Italy;1.5;3.2;30%;0.0;14%;0;0.0;1.6;0.0;89%;24.2;0;0.4;7.5;2.1;1.0;0.4;0.4;0;42.2;3.6;11.5;1.6;3.8;31;0.9;1.4;0.0;0.4;0.2;11.4;0.2;4.7;0.1;5.5;1.1;0.1;5.5;15;0.0;23;0.33;38;0.2;0;2838
Simone Bastoni;DM, M (LC), AM (C);31;Not for Sale;Serie BKT;Italy;2.2;14.0;14%;0.1;0%;0;0.0;1.0;0.2;93%;5.0;0;0.8;6.0;1.7;1.1;0.4;0.2;0;50.6;5.1;10.4;1.4;0.5;27;0.0;1.1;0.2;0.4;0.0;11.7;0.1;2.4;0.1;0.1;1.7;0.2;2.7;17;0.2;69;-2.78;37;0.1;0;2270
Ettore Gliozzi;ST (C);32;€210K;Serie A;Italy;0.8;0.7;50%;0.0;4%;0;0.0;1.0;0.1;87%;26.7;0;0.2;1.2;0.4;0.2;0.9;1.4;0;28.2;0.8;5.8;1.0;0.5;4;0.1;2.9;0.0;0.1;0.1;9.9;0.3;7.7;0.1;0.5;1.5;0.0;0.5;16;0.1;20;-4.53;6;0.3;0;2329
Leonardo Sernicola;D/WB (RL);30;Unknown;Serie BKT;Italy;2.9;11.9;29%;0.1;14%;0;0.0;1.2;0.2;86%;12.1;0;1.3;8.1;1.7;2.2;0.0;0.0;0;51.0;5.9;18.0;1.2;1.2;88;0.7;0.2;0.4;0.6;0.0;11.6;0.0;4.0;0.1;3.7;2.3;0.2;3.7;19;0.4;58;0.03;107;0.0;0;3653
Michele Cerofolini;GK;29;Unknown;Serie BKT;Italy;0.0;2.2;0%;0.0;0%;70;0.1;0.0;0.0;74%;10.1;2.92;3.3;0.0;0.0;0.0;0.0;0.0;89;23.2;0.0;0.0;0.0;0.0;0;0.0;0.0;0.0;0.0;0.0;5.6;0.0;0.0;0.0;0.0;0.0;0.0;0.0;0;0.0;0;0;2;0.0;38;3305
Andrea Ciofi;D (RC), WB (R);28;Unknown;Serie BKT;Italy;3.3;13.9;26%;0.0;6%;0;0.0;0.9;0.2;89%;13.1;0;1.0;7.3;1.9;1.8;0.3;0.2;0;55.0;6.7;16.4;0.9;0.9;71;0.5;0.9;0.5;0.5;0.0;11.8;0.1;4.9;0.1;2.3;3.2;0.2;2.3;21;0.7;65;-0.78;84;0.1;0;3608
Alessandro Mallamo;M/AM (C);29;Unknown;Serie BKT;Italy;1.5;12.2;33%;0.0;3%;0;0.0;1.6;0.1;88%;17.7;0;0.4;5.1;1.3;0.6;0.8;0.9;0;38.0;2.3;9.4;1.6;1.2;7;0.2;2.7;0.0;0.1;0.1;10.6;0.3;3.5;0.1;0.9;1.2;0.1;0.9;18;0.0;34;-2.13;9;0.3;0;1117
Cheikh Niasse;DM, M (C);28;€2.1M;Serie A;Italy;1.4;9.2;17%;0.0;0%;0;0.0;0.5;0.2;93%;12.9;0;0.4;3.0;0.6;0.3;0.1;0.1;0;22.5;1.8;5.4;0.5;0.0;5;0.0;0.4;0.1;0.3;0.0;5.2;0.0;1.2;0.1;0.0;0.6;0.2;0.0;0;0.1;47;-0.39;9;0.0;0;1397
Marco Pompetti;DM, M (C);28;Unknown;Serie BKT;Italy;2.1;16.6;21%;0.1;0%;0;0.0;1.0;0.4;90%;6.3;0;0.8;5.5;1.2;0.7;0.3;0.2;0;50.5;5.4;11.4;1.8;0.2;26;0.1;0.8;0.3;0.8;0.0;11.4;0.1;2.0;0.2;0.1;1.3;0.2;0.3;45;0.1;64;-2.84;39;0.1;0;3339
Giovanni Mattioli;D/WB/M/AM (L);22;Unknown;Serie BKT;Italy;1.3;4.6;27%;0.0;13%;0;0.0;2.1;0.5;93%;19.2;0;0.6;8.6;2.4;1.3;0.3;0.2;0;42.9;3.5;13.8;2.1;2.5;23;1.1;0.9;0.0;0.1;0.1;12.1;0.1;5.1;0.2;4.5;1.8;0.1;4.5;24;0.2;36;0.84;31;0.1;0;1572
Nicolò Buso;AM (RLC), ST (C);28;Unknown;Serie BKT;Italy;2.2;4.4;36%;0.0;5%;0;0.0;1.5;0.2;89%;17.7;0;0.5;8.9;2.3;1.4;0.5;0.7;0;44.2;3.3;13.7;1.5;4.2;56;0.5;2.0;0.0;0.3;0.1;11.3;0.3;4.2;0.1;2.3;0.8;0.1;2.3;20;0.1;20;-8.71;77;0.3;0;3553
Manolo Portanova;DM, M (RLC), AM (C);28;Unknown;Serie BKT;Italy;0.9;14.6;10%;0.1;10%;0;0.0;0.4;0.5;88%;8.3;0;0.3;3.0;1.2;0.9;0.3;0.1;0;27.1;2.9;5.9;0.9;0.1;17;0.0;0.5;0.2;0.2;0.1;5.9;0.1;1.1;0.2;0.1;0.8;0.1;0.1;0;0.1;76;0.03;20;0.1;0;1715
Arvid Brorsson;D (C), DM, M (C);29;€250K;Serie A;Italy;2.9;9.3;0%;0.0;0%;0;0.0;0.1;0.0;90%;5.9;0;0.9;2.4;0.6;0.4;0.2;0.0;0;38.8;2.1;5.2;0.1;0.1;10;0.0;0.2;0.6;0.8;0.0;9.7;0.0;4.9;0.0;0.0;3.1;0.0;0.0;100;0.7;63;-0.41;12;0.0;0;2271
Jacopo Da Riva;DM, M (C);27;Unknown;Serie BKT;Italy;2.8;9.9;8%;0.1;8%;0;0.0;0.6;0.2;92%;9.0;0;0.8;6.0;1.0;0.8;0.1;0.0;0;52.8;5.1;10.5;0.6;0.1;31;0.0;0.3;0.3;0.7;0.0;11.6;0.1;1.8;0.1;0.0;1.1;0.1;0.0;0;0.1;59;-0.96;40;0.1;0;3487
Luca Petrungaro;M (RL), AM (RLC);28;Unknown;Serie BKT;Italy;2.1;3.0;34%;0.0;6%;0;0.0;1.5;0.2;90%;21.3;0;0.7;8.1;1.4;1.3;0.5;0.4;0;42.5;2.8;11.3;1.5;3.9;32;0.4;1.3;0.0;0.2;0.1;10.8;0.1;4.2;0.1;2.9;1.4;0.2;3.6;14;0.1;34;-0.71;39;0.1;0;2255
Luca Falbo;D/WB/M (L);28;Unknown;Serie BKT;Italy;3.2;9.9;0%;0.1;0%;0;0.0;1.1;0.2;90%;16.3;0;1.3;6.9;1.4;1.9;0.0;0.0;0;55.6;7.2;15.6;1.1;0.9;70;0.3;0.2;0.8;0.8;0.0;11.5;0.0;2.9;0.1;1.5;1.9;0.1;3.2;15;0.4;64;-0.5;80;0.0;0;3323
Luca Ercolani;D (C);28;Unknown;Serie BKT;Italy;2.7;11.6;0%;0.1;0%;0;0.0;0.3;0.0;88%;3.7;0;1.4;2.2;0.9;0.3;0.1;0.0;0;43.2;2.5;3.0;0.3;0.0;11;0.0;0.3;0.8;0.5;0.0;9.4;0.0;6.6;0.0;0.0;5.0;0.0;0.0;0;0.9;76;-0.98;15;0.0;0;3079
Rosen Bozhinov;D (C);23;Unknown;Serie BKT;Italy;3.0;17.1;0%;0.1;0%;0;0.0;0.2;0.1;95%;4.3;0;1.1;3.1;0.9;0.6;0.1;0.0;0;42.4;2.2;4.7;0.2;0.1;15;0.2;0.3;0.5;0.6;0.0;9.7;0.0;5.4;0.0;0.3;3.6;0.0;0.3;71;1.5;67;-0.81;22;0.0;0;2379
Simone Davi;D (L);28;Unknown;Serie BKT;Italy;3.0;13.1;8%;0.1;0%;0;0.0;0.8;0.1;87%;13.9;0;0.8;7.0;1.8;2.2;0.1;0.0;0;56.1;7.3;15.4;0.8;1.2;88;0.5;0.3;0.5;0.6;0.0;11.6;0.0;4.0;0.1;1.9;2.5;0.0;2.0;29;0.5;63;-1.59;109;0.0;0;3600
Pasquale Giannotti;M (R), AM (RC);28;Unknown;Serie BKT;Italy;1.9;3.9;30%;0.0;5%;0;0.0;2.1;0.2;86%;19.8;0;0.5;9.2;2.1;1.8;0.3;0.4;0;43.3;4.0;13.9;2.1;3.0;54;0.6;1.2;0.0;0.3;0.1;10.8;0.1;4.5;0.1;3.4;1.5;0.0;3.9;17;0.2;33;-1.18;65;0.1;0;2725
Gianluca Frabotta;D/WB/M (L);28;Unknown;Serie BKT;Italy;3.0;13.7;14%;0.1;0%;0;0.0;1.0;0.2;87%;9.3;0;1.3;7.5;1.5;1.4;0.1;0.0;0;53.3;7.4;14.7;1.0;1.0;53;0.5;0.2;0.5;0.7;0.0;11.1;0.0;4.2;0.1;2.7;2.4;0.1;2.7;20;0.6;56;-0.51;72;0.0;0;3292
Kristoffer Lund;D (L), WB (RL);26;Unknown;Serie BKT;Italy;3.1;12.8;25%;0.0;0%;0;0.0;0.7;0.2;91%;12.4;0;1.4;7.3;1.9;1.9;0.1;0.1;0;56.5;7.5;16.7;0.7;1.3;36;0.5;0.4;0.2;0.8;0.0;11.5;0.0;3.3;0.1;2.8;2.5;0.1;2.8;18;0.2;76;-0.9;44;0.0;0;1710
Matteo Rover;M (RL), AM (RLC), ST (C);29;Unknown;Serie BKT;Italy;1.4;6.0;29%;0.0;7%;0;0.0;1.6;0.4;89%;13.9;0;0.9;9.7;2.1;1.7;0.6;0.5;0;41.6;3.7;13.5;1.6;2.6;60;0.7;1.6;0.0;0.3;0.1;11.5;0.2;3.8;0.2;2.8;2.0;0.1;4.3;20;0.0;53;-2.18;80;0.2;0;3225
Frank Tsadjout;ST (C);28;Unknown;Serie BKT;Italy;0.5;2.1;51%;0.0;17%;0;0.0;1.0;0.3;89%;22.5;0;0.1;2.0;0.7;0.2;1.0;1.5;0;25.5;0.6;5.0;1.0;0.6;5;0.1;2.9;0.0;0.0;0.5;9.8;0.4;8.3;0.1;0.4;3.7;0.1;0.4;36;0.1;44;3.42;9;0.4;0;2637
Filippo Galvagno;ST (C);21;Unknown;Serie BKT;Italy;0.6;0.9;44%;0.0;16%;0;0.0;0.6;0.2;91%;22.2;0;0.2;1.2;0.3;0.2;1.5;1.9;0;22.9;0.3;3.6;0.6;0.8;3;0.2;4.3;0.0;0.1;0.7;9.4;0.5;9.9;0.0;0.5;4.1;0.1;0.5;42;0.1;42;3.13;3;0.5;0;1290
Raffaele Celia;D/WB/M (L);29;Unknown;Serie BKT;Italy;2.9;9.6;0%;0.1;0%;0;0.0;1.0;0.1;87%;14.9;0;1.2;6.8;1.7;1.8;0.0;0.0;0;56.6;7.0;17.1;1.0;0.9;67;0.5;0.2;0.5;0.6;0.0;11.6;0.0;3.4;0.1;2.9;1.8;0.1;2.9;18;0.3;51;-0.9;85;0.0;0;3438
Manuele Castorani;M (C);28;Unknown;Serie BKT;Italy;0.1;11.6;33%;0.0;17%;0;0.0;0.3;0.1;92%;12.6;0;0.1;0.4;0.1;0.1;0.3;0.2;0;2.2;0.1;0.5;0.3;0.0;1;0.0;0.5;0.0;0.0;0.1;0.5;0.0;0.2;0.1;0.0;0.0;0.2;0.0;0;0.1;0;0.63;1;0.0;0;1010
Dany Mota;AM (RLC), ST (C);30;€275K - €2.9M;Serie A;Italy;0.5;1.6;44%;0.0;6%;0;0.0;1.2;0.2;90%;20.7;0;0.0;1.9;0.6;0.1;1.2;1.6;0;30.3;1.2;6.2;1.8;0.5;3;0.2;3.6;0.0;0.1;0.2;10.1;0.4;4.5;0.1;0.6;0.5;0.0;1.0;23;0.0;12;-3.63;5;0.4;0;1814
Filippo Delli Carri;D (RLC), WB (R);29;€650K;Serie A;Italy;2.4;9.9;0%;0.1;0%;0;0.0;0.2;0.0;87%;4.4;0;1.0;2.7;0.9;0.6;0.2;0.0;0;41.1;2.4;4.0;0.2;0.1;11;0.0;0.3;0.4;0.8;0.0;9.8;0.0;5.2;0.0;0.1;3.5;0.1;0.1;0;1.0;66;-0.37;14;0.0;0;1560
Simone Santoro;DM, M (C);28;Unknown;Serie A;Italy;0.0;8.3;39%;0.0;11%;0;0.0;0.1;0.3;0%;17.6;0;0.0;0.0;0.0;0.0;0.2;0.2;0;0.0;0.0;0.0;0.1;0.0;0;0.0;0.5;0.0;0.0;0.1;0.0;0.1;0.0;0.1;0.0;0.0;0.1;0.0;0;0.0;0;-1.53;0;0.1;0;3136
Massimo Bertagnoli;DM, M (C);29;Unknown;Serie BKT;Italy;0.4;13.8;28%;0.0;11%;0;0.0;0.4;0.3;90%;11.0;0;0.1;1.8;0.3;0.2;0.2;0.2;0;13.6;1.4;3.0;0.5;0.0;4;0.0;0.8;0.0;0.1;0.1;2.9;0.1;0.4;0.2;0.0;0.3;0.3;0.0;0;0.0;67;-0.99;6;0.1;0;1950
Christian Capone;AM (LC);29;Unknown;Serie BKT;Italy;2.6;2.9;36%;0.0;9%;0;0.0;1.6;0.2;87%;20.8;0;0.4;9.4;1.1;0.9;1.1;1.1;0;43.1;3.1;11.8;1.6;3.0;10;0.4;2.9;0.0;0.1;0.3;11.2;0.3;2.9;0.1;2.5;0.5;0.1;2.5;14;0.0;18;-0.55;13;0.3;0;1021
Abdoulaye Ndiaye;D (C);26;Unknown;Serie BKT;Italy;2.4;17.4;17%;0.1;13%;0;0.0;0.2;0.1;90%;3.5;0;1.1;2.5;0.8;0.5;0.3;0.1;0;43.0;1.7;3.8;0.2;0.1;18;0.0;0.6;0.3;0.7;0.1;10.0;0.1;5.6;0.1;0.0;4.5;0.0;0.0;0;1.1;81;0.67;24;0.1;0;3209
Fali Candé;D (LC), WB (L);30;Unknown;Serie BKT;Italy;3.1;11.8;32%;0.1;5%;0;0.0;0.1;0.2;93%;4.1;0;0.9;2.7;1.0;0.6;0.2;0.2;0;42.5;1.6;4.1;0.9;0.2;22;0.0;0.5;0.5;0.5;0.0;9.7;0.1;3.9;0.1;0.1;2.7;0.1;4.4;16;0.7;70;-0.87;26;0.1;0;3150
Emanuele Ndoj;DM, M (C);31;Unknown;Serie BKT;Italy;2.3;10.1;33%;0.0;5%;0;0.0;1.1;0.1;88%;11.9;0;1.2;5.1;1.7;1.0;0.2;0.2;0;46.8;5.4;9.5;1.1;0.1;34;0.0;0.6;0.2;0.5;0.0;11.8;0.1;3.2;0.2;0.2;1.8;0.1;0.2;0;0.4;58;-0.83;48;0.1;0;3128
Francesco Cozzoli;D/WB (L);23;Unknown;Serie BKT;Italy;3.1;13.2;0%;0.2;0%;0;0.0;1.2;0.1;88%;14.7;0;1.5;7.2;1.7;2.0;0.1;0.0;0;54.8;6.2;15.5;1.2;0.4;75;0.2;0.2;0.6;0.5;0.0;11.8;0.0;3.1;0.0;1.3;1.7;0.1;1.3;14;0.3;55;-0.8;86;0.0;0;3376
Alberto Grassi;DM, M (C);33;Unknown;Serie BKT;Italy;2.7;13.2;20%;0.0;0%;0;0.0;0.8;0.5;90%;9.1;0;0.7;7.4;1.4;1.3;0.1;0.1;0;50.5;5.8;11.1;0.8;0.2;32;0.0;0.4;0.2;0.6;0.0;11.3;0.0;2.8;0.3;0.2;1.5;0.2;0.2;0;0.4;54;-0.87;45;0.0;0;2298
Davide Bettella;D (C);28;Unknown;Serie A;Italy;2.5;9.3;38%;0.1;0%;0;0.0;0.1;0.1;89%;4.5;0;1.5;2.5;0.9;0.6;0.1;0.1;0;43.0;1.6;4.1;0.1;0.0;20;0.0;0.4;1.1;0.8;0.0;9.9;0.0;5.7;0.0;0.0;4.3;0.0;0.0;0;0.9;74;-1.08;27;0.0;0;3055
Mattia Maita;DM, M (C);33;Unknown;Serie BKT;Italy;2.7;11.4;0%;0.1;0%;0;0.0;1.0;0.4;91%;8.0;0;0.8;5.8;1.8;0.8;0.4;0.0;0;50.7;5.6;10.1;1.9;0.3;13;0.0;0.6;0.1;0.3;0.0;11.1;0.0;1.6;0.3;0.1;0.6;0.0;0.9;21;0.1;40;-0.52;25;0.0;0;1432
Dimitri Bisoli;DM, M (C);34;Unknown;Serie BKT;Italy;2.4;14.2;19%;0.1;12%;0;0.0;0.5;0.1;93%;5.4;0;0.8;6.2;1.3;0.8;0.4;0.2;0;51.3;4.0;12.1;0.5;0.4;33;0.1;1.0;0.2;0.5;0.1;11.7;0.1;1.9;0.1;0.1;1.0;0.1;0.1;60;0.1;53;2.13;45;0.1;0;3674
Paolo Rozzio;D (C);35;Unknown;Serie BKT;Italy;3.5;16.0;29%;0.2;14%;0;0.0;0.1;0.1;91%;4.1;0;1.3;2.6;0.9;0.4;0.1;0.1;0;43.4;2.2;3.1;0.1;0.0;14;0.0;0.2;1.2;0.7;0.0;9.5;0.1;6.5;0.0;0.0;4.5;0.0;0.0;100;1.0;69;-0.93;22;0.1;0;3023
Stefano Scognamillo;D (C);34;Not for Sale;Serie BKT;Italy;2.3;13.6;33%;0.1;8%;0;0.0;0.1;0.1;89%;3.5;0;1.1;2.7;0.9;0.7;0.2;0.1;0;40.4;1.9;4.3;0.1;0.0;27;0.0;0.3;1.1;0.7;0.0;9.6;0.0;4.9;0.0;0.1;3.1;0.1;0.1;20;1.4;62;-0.4;35;0.0;0;3510
Marco Chiosa;D (C);34;Unknown;Serie BKT;Italy;3.8;16.3;25%;0.0;0%;0;0.0;0.2;0.0;89%;3.3;0;0.8;2.1;0.7;0.2;0.1;0.1;0;44.0;2.1;2.9;0.2;0.0;5;0.0;0.3;1.0;0.8;0.0;9.8;0.0;7.6;0.0;0.0;5.0;0.1;0.0;0;1.5;66;-0.45;12;0.0;0;2847
Francesco Zampano;D/WB/M (RL);34;€26K;Serie A;Italy;3.4;7.2;0%;0.1;0%;0;0.0;1.7;0.2;83%;20.2;0;1.4;9.7;2.1;1.6;0.0;0.0;0;45.3;4.5;23.5;1.7;2.5;42;1.3;0.1;0.7;0.8;0.0;12.5;0.0;3.2;0.1;7.0;1.0;0.1;7.0;18;0.2;32;-0.12;67;0.0;0;2333
Jacopo Petriccione;DM, M (C);33;Unknown;Serie BKT;Italy;2.6;16.6;23%;0.0;8%;0;0.0;0.8;0.2;91%;6.9;0;0.8;5.4;1.2;0.7;0.2;0.1;0;50.0;5.1;10.0;1.0;0.3;20;0.0;0.5;0.1;0.7;0.0;11.3;0.1;2.0;0.3;0.1;1.0;0.3;6.1;19;0.0;48;-0.51;28;0.1;0;2448
Hassane Kamara;D/WB/M (L);34;€20K - €210K;Serie BKT;Italy;3.8;10.3;0%;0.1;0%;0;0.0;1.6;0.2;85%;20.0;0;1.0;9.4;2.2;2.1;0.1;0.0;0;47.3;5.2;21.9;1.6;2.0;79;1.2;0.1;0.6;0.6;0.0;12.3;0.0;3.7;0.1;6.9;2.0;0.1;6.9;16;0.2;53;-0.13;108;0.0;0;3434
Valerio Verre;M/AM (C);34;Unknown;Serie BKT;Italy;1.5;10.3;22%;0.0;5%;0;0.0;2.0;0.3;89%;26.8;0;0.3;5.3;1.3;0.3;0.4;0.3;0;42.5;2.8;8.9;3.5;1.2;7;0.2;1.6;0.0;0.1;0.1;12.1;0.2;3.6;0.2;0.9;0.5;0.2;9.7;17;0.1;15;-2.79;15;0.2;0;2331
Mirko Pigliacelli;GK;34;Unknown;Serie BKT;Italy;0.0;5.4;0%;0.0;0%;73;-0.0;0.0;0.0;78%;7.3;-0.12;3.4;0.0;0.0;0.0;0.0;0.0;89;24.7;0.0;0.0;0.0;0.0;1;0.0;0.0;0.0;0.0;0.0;5.1;0.0;0.0;0.0;0.0;0.0;0.0;0.0;0;0.0;0;0;8;0.0;51;3600
Leonardo Mancuso;AM (RLC), ST (C);36;Unknown;Serie BKT;Italy;1.3;8.7;32%;0.0;13%;0;0.0;1.2;0.1;89%;22.8;0;0.2;5.1;1.1;0.7;0.8;0.5;0;38.0;2.1;8.1;1.3;1.2;15;0.2;1.7;0.0;0.5;0.2;11.3;0.2;4.7;0.1;0.8;1.6;0.2;0.8;27;0.0;33;1.5;17;0.2;0;2019
Giovanni Di Renzo;D (RC), WB (R);25;Unknown;Serie BKT;Italy;3.8;8.9;0%;0.1;0%;0;0.0;0.1;0.0;89%;5.2;0;1.2;2.2;0.8;0.5;0.0;0.0;0;45.8;1.7;3.8;0.1;0.0;6;0.0;0.2;0.7;0.7;0.0;10.5;0.0;6.7;0.1;0.2;4.3;0.0;0.2;0;1.0;65;-0.19;7;0.0;0;1080
Nicola Patanè;M/AM (R);24;Unknown;Serie BKT;Italy;2.1;2.8;39%;0.0;18%;0;0.0;1.5;0.2;88%;21.2;0;0.7;8.5;1.2;1.0;0.1;0.3;0;41.4;2.9;12.6;1.5;3.8;34;1.7;0.8;0.0;0.4;0.1;11.5;0.1;5.2;0.1;6.1;2.0;0.1;6.5;27;0.1;39;1.69;34;0.1;0;3039
Kingsley Ehizibue;D/WB/M (R);33;€1.8M - €4.2M;Serie A;Italy;3.1;10.0;29%;0.0;14%;0;0.0;1.3;0.1;89%;17.7;0;0.6;7.9;1.9;2.1;0.1;0.2;0;53.8;6.0;19.2;1.3;1.7;52;0.8;0.6;0.5;0.5;0.1;11.0;0.1;3.5;0.1;3.4;2.4;0.3;3.4;22;0.5;70;0.34;57;0.1;0;2221
Joel Pohjanpalo;ST (C);33;€180K - €1.8M;Serie BKT;Italy;0.6;2.5;47%;0.0;15%;0;0.0;1.1;0.1;91%;14.3;0;0.2;1.8;0.7;0.1;1.0;1.5;0;31.3;0.9;5.3;1.1;0.3;3;0.0;3.1;0.0;0.0;0.5;9.9;0.3;8.2;0.1;0.5;3.0;0.0;0.5;9;0.1;36;3.61;6;0.3;0;2086
Antoine Joujou;AM (RL);25;Unknown;Serie BKT;Italy;1.7;3.6;41%;0.0;8%;0;0.0;2.0;0.3;90%;15.5;0;0.5;8.7;1.7;1.1;0.6;0.7;0;40.4;3.6;16.6;2.0;3.8;42;1.0;1.7;0.0;0.2;0.1;11.5;0.1;3.8;0.1;4.0;1.8;0.1;4.0;25;0.1;46;-0.19;54;0.1;0;3330
Mattia Maffei;D/WB/M/AM (L);23;Unknown;Serie BKT;Italy;3.3;7.8;25%;0.0;0%;0;0.0;1.1;0.0;86%;18.6;0;1.0;5.5;1.4;1.1;0.1;0.0;0;56.6;6.7;12.3;1.1;1.2;41;0.5;0.1;1.3;0.6;0.0;12.0;0.0;4.9;0.0;3.4;3.8;0.1;3.7;13;0.6;76;-0.26;48;0.0;0;3510
Francesco Coppola;D (C);23;Unknown;Serie BKT;Italy;2.5;16.6;0%;0.0;0%;0;0.0;0.1;0.0;87%;3.6;0;1.0;2.8;1.3;0.4;0.0;0.0;0;41.7;1.7;3.9;0.1;0.0;5;0.0;0.1;0.4;0.7;0.0;9.6;0.0;6.2;0.0;0.0;4.2;0.0;0.0;0;1.5;67;-0.29;9;0.0;0;1010
Martín Suárez;D (R), DM, M (RC), AM (C);23;Unknown;Serie BKT;Italy;2.4;10.6;30%;0.1;10%;0;0.0;1.1;0.1;88%;13.5;0;0.7;7.4;0.9;0.8;0.3;0.2;0;40.8;3.5;10.4;1.1;1.3;13;0.1;0.6;0.1;0.4;0.1;10.6;0.1;2.0;0.1;0.8;0.8;0.1;0.8;16;0.0;38;-0.22;19;0.1;0;1423
Filippo Basile;D (C);21;Unknown;Serie BKT;Italy;3.5;9.8;13%;0.1;0%;0;0.0;0.2;0.1;87%;5.6;0;1.4;2.6;0.8;0.4;0.1;0.1;0;46.6;2.5;3.2;0.2;0.0;16;0.0;0.4;1.5;0.6;0.0;9.4;0.0;6.5;0.0;0.0;4.8;0.0;0.0;0;1.2;74;-1.81;20;0.0;0;3299
Tobías Reinhart;DM, M (C);28;Unknown;Serie BKT;Italy;2.3;12.6;50%;0.1;17%;0;0.0;0.9;0.1;92%;8.4;0;0.7;4.4;0.9;0.8;0.1;0.2;0;36.6;3.9;8.0;1.7;0.2;21;0.0;0.5;0.0;0.5;0.1;8.0;0.0;0.9;0.1;0.2;0.4;0.3;5.5;15;0.0;50;0.74;24;0.0;0;2324
Simone D'Uffizi;AM (RL);23;Unknown;Serie BKT;Italy;2.4;5.5;33%;0.0;7%;0;0.0;1.5;0.1;88%;13.0;0;0.6;9.2;1.8;1.3;0.4;0.6;0;42.7;3.1;14.2;1.5;3.1;38;0.7;2.0;0.0;0.2;0.1;11.5;0.2;5.0;0.2;3.3;2.1;0.1;3.3;21;0.1;41;-2.61;47;0.2;0;2671
Iván Esculino;D (C);23;Unknown;Serie BKT;Italy;2.8;12.0;17%;0.2;0%;0;0.0;0.1;0.0;89%;4.7;0;1.0;2.4;0.7;0.5;0.1;0.1;0;41.5;1.9;3.4;0.1;0.1;17;0.0;0.3;1.1;0.8;0.0;9.7;0.1;5.6;0.0;0.1;4.0;0.0;0.1;0;1.2;71;-1.85;20;0.1;0;3330
Gianmarco Vannucchi;GK;32;Not for Sale;Serie BKT;Italy;0.0;3.1;0%;0.0;0%;71;-0.2;0.0;0.0;76%;7.9;-9.42;3.4;0.0;0.0;0.0;0.0;0.0;89;24.2;0.0;0.0;0.0;0.0;0;0.0;0.0;0.0;0.0;0.0;5.3;0.0;0.0;0.0;0.0;0.0;0.0;0.0;0;0.0;0;0;8;0.0;55;3510
Alessandro Luchetti;D (C), DM;21;Unknown;Serie BKT;Italy;3.1;8.3;0%;0.1;0%;0;0.0;0.2;0.1;85%;6.6;0;1.4;2.9;1.0;0.6;0.0;0.0;0;47.9;2.4;2.7;0.2;0.0;8;0.0;0.3;0.3;0.4;0.0;10.0;0.0;6.5;0.1;0.0;4.7;0.1;0.0;0;1.4;73;-0.43;10;0.0;0;1309
Achraf el Bouchataoui;DM, M/AM (C);28;Unknown;Serie BKT;Italy;1.2;8.0;40%;0.0;5%;0;0.0;1.4;0.1;87%;22.1;0;0.5;5.0;1.3;0.8;0.4;0.5;0;42.1;2.5;10.1;2.5;0.9;27;0.1;1.2;0.0;0.2;0.1;11.8;0.2;3.1;0.1;1.2;0.7;0.1;4.3;11;0.1;21;-4.26;35;0.2;0;3181
Herculano Nabian;ST (C);24;Unknown;Serie BKT;Italy;0.8;1.9;61%;0.0;18%;0;0.0;0.8;0.1;88%;16.3;0;0.1;1.3;0.4;0.1;1.3;2.5;0;25.3;0.6;7.2;0.8;0.7;3;0.2;4.1;0.0;0.2;0.7;10.3;0.4;7.6;0.1;0.4;1.9;0.1;0.4;50;0.0;25;10.65;4;0.4;0;3046
Lorenzo Dickmann;D/WB/M (R);31;Unknown;Serie BKT;Italy;3.4;9.8;12%;0.0;0%;0;0.0;1.1;0.4;84%;12.8;0;0.7;9.7;2.0;2.2;0.3;0.1;0;45.4;6.4;11.8;1.1;2.6;49;0.1;0.8;0.3;0.5;0.0;10.7;0.1;2.6;0.1;2.1;1.3;0.1;2.1;6;0.0;52;-1.94;57;0.1;0;1963
Tyronne Ebuehi;D/WB/M (R);32;Unknown;Serie BKT;Italy;4.0;10.8;17%;0.2;4%;0;0.0;0.8;0.1;86%;15.5;0;1.2;7.2;1.6;2.0;0.3;0.1;0;55.8;7.1;15.1;0.8;0.8;67;0.2;0.7;0.5;0.7;0.0;11.2;0.1;4.0;0.1;1.4;2.3;0.0;1.4;15;0.3;57;-3.03;73;0.1;0;2988
Pedro Mendes;ST (C);28;Unknown;Serie A;Italy;0.8;0.9;48%;0.0;11%;0;0.0;1.1;0.1;90%;30.6;0;0.3;1.7;0.6;0.1;0.9;1.3;0;27.3;0.9;7.8;1.1;0.7;3;0.1;2.7;0.0;0.1;0.3;9.9;0.3;7.1;0.1;0.4;2.9;0.0;0.4;16;0.0;41;-1.25;8;0.3;0;3063
Davide Balestrero;DM, M/AM (C);32;Unknown;Serie A;Italy;0.0;8.8;42%;0.0;0%;0;0.0;0.2;0.3;96%;18.5;0;0.0;0.3;0.0;0.0;0.2;0.2;0;1.3;0.1;0.3;0.3;0.1;0;0.0;0.6;0.0;0.0;0.0;0.4;0.1;0.2;0.1;0.0;0.0;0.1;0.0;0;0.0;0;-1.27;0;0.1;0;1944
Pietro Comi;D (C), DM;22;Unknown;Serie BKT;Italy;2.7;11.7;20%;0.1;0%;0;0.0;0.3;0.0;94%;5.4;0;1.0;3.2;0.9;0.7;0.1;0.1;0;42.3;2.1;5.3;0.3;0.0;14;0.0;0.5;0.7;0.6;0.0;10.3;0.0;3.1;0.0;0.0;1.6;0.0;0.0;100;0.3;51;-0.67;15;0.0;0;1819
Pietro Ceccaroni;D (LC);32;Unknown;Serie BKT;Italy;2.4;16.3;14%;0.2;0%;0;0.0;0.2;0.1;90%;6.2;0;1.0;3.3;1.2;0.8;0.1;0.0;0;44.2;3.3;6.4;0.2;0.2;33;0.1;0.2;0.6;0.7;0.0;10.2;0.0;5.4;0.0;0.5;3.6;0.0;0.5;26;0.7;67;-1.56;49;0.0;0;3510
Seid Korać;D (RC);26;Unknown;Serie BKT;Italy;3.5;10.0;14%;0.1;0%;0;0.0;0.1;0.0;90%;5.6;0;1.0;2.6;0.8;0.4;0.0;0.0;0;40.7;1.8;4.0;0.1;0.0;16;0.0;0.2;0.8;0.7;0.0;10.5;0.0;5.4;0.0;0.0;3.4;0.0;0.0;0;1.4;64;-0.7;20;0.0;0;3242
Emmanuel Gyasi;WB/M (R), AM (RL), ST (C);34;Unknown;Serie BKT;Italy;2.1;5.5;37%;0.0;16%;0;0.0;1.4;0.4;88%;17.5;0;0.3;10.6;2.2;2.0;0.3;0.4;0;43.5;3.9;13.1;1.4;3.2;75;0.9;1.1;0.0;0.5;0.2;11.4;0.2;3.4;0.2;3.1;1.3;0.2;3.1;27;0.1;37;0.94;104;0.2;0;3444
Gianluca D'Auria;AM (RL), ST (C);31;Unknown;Serie BKT;Italy;1.9;3.6;28%;0.0;6%;0;0.0;2.0;0.1;89%;23.1;0;0.6;8.7;2.1;1.4;0.4;0.3;0;43.0;3.7;11.4;2.0;3.1;43;0.4;1.2;0.0;0.2;0.1;10.9;0.1;3.9;0.1;2.6;1.5;0.1;4.1;18;0.1;38;-1.89;50;0.1;0;2669
Andrea Trainotti;D (C);34;Unknown;Serie BKT;Italy;3.8;10.9;20%;0.2;10%;0;0.0;0.4;0.0;88%;4.2;0;1.2;2.1;0.7;0.3;0.1;0.1;0;44.2;2.8;2.9;0.4;0.0;11;0.0;0.3;0.8;0.8;0.0;9.5;0.0;6.9;0.0;0.1;4.9;0.0;0.1;0;0.8;72;0.26;16;0.0;0;3090
Andrea Fulignati;GK;33;Unknown;Serie BKT;Italy;0.0;5.0;0%;0.0;0%;78;0.3;0.0;0.0;86%;6.8;11.49;2.8;0.0;0.0;0.0;0.0;0.0;88;24.1;0.0;0.0;0.0;0.0;1;0.0;0.0;0.0;0.0;0.0;5.4;0.0;0.0;0.0;0.0;0.0;0.0;0.0;0;0.0;0;0;4;0.0;33;3600
Andrija Novaković;ST (C);31;Not for Sale;Serie BKT;Italy;0.5;2.3;51%;0.0;15%;0;0.0;1.1;0.1;88%;19.3;0;0.2;1.9;0.8;0.1;0.8;1.2;0;31.7;0.8;8.1;1.1;0.4;5;0.1;2.5;0.0;0.1;0.4;10.3;0.3;6.9;0.1;0.5;3.0;0.1;0.5;16;0.2;44;4.23;8;0.3;0;3314
Adrian Šemper;GK;30;Unknown;Serie A;Italy;0.0;1.9;0%;0.0;0%;72;0.1;0.0;0.0;80%;9.6;1.92;3.3;0.0;0.0;0.0;0.0;0.0;87;24.1;0.0;0.0;0.0;0.0;1;0.0;0.0;0.0;0.0;0.0;5.4;0.0;0.0;0.0;0.0;0.0;0.0;0.0;0;0.0;0;0;4;0.0;53;3420
Giacomo Maucci;DM, M (C);21;Unknown;Serie BKT;Italy;2.8;11.2;0%;0.1;0%;0;0.0;0.5;0.2;85%;8.0;0;0.7;6.3;1.5;0.8;0.1;0.0;0;52.6;3.1;8.3;0.5;0.3;16;0.0;0.1;0.0;0.4;0.0;11.3;0.0;1.7;0.2;0.1;0.9;0.1;0.1;0;0.0;57;-0.32;23;0.0;0;1897
Sebastiano Luperto;D (C);31;Not for Sale;Serie BKT;Italy;3.0;18.9;29%;0.0;14%;0;0.0;0.2;0.1;96%;2.6;0;0.9;2.0;0.7;0.5;0.3;0.1;0;44.7;2.5;4.2;0.2;0.0;14;0.0;0.5;0.6;0.6;0.1;10.0;0.0;5.4;0.1;0.0;4.4;0.0;0.0;0;0.8;80;0.46;18;0.0;0;2789
Guido Gomez;ST (C);34;Unknown;Serie BKT;Italy;0.7;0.7;52%;0.0;17%;0;0.0;0.7;0.1;88%;22.0;0;0.3;1.1;0.4;0.2;1.0;1.6;0;27.6;0.4;4.9;0.7;0.3;3;0.1;3.2;0.0;0.0;0.5;9.7;0.3;8.7;0.0;0.3;1.1;0.0;0.3;20;0.1;13;3.17;3;0.3;0;1364
Fabiano Souza;D/WB (R);28;Unknown;Serie BKT;Italy;3.4;12.7;10%;0.1;3%;0;0.0;0.9;0.2;88%;14.6;0;0.9;7.0;2.2;1.8;0.3;0.1;0;49.7;6.5;16.2;0.9;1.1;64;0.4;0.8;0.3;0.4;0.0;11.4;0.1;3.8;0.1;1.7;1.6;0.1;1.7;21;0.3;42;-1.72;77;0.1;0;3215
Junior Onana;D (C), DM, M (C);28;€130K;Serie A;Italy;1.8;7.8;0%;0.0;0%;0;0.0;0.5;0.0;92%;10.5;0;0.6;5.2;1.3;0.8;0.0;0.0;0;43.0;4.1;9.7;0.5;0.2;10;0.0;0.0;0.1;0.7;0.0;9.2;0.0;2.1;0.1;0.0;1.4;0.0;0.0;0;0.3;64;0;12;0.0;0;1176
Davide Biraschi;D (RC);33;Unknown;Serie BKT;Italy;3.0;10.4;6%;0.1;0%;0;0.0;0.1;0.1;91%;5.6;0;1.2;2.5;0.5;0.5;0.3;0.0;0;41.5;1.8;4.4;0.1;0.0;15;0.0;0.6;0.7;0.7;0.0;9.4;0.1;5.5;0.0;0.0;3.7;0.0;0.0;100;0.8;66;-2.26;17;0.1;0;2839
Stefano Gori;GK;32;Unknown;Serie A;Italy;0.0;1.7;0%;0.0;0%;76;0.3;0.0;0.0;72%;9.3;13.17;3.3;0.0;0.0;0.0;0.0;0.0;87;23.6;0.0;0.0;0.0;0.0;1;0.0;0.0;0.0;0.0;0.0;5.1;0.0;0.0;0.0;0.0;0.0;0.0;0.0;0;0.0;0;0;4;0.0;64;3420
Alberto Cerri;ST (C);32;Unknown;Serie BKT;Italy;0.7;2.4;40%;0.0;16%;0;0.0;1.0;0.2;90%;13.7;0;0.3;1.7;0.7;0.2;0.8;0.9;0;31.8;0.8;7.7;1.0;0.4;4;0.2;2.4;0.0;0.1;0.4;10.1;0.2;8.3;0.0;0.5;4.2;0.1;0.5;33;0.1;51;5.21;11;0.2;0;2397
Mislav Oršić;M/AM (L), ST (C);35;€325K - €1.1M;Serie A;Italy;1.4;2.8;21%;0.0;3%;0;0.0;1.6;0.1;87%;21.9;0;0.4;8.1;2.0;1.4;0.5;0.3;0;41.2;2.9;11.6;2.5;2.6;36;1.3;1.5;0.0;0.2;0.0;11.2;0.2;5.5;0.1;3.3;0.8;0.0;12.2;23;0.1;15;-3.07;47;0.2;0;2320
Augusto Bando;DM, M (C);21;Unknown;Serie BKT;Italy;2.9;16.0;23%;0.0;15%;0;0.0;0.8;0.3;92%;5.7;0;0.7;5.8;1.6;0.8;0.2;0.1;0;50.7;5.5;10.5;2.4;0.1;18;0.0;0.5;0.2;0.4;0.1;11.9;0.1;1.8;0.1;0.1;1.0;0.0;5.8;17;0.1;56;-0.82;31;0.1;0;2134
Cedric Gondo;ST (C);31;Not for Sale;Serie BKT;Italy;0.8;3.5;51%;0.0;18%;0;0.0;0.9;0.2;89%;17.3;0;0.4;3.0;0.7;0.4;0.7;1.3;0;29.4;1.2;9.1;0.9;1.1;14;0.2;2.5;0.0;0.2;0.4;10.4;0.3;7.4;0.1;1.1;2.4;0.1;1.1;22;0.1;33;5.76;18;0.3;0;3251
Giovanni Zaro;D (C);34;Unknown;Serie BKT;Italy;2.7;16.1;11%;0.1;7%;0;0.0;0.1;0.1;89%;2.6;0;1.1;3.1;1.0;0.5;0.2;0.1;0;40.8;1.8;3.1;0.1;0.1;19;0.0;0.7;0.5;0.6;0.0;9.6;0.1;4.9;0.0;0.0;3.5;0.0;0.0;0;1.3;71;-0.43;30;0.1;0;3642
Alberto Spagnoli;ST (C);33;€50K;Serie A;Italy;1.0;0.6;37%;0.0;13%;0;0.0;0.9;0.0;91%;24.1;0;0.2;1.3;0.2;0.0;1.1;1.0;0;26.9;0.6;5.0;0.9;0.7;0;0.0;2.7;0.0;0.2;0.4;9.8;0.2;9.5;0.0;0.2;4.3;0.0;0.2;0;0.0;45;1.95;0;0.2;0;1004
Davide Di Molfetta;M (C), AM (RLC);31;€130K;Serie A;Italy;0.7;5.6;60%;0.0;40%;0;0.0;0.6;0.3;89%;21.6;0;0.1;2.5;0.9;0.5;0.1;0.2;0;12.0;1.3;3.5;0.7;1.4;7;0.1;0.4;0.0;0.0;0.1;3.2;0.0;1.0;0.0;0.9;0.1;0.1;0.9;16;0.0;7;1.59;12;0.0;0;1248
Luca Villa;D/WB (L);28;Unknown;Serie A;Italy;2.9;7.6;33%;0.1;33%;0;0.0;1.0;0.1;88%;15.6;0;1.2;6.6;2.1;1.6;0.1;0.0;0;56.2;6.9;17.8;1.0;1.1;56;0.4;0.1;1.1;0.5;0.0;12.2;0.0;3.4;0.0;2.6;1.9;0.0;2.6;15;0.2;56;0.81;77;0.0;0;3061
Daniele Montevago;ST (C);25;Unknown;Serie BKT;Italy;0.4;1.6;53%;0.0;15%;0;0.0;0.9;0.1;88%;20.3;0;0.0;1.8;0.8;0.4;0.6;1.1;0;29.7;0.7;8.3;0.9;0.3;14;0.1;2.0;0.0;0.1;0.3;10.4;0.2;8.1;0.0;0.4;3.4;0.1;0.4;29;0.1;42;3.61;22;0.2;0;3510
Elia Summa;GK;25;Unknown;Serie BKT;Italy;0.0;5.4;0%;0.0;0%;74;0.3;0.0;0.0;82%;6.2;12.06;3.7;0.0;0.0;0.0;0.0;0.0;87;24.9;0.0;0.0;0.0;0.0;0;0.0;0.0;0.0;0.0;0.0;5.3;0.0;0.0;0.0;0.0;0.0;0.0;0.0;0;0.0;0;0;2;0.0;37;3284
Dennis Johnsen;M (RL), AM (RLC);30;Unknown;Serie BKT;Italy;2.3;4.0;52%;0.1;12%;0;0.0;1.8;0.3;90%;16.9;0;0.6;8.9;1.6;1.2;0.8;0.9;0;43.7;3.7;13.0;2.1;4.6;39;0.2;1.8;0.0;0.2;0.2;11.5;0.2;3.1;0.1;1.5;0.7;0.1;1.5;16;0.0;23;0.56;47;0.2;0;2981
Kevin Gorica;M/AM (C), ST (C);21;Unknown;Serie BKT;Italy;1.2;7.4;23%;0.0;14%;0;0.0;1.4;0.2;89%;25.4;0;0.3;3.5;1.0;0.5;0.4;0.2;0;41.9;1.7;9.3;1.4;0.7;11;0.1;1.0;0.0;0.1;0.1;11.3;0.1;4.2;0.1;0.6;0.6;0.1;0.6;15;0.0;13;0.74;16;0.1;0;1955
Pietro Saio;D (C);24;Unknown;Serie BKT;Italy;2.8;11.0;33%;0.1;0%;0;0.0;0.1;0.1;89%;3.7;0;0.7;2.5;0.8;0.5;0.2;0.2;0;41.2;2.1;4.1;0.1;0.1;19;0.0;0.6;0.7;0.8;0.0;10.2;0.1;4.7;0.0;0.0;3.5;0.0;0.0;0;1.4;75;-3.98;23;0.1;0;3353
Salvatore Di Mitri;ST (C);21;Unknown;Serie BKT;Italy;0.9;1.8;48%;0.0;12%;0;0.0;1.0;0.1;89%;17.3;0;0.2;1.2;0.3;0.1;1.9;3.0;0;26.5;0.7;5.4;1.0;0.8;1;0.0;6.4;0.0;0.2;0.8;10.4;0.6;6.9;0.0;0.1;1.9;0.1;0.1;0;0.0;27;2.23;1;0.6;0;1160
Matteo Guidi;D (C), WB (R), DM, M (RC);24;Unknown;Serie BKT;Italy;1.9;12.7;22%;0.0;0%;0;0.0;0.3;0.4;92%;5.4;0;0.5;5.1;1.6;1.2;0.2;0.1;0;49.8;3.9;9.1;0.3;0.3;23;0.1;0.5;0.4;0.3;0.0;11.0;0.1;2.7;0.1;0.2;1.3;0.1;0.2;33;0.3;48;-0.98;29;0.1;0;1673
Ebrima Darboe;DM, M (C);26;Unknown;Serie BKT;Italy;2.5;8.6;29%;0.0;14%;0;0.0;0.9;0.2;92%;7.8;0;0.7;5.8;1.6;1.0;0.1;0.1;0;51.1;5.6;11.5;0.9;0.1;33;0.0;0.2;0.2;0.7;0.0;11.3;0.0;1.8;0.1;0.1;0.9;0.1;0.1;50;0.1;51;0.35;39;0.0;0;2880
Gady Beyuku;D (RC), WB/M (R);22;Unknown;Serie A;Italy;3.3;5.5;0%;0.2;0%;0;0.0;0.9;0.0;84%;21.4;0;1.1;9.7;2.4;2.2;0.0;0.0;0;46.2;5.3;21.3;0.9;2.4;29;1.1;0.1;0.5;0.9;0.0;12.7;0.0;4.5;0.0;6.4;2.8;0.0;6.4;16;0.4;63;-0.24;39;0.0;0;1184
Franco Cervi;WB/M/AM (L);34;Unknown;Serie BKT;Italy;2.6;6.4;21%;0.0;8%;0;0.0;1.2;0.7;87%;20.5;0;0.9;9.2;2.0;1.2;0.4;0.3;0;43.7;2.9;14.2;1.7;3.4;32;1.0;1.5;0.0;0.6;0.1;11.9;0.2;4.3;0.5;3.6;0.8;0.4;9.1;22;0.2;19;-1.64;49;0.2;0;2325
Salim Diakité;D (RC), WB (R);28;Unknown;Serie BKT;Italy;3.0;12.5;27%;0.2;0%;0;0.0;1.2;0.1;89%;13.6;0;0.9;7.6;1.8;2.0;0.1;0.1;0;51.9;6.6;16.5;1.2;0.9;72;0.2;0.4;0.5;0.6;0.0;11.8;0.1;4.8;0.1;1.4;3.6;0.1;1.4;15;0.4;74;-1.89;92;0.1;0;3212
Simone Tronchin;DM, M (RC);25;Unknown;Serie BKT;Italy;2.3;14.3;20%;0.1;0%;0;0.0;0.9;0.3;92%;6.6;0;0.6;5.9;1.6;1.0;0.1;0.1;0;50.4;5.8;11.0;0.9;0.2;40;0.0;0.4;0.4;0.5;0.0;11.2;0.0;2.2;0.1;0.1;0.9;0.2;0.1;50;0.2;40;-1.12;51;0.0;0;3454
Tommaso Fumagalli;AM (RLC), ST (C);28;Unknown;Serie A;Italy;0.4;1.4;41%;0.0;12%;0;0.0;1.3;0.0;86%;24.5;0;0.1;1.9;0.7;0.3;0.5;0.7;0;26.7;1.1;6.4;1.3;0.5;7;0.2;1.6;0.0;0.0;0.2;10.5;0.2;8.0;0.0;0.7;2.9;0.0;0.7;35;0.1;36;-0.14;10;0.2;0;1870
Luca Bacchin;AM (RLC), ST (C);24;Unknown;Serie BKT;Italy;0.8;1.5;40%;0.0;18%;0;0.0;0.9;0.1;88%;20.4;0;0.3;1.3;0.8;0.1;0.6;0.6;0;29.0;0.6;5.2;0.9;0.9;4;0.1;1.4;0.0;0.1;0.3;10.2;0.2;7.0;0.1;0.4;1.1;0.0;0.4;36;0.1;15;2.72;8;0.2;0;2499
Iwo Kaczmarski;DM, M/AM (C);24;Unknown;Serie BKT;Italy;0.8;13.9;29%;0.0;21%;0;0.0;0.7;0.3;92%;12.3;0;0.6;2.4;0.4;0.1;0.2;0.2;0;20.5;2.1;4.4;0.7;0.1;2;0.0;0.7;0.1;0.3;0.1;4.6;0.0;1.0;0.1;0.0;0.7;0.2;0.0;0;0.2;67;2.03;8;0.0;0;1918
Morten Thorsby;DM, M/AM (C);32;Not for Sale;Serie BKT;Italy;1.5;14.6;34%;0.1;6%;0;0.0;0.3;0.1;92%;11.4;0;0.3;3.3;0.9;0.8;0.3;0.3;0;27.3;2.2;6.0;0.3;0.1;32;0.0;0.8;0.0;0.4;0.1;5.9;0.1;1.8;0.1;0.1;1.0;0.1;0.1;50;0.2;54;-0.83;37;0.1;0;3592
Angelo Talia;DM, M (RC), AM (R);25;Unknown;Serie BKT;Italy;2.4;14.4;7%;0.1;0%;0;0.0;1.2;0.2;92%;6.6;0;0.9;6.0;1.8;1.0;0.1;0.0;0;52.0;5.7;9.7;1.2;0.2;37;0.1;0.4;0.1;0.4;0.0;11.4;0.0;1.7;0.2;0.2;1.0;0.2;0.2;33;0.2;60;-1.65;56;0.0;0;3245
Marco Nasti;ST (C);24;Unknown;Serie BKT;Italy;0.6;2.2;61%;0.0;11%;0;0.0;1.0;0.0;87%;16.9;0;0.1;1.4;0.5;0.2;1.3;3.5;0;26.1;0.9;7.5;1.0;0.7;2;0.2;5.7;0.0;0.1;0.6;10.0;0.6;7.6;0.0;0.2;2.1;0.0;0.2;100;0.0;27;0.4;3;0.6;0;1003
Giuseppe Sibilli;AM (RL), ST (C);31;Unknown;Serie BKT;Italy;0.4;1.0;36%;0.0;18%;0;0.0;0.6;0.2;88%;27.0;0;0.2;1.3;0.7;0.2;0.6;0.8;0;26.5;0.6;7.2;0.6;0.3;3;0.2;2.2;0.0;0.2;0.4;10.0;0.2;7.4;0.1;0.3;1.0;0.0;0.3;50;0.1;14;2.73;4;0.2;0;1126
Lorenzo Lucchesi;D (C);25;Unknown;Serie A;Italy;2.3;9.6;0%;0.1;0%;0;0.0;0.1;0.0;93%;3.5;0;1.2;2.9;1.0;0.6;0.1;0.0;0;41.2;2.3;3.6;0.1;0.1;17;0.0;0.2;0.7;0.8;0.0;10.3;0.0;5.6;0.0;0.1;3.7;0.0;0.1;0;0.9;66;-0.88;22;0.0;0;2430
Francesco Ruocco;AM (RLC), ST (C);27;Unknown;Serie BKT;Italy;1.3;6.7;33%;0.0;13%;0;0.0;1.3;0.2;90%;25.9;0;0.4;5.6;1.2;0.5;0.8;0.8;0;41.2;2.0;9.8;1.3;1.5;13;0.4;2.3;0.0;0.4;0.3;11.6;0.2;3.0;0.1;1.2;0.5;0.0;3.6;18;0.0;16;1.99;18;0.2;0;2300
Giacomo Benedetti;M (LC), AM (C);29;Unknown;Serie BKT;Italy;0.0;9.8;45%;0.0;23%;0;0.0;0.1;0.1;0%;15.6;0;0.0;0.0;0.0;0.0;0.3;0.3;0;0.0;0.0;0.0;1.5;0.0;0;0.0;0.7;0.0;0.0;0.2;0.0;0.1;0.0;0.1;0.0;0.0;0.1;4.7;15;0.0;0;2.51;0;0.1;0;2949
Francesco Petito;AM (L), ST (C);25;Unknown;Serie BKT;Italy;1.3;3.4;35%;0.1;9%;0;0.0;1.4;0.3;89%;20.0;0;0.3;7.7;2.0;1.5;0.5;0.6;0;43.0;3.0;12.9;1.4;3.4;40;0.6;1.6;0.0;0.2;0.1;11.0;0.2;6.1;0.2;3.4;2.1;0.0;3.4;18;0.0;34;-1.83;41;0.2;0;2430
Samuele Vitale;GK;25;Unknown;Serie BKT;Italy;0.0;3.9;0%;0.0;0%;72;0.0;0.1;0.0;78%;8.1;1.04;4.2;0.0;0.0;0.1;0.0;0.0;89;24.4;0.0;0.0;0.1;0.0;2;0.0;0.0;0.0;0.0;0.0;5.6;0.0;0.0;0.0;0.0;0.0;0.0;0.0;0;0.0;0;0;7;0.0;47;2986
Alessandro Vimercati;D (LC);25;Unknown;Serie BKT;Italy;3.5;14.7;20%;0.1;0%;0;0.0;0.2;0.0;90%;3.8;0;1.3;2.5;0.7;0.5;0.1;0.0;0;40.7;2.0;3.4;0.2;0.0;14;0.0;0.2;0.8;0.7;0.0;9.6;0.0;4.7;0.0;0.0;2.8;0.0;0.0;100;0.8;60;-0.21;18;0.0;0;2659
Simone Trimboli;DM, M (C);26;Unknown;Serie BKT;Italy;2.2;14.1;46%;0.1;8%;0;0.0;1.0;0.3;93%;6.0;0;0.9;5.6;1.3;0.9;0.2;0.3;0;52.6;5.9;11.8;1.0;0.2;36;0.0;0.6;0.1;0.6;0.0;11.5;0.1;1.8;0.3;0.0;0.6;0.2;0.4;11;0.1;32;-2.08;47;0.1;0;3627
Alessandro Tozzuolo;D (C);25;Unknown;Serie BKT;Italy;2.6;12.1;16%;0.1;8%;0;0.0;0.1;0.1;92%;4.4;0;1.2;2.6;0.8;0.3;0.4;0.1;0;42.2;2.1;4.6;0.1;0.0;12;0.0;0.7;0.9;0.6;0.1;9.8;0.1;5.4;0.0;0.1;3.1;0.0;0.1;0;0.9;57;-1.01;23;0.1;0;3420
Jonathan Spedalieri;D (C);26;Unknown;Serie BKT;Italy;2.8;10.4;9%;0.1;0%;0;0.0;0.1;0.1;90%;4.7;0;1.0;2.5;0.6;0.3;0.2;0.1;0;40.6;1.8;3.2;0.1;0.0;11;0.0;0.6;0.7;0.9;0.0;9.7;0.0;5.4;0.0;0.0;4.4;0.0;0.0;0;1.1;83;-1.83;16;0.0;0;3357
Filippo Rinaldi;GK;25;Unknown;Serie BKT;Italy;0.0;2.6;0%;0.0;0%;71;-0.1;0.0;0.0;73%;9.5;-3.23;3.4;0.0;0.0;0.0;0.0;0.0;89;23.8;0.0;0.0;0.0;0.0;1;0.0;0.0;0.0;0.0;0.0;5.6;0.0;0.0;0.0;0.0;0.0;0.0;0.0;0;0.0;0;0;5;0.0;38;3330
Stefano Piccinini;D (C);25;Unknown;Serie BKT;Italy;2.5;11.0;0%;0.1;0%;0;0.0;0.2;0.0;93%;4.0;0;0.9;3.6;1.1;0.8;0.0;0.0;0;42.1;2.3;4.9;0.2;0.2;10;0.0;0.2;0.6;0.5;0.0;10.6;0.0;3.5;0.1;0.0;2.0;0.1;0.0;0;0.4;59;-0.49;10;0.0;0;1188
Andrea Papetti;D (C);25;Unknown;Serie BKT;Italy;2.6;19.1;15%;0.0;0%;0;0.0;0.1;0.2;88%;2.1;0;1.0;2.7;0.8;0.4;0.2;0.1;0;41.2;1.6;3.9;0.1;0.0;15;0.0;0.7;0.9;0.6;0.0;10.1;0.1;5.6;0.0;0.1;3.9;0.0;0.1;0;1.0;69;-3.59;17;0.1;0;3510
Flavio Paoletti;DM, M/AM (C);25;Unknown;Serie BKT;Italy;2.8;10.4;9%;0.1;0%;0;0.0;1.0;0.3;90%;7.7;0;0.7;5.7;1.9;1.2;0.1;0.0;0;50.2;5.8;11.4;1.0;0.1;44;0.0;0.3;0.2;0.5;0.0;11.6;0.0;1.9;0.1;0.3;0.9;0.1;0.9;5;0.2;45;-1.88;57;0.0;0;3385
Aleksander Buksa;AM (RC), ST (C);25;Unknown;Serie BKT;Italy;0.8;0.9;43%;0.0;9%;0;0.0;0.8;0.1;89%;24.6;0;0.4;1.7;0.4;0.2;1.1;1.4;0;25.0;0.7;5.5;0.8;0.8;5;0.0;3.2;0.0;0.1;0.3;10.3;0.3;7.4;0.1;0.4;2.3;0.1;0.4;10;0.0;32;-1.47;6;0.3;0;2437
Eddy Cabianca;D (RLC), WB (R);25;Unknown;Serie BKT;Italy;3.3;10.2;23%;0.0;0%;0;0.0;1.0;0.1;87%;17.2;0;1.1;7.4;1.8;1.9;0.1;0.1;0;52.3;6.4;17.5;1.0;1.0;65;0.8;0.4;0.3;0.5;0.0;11.9;0.0;5.0;0.1;3.7;3.5;0.1;3.7;22;0.7;70;-1.5;78;0.0;0;3145
Radosław Żelezny;GK;21;Unknown;Serie BKT;Italy;0.0;1.7;0%;0.0;0%;64;-0.5;0.1;0.0;71%;10.6;-18.74;5.1;0.0;0.0;0.0;0.0;0.0;89;25.9;0.0;0.0;0.1;0.0;1;0.0;0.0;0.0;0.0;0.0;5.5;0.0;0.0;0.0;0.0;0.0;0.0;0.0;0;0.0;0;0;7;0.0;71;3600
Simone Lottici Tessadri;DM, M (C);21;Unknown;Serie BKT;Italy;2.4;11.4;27%;0.0;0%;0;0.0;0.8;0.3;88%;9.8;0;1.1;5.5;1.3;0.7;0.3;0.2;0;43.6;3.5;8.3;0.8;0.3;11;0.0;0.7;0.0;0.3;0.0;10.5;0.0;3.3;0.1;0.2;1.8;0.3;0.2;0;0.4;53;-0.72;14;0.0;0;1427
Antonio Prisco;DM, M (C);24;Unknown;Serie BKT;Italy;2.7;10.6;27%;0.1;18%;0;0.0;0.8;0.3;92%;8.1;0;0.8;5.8;1.5;0.8;0.1;0.1;0;52.3;5.9;10.5;1.3;0.6;23;0.1;0.4;0.3;0.4;0.1;11.2;0.1;2.0;0.2;0.3;0.6;0.1;6.9;16;0.0;28;0.36;40;0.1;0;2447
Fallou Cham;D (RL), WB (R);22;Unknown;Serie BKT;Italy;2.9;8.7;12%;0.2;12%;0;0.0;1.0;0.1;84%;15.9;0;1.3;5.6;1.6;1.3;0.2;0.1;0;53.0;7.2;13.3;1.0;0.8;34;0.2;0.7;0.7;0.7;0.1;11.4;0.1;5.0;0.0;1.6;3.0;0.0;1.6;14;0.2;60;-0.39;44;0.1;0;2340
Joël Schingtienne;D (C);25;Unknown;Serie BKT;Italy;2.5;10.1;14%;0.1;0%;0;0.0;0.2;0.1;91%;5.1;0;1.0;2.9;1.1;0.6;0.1;0.1;0;41.4;2.2;2.8;0.2;0.1;24;0.0;0.5;0.6;0.7;0.0;9.8;0.0;5.8;0.0;0.1;4.5;0.0;0.1;0;1.0;77;-1.68;32;0.0;0;3690
Rémi Oudin;DM, M (C), AM (RC);31;Unknown;Serie BKT;Italy;1.5;11.0;30%;0.0;7%;0;0.0;1.9;0.3;88%;17.5;0;0.3;5.1;1.3;0.6;0.6;0.4;0;40.3;2.9;10.2;2.0;1.3;20;0.1;1.4;0.0;0.3;0.1;11.9;0.2;3.2;0.1;1.0;1.5;0.1;2.1;13;0.0;46;-3.06;26;0.2;0;2840
Giulio Doratiotto;DM, M (C);24;Unknown;Serie BKT;Italy;2.8;8.9;18%;0.1;0%;0;0.0;0.8;0.3;91%;9.2;0;1.0;5.2;1.1;0.6;0.1;0.1;0;60.1;5.7;9.3;1.0;0.3;20;0.0;0.5;0.2;0.6;0.0;11.7;0.0;2.4;0.2;0.0;1.4;0.1;0.5;22;0.2;58;-1.61;26;0.0;0;3004
Marius Adamonis;GK;31;Not for Sale;Serie BKT;Italy;0.0;4.0;0%;0.0;0%;70;0.3;0.0;0.0;79%;7.2;11.51;2.8;0.0;0.0;0.0;0.0;0.0;88;25.3;0.0;0.0;0.0;0.0;1;0.0;0.0;0.0;0.0;0.0;5.4;0.0;0.0;0.0;0.0;0.0;0.0;0.0;0;0.0;0;0;4;0.0;43;3330
Riccardo Fogliata;DM, M/AM (C);24;Unknown;Serie A;Italy;0.2;8.1;0%;0.0;0%;0;0.0;0.4;0.1;86%;16.4;0;0.1;0.8;0.3;0.2;0.0;0.0;0;4.6;0.6;1.3;0.4;0.0;4;0.0;0.2;0.0;0.0;0.0;1.4;0.0;0.3;0.1;0.1;0.2;0.1;0.1;0;0.0;44;-0.5;6;0.0;0;2323
Luca Sonzogni;GK;23;Unknown;Serie BKT;Italy;0.0;3.3;0%;0.0;0%;67;-0.1;0.0;0.0;75%;10.3;-4.19;3.5;0.0;0.0;0.0;0.0;0.0;88;25.0;0.0;0.0;0.0;0.0;0;0.0;0.0;0.0;0.0;0.0;5.7;0.0;0.0;0.0;0.0;0.0;0.0;0.0;0;0.0;0;0;3;0.0;58;3690
Nicolò Contiliano;DM, M (C);23;Unknown;Serie A;Italy;2.3;8.1;17%;0.1;8%;0;0.0;0.6;0.3;90%;11.4;0;0.7;5.3;1.3;0.9;0.1;0.1;0;41.8;4.6;8.3;0.6;0.1;30;0.0;0.4;0.2;0.4;0.0;9.1;0.0;1.3;0.1;0.0;0.7;0.0;0.0;0;0.2;55;-0.31;34;0.0;0;2991
Simone Giorgeschi;D (LC);23;Unknown;Serie BKT;Italy;2.9;10.3;20%;0.1;20%;0;0.0;0.2;0.0;92%;4.8;0;1.0;2.3;0.8;0.7;0.1;0.0;0;40.6;2.2;3.4;0.2;0.1;16;0.0;0.2;0.3;0.9;0.0;9.9;0.0;3.9;0.0;0.1;2.9;0.0;0.1;0;0.5;74;0.53;16;0.0;0;2143
Costantino Favasuli;D/WB (R), M (RL), AM (R);24;Unknown;Serie BKT;Italy;2.4;7.0;37%;0.0;14%;0;0.0;1.8;0.4;89%;16.9;0;0.4;8.7;1.7;1.5;0.7;0.7;0;42.5;3.6;13.8;1.8;3.0;59;0.8;1.9;0.0;0.3;0.3;11.4;0.2;3.6;0.1;3.4;1.0;0.1;3.4;24;0.0;29;2.24;63;0.2;0;3436
Jérémy Oyono;D/WB (R);27;Unknown;Serie BKT;Italy;2.8;13.1;33%;0.1;0%;0;0.0;1.0;0.1;87%;11.8;0;1.0;9.0;2.3;1.8;0.0;0.1;0;45.5;3.8;19.9;1.0;2.2;23;0.8;0.2;0.9;0.8;0.0;11.7;0.0;3.3;0.2;3.6;2.0;0.1;3.6;21;0.1;60;-0.2;32;0.0;0;1178
Ervin Bashi;D (C);22;Unknown;Serie BKT;Italy;3.3;12.0;0%;0.1;0%;0;0.0;0.2;0.0;89%;4.3;0;0.7;2.7;0.8;0.3;0.1;0.0;0;40.5;2.0;3.5;0.2;0.0;13;0.0;0.2;0.5;0.6;0.0;10.1;0.0;4.9;0.0;0.0;3.8;0.0;0.0;0;1.1;77;-1.65;24;0.0;0;3471
Emanuele Schimmenti;AM (RL), ST (C);26;€800K;Serie A;Italy;2.0;3.0;16%;0.0;3%;0;0.0;2.5;0.2;88%;18.1;0;0.4;9.1;2.4;1.6;0.4;0.2;0;41.1;4.1;13.3;2.5;2.9;39;0.9;1.3;0.0;0.1;0.0;11.0;0.1;3.5;0.1;4.5;0.8;0.0;4.5;18;0.1;22;-1.81;53;0.1;0;2218
Antonino De Marco;M (C);23;Unknown;Serie BKT;Italy;0.0;10.0;50%;0.0;22%;0;0.0;0.0;0.1;0%;16.1;0;0.0;0.0;0.0;0.0;0.3;0.3;0;0.0;0.0;0.0;0.0;0.0;0;0.0;0.6;0.0;0.0;0.1;0.0;0.0;0.0;0.0;0.0;0.0;0.0;0.0;0;0.0;0;2.71;0;0.0;0;2594
Oskar Wójcik;D (C);24;Unknown;Serie A;Italy;3.0;8.7;9%;0.1;0%;0;0.0;0.2;0.0;92%;4.5;0;1.2;2.6;0.8;0.3;0.1;0.0;0;42.4;2.1;3.5;0.2;0.1;10;0.0;0.3;1.1;0.9;0.0;9.7;0.0;5.8;0.0;0.1;4.3;0.0;0.1;0;0.7;74;-0.93;21;0.0;0;3395
Ruggero Frosinini;D (RC), WB (R);27;Unknown;Serie BKT;Italy;3.2;10.3;22%;0.1;11%;0;0.0;1.1;0.1;90%;15.6;0;1.2;6.7;1.7;1.4;0.1;0.1;0;53.4;6.7;14.4;1.1;0.5;49;0.2;0.3;0.3;0.6;0.0;11.9;0.0;3.5;0.1;1.6;2.2;0.0;1.6;14;0.3;64;-0.38;76;0.0;0;3123
Borys Skraburski;AM (RL), ST (C);20;Unknown;Serie BKT;Italy;0.7;0.9;50%;0.0;26%;0;0.0;0.9;0.1;92%;26.7;0;0.0;2.8;0.9;0.2;0.5;1.1;0;28.9;0.8;8.4;0.9;0.6;3;0.1;2.2;0.0;0.1;0.6;9.9;0.3;10.5;0.0;1.5;4.3;0.0;1.5;4;0.1;41;5.21;4;0.3;0;1363
Marcos Curado;D (C);33;Unknown;Serie BKT;Italy;2.9;16.1;17%;0.1;0%;0;0.0;0.1;0.1;92%;3.4;0;0.9;2.6;0.7;0.4;0.0;0.0;0;42.4;1.9;3.6;0.1;0.0;15;0.0;0.2;1.0;0.5;0.0;9.5;0.0;4.8;0.0;0.0;3.1;0.0;0.0;0;0.8;64;-0.86;19;0.0;0;3248
Junior Ligue;D (LC), WB/M (L);23;Unknown;Serie BKT;Italy;3.1;8.1;0%;0.1;0%;0;0.0;1.4;0.1;87%;20.5;0;1.5;9.3;2.2;1.7;0.0;0.0;0;48.6;4.1;22.0;1.4;5.1;29;1.9;0.1;0.0;0.7;0.0;12.8;0.0;2.3;0.0;6.0;1.0;0.0;6.0;32;0.1;45;-0.3;40;0.0;0;1503
Gaëtan Coucke;GK;29;Unknown;Serie A;Italy;0.0;2.5;0%;0.0;0%;76;0.3;0.0;0.0;84%;7.4;3.54;3.0;0.0;0.0;0.0;0.0;0.0;87;26.2;0.0;0.0;0.0;0.0;0;0.0;0.0;0.0;0.0;0.0;5.5;0.0;0.0;0.0;0.0;0.0;0.0;0.0;0;0.0;0;0;2;0.0;18;1170
Bruno Verrengia;D (LC);24;Unknown;Serie BKT;Italy;3.4;12.6;67%;0.0;0%;0;0.0;1.2;0.0;88%;16.7;0;1.3;7.5;1.7;1.7;0.1;0.1;0;55.6;7.2;15.3;1.2;0.6;64;0.3;0.1;0.7;0.8;0.0;11.3;0.0;3.9;0.0;1.5;2.7;0.1;1.5;21;0.3;69;-0.15;82;0.0;0;3442
Arnaud Bodart;GK;30;Unknown;Serie A;Italy;0.0;2.7;0%;0.0;0%;68;-0.2;0.0;0.0;82%;12.7;-7.89;3.6;0.0;0.0;0.0;0.0;0.0;88;25.8;0.0;0.0;0.0;0.0;1;0.0;0.0;0.0;0.0;0.0;5.2;0.0;0.0;0.0;0.0;0.0;0.0;0.0;0;0.0;0;0;4;0.0;59;3420
Dario Šits;AM (RLC), ST (C);24;Unknown;Serie BKT;Italy;1.7;5.8;41%;0.0;14%;0;0.0;1.8;0.2;90%;19.1;0;0.2;5.2;1.6;1.0;1.3;1.5;0;38.8;2.5;12.0;1.8;1.5;12;0.4;3.6;0.0;0.1;0.5;11.9;0.3;4.8;0.1;1.5;1.8;0.2;1.5;27;0.2;37;2.45;13;0.3;0;1099
Lucas Gómez;DM, M (C);23;Unknown;Serie A;Italy;0.4;7.1;100%;0.0;0%;0;0.0;0.3;0.3;92%;13.9;0;0.2;1.1;0.0;0.0;0.0;0.1;0;4.4;0.3;1.0;0.3;0.0;0;0.0;0.1;0.0;0.1;0.0;1.0;0.0;0.1;0.1;0.0;0.0;0.3;0.0;0;0.0;0;-0.06;0;0.0;0;1078
Jannik Schuster;D (C), DM;22;Not for Sale;Serie A;Italy;2.1;9.1;0%;0.2;0%;0;0.0;0.2;0.0;93%;5.2;0;1.3;3.2;1.3;0.7;0.1;0.0;0;41.8;2.8;2.9;0.2;0.1;11;0.0;0.2;0.9;0.6;0.0;10.9;0.0;4.9;0.0;0.0;3.7;0.0;0.0;0;0.8;75;-0.61;14;0.0;0;1338
Vittorio Magni;D/WB/M/AM (R);22;Unknown;Serie A;Italy;2.9;6.1;14%;0.0;5%;0;0.0;0.9;0.0;85%;15.7;0;1.0;7.9;2.0;1.7;0.1;0.1;0;53.8;7.3;14.4;0.9;1.0;54;0.2;0.7;0.9;0.5;0.0;12.0;0.1;4.4;0.0;1.7;2.8;0.1;1.7;9;0.3;64;-1.41;74;0.1;0;2945
Andrea Bozzolan;D/WB (L);24;€0;Serie BKT;Italy;2.9;11.4;0%;0.0;0%;0;0.0;1.1;0.0;89%;13.1;0;1.7;6.9;1.7;1.6;0.1;0.0;0;58.4;8.4;15.7;1.1;0.6;49;0.4;0.1;0.4;0.6;0.0;11.5;0.0;3.8;0.1;1.6;2.2;0.0;1.6;22;0.5;58;-0.02;65;0.0;0;2715
Luka Reischl;AM (C), ST (C);24;Unknown;Serie BKT;Italy;1.1;10.5;42%;0.0;10%;0;0.0;1.7;0.1;89%;19.8;0;0.2;5.1;1.8;0.6;0.4;0.7;0;41.9;2.1;11.1;1.7;0.7;17;0.3;1.7;0.0;0.1;0.2;12.2;0.2;4.2;0.1;1.0;1.8;0.0;1.0;26;0.1;44;-1.22;33;0.2;0;2632
Joselito;DM, M (C);24;Unknown;Serie BKT;Italy;3.1;11.2;0%;0.0;0%;0;0.0;0.9;0.3;94%;9.8;0;0.9;5.2;1.7;1.0;0.1;0.0;0;52.1;6.0;10.8;0.9;0.2;40;0.1;0.3;0.1;0.6;0.0;11.4;0.0;3.0;0.2;0.2;1.6;0.1;0.2;50;0.2;52;-1.54;54;0.0;0;3499
Gabriele Pagliai;D/WB (RL);26;Unknown;Serie BKT;Italy;3.2;11.5;21%;0.1;11%;0;0.0;0.8;0.1;87%;14.1;0;1.0;7.5;2.0;1.4;0.2;0.1;0;52.2;6.1;14.3;0.8;0.6;53;0.3;0.5;0.5;0.6;0.1;11.5;0.1;2.8;0.1;2.0;0.8;0.0;2.0;14;0.2;30;-0.95;79;0.1;0;3318
Matteo Francesconi;DM, M (C);24;Unknown;Serie A;Italy;0.0;9.3;40%;0.0;7%;0;0.0;0.0;0.2;0%;16.1;0;0.0;0.0;0.0;0.0;0.1;0.2;0;0.0;0.0;0.0;0.0;0.0;0;0.0;0.4;0.0;0.0;0.0;0.0;0.1;0.0;0.1;0.0;0.0;0.0;0.0;0;0.0;0;-2.46;0;0.1;0;3267
Riccardo Frisoni;DM, AM (LC);20;Unknown;Serie BKT;Italy;2.0;3.1;53%;0.0;12%;0;0.0;1.6;0.1;89%;22.7;0;0.4;7.8;1.8;1.4;0.3;0.5;0;47.0;3.2;11.5;1.6;3.4;26;1.0;0.9;0.0;0.2;0.1;11.1;0.1;4.6;0.0;4.7;1.7;0.1;4.7;21;0.2;38;0.03;26;0.1;0;1710
Francesco Rodio;D/WB (RL), M (L);27;Unknown;Serie BKT;Italy;3.6;9.4;33%;0.1;0%;0;0.0;1.8;0.1;88%;19.0;0;1.0;10.1;2.4;2.0;0.0;0.0;0;45.6;4.5;22.7;1.8;1.8;67;0.8;0.1;0.6;0.7;0.0;12.5;0.0;2.6;0.1;5.2;0.8;0.1;5.2;15;0.2;32;-0.39;98;0.0;0;3004
Mamadou Coulibaly;DM, M (C);29;Unknown;Serie BKT;Italy;2.1;12.6;40%;0.1;3%;0;0.0;0.8;0.2;92%;8.1;0;0.9;6.2;1.7;1.2;0.3;0.4;0;52.2;3.8;11.6;0.8;0.1;39;0.1;0.9;0.1;0.5;0.0;11.7;0.1;1.9;0.1;0.2;1.3;0.1;0.2;40;0.2;68;-0.94;49;0.1;0;2940
Ilias Koutsoupias;DM, M (C);27;Unknown;Serie BKT;Italy;2.0;12.7;27%;0.1;8%;0;0.0;0.6;0.2;88%;6.2;0;0.9;5.6;1.2;0.9;0.3;0.4;0;51.3;3.7;11.9;0.6;0.2;15;0.0;1.6;0.2;0.6;0.1;11.7;0.2;1.9;0.1;0.0;0.7;0.0;2.5;12;0.0;35;-1.47;17;0.2;0;1455
Federico Brancolini;GK;26;Unknown;Serie BKT;Italy;0.0;3.5;0%;0.0;0%;77;0.3;0.0;0.0;81%;7.3;9.26;3.6;0.0;0.0;0.0;0.0;0.0;91;25.2;0.0;0.0;0.0;0.0;0;0.0;0.0;0.0;0.0;0.0;5.7;0.0;0.0;0.0;0.0;0.0;0.0;0.0;0;0.0;0;0;2;0.0;32;3330
Edoardo Vergani;ST (C);27;Unknown;Serie A;Italy;0.3;0.5;47%;0.0;13%;0;0.0;1.0;0.0;91%;25.6;0;0.2;1.0;0.5;0.1;0.7;1.5;0;25.7;0.4;5.1;1.0;0.4;1;0.1;3.2;0.0;0.0;0.4;9.8;0.4;6.8;0.0;0.5;2.6;0.1;1.1;6;0.1;38;0.89;2;0.4;0;1312
Enrico Oviszach;AM (RLC);27;Unknown;Serie BKT;Italy;2.1;5.3;31%;0.1;8%;0;0.0;1.8;0.2;87%;19.2;0;0.6;9.1;1.5;1.1;0.5;0.5;0;40.6;3.6;14.6;1.8;3.5;40;0.6;1.6;0.0;0.2;0.1;11.7;0.2;4.1;0.1;3.2;1.8;0.1;3.2;18;0.1;44;-2.86;52;0.2;0;3390
Tommaso Maggioni;D (RC), WB/M (R);26;Unknown;Serie BKT;Italy;3.5;9.3;23%;0.0;5%;0;0.0;1.2;0.1;85%;15.2;0;0.9;8.7;2.2;1.7;0.2;0.1;0;43.7;4.1;21.6;1.2;2.0;68;1.0;0.5;0.3;0.5;0.0;12.4;0.0;4.1;0.1;5.8;2.4;0.0;5.8;16;0.4;59;-0.82;95;0.0;0;3643
Davide Lamesta;AM (RC);28;Unknown;Serie BKT;Italy;1.6;4.5;20%;0.1;7%;0;0.0;1.9;0.3;89%;19.8;0;0.4;9.3;2.6;1.6;0.3;0.2;0;41.1;3.3;15.1;2.0;3.3;62;0.8;1.2;0.0;0.2;0.1;11.6;0.2;3.6;0.2;4.3;0.4;0.2;5.2;18;0.1;12;-3.22;82;0.2;0;3510
Ianis Avrămescu;AM (RLC), ST (C);19;Unknown;Serie BKT;Italy;1.5;6.7;36%;0.0;6%;0;0.0;2.1;0.3;90%;23.6;0;0.2;5.9;1.2;0.4;0.3;0.7;0;44.1;2.6;9.6;2.1;1.7;7;0.3;2.0;0.0;0.1;0.1;12.0;0.3;3.9;0.2;1.2;1.5;0.2;1.4;20;0.1;38;-2.58;15;0.3;0;1597
Lucas Felippe;DM, M (C);28;Unknown;Serie BKT;Italy;0.0;11.4;43%;0.0;14%;0;0.0;0.2;0.3;95%;16.2;0;0.0;0.1;0.1;0.1;0.4;0.3;0;1.1;0.1;0.2;0.8;0.0;2;0.0;0.8;0.0;0.0;0.1;0.2;0.0;0.1;0.2;0.0;0.1;0.2;0.3;30;0.0;100;2.26;2;0.0;0;3311
Stefano Cella;D (C);27;Unknown;Serie BKT;Italy;3.3;13.5;23%;0.2;0%;0;0.0;0.2;0.1;94%;3.0;0;1.2;2.8;1.0;0.6;0.1;0.1;0;41.4;1.6;3.5;0.2;0.0;21;0.0;0.4;0.5;0.6;0.0;9.5;0.0;4.3;0.1;0.0;3.0;0.1;0.0;0;0.5;70;-1.12;26;0.0;0;3141
Jacopo Gelli;D (C);27;Unknown;Serie BKT;Italy;3.6;12.8;26%;0.2;7%;0;0.0;0.2;0.0;88%;4.8;0;0.9;2.5;0.8;0.5;0.2;0.2;0;40.7;1.9;3.5;0.2;0.0;19;0.0;0.7;0.3;0.8;0.1;9.8;0.1;5.9;0.0;0.1;3.7;0.1;0.1;0;0.8;64;-0.53;23;0.1;0;3510
Alessandro Arena;M/AM (R);27;Unknown;Serie BKT;Italy;1.8;5.8;30%;0.0;13%;0;0.0;1.8;0.4;91%;19.5;0;0.5;9.7;2.6;1.4;0.7;0.5;0;44.1;3.4;14.0;1.8;3.5;54;0.9;1.6;0.0;0.1;0.2;11.4;0.2;2.9;0.2;4.0;0.7;0.2;4.0;22;0.0;25;0.75;66;0.2;0;3438
Niccolò Chiorra;GK;27;Unknown;Serie BKT;Italy;0.0;4.3;0%;0.0;0%;75;0.1;0.0;0.0;83%;6.5;4;2.9;0.0;0.0;0.0;0.0;0.0;88;25.5;0.0;0.0;0.0;0.0;0;0.0;0.0;0.0;0.0;0.0;5.1;0.0;0.0;0.0;0.0;0.0;0.0;0.0;0;0.0;0;0;2;0.0;44;3690
Jykese Fields;AM (R), ST (C);20;Unknown;Serie BKT;Italy;0.7;1.4;42%;0.0;12%;0;0.0;0.6;0.1;87%;22.4;0;0.3;1.4;0.4;0.3;0.8;0.8;0;24.4;0.5;6.5;0.6;1.1;9;0.1;2.0;0.0;0.2;0.2;10.3;0.2;7.4;0.0;0.4;2.7;0.0;0.4;25;0.1;36;0.84;10;0.2;0;3041
Giovanni Andrea Cardu;AM (RL);20;Unknown;Serie BKT;Italy;1.5;2.5;44%;0.1;12%;0;0.0;1.8;0.1;89%;19.0;0;0.5;7.7;1.7;1.4;0.5;0.7;0;44.0;3.5;11.4;1.8;5.3;23;0.7;1.5;0.0;0.2;0.2;10.6;0.1;3.0;0.1;3.0;1.0;0.2;3.0;23;0.0;31;0.91;26;0.1;0;1513
Elia Giani;AM (RL), ST (C);27;Unknown;Serie BKT;Italy;0.6;0.6;47%;0.0;15%;0;0.0;1.1;0.1;88%;27.6;0;0.1;1.8;0.6;0.2;0.6;1.1;0;25.2;1.0;5.4;1.1;0.6;4;0.1;2.3;0.0;0.2;0.3;10.2;0.3;8.6;0.0;0.5;2.6;0.0;0.5;20;0.0;31;1.71;4;0.3;0;1872
Nicola Pietrangeli;D (C);27;Unknown;Serie BKT;Italy;3.3;16.2;15%;0.2;0%;0;0.0;0.2;0.1;88%;2.8;0;1.3;2.8;1.0;0.7;0.2;0.1;0;41.9;1.8;4.1;0.2;0.0;28;0.0;0.7;1.0;0.7;0.0;9.8;0.1;5.1;0.1;0.0;3.5;0.1;0.0;0;1.0;69;-2.94;31;0.1;0;3361
Edoardo Pierozzi;D/WB (R);26;Unknown;Serie BKT;Italy;3.3;10.5;25%;0.1;8%;0;0.0;0.8;0.1;86%;14.4;0;1.1;7.3;1.6;1.5;0.3;0.2;0;54.8;7.7;13.9;0.8;1.0;56;0.3;0.6;0.4;0.5;0.1;11.5;0.1;4.4;0.1;1.8;2.4;0.0;1.8;14;0.2;54;-0.98;77;0.1;0;3469
Giovanni Corradini;DM, M (C);25;Unknown;Serie BKT;Italy;2.6;13.6;27%;0.1;9%;0;0.0;1.0;0.4;90%;5.5;0;0.4;5.7;1.9;1.5;0.1;0.2;0;51.4;5.4;10.2;1.1;0.3;30;0.0;0.6;0.2;0.6;0.1;11.2;0.1;3.1;0.2;0.1;1.2;0.3;4.1;14;0.4;38;-0.38;34;0.1;0;1788
Christian Aucelli;M (C);25;Unknown;Serie BKT;Italy;0.0;11.8;28%;0.0;6%;0;0.0;0.1;0.4;0%;13.0;0;0.0;0.0;0.0;0.0;0.2;0.1;0;0.0;0.0;0.0;0.1;0.0;0;0.0;0.5;0.0;0.0;0.0;0.0;0.0;0.0;0.2;0.0;0.0;0.1;0.0;0;0.0;0;-0.49;0;0.0;0;3354
Silvio Merkaj;ST (C);30;Unknown;Serie BKT;Italy;0.7;2.0;49%;0.0;14%;0;0.0;0.6;0.0;90%;21.0;0;0.2;1.5;0.5;0.2;0.8;1.4;0;24.4;0.4;5.4;0.6;0.5;7;0.1;3.0;0.0;0.1;0.4;10.2;0.3;9.2;0.0;0.4;3.4;0.0;0.4;30;0.1;37;2.46;8;0.3;0;3295
Thomas Campaniello;AM (RC), ST (C);20;Unknown;Serie BKT;Italy;1.0;1.5;41%;0.0;0%;0;0.0;0.7;0.2;87%;18.7;0;0.2;1.7;0.5;0.2;0.7;0.9;0;24.4;0.8;4.9;0.7;0.7;3;0.0;2.2;0.0;0.2;0.0;9.7;0.3;8.4;0.2;0.3;1.8;0.2;0.3;0;0.0;21;-3.39;4;0.3;0;1172
Maat Daniel Caprini;AM (L), ST (C);22;Unknown;Serie A;Italy;1.7;2.1;45%;0.0;14%;0;0.0;1.0;0.0;89%;20.8;0;0.2;8.1;1.7;1.3;0.4;0.9;0;42.3;2.3;12.5;1.0;3.9;15;0.4;1.9;0.0;0.3;0.3;10.7;0.2;4.4;0.1;1.6;1.9;0.1;1.6;27;0.1;43;0.19;15;0.2;0;1036
Guglielmo Mignani;ST (C);25;Unknown;Serie BKT;Italy;0.4;1.1;43%;0.0;20%;0;0.0;0.6;0.1;89%;17.9;0;0.2;1.6;0.5;0.0;1.6;1.8;0;31.4;0.2;8.6;0.6;0.4;0;0.1;4.2;0.0;0.0;0.9;11.1;0.5;7.6;0.0;0.1;2.0;0.0;0.1;100;0.0;26;3.65;1;0.6;0;1145
Matteo Maggio;AM (L), ST (C);26;Unknown;Serie BKT;Italy;1.8;5.7;48%;0.0;12%;0;0.0;1.4;0.1;90%;14.7;0;0.3;8.7;2.1;1.0;1.0;1.1;0;43.7;3.4;12.4;1.4;3.2;14;0.6;2.4;0.0;0.3;0.3;11.5;0.2;4.3;0.1;2.0;1.0;0.1;2.1;30;0.0;23;1.15;26;0.2;0;1259
Tommaso Milanese;DM, M (C);25;Unknown;Serie BKT;Italy;1.7;15.8;7%;0.0;0%;0;0.0;1.0;0.3;91%;6.3;0;0.8;4.9;1.6;1.3;0.2;0.0;0;53.1;6.6;11.3;1.0;0.4;36;0.0;0.5;0.2;0.4;0.0;11.5;0.1;1.4;0.2;0.1;0.4;0.1;0.8;9;0.0;28;-1.73;45;0.1;0;2509
Luca Bisogno;GK;27;Unknown;Serie BKT;Italy;0.0;2.0;0%;0.0;0%;70;-0.1;0.0;0.0;74%;10.8;-3.35;5.4;0.0;0.0;0.0;0.0;0.0;89;27.1;0.0;0.0;0.0;0.0;0;0.0;0.0;0.0;0.0;0.0;5.4;0.0;0.0;0.0;0.0;0.0;0.0;0.0;0;0.0;0;0;5;0.0;50;3510
Fabio Cortinovis;D (C);26;Unknown;Serie BKT;Italy;3.2;11.6;22%;0.1;0%;0;0.0;0.1;0.0;90%;3.5;0;1.0;2.8;0.9;0.4;0.1;0.1;0;42.8;2.5;3.4;0.1;0.0;11;0.0;0.3;1.2;0.5;0.0;10.0;0.1;6.3;0.0;0.0;4.8;0.0;0.0;0;1.3;76;-1.57;17;0.1;0;2442
Mattia Zennaro;M (C);27;Unknown;Serie A;Italy;0.2;7.0;67%;0.0;0%;0;0.0;0.3;0.2;86%;16.0;0;0.0;0.9;0.2;0.1;0.4;0.5;0;4.5;0.4;0.8;0.3;0.2;1;0.0;0.7;0.0;0.0;0.0;1.1;0.0;0.2;0.1;0.1;0.1;0.1;0.1;0;0.0;25;-0.62;1;0.0;0;1442
Francesco Folino;D (C);26;Unknown;Serie BKT;Italy;2.4;14.1;0%;0.1;0%;0;0.0;0.2;0.1;92%;4.5;0;1.0;2.7;0.7;0.3;0.1;0.0;0;41.5;1.8;3.9;0.2;0.0;8;0.0;0.3;0.3;0.6;0.0;10.2;0.0;5.2;0.0;0.0;3.7;0.0;0.0;0;1.3;72;-0.66;11;0.0;0;2336
Takuto Oshima;DM, M (C);30;Unknown;J1 League;Japan;2.3;11.0;19%;0.0;0%;0;0.0;0.8;0.4;88%;7.8;0;0.6;5.6;1.5;0.8;0.2;0.1;0;48.8;4.8;11.9;0.8;0.2;17;0.0;0.7;0.1;0.7;0.0;11.6;0.1;1.9;0.1;0.1;1.0;0.2;0.1;0;0.1;51;-1.44;29;0.1;0;1939
Kotaro Hayashi;D (RL), WB/M (L);27;Unknown;J1 League;Japan;2.2;8.8;18%;0.0;0%;0;0.0;1.1;0.1;88%;14.0;0;0.9;7.1;2.3;1.6;0.1;0.1;0;53.9;6.8;16.0;1.1;0.6;37;0.2;0.5;0.9;0.4;0.0;11.8;0.1;3.4;0.1;2.0;1.9;0.0;2.0;8;0.2;56;-2.08;56;0.1;0;2089
Kazuma Nagai;D (C), DM, M (C);29;Unknown;J1 League;Japan;2.1;12.5;13%;0.0;0%;0;0.0;0.7;0.4;88%;8.4;0;0.8;5.1;1.4;1.0;0.1;0.0;0;52.3;4.1;10.1;0.8;0.2;28;0.0;0.3;0.3;0.4;0.0;11.2;0.0;1.9;0.1;0.1;1.1;0.2;0.1;33;0.1;57;-1.03;35;0.0;0;2463
Kento Tachibanada;D (R), DM, M (C);30;Unknown;J1 League;Japan;2.2;10.1;32%;0.1;18%;0;0.0;0.9;0.2;87%;9.1;0;0.7;5.5;1.9;1.5;0.4;0.3;0;43.2;4.9;11.7;0.9;0.5;38;0.0;0.9;0.2;0.4;0.2;10.2;0.1;1.8;0.1;0.6;1.0;0.0;0.6;6;0.1;53;2.18;46;0.1;0;2299
Takumi Ito;M (RL), AM (L), ST (C);27;€550K;J1 League;Japan;1.6;3.2;42%;0.0;22%;0;0.0;1.1;0.1;87%;16.3;0;0.5;5.0;1.1;0.7;0.5;0.5;0;33.7;3.1;8.8;1.1;1.7;22;0.6;1.1;0.0;0.1;0.3;10.8;0.1;4.5;0.1;2.4;1.0;0.1;2.4;24;0.1;22;4.73;32;0.1;0;2827
Maciej Kikolski;GK;24;Unknown;J1 League;Japan;0.0;2.3;0%;0.0;0%;72;0.1;0.0;0.0;79%;7.6;4.38;2.9;0.0;0.0;0.0;0.0;0.0;87;23.5;0.0;0.0;0.8;0.0;1;0.0;0.0;0.0;0.0;0.0;5.2;0.0;0.0;0.0;0.0;0.0;0.0;0.0;0;0.0;0;0;7;0.0;57;3480
Matheus;GK;35;Unknown;J1 League;Japan;0.0;3.3;0%;0.0;0%;74;0.2;0.0;0.0;74%;7.7;5.83;4.4;0.0;0.0;0.0;0.0;0.0;88;24.6;0.0;0.0;0.0;0.0;1;0.0;0.0;0.0;0.0;0.0;5.4;0.0;0.0;0.0;0.0;0.0;0.0;0.0;0;0.0;0;0;3;0.0;42;2889
Nao Yamada;D (C);25;Unknown;J1 League;Japan;2.9;18.4;0%;0.3;0%;0;0.0;0.4;0.1;94%;2.0;0;0.9;3.0;1.0;0.7;0.1;0.0;0;42.4;1.7;2.9;0.4;0.0;8;0.0;0.3;0.1;0.6;0.0;10.0;0.0;3.8;0.1;0.0;2.3;0.1;0.0;0;0.8;61;-0.34;9;0.0;0;1054
Yota Komi;M (L), AM (RL), ST (C);25;Unknown;J1 League;Japan;1.7;4.7;38%;0.0;6%;0;0.0;1.7;0.5;87%;19.1;0;0.4;9.0;2.5;1.7;0.8;0.9;0;41.5;3.4;14.9;1.7;2.9;60;0.7;2.5;0.0;0.3;0.1;11.4;0.2;4.0;0.2;3.5;1.1;0.1;3.5;19;0.1;28;-3.43;78;0.2;0;3190
Hiroshi Omori;D (C), DM;25;Unknown;J1 League;Japan;4.5;10.7;7%;0.1;0%;0;0.0;0.3;0.1;87%;3.8;0;0.7;2.0;0.4;0.2;0.3;0.1;0;44.2;1.7;4.0;0.3;0.0;4;0.0;0.8;0.4;0.7;0.0;9.8;0.1;6.9;0.0;0.0;5.3;0.2;0.0;0;1.6;77;-1.18;4;0.1;0;1673
Deniz Hümmet;AM (RLC), ST (C);31;Unknown;J1 League;Japan;1.6;3.0;47%;0.0;6%;0;0.0;1.5;0.0;88%;19.4;0;0.4;5.7;1.0;0.6;0.9;1.3;0;33.8;1.8;8.3;1.5;1.8;15;0.1;2.8;0.0;0.1;0.2;10.6;0.3;6.0;0.1;1.3;1.7;0.0;1.3;9;0.1;28;-3.74;21;0.3;0;2192
Ryo Shiohama;M (R), AM (RL);28;Unknown;J1 League;Japan;1.9;4.6;37%;0.0;7%;0;0.0;1.7;0.1;89%;18.9;0;0.6;10.2;2.0;1.6;0.5;0.6;0;40.5;3.8;17.2;1.7;2.8;45;1.1;1.7;0.0;0.4;0.1;12.2;0.2;3.6;0.1;4.2;1.3;0.2;4.2;25;0.1;36;-1.26;54;0.2;0;2485
Morihiko Kamigata;M/AM (L);18;Unknown;J1 League;Japan;1.8;3.6;41%;0.0;9%;0;0.0;1.6;0.1;89%;22.6;0;0.4;8.9;2.1;1.4;0.1;0.6;0;43.9;3.6;14.0;1.6;2.6;20;0.6;1.6;0.0;0.4;0.1;11.5;0.2;3.9;0.0;3.7;0.8;0.1;3.7;17;0.1;20;-0.23;26;0.2;0;1258
Airton Moisés;AM (RC), ST (C);29;Unknown;J1 League;Japan;1.8;4.5;38%;0.0;12%;0;0.0;1.8;0.3;85%;17.7;0;0.4;10.5;2.8;1.6;0.6;0.8;0;44.4;3.5;16.2;1.8;5.1;39;0.6;2.1;0.0;0.2;0.2;11.2;0.2;3.2;0.1;3.3;1.0;0.0;3.3;17;0.0;31;-0.15;52;0.3;0;2191
Kodai Hagino;D (RLC), WB (L), DM, M (C);27;Unknown;J1 League;Japan;3.0;13.8;31%;0.1;13%;0;0.0;0.7;0.3;91%;6.0;0;0.7;6.4;1.6;1.0;0.1;0.1;0;51.9;4.4;12.0;0.7;0.1;39;0.0;0.4;0.1;0.4;0.1;11.5;0.0;1.5;0.1;0.1;0.9;0.0;0.1;0;0.1;62;0.07;49;0.0;0;3597
Dion Cools;D (RLC), WB/M/AM (R);31;Unknown;J1 League;Japan;3.7;11.7;10%;0.1;0%;0;0.0;0.9;0.1;89%;13.7;0;1.2;7.0;2.1;2.5;0.1;0.1;0;55.0;6.7;14.4;0.9;0.6;43;0.4;0.6;0.5;0.6;0.0;11.2;0.1;2.8;0.1;1.9;1.4;0.1;2.2;26;0.4;50;-1.66;51;0.1;0;1525
Hiroto Uemura;D (R), DM;26;Unknown;J1 League;Japan;2.3;14.7;24%;0.1;6%;0;0.0;0.6;0.3;89%;6.7;0;0.5;6.0;1.2;1.3;0.2;0.1;0;51.8;6.1;12.8;0.6;0.3;45;0.1;0.5;0.4;0.7;0.0;11.7;0.0;2.6;0.2;0.3;0.9;0.1;0.3;27;0.2;35;-0.28;64;0.0;0;3170
Hiiro Komori;ST (C);27;Unknown;J1 League;Japan;0.7;2.0;43%;0.0;8%;0;0.0;1.2;0.2;89%;20.9;0;0.2;1.6;0.8;0.2;1.2;1.4;0;27.5;0.5;8.5;1.2;0.7;4;0.1;3.3;0.0;0.1;0.3;9.6;0.3;10.9;0.1;0.2;2.6;0.1;0.2;33;0.1;24;-1.29;4;0.3;0;1642
George Onaiwu;WB/M/AM (R);27;€500K;J1 League;Japan;2.2;4.2;21%;0.0;6%;0;0.0;1.7;0.2;89%;19.8;0;0.4;8.1;1.8;1.5;0.6;0.4;0;42.8;2.9;11.1;1.7;4.5;27;0.9;1.8;0.0;0.2;0.1;11.0;0.2;2.8;0.1;4.6;0.6;0.2;5.6;19;0.0;22;-2.26;28;0.2;0;1635
Yuto Tsunashima;D (C), DM;27;Unknown;J1 League;Japan;3.2;15.4;100%;0.1;0%;0;0.0;0.1;0.1;94%;4.3;0;1.6;3.2;0.7;0.4;0.0;0.1;0;45.3;2.6;4.8;0.1;0.0;6;0.0;0.1;0.5;0.9;0.0;9.9;0.0;4.6;0.0;0.0;2.9;0.0;0.0;0;0.5;64;-0.14;6;0.0;0;1283
Rodrigo Nestor;M/AM (LC);27;Unknown;J1 League;Japan;0.5;10.5;33%;0.0;11%;0;0.0;0.2;0.5;96%;13.0;0;0.1;0.9;0.1;0.1;0.3;0.3;0;4.2;0.2;1.6;1.0;0.4;4;0.0;1.0;0.0;0.0;0.1;1.2;0.1;0.4;0.3;0.2;0.2;0.1;4.6;18;0.0;58;0.33;4;0.1;0;2532
Simone Iob;D/WB (R);23;Unknown;J1 League;Japan;4.1;11.0;10%;0.1;0%;0;0.0;0.5;0.1;89%;17.9;0;0.9;7.6;1.7;1.7;0.3;0.1;0;53.3;6.5;15.6;0.5;0.8;23;0.4;0.7;0.2;0.7;0.0;11.4;0.1;5.0;0.0;1.6;2.4;0.0;1.6;27;0.3;48;-1.87;24;0.1;0;1240
Léo Derik;D/WB/M/AM (L);22;Unknown;J1 League;Japan;3.5;9.5;0%;0.0;0%;0;0.0;0.7;0.1;88%;15.4;0;1.4;6.3;2.0;2.1;0.1;0.0;0;55.2;6.8;15.2;0.8;0.9;33;0.6;0.1;0.1;0.4;0.0;11.5;0.0;3.2;0.0;3.1;1.4;0.0;6.9;19;0.3;43;-0.38;40;0.0;0;1389
Leonel Picco;DM, M (C);29;Unknown;J1 League;Japan;2.7;14.6;13%;0.1;8%;0;0.0;1.1;0.4;93%;4.4;0;0.8;6.7;1.8;1.5;0.4;0.1;0;52.4;6.5;12.2;1.3;0.1;48;0.1;0.7;0.4;0.5;0.1;11.6;0.1;2.7;0.2;0.2;1.8;0.1;4.3;18;0.6;67;0.23;64;0.1;0;2886
Nozomi Moromachi;D (LC);18;Unknown;J1 League;Japan;2.8;12.5;0%;0.1;0%;0;0.0;0.1;0.0;89%;4.8;0;1.2;3.0;0.8;0.3;0.0;0.0;0;43.1;2.3;4.3;0.1;0.0;7;0.0;0.1;1.3;0.9;0.0;9.9;0.0;6.4;0.0;0.2;4.4;0.0;0.2;25;1.1;69;-0.02;12;0.0;0;1839
De Lucca;DM, M (C);28;Unknown;J1 League;Japan;2.6;13.2;13%;0.1;0%;0;0.0;0.4;0.2;91%;7.0;0;0.6;6.9;1.5;1.1;0.1;0.1;0;51.4;4.3;11.1;0.4;0.2;27;0.1;0.6;0.2;0.4;0.0;11.3;0.1;3.1;0.1;0.1;1.5;0.2;0.1;66;0.6;47;-1.36;36;0.1;0;2228
Diego Caito;D (RL), WB (R);23;Unknown;J1 League;Japan;3.4;11.6;13%;0.0;0%;0;0.0;0.9;0.2;89%;14.9;0;0.9;7.9;2.0;1.7;0.3;0.1;0;52.1;7.3;15.3;0.9;1.1;72;0.5;0.7;0.7;0.6;0.0;11.4;0.1;4.4;0.2;2.1;2.6;0.1;5.2;20;0.2;59;-2.23;89;0.1;0;3805
Raizen Kawanami;AM (RC), ST (C);18;Unknown;J1 League;Japan;0.6;2.2;35%;0.0;3%;0;0.0;0.9;0.3;89%;24.0;0;0.1;2.5;0.8;0.3;0.5;0.6;0;29.3;1.0;6.7;1.0;0.7;6;0.1;1.7;0.0;0.3;0.0;10.0;0.2;6.2;0.2;0.7;1.3;0.1;2.3;16;0.0;20;-3.74;9;0.2;0;1846
Marcel Moswitzer;D (C), DM, M (C);23;€500K - €5M;J1 League;Japan;3.1;13.0;25%;0.1;0%;0;0.0;0.1;0.0;89%;4.2;0;1.3;2.8;0.9;0.3;0.0;0.0;0;39.3;1.9;3.6;0.1;0.0;9;0.0;0.1;0.5;0.8;0.0;10.0;0.0;5.4;0.0;0.0;3.8;0.0;0.0;0;1.5;71;-0.16;16;0.0;0;2977
Alex Vigo;D/WB (R);29;Unknown;J1 League;Japan;3.0;11.7;32%;0.1;11%;0;0.0;0.9;0.1;87%;11.5;0;1.0;7.3;1.9;1.6;0.3;0.3;0;52.9;7.1;15.6;0.9;0.8;70;0.2;0.8;0.8;0.5;0.1;11.2;0.1;3.0;0.1;1.7;1.6;0.0;1.7;14;0.2;51;-1.93;89;0.1;0;3976
Juan Alano;M (RL), AM (RLC);31;Not for Sale;J1 League;Japan;1.8;5.4;27%;0.1;7%;0;0.0;1.8;0.3;88%;18.9;0;0.7;9.0;2.1;1.6;0.6;0.6;0;41.4;3.7;14.4;2.1;4.1;55;0.5;2.2;0.0;0.4;0.1;11.5;0.3;3.4;0.2;3.0;0.4;0.1;3.0;16;0.1;13;-4.19;63;0.3;0;3063
Rafael Struick;M (RL), AM (RLC), ST (C);25;Unknown;J1 League;Japan;1.6;2.2;44%;0.0;6%;0;0.0;1.7;0.1;90%;20.3;0;0.8;8.7;1.8;1.1;0.4;0.5;0;45.2;3.0;12.0;1.7;4.0;18;0.5;1.1;0.0;0.1;0.1;11.6;0.1;3.9;0.0;3.0;1.5;0.1;3.0;16;0.1;39;-0.56;27;0.1;0;1510
Shion Inoue;D (RC);28;Unknown;J1 League;Japan;2.9;11.7;6%;0.1;0%;0;0.0;0.2;0.0;90%;3.6;0;1.1;2.6;1.1;0.6;0.1;0.0;0;42.3;2.1;4.1;0.2;0.0;23;0.0;0.4;0.8;0.7;0.0;9.9;0.0;3.8;0.0;0.0;2.7;0.1;0.0;0;0.5;69;-1.86;34;0.0;0;3753
Bin Yatsuhashi;D/WB (R);18;Unknown;J1 League;Japan;3.0;8.5;30%;0.1;10%;0;0.0;0.8;0.1;89%;13.6;0;1.2;7.2;1.8;1.8;0.2;0.2;0;51.6;6.7;13.5;0.8;0.5;54;0.3;0.7;0.2;0.6;0.1;11.1;0.1;4.7;0.0;2.0;2.7;0.1;2.0;14;0.5;57;-0.97;62;0.1;0;2756
Cristian Ferreira;M (C), AM (LC);28;Unknown;J1 League;Japan;0.9;11.4;37%;0.0;5%;0;0.0;2.2;0.3;90%;17.0;0;0.4;5.0;1.6;0.7;0.5;0.7;0;42.0;3.3;9.3;2.7;1.3;24;0.3;1.8;0.0;0.3;0.1;11.8;0.2;3.0;0.2;1.2;0.5;0.2;6.7;17;0.0;17;-4.23;35;0.2;0;2961
Koutaro Yamahara;D (C), DM;27;Unknown;J1 League;Japan;3.1;15.0;14%;0.2;14%;0;0.0;0.3;0.0;89%;4.0;0;1.1;4.0;0.9;0.7;0.1;0.1;0;45.0;2.9;7.0;0.3;0.1;13;0.0;0.4;0.7;1.0;0.1;11.0;0.0;4.8;0.0;0.1;3.1;0.0;0.1;0;0.3;64;0.22;20;0.0;0;1569
Tadashi Sugaya;M/AM (L);18;Unknown;J1 League;Japan;1.8;2.7;52%;0.0;17%;0;0.0;1.6;0.1;89%;19.9;0;0.5;8.5;2.5;1.4;0.6;0.6;0;42.5;3.5;13.4;1.6;3.9;26;0.7;1.2;0.0;0.2;0.2;11.1;0.1;3.5;0.1;2.7;0.7;0.0;2.7;28;0.1;21;2.47;33;0.1;0;1692
Chung Ma-Ho;DM, M (C);23;Unknown;J1 League;Japan;2.7;14.1;31%;0.1;6%;0;0.0;0.9;0.4;92%;7.3;0;0.7;6.2;1.3;1.0;0.2;0.2;0;50.6;5.6;11.6;0.9;0.1;32;0.0;0.5;0.2;0.5;0.0;11.3;0.0;3.2;0.2;0.0;1.6;0.2;0.0;100;0.4;51;0.04;39;0.0;0;2959
Yota Sato;D (C);29;Unknown;J1 League;Japan;3.1;16.4;12%;0.1;8%;0;0.0;0.3;0.1;91%;3.2;0;1.1;2.3;0.7;0.4;0.2;0.1;0;42.4;1.6;3.9;0.3;0.0;13;0.0;0.8;0.6;0.7;0.1;10.1;0.1;5.6;0.0;0.0;4.1;0.1;0.0;100;1.0;73;-1.33;15;0.1;0;2908
Shunta Araki;M (RC), AM (RLC), ST (C);28;Unknown;J1 League;Japan;1.5;2.9;39%;0.0;5%;0;0.0;1.9;0.2;89%;20.3;0;0.4;7.5;2.0;1.6;0.8;1.0;0;39.2;3.3;12.5;1.9;3.1;34;0.6;2.7;0.0;0.2;0.1;11.1;0.3;4.4;0.1;3.0;0.3;0.0;3.0;18;0.0;7;-4.58;36;0.4;0;1924
Karim El Berkaoui;AM (L), ST (C);32;Unknown;J1 League;Japan;0.6;2.1;49%;0.0;17%;0;0.0;1.3;0.5;88%;19.9;0;0.1;1.9;0.5;0.2;1.3;1.9;0;26.0;0.8;5.5;2.0;0.6;6;0.2;3.9;0.0;0.2;0.7;9.9;0.5;7.8;0.2;0.4;1.8;0.1;0.4;41;0.1;23;5.93;8;0.5;0;2691
Ota Yamamoto;M (L), AM (RL), ST (C);23;Unknown;J1 League;Japan;1.0;2.5;49%;0.0;17%;0;0.0;0.9;0.1;86%;18.9;0;0.2;3.6;0.8;0.3;0.8;1.2;0;30.8;1.2;10.6;1.3;1.5;11;0.1;2.5;0.0;0.2;0.4;10.9;0.3;7.0;0.1;0.8;1.7;0.1;2.9;10;0.0;24;4.63;20;0.3;0;3356
Niko Takahashi;D/WB/AM (L);22;Unknown;J1 League;Japan;2.6;9.4;75%;0.1;25%;0;0.0;1.1;0.2;90%;18.2;0;1.1;7.0;2.2;2.0;0.1;0.1;0;56.1;7.7;16.8;1.1;0.9;63;0.3;0.1;0.1;0.5;0.0;11.4;0.0;3.5;0.1;1.5;1.3;0.0;1.5;18;0.2;36;0.55;74;0.0;0;2846
Daiki Fukazawa;D (RLC), WB (L);29;Unknown;J1 League;Japan;3.3;11.0;8%;0.1;4%;0;0.0;1.0;0.1;88%;15.7;0;1.1;8.2;2.0;1.8;0.2;0.1;0;53.3;7.7;15.5;1.0;1.1;70;0.1;0.7;0.5;0.5;0.0;11.5;0.1;3.4;0.1;1.5;1.5;0.1;1.9;8;0.3;45;-2.71;85;0.1;0;3454
Nelson Ishiwatari;D (C), DM, M/AM (C);23;Unknown;J1 League;Japan;2.6;10.0;22%;0.1;4%;0;0.0;0.6;0.1;91%;6.2;0;0.5;5.7;1.7;1.2;0.2;0.1;0;51.4;4.9;11.7;0.6;0.2;43;0.0;0.7;0.1;0.3;0.0;11.8;0.1;2.3;0.1;0.0;1.6;0.0;0.0;0;0.2;71;-1.09;55;0.1;0;3137
Hijiri Kato;D/WB/M (L);26;Unknown;J1 League;Japan;3.1;10.3;17%;0.1;8%;0;0.0;1.2;0.1;87%;15.9;0;1.0;7.8;2.3;1.8;0.0;0.0;0;56.6;7.5;15.0;1.2;1.2;72;0.2;0.3;0.5;0.5;0.0;11.6;0.1;3.4;0.1;1.4;1.5;0.1;1.4;17;0.3;46;-1.05;98;0.1;0;3630
Shu Morooka;M/AM (RL), ST (C);27;Unknown;J1 League;Japan;2.0;4.3;27%;0.0;4%;0;0.0;1.6;0.3;87%;20.5;0;0.5;8.6;1.9;1.4;0.4;0.4;0;41.9;3.1;15.3;1.6;3.1;47;0.3;1.5;0.0;0.4;0.1;11.5;0.1;4.2;0.2;2.1;0.9;0.2;2.1;15;0.0;21;-2.85;60;0.1;0;3024
Taisei Abe;DM, M (LC);23;Unknown;J1 League;Japan;2.2;12.5;63%;0.0;0%;0;0.0;1.0;0.5;90%;6.5;0;0.5;6.6;1.7;1.5;0.2;0.2;0;50.7;5.6;12.0;1.0;0.3;35;0.0;0.3;0.0;0.2;0.0;11.4;0.0;2.4;0.2;0.1;0.8;0.3;0.1;0;0.0;35;-0.45;46;0.0;0;2152
Anrie Chase;D (RC);24;Unknown;J1 League;Japan;3.2;10.7;25%;0.3;0%;0;0.0;0.4;0.0;86%;5.1;0;1.1;4.0;1.3;1.0;0.1;0.1;0;40.3;2.8;7.0;0.4;0.3;26;0.2;0.5;0.6;0.5;0.0;10.9;0.0;5.5;0.0;0.8;3.6;0.0;0.8;21;0.9;65;-1.09;29;0.0;0;2269
Kyo Sato;D (RL), WB/M (L);28;Unknown;J1 League;Japan;3.1;8.0;0%;0.0;0%;0;0.0;1.1;0.2;91%;16.0;0;1.3;7.3;2.5;2.3;0.0;0.0;0;57.7;7.7;17.6;1.1;0.8;47;0.6;0.0;0.2;0.4;0.0;12.0;0.0;3.9;0.1;2.1;1.9;0.0;2.1;27;0.2;48;-0.11;57;0.0;0;1860
Ryoya Yamashita;M (RL), AM (R);30;Unknown;J1 League;Japan;2.2;5.3;41%;0.0;9%;0;0.0;1.8;0.3;90%;15.3;0;0.4;8.2;2.2;1.6;0.5;0.6;0;40.9;3.3;14.5;1.8;3.9;46;0.7;1.6;0.0;0.2;0.1;11.9;0.2;3.4;0.2;3.8;0.5;0.1;3.8;19;0.1;14;-0.53;50;0.2;0;2659
Jelani Reshaun Sumiyoshi;D (C);30;Unknown;J1 League;Japan;3.1;16.6;33%;0.1;17%;0;0.0;0.1;0.1;94%;2.8;0;1.5;2.5;0.9;0.5;0.1;0.1;0;43.3;2.1;4.0;0.2;0.0;12;0.0;0.3;0.6;0.8;0.0;10.6;0.0;5.7;0.1;0.1;3.4;0.0;0.1;0;1.1;59;0.38;14;0.0;0;1985
Jean Patric;AM (RLC), ST (C);31;Unknown;J1 League;Japan;1.8;5.6;41%;0.1;8%;0;0.0;1.9;0.4;88%;15.3;0;0.4;8.8;2.1;1.7;0.5;0.8;0;44.2;3.1;13.6;1.9;3.3;44;0.6;1.9;0.0;0.1;0.2;11.2;0.2;3.2;0.2;3.6;0.8;0.1;3.9;16;0.0;23;-1.33;47;0.2;0;2393
Yoshitaka Aoki;D (RLC), WB (L);29;Unknown;J1 League;Japan;3.8;9.5;75%;0.0;0%;0;0.0;1.1;0.1;88%;15.8;0;1.3;7.6;1.7;1.7;0.0;0.1;0;54.1;7.0;16.9;1.1;0.4;54;0.3;0.1;0.5;0.5;0.0;11.7;0.0;3.3;0.1;2.3;1.9;0.0;2.3;13;0.2;58;-0.34;65;0.0;0;2896
Tojiro Kubo;D/WB/M (R);29;Unknown;J1 League;Japan;3.5;11.9;17%;0.2;10%;0;0.0;1.3;0.3;89%;13.0;0;1.4;6.6;2.0;1.5;0.3;0.2;0;55.7;7.1;16.3;1.3;0.9;49;0.5;0.9;0.0;0.5;0.1;11.7;0.2;3.6;0.2;1.7;1.6;0.1;1.7;29;0.3;43;-1.98;65;0.2;0;2862
Guy Mbenza;ST (C);28;Unknown;J1 League;Japan;0.8;1.4;52%;0.0;13%;0;0.0;0.7;0.0;85%;22.0;0;0.1;2.2;0.6;0.4;0.9;1.5;0;24.9;0.5;5.4;0.7;0.9;9;0.1;2.9;0.0;0.1;0.4;10.4;0.3;8.3;0.0;0.6;2.9;0.0;0.6;12;0.1;35;1.79;11;0.3;0;2314
Bruno Gomes;D/WB (R), DM, M (C);27;Unknown;J1 League;Japan;0.0;11.7;42%;0.0;13%;0;0.0;0.3;0.3;0%;12.9;0;0.0;0.0;0.0;0.0;0.3;0.7;0;0.0;0.0;0.0;0.3;0.0;0;0.0;1.6;0.0;0.0;0.2;0.0;0.2;0.0;0.2;0.0;0.0;0.3;0.0;0;0.0;0;-0.72;0;0.2;0;2657
Koki Hinokio;M/AM (RLC);27;Unknown;J1 League;Japan;1.1;8.7;30%;0.0;9%;0;0.0;1.6;0.2;88%;19.6;0;0.3;5.1;1.2;0.7;0.6;0.6;0;41.2;2.3;10.8;1.6;1.7;20;0.3;1.9;0.0;0.1;0.2;11.6;0.3;2.9;0.1;0.9;0.4;0.1;0.9;30;0.0;13;-2.35;24;0.3;0;2603
Rafał Adamski;ST (C);26;Unknown;J1 League;Japan;0.9;1.7;51%;0.0;13%;0;0.0;0.8;0.0;91%;25.3;0;0.1;1.7;0.6;0.2;0.7;1.3;0;27.5;0.5;9.2;0.8;0.5;5;0.1;2.5;0.0;0.1;0.3;10.8;0.3;10.4;0.0;0.4;5.5;0.0;1.0;21;0.2;53;-0.01;6;0.3;0;2014
Eiji Miyamoto;DM, M (C);29;Unknown;J1 League;Japan;2.2;11.6;17%;0.0;0%;0;0.0;1.0;0.5;92%;6.6;0;0.7;7.2;1.7;1.6;0.1;0.1;0;50.3;5.8;12.0;1.0;0.2;46;0.0;0.4;0.2;0.3;0.0;11.4;0.0;2.0;0.2;0.2;1.3;0.2;0.2;0;0.1;66;-0.95;59;0.0;0;2578
Nikodem Niski;WB/M/AM (RL);26;Unknown;J1 League;Japan;1.5;4.3;19%;0.0;0%;0;0.0;2.1;0.1;83%;20.5;0;1.0;8.7;2.2;1.5;0.1;0.1;0;41.1;5.1;18.6;2.1;1.6;31;0.6;0.8;0.0;0.4;0.0;12.5;0.1;5.0;0.2;4.4;2.0;0.1;4.4;14;0.0;40;-2.32;38;0.1;0;1842
Lucas Barcelos;AM (RL), ST (C);29;Unknown;J1 League;Japan;0.6;1.2;53%;0.0;13%;0;0.0;0.6;0.1;90%;20.1;0;0.1;1.9;0.6;0.1;1.2;1.8;0;28.0;0.8;5.5;0.6;0.9;2;0.2;3.4;0.0;0.0;0.4;10.2;0.4;7.1;0.1;0.3;1.7;0.0;0.3;60;0.1;23;0.83;3;0.4;0;1464
Thomas Jok Deng;D (RC), DM;31;€140K - €1.4M;J1 League;Japan;2.5;18.1;11%;0.1;0%;0;0.0;0.2;0.1;93%;3.0;0;1.1;2.4;0.9;0.5;0.1;0.1;0;42.9;1.7;4.5;0.2;0.0;18;0.0;0.5;0.5;0.5;0.0;10.4;0.0;5.6;0.1;0.0;3.6;0.1;0.0;100;1.0;64;-1.74;25;0.0;0;3444
Hisatsugu Ishii;AM (LC), ST (C);22;Unknown;J1 League;Japan;0.7;1.8;50%;0.0;10%;0;0.0;0.9;0.1;90%;18.4;0;0.1;2.0;0.5;0.3;1.0;1.3;0;27.4;0.9;6.8;0.9;0.8;3;0.2;2.6;0.0;0.0;0.3;10.7;0.2;7.3;0.2;0.6;1.6;0.1;0.6;28;0.0;22;1.14;3;0.2;0;1049
Nguyen Xuan Son;AM (RL), ST (C);31;Not for Sale;J1 League;Japan;0.8;2.0;50%;0.0;20%;0;0.0;0.8;0.1;87%;21.6;0;0.2;2.4;0.8;0.2;0.9;1.3;0;27.2;0.7;8.7;0.8;0.9;7;0.1;2.6;0.0;0.2;0.5;10.2;0.3;7.1;0.1;0.7;2.9;0.1;0.7;16;0.0;40;8.45;7;0.3;0;3141
Kaili Shimbo;D/WB (L);25;€170K - €1.7M;J1 League;Japan;2.7;14.6;20%;0.1;0%;0;0.0;1.0;0.1;90%;11.0;0;1.2;7.2;1.6;1.4;0.1;0.1;0;54.7;6.9;16.9;1.0;1.1;52;0.1;0.3;1.0;0.7;0.0;11.5;0.0;3.0;0.1;1.2;1.5;0.1;1.2;6;0.3;49;-1.15;68;0.0;0;3425
Ryotaro Araki;M (L), AM (RLC), ST (C);26;Unknown;J1 League;Japan;1.8;8.8;29%;0.1;11%;0;0.0;1.9;0.3;87%;17.3;0;0.4;5.6;1.6;0.9;1.0;0.8;0;41.9;2.4;11.4;2.0;1.3;11;0.5;2.7;0.0;0.2;0.3;11.6;0.3;2.9;0.1;1.3;0.6;0.2;3.7;23;0.0;22;0.76;18;0.3;0;1151
Ryotaro Tsunoda;D (LC);28;Unknown;J1 League;Japan;2.4;15.3;29%;0.1;14%;0;0.0;0.1;0.1;88%;3.8;0;1.4;3.3;1.1;0.9;0.1;0.1;0;41.8;2.4;3.7;0.1;0.0;23;0.0;0.3;1.0;0.6;0.0;9.6;0.0;5.9;0.1;0.1;3.7;0.1;0.1;50;1.0;63;0.33;25;0.0;0;2407
Hayato Tanaka;D (C);24;Unknown;J1 League;Japan;2.1;15.6;43%;0.1;29%;0;0.0;0.1;0.1;94%;3.0;0;0.9;2.8;0.9;0.4;0.1;0.1;0;42.5;1.8;3.9;0.1;0.1;14;0.0;0.2;0.7;0.7;0.1;10.5;0.0;4.9;0.0;0.1;3.7;0.1;0.1;0;1.1;76;0.7;25;0.0;0;3161
Kazuki Fujimoto;WB/M/AM (L);29;Unknown;J1 League;Japan;1.3;5.6;33%;0.0;0%;0;0.0;1.4;0.3;90%;15.8;0;0.7;8.4;2.1;1.4;0.1;0.1;0;45.1;3.6;14.7;1.4;2.4;28;1.1;0.3;0.0;0.2;0.0;10.0;0.0;4.5;0.2;5.4;0.9;0.1;5.4;20;0.2;20;-0.47;36;0.0;0;1757
Kaina Tanimura;AM (RLC), ST (C);30;Unknown;J1 League;Japan;1.0;1.9;47%;0.0;12%;0;0.0;0.9;0.4;90%;22.1;0;0.2;1.6;0.5;0.2;0.8;1.1;0;26.7;0.8;6.3;0.9;0.6;6;0.0;2.4;0.0;0.1;0.3;10.3;0.3;7.9;0.2;0.2;2.8;0.1;0.2;0;0.1;35;1.22;7;0.3;0;2706
Pedro Augusto;D (C), DM, M (C);31;Not for Sale;J1 League;Japan;2.1;14.3;20%;0.0;20%;0;0.0;0.9;0.1;93%;4.8;0;1.3;6.4;1.6;1.5;0.2;0.1;0;50.3;5.7;12.2;0.9;0.0;18;0.0;0.4;0.2;0.4;0.1;11.7;0.0;1.7;0.0;0.3;0.8;0.1;0.3;0;0.3;45;0.6;25;0.0;0;1063
Kenta Inoue;M/AM (RL);29;Unknown;J1 League;Japan;2.0;4.5;32%;0.0;10%;0;0.0;1.7;0.2;88%;19.0;0;0.5;8.7;2.4;1.2;0.3;0.5;0;43.8;3.3;12.8;1.7;3.9;43;0.6;1.4;0.0;0.4;0.1;11.0;0.1;3.6;0.1;2.4;0.6;0.1;2.4;25;0.0;17;-0.13;62;0.1;0;3169
Yuya Takagi;D/WB (L);30;Unknown;J1 League;Japan;2.7;12.2;0%;0.2;0%;0;0.0;1.4;0.1;85%;12.7;0;1.4;7.4;1.6;1.9;0.0;0.0;0;55.8;6.6;15.6;1.4;0.4;26;0.3;0.0;0.4;0.7;0.0;12.1;0.0;3.4;0.1;1.4;1.4;0.1;1.4;20;0.2;40;0;30;0.0;0;1255
Alisson Safira;ST (C);33;Unknown;J1 League;Japan;0.8;2.6;53%;0.0;15%;0;0.0;1.0;0.2;91%;16.3;0;0.3;1.9;0.8;0.1;0.8;1.6;0;30.9;0.8;7.6;1.2;0.6;4;0.1;2.9;0.0;0.2;0.4;10.4;0.3;7.9;0.1;0.5;2.9;0.2;0.5;25;0.1;36;2.17;9;0.4;0;2929
Capixaba;M/AM (RL);31;€1.3M;J1 League;Japan;1.6;4.6;38%;0.1;10%;0;0.0;1.7;0.5;89%;17.9;0;0.6;9.6;2.4;1.5;0.4;0.7;0;42.8;3.3;14.4;1.7;4.9;47;0.7;1.7;0.0;0.2;0.2;11.5;0.2;3.2;0.1;3.5;0.9;0.0;3.5;18;0.0;29;-2.36;54;0.2;0;2745
Toshiki Toya;M (R), AM (RLC), ST (C);31;Unknown;J1 League;Japan;1.6;2.6;32%;0.0;11%;0;0.0;1.4;0.1;88%;21.3;0;0.4;8.1;1.4;0.9;1.0;0.8;0;39.1;2.7;12.0;1.4;3.6;13;0.8;2.5;0.0;0.2;0.3;11.8;0.2;4.5;0.1;3.2;1.4;0.1;3.5;23;0.1;32;0.41;19;0.2;0;1309
Ryotaro Onishi;D (RLC), DM;30;Unknown;J1 League;Japan;2.3;12.1;60%;0.0;0%;0;0.0;0.6;0.1;88%;5.5;0;0.8;4.6;1.3;0.3;0.2;0.2;0;49.7;4.3;8.3;0.6;0.2;5;0.1;0.3;0.3;0.3;0.0;10.5;0.0;2.9;0.1;0.4;1.4;0.2;0.6;11;0.3;50;-0.65;15;0.0;0;1437
Reverson;D/WB (L), DM;31;Unknown;J1 League;Japan;2.5;10.7;0%;0.1;0%;0;0.0;1.1;0.1;89%;13.7;0;1.2;7.6;2.2;2.2;0.0;0.0;0;55.7;6.5;15.1;1.2;1.0;75;0.3;0.1;0.3;0.8;0.0;11.5;0.0;3.1;0.1;2.4;1.7;0.1;2.4;12;0.2;56;-0.26;88;0.0;0;3004
Taiki Arai;DM, M (C);30;Unknown;J1 League;Japan;2.2;10.0;33%;0.1;0%;0;0.0;0.8;0.2;89%;7.8;0;0.9;5.8;1.5;1.1;0.1;0.1;0;52.4;4.3;10.7;0.8;0.2;41;0.0;0.2;0.1;0.5;0.0;11.5;0.0;1.7;0.2;0.2;0.7;0.1;0.3;25;0.1;43;-0.9;55;0.0;0;3271
Nagi Kawatani;M/AM (RL);24;Unknown;J1 League;Japan;1.5;4.2;44%;0.0;6%;0;0.0;1.9;0.2;91%;23.8;0;0.3;9.0;2.3;1.6;0.5;0.5;0;43.0;3.3;13.9;1.9;2.5;49;0.8;1.1;0.0;0.1;0.1;11.3;0.1;5.2;0.1;4.3;2.4;0.0;4.3;18;0.1;46;-2.14;60;0.1;0;2723
Wataru Iwashita;D/WB (L);29;Unknown;J1 League;Japan;3.0;10.9;20%;0.1;0%;0;0.0;1.4;0.4;88%;12.3;0;1.0;7.6;1.6;1.9;0.0;0.0;0;57.4;8.0;14.9;1.4;0.6;46;0.4;0.2;0.2;0.6;0.0;11.6;0.0;4.3;0.2;2.6;3.4;0.1;2.6;14;0.4;78;-0.75;58;0.0;0;2204
Caetano;D (LC);28;Unknown;J1 League;Japan;3.3;13.3;25%;0.1;8%;0;0.0;0.3;0.1;92%;3.5;0;1.0;2.6;0.9;0.7;0.1;0.1;0;43.2;2.8;4.8;0.4;0.1;22;0.0;0.4;0.6;0.7;0.0;10.2;0.0;4.0;0.0;0.2;2.8;0.0;0.2;0;0.5;70;-0.4;25;0.0;0;3001
Fuki Yamada;M/AM (R), ST (C);26;Unknown;J1 League;Japan;1.7;2.5;47%;0.0;21%;0;0.0;1.3;0.2;87%;20.6;0;0.3;10.3;1.7;1.3;0.3;0.7;0;42.3;3.1;13.8;2.0;2.9;16;1.1;1.5;0.0;0.0;0.3;10.9;0.2;3.4;0.2;3.9;1.2;0.1;10.2;22;0.0;35;1.4;18;0.2;0;1145
Shinnosuke Fukuda;D/WB (RL);27;Unknown;J1 League;Japan;3.8;10.7;16%;0.0;5%;0;0.0;0.7;0.0;88%;12.7;0;0.8;6.9;1.8;1.4;0.1;0.1;0;56.7;7.1;16.1;0.7;0.9;70;0.4;0.7;0.2;0.4;0.0;11.5;0.1;3.4;0.0;1.9;1.5;0.0;1.9;19;0.3;43;-3.15;91;0.1;0;4635
Éder;D (C), DM;33;Unknown;J1 League;Japan;2.8;16.3;36%;0.2;18%;0;0.0;0.2;0.0;93%;4.0;0;1.6;2.4;0.7;0.4;0.1;0.1;0;43.3;2.0;4.8;0.2;0.0;14;0.0;0.3;1.2;1.0;0.1;10.2;0.1;5.2;0.0;0.1;3.2;0.0;0.1;25;0.5;62;-0.25;24;0.1;0;3441
Jesiel;D (C);34;Unknown;J1 League;Japan;2.4;18.9;42%;0.3;0%;0;0.0;0.2;0.0;93%;2.9;0;1.1;3.0;1.0;0.6;0.3;0.2;0;41.0;1.7;3.7;0.2;0.0;13;0.0;0.5;0.5;0.5;0.0;9.6;0.0;5.8;0.1;0.1;3.7;0.0;0.1;0;1.0;65;-0.74;17;0.0;0;1969
Fabri;AM (RL), ST (C);27;Unknown;J1 League;Japan;0.8;1.9;46%;0.0;15%;0;0.0;1.0;0.1;89%;18.5;0;0.3;1.6;0.9;0.2;0.8;1.0;0;25.8;0.8;5.9;1.0;0.9;7;0.2;2.2;0.0;0.1;0.3;10.4;0.2;7.5;0.1;0.8;2.6;0.1;0.8;21;0.2;34;2.97;8;0.2;0;2708
Maílton;D/WB/M (R);30;Unknown;J1 League;Japan;3.0;13.0;11%;0.1;0%;0;0.0;0.8;0.1;85%;13.7;0;0.9;7.6;2.0;1.4;0.1;0.0;0;50.9;7.1;16.5;1.5;1.4;49;0.4;0.3;0.3;0.3;0.0;11.5;0.0;3.8;0.1;1.9;1.4;0.0;8.3;16;0.2;38;-0.5;71;0.0;0;3066
Gaku Nawata;AM (RLC), ST (C);21;Unknown;J1 League;Japan;0.7;3.5;47%;0.0;11%;0;0.0;1.3;0.1;89%;20.2;0;0.4;2.9;1.0;0.5;1.1;1.5;0;30.4;1.6;7.6;1.4;1.4;11;0.2;3.2;0.0;0.1;0.3;10.7;0.3;6.4;0.1;0.8;1.1;0.0;0.8;22;0.1;18;0.86;15;0.3;0;2143
Gabriel Bispo;DM, M (C);31;Not for Sale;J1 League;Japan;2.1;11.1;31%;0.0;6%;0;0.0;0.7;0.1;94%;8.4;0;0.7;6.1;1.5;1.2;0.2;0.2;0;51.9;4.2;11.6;0.8;0.3;34;0.0;0.6;0.3;0.4;0.0;11.7;0.1;1.7;0.1;0.2;1.0;0.1;0.8;4;0.1;60;-0.99;45;0.1;0;2450
Yuma Obata;GK;26;Unknown;J1 League;Japan;0.0;5.3;0%;0.0;0%;78;0.4;0.0;0.0;82%;6.5;15.75;3.4;0.0;0.0;0.0;0.0;0.0;88;23.7;0.0;0.0;0.0;0.0;0;0.0;0.0;0.0;0.0;0.0;5.6;0.0;0.0;0.0;0.0;0.0;0.0;0.0;0;0.0;0;0;3;0.0;36;3453
Tomoaki Okubo;M (RC), AM (R);29;Unknown;J1 League;Japan;1.7;2.9;38%;0.0;15%;0;0.0;2.0;0.3;89%;16.6;0;0.5;8.2;2.7;1.3;0.3;0.6;0;42.2;3.6;11.5;2.0;5.3;30;0.9;1.4;0.0;0.3;0.2;11.0;0.1;3.2;0.1;4.4;0.8;0.1;4.4;20;0.0;25;1.77;43;0.1;0;2124
Hayato Fukushima;D (RC), WB (R);28;€300K;J1 League;Japan;3.8;12.6;11%;0.2;0%;0;0.0;1.0;0.1;91%;16.5;0;0.6;5.5;1.4;1.0;0.3;0.1;0;54.7;6.6;13.8;1.0;0.5;15;0.0;0.6;1.4;0.5;0.0;11.5;0.0;5.4;0.0;1.7;4.1;0.1;1.7;0;0.5;75;-0.35;21;0.0;0;1398
Kenta Nishizawa;D (L), AM (RC);31;Unknown;J1 League;Japan;2.1;5.2;43%;0.0;17%;0;0.0;2.1;0.1;92%;16.8;0;0.4;10.3;2.2;1.8;0.7;0.6;0;46.1;4.5;16.4;2.1;2.3;50;0.6;1.5;0.1;0.3;0.3;11.2;0.2;3.3;0.1;2.9;0.9;0.1;2.9;22;0.1;26;0.08;57;0.2;0;2496
Shun Ayukawa;M (L), AM (RLC), ST (C);26;Unknown;J1 League;Japan;1.0;1.5;52%;0.0;14%;0;0.0;0.8;0.2;89%;21.0;0;0.2;1.2;0.6;0.2;0.4;0.9;0;26.3;0.5;4.1;0.8;0.6;3;0.1;1.8;0.0;0.1;0.2;9.7;0.3;9.1;0.1;0.3;1.8;0.0;0.3;20;0.0;20;-0.15;4;0.3;0;1464
Daiki Matsuoka;DM, M (C);27;€650K - €6.6M;J1 League;Japan;2.9;18.4;19%;0.1;5%;0;0.0;0.5;0.3;93%;7.5;0;0.7;6.1;2.0;1.3;0.2;0.1;0;58.1;3.8;14.2;0.5;0.1;49;0.0;0.5;0.5;0.6;0.0;12.2;0.0;1.3;0.2;0.1;0.4;0.2;0.3;20;0.0;32;-0.54;56;0.0;0;3450
Haruya Fujii;D (C);27;Unknown;J1 League;Japan;2.7;13.5;29%;0.0;6%;0;0.0;0.2;0.1;88%;3.6;0;1.3;3.4;1.0;0.5;0.2;0.2;0;40.7;2.1;2.7;0.2;0.0;12;0.0;0.7;0.4;0.6;0.0;9.8;0.1;5.6;0.0;0.0;3.9;0.1;0.0;100;1.0;70;-0.92;14;0.1;0;2320
Ryuhei Yamamoto;D (L);27;Unknown;J1 League;Japan;3.3;12.7;25%;0.0;25%;0;0.0;1.0;0.0;87%;18.1;0;1.1;6.8;1.5;1.1;0.1;0.1;0;57.1;7.1;11.5;1.0;0.6;18;0.5;0.2;1.0;0.5;0.1;11.6;0.0;5.6;0.0;3.2;3.9;0.1;3.2;15;0.4;70;0.71;24;0.0;0;1441
Hayato Okuda;D (RL), WB (R);27;€2.3M - €5.2M;J1 League;Japan;3.2;12.2;25%;0.1;0%;0;0.0;1.1;0.2;86%;12.7;0;1.2;6.6;2.3;1.9;0.2;0.2;0;57.2;7.8;15.8;1.1;0.6;60;0.3;0.6;0.9;0.5;0.0;11.4;0.1;3.7;0.1;2.1;2.2;0.1;2.1;16;0.3;60;-2.84;76;0.1;0;2880
Teppei Oka;D (RLC);26;Unknown;J1 League;Japan;2.6;16.9;14%;0.2;0%;0;0.0;0.4;0.1;91%;4.6;0;1.1;3.8;1.1;0.8;0.2;0.1;0;44.5;3.4;6.4;0.4;0.1;41;0.1;0.4;0.5;0.7;0.0;10.7;0.0;4.2;0.1;0.3;2.7;0.1;0.3;27;0.5;64;-1.64;51;0.0;0;4680
Rio Omori;D (C);25;Unknown;J1 League;Japan;3.6;14.5;44%;0.0;0%;0;0.0;0.1;0.1;86%;3.3;0;0.7;2.5;0.7;0.5;0.1;0.3;0;42.7;1.9;3.9;0.1;0.1;7;0.0;0.7;1.1;0.2;0.0;10.3;0.1;4.6;0.0;0.0;3.0;0.0;0.0;0;0.7;65;-1.39;7;0.1;0;1211
Kazuya Konno;M (R), AM (RC);30;Unknown;J1 League;Japan;1.6;9.5;44%;0.0;7%;0;0.0;1.6;0.2;89%;17.2;0;0.4;5.3;0.9;0.4;0.8;1.1;0;41.2;2.5;11.3;1.6;1.6;14;0.2;2.5;0.0;0.2;0.2;11.9;0.3;2.8;0.0;0.9;0.6;0.1;0.9;17;0.0;20;-3.24;16;0.3;0;2894
Shunta Tanaka;DM, M (C);31;Unknown;J1 League;Japan;2.5;11.4;17%;0.1;0%;0;0.0;0.6;0.4;92%;6.9;0;0.7;5.4;1.4;1.0;0.1;0.1;0;51.5;3.8;11.4;0.6;0.2;16;0.1;0.4;0.4;0.6;0.0;11.8;0.0;3.2;0.1;0.1;1.9;0.1;0.1;50;0.4;58;-0.67;22;0.0;0;1450
Jun Nishikawa;M/AM (C), ST (C);26;Unknown;J1 League;Japan;1.3;10.4;35%;0.0;13%;0;0.0;1.6;0.3;92%;15.7;0;0.3;4.7;1.0;0.4;0.8;1.1;0;40.7;2.7;12.0;1.6;1.6;7;0.3;3.1;0.0;0.2;0.4;11.8;0.3;2.7;0.1;1.0;0.5;0.1;1.0;26;0.1;19;0.72;10;0.3;0;1412
Yuki Kobayashi;D (C);27;Unknown;J1 League;Japan;2.8;15.6;0%;0.1;0%;0;0.0;0.3;0.1;89%;2.9;0;0.8;2.6;0.9;0.3;0.1;0.0;0;41.2;2.1;3.8;0.3;0.0;5;0.0;0.2;0.6;0.5;0.0;9.5;0.0;5.1;0.0;0.0;3.9;0.1;0.0;0;0.8;77;-0.23;8;0.0;0;1530
Shunki Higashi;WB (L), DM, M (L);27;Unknown;J1 League;Japan;2.8;9.8;40%;0.0;20%;0;0.0;1.3;0.2;88%;15.0;0;1.0;9.5;2.1;2.4;0.1;0.1;0;47.5;5.4;26.3;2.0;2.5;75;1.1;0.2;0.0;0.5;0.0;12.8;0.0;3.4;0.1;5.2;0.9;0.1;11.8;21;0.1;27;0.51;94;0.0;0;2845
Soichiro Kozuki;M/AM (RC);27;€80K - €800K;J1 League;Japan;1.8;5.5;36%;0.0;9%;0;0.0;1.8;0.1;92%;16.9;0;0.6;8.8;2.3;1.7;0.5;0.5;0;40.6;3.4;13.7;1.8;5.0;49;0.8;1.5;0.0;0.2;0.1;11.1;0.2;4.1;0.2;3.6;1.3;0.2;5.9;19;0.2;33;-1.38;58;0.2;0;2668
Shimpei Fukuoka;DM, M (C);27;Unknown;J1 League;Japan;1.9;13.9;45%;0.2;18%;0;0.0;1.4;0.8;93%;5.7;0;0.9;6.4;2.1;1.6;0.3;0.3;0;52.8;6.4;11.1;1.9;0.2;25;0.0;0.7;0.1;0.6;0.1;11.2;0.1;1.4;0.3;0.2;0.8;0.3;5.0;19;0.1;62;1.02;31;0.1;0;1397
Shion Homma;M (RL), AM (L);27;Unknown;J1 League;Japan;1.2;5.1;37%;0.0;11%;0;0.0;1.9;0.4;86%;14.4;0;0.7;9.2;2.7;2.1;0.4;0.3;0;48.1;6.9;9.7;1.9;2.6;47;0.9;0.9;0.0;0.3;0.1;11.8;0.1;2.5;0.2;3.5;0.5;0.2;3.5;25;0.0;20;-0.29;61;0.1;0;2005
Kaito Taniguchi;AM (LC), ST (C);32;Unknown;J1 League;Japan;1.9;4.5;44%;0.0;11%;0;0.0;1.9;0.1;89%;22.1;0;0.4;8.7;1.9;1.2;0.5;0.7;0;42.8;3.8;13.3;1.9;2.3;21;0.5;1.6;0.0;0.1;0.2;11.4;0.1;4.5;0.1;2.8;2.1;0.1;2.8;19;0.0;47;0.69;29;0.1;0;1537
Soya Fujiwara;D (R);32;Unknown;J1 League;Japan;3.2;11.4;21%;0.1;3%;0;0.0;1.0;0.1;90%;13.8;0;1.0;7.1;2.1;1.7;0.3;0.2;0;56.6;7.6;15.7;1.5;0.7;55;0.3;1.0;0.7;0.5;0.0;11.4;0.1;3.0;0.1;2.2;1.5;0.1;2.2;14;0.2;49;-2.28;72;0.1;0;2888
Kota Yamada;DM, M/AM (C), ST (C);28;Unknown;J1 League;Japan;1.3;11.8;44%;0.0;14%;0;0.0;1.5;0.2;91%;17.5;0;0.5;5.0;1.2;0.7;0.5;1.1;0;41.4;2.2;12.7;1.5;1.6;21;0.1;2.5;0.0;0.2;0.3;12.4;0.3;2.7;0.2;1.1;0.3;0.1;1.1;8;0.1;13;2.17;30;0.3;0;2880
Yuta Goke;WB (R), M (RL), AM (R), ST (C);28;€900K;J1 League;Japan;1.9;5.3;43%;0.1;12%;0;0.0;1.7;0.2;87%;17.4;0;0.6;9.3;2.5;1.9;0.5;0.5;0;43.0;3.8;16.8;1.7;3.5;64;0.6;1.2;0.0;0.3;0.1;11.6;0.1;3.9;0.1;3.0;1.6;0.1;3.0;20;0.1;40;0.14;83;0.1;0;3102
Takuya Ogiwara;D/WB/M (L);28;Unknown;J1 League;Japan;3.0;9.4;11%;0.1;0%;0;0.0;1.1;0.1;87%;13.7;0;0.9;6.8;1.9;1.9;0.1;0.0;0;57.1;7.8;17.2;1.1;1.2;62;0.3;0.3;0.3;0.5;0.0;11.6;0.0;3.5;0.1;2.4;1.4;0.1;3.2;8;0.2;41;-1.01;77;0.0;0;2964
Sosuke Shibata;DM, M (C);27;Unknown;J1 League;Japan;2.8;11.1;11%;0.0;0%;0;0.0;0.6;0.3;86%;7.7;0;0.8;5.5;1.5;0.7;0.2;0.0;0;59.8;5.5;10.0;0.6;0.3;16;0.1;0.4;0.5;0.7;0.0;11.8;0.0;1.5;0.2;0.1;1.0;0.1;0.1;66;0.0;69;-0.99;19;0.0;0;2090
Yutaro Oda;M/AM (R);26;Unknown;J1 League;Japan;1.8;3.2;40%;0.1;15%;0;0.0;1.9;0.1;90%;21.0;0;0.7;10.0;2.2;1.6;0.5;0.7;0;40.7;3.2;17.1;1.9;5.7;47;0.5;1.8;0.0;0.1;0.3;11.6;0.2;3.9;0.0;3.0;1.4;0.1;3.0;18;0.1;37;0.82;55;0.2;0;2677
Takumi Tsukui;M (R), AM (RL), ST (C);26;Unknown;J1 League;Japan;1.7;3.6;40%;0.0;10%;0;0.0;1.1;0.5;85%;17.8;0;0.5;8.3;1.6;1.0;0.2;0.2;0;35.5;3.8;10.9;1.1;2.9;19;0.3;0.5;0.0;0.1;0.1;11.0;0.0;3.9;0.2;1.6;1.4;0.1;1.6;15;0.0;36;0.21;32;0.0;0;1752
Naoto Arai;D (RC), WB/M (RL);31;Unknown;J1 League;Japan;3.4;11.0;20%;0.4;0%;0;0.0;0.4;0.0;88%;6.5;0;1.1;4.1;1.3;0.9;0.1;0.1;0;44.8;4.1;7.3;0.6;0.3;15;0.0;0.3;0.2;0.7;0.0;10.8;0.0;3.6;0.0;0.6;2.2;0.0;2.0;12;0.1;62;-0.3;18;0.0;0;1467
KennedyEgbus Mikuni;D (C);27;Unknown;J1 League;Japan;3.4;18.7;22%;0.2;0%;0;0.0;0.3;0.0;91%;2.5;0;1.2;2.3;0.7;0.5;0.1;0.1;0;42.4;1.7;3.4;0.3;0.0;23;0.0;0.6;0.7;0.8;0.0;10.4;0.1;5.6;0.0;0.0;4.5;0.1;0.0;0;1.0;80;-3.91;28;0.1;0;4477
Reon Yamahara;D/WB (RL);28;Unknown;J1 League;Japan;3.0;11.7;24%;0.1;5%;0;0.0;0.8;0.1;89%;14.8;0;1.5;7.9;1.8;1.5;0.1;0.1;0;52.0;7.2;16.6;1.0;0.8;53;0.5;0.6;0.4;0.6;0.0;11.8;0.1;3.6;0.1;1.7;1.6;0.0;1.7;28;0.2;44;-1.44;68;0.1;0;3250
Shunmei Horikane;ST (C);25;Unknown;J1 League;Japan;0.5;1.2;39%;0.0;14%;0;0.0;1.4;0.2;92%;19.5;0;0.2;2.1;0.8;0.2;1.1;1.4;0;25.1;0.9;4.1;1.4;0.4;3;0.1;3.6;0.0;0.1;0.5;8.9;0.5;10.4;0.1;0.7;4.8;0.0;0.7;11;0.0;46;0.3;4;0.5;0;1107
Sota Nakamura;M (RC), AM (RLC), ST (C);25;€1M;J1 League;Japan;1.7;10.2;43%;0.0;9%;0;0.0;1.4;0.4;89%;17.2;0;0.3;4.5;1.2;0.6;0.6;0.8;0;39.9;1.9;12.1;1.4;1.4;17;0.3;2.0;0.0;0.2;0.2;12.1;0.3;2.8;0.2;0.9;0.4;0.1;2.4;17;0.0;15;-2.61;30;0.3;0;2580
Hiroto Yamami;AM (RLC);28;Unknown;J1 League;Japan;1.5;10.2;45%;0.0;14%;0;0.0;1.8;0.1;90%;17.3;0;0.2;5.6;1.2;0.6;0.6;1.1;0;41.1;2.5;10.2;1.9;1.8;17;0.2;2.3;0.0;0.1;0.3;11.8;0.3;2.9;0.2;1.1;0.5;0.1;1.3;13;0.0;19;0.5;20;0.3;0;2657
Kim Jusung;D (C);27;Unknown;J1 League;Japan;2.8;13.7;33%;0.1;0%;0;0.0;0.2;0.1;92%;2.4;0;1.2;2.3;1.0;0.7;0.1;0.1;0;42.8;1.9;4.1;0.2;0.1;27;0.0;0.3;0.5;0.7;0.0;10.1;0.0;5.6;0.1;0.1;3.8;0.1;0.1;33;1.0;68;-1.58;31;0.0;0;3583
Kim Jeong-Hoon;GK;27;Unknown;J1 League;Japan;0.0;4.8;0%;0.0;0%;68;0.1;0.0;0.0;81%;7.2;2.98;3.6;0.0;0.0;0.0;0.0;0.0;88;23.8;0.0;0.0;0.1;0.0;1;0.0;0.0;0.0;0.0;0.0;5.4;0.0;0.0;0.0;0.0;0.0;0.0;0.0;0;0.0;0;0;6;0.0;40;3265
Kim Tae Hyeon;D (LC);27;Unknown;J1 League;Japan;2.4;18.4;8%;0.2;0%;0;0.0;0.3;0.1;92%;3.0;0;0.9;2.8;0.9;0.7;0.1;0.0;0;42.8;2.0;4.5;0.3;0.1;28;0.0;0.3;0.8;0.9;0.0;10.4;0.0;6.1;0.0;0.1;3.7;0.1;0.1;0;0.8;61;-1.71;33;0.0;0;3436
Kim Seung Gyu;GK;37;€65K - €650K;J1 League;Japan;0.0;4.6;0%;0.0;0%;81;0.4;0.0;0.0;86%;9.1;12.93;3.1;0.0;0.0;0.0;0.0;0.0;91;24.6;0.0;0.0;0.0;0.0;1;0.0;0.0;0.0;0.0;0.0;5.4;0.0;0.0;0.0;0.0;0.0;0.0;0.0;0;0.0;0;0;2;0.0;25;3159
Wesley Moraes;ST (C);31;Unknown;J1 League;Japan;1.0;1.7;56%;0.0;15%;0;0.0;0.5;0.3;89%;19.2;0;0.1;2.0;0.3;0.1;1.2;1.7;0;26.9;0.4;5.9;0.5;0.6;1;0.0;3.0;0.0;0.2;0.4;10.2;0.3;8.7;0.2;0.3;4.3;0.0;0.3;0;0.1;49;1.6;2;0.3;0;1005
Sota Miura;D/WB (L);27;Unknown;J1 League;Japan;3.5;13.2;33%;0.1;11%;0;0.0;0.8;0.2;87%;14.4;0;1.1;6.7;2.4;2.1;0.2;0.1;0;55.9;7.3;16.8;0.8;1.0;97;0.4;0.4;0.1;0.7;0.0;11.5;0.0;3.2;0.1;2.4;1.4;0.0;5.3;14;0.2;46;0.85;120;0.0;0;4136
Nobuteru Nakagawa;DM, M (C);26;Unknown;J1 League;Japan;2.8;13.7;30%;0.0;5%;0;0.0;1.1;0.2;92%;6.0;0;0.7;5.5;1.8;1.0;0.2;0.2;0;53.1;6.6;11.2;1.1;0.2;30;0.1;0.7;0.2;0.4;0.0;11.5;0.1;1.4;0.2;0.2;0.4;0.1;0.2;42;0.0;32;-1.03;43;0.1;0;2605
Sho Omori;D (LC), WB (L), DM;28;Unknown;J1 League;Japan;3.5;12.2;0%;0.1;0%;0;0.0;0.9;0.1;90%;12.1;0;0.9;7.2;1.7;1.5;0.1;0.0;0;56.6;8.0;15.5;0.9;0.8;55;0.1;0.1;0.4;0.5;0.0;11.9;0.0;2.7;0.1;1.5;1.2;0.0;1.5;5;0.1;44;0;81;0.0;0;3202
Daiki Kaneko;DM, M (C);29;Unknown;J1 League;Japan;2.4;11.5;14%;0.0;0%;0;0.0;0.8;0.3;92%;6.6;0;0.8;5.6;1.4;0.8;0.1;0.0;0;50.3;5.6;9.8;0.8;0.2;23;0.0;0.2;0.4;0.5;0.0;11.2;0.0;2.0;0.1;0.2;0.9;0.1;0.2;20;0.1;46;-0.69;35;0.0;0;2621
Keito Kawamura;AM (RL), ST (C);28;Unknown;J1 League;Japan;0.7;1.5;46%;0.0;12%;0;0.0;1.1;0.1;87%;21.7;0;0.0;1.6;0.6;0.1;0.9;1.4;0;26.7;0.9;6.4;1.1;0.6;3;0.2;3.1;0.0;0.1;0.4;10.8;0.3;7.5;0.1;0.4;2.4;0.1;0.4;41;0.0;32;1.42;5;0.3;0;2431
Svend Brodersen;GK;31;Unknown;J1 League;Japan;0.0;4.8;0%;0.0;0%;70;-0.0;0.0;0.0;76%;6.7;-0.76;3.2;0.0;0.0;0.0;0.0;0.0;87;24.8;0.0;0.0;0.0;0.0;1;0.0;0.0;0.0;0.0;0.0;5.2;0.0;0.0;0.0;0.0;0.0;0.0;0.0;0;0.0;0;0;5;0.0;44;3363
Tenmu Matsumoto;DM, M (C);25;Unknown;J1 League;Japan;2.6;15.2;15%;0.0;8%;0;0.0;0.6;0.4;90%;7.2;0;0.7;5.8;1.4;1.0;0.0;0.1;0;53.5;4.3;10.2;0.7;0.1;36;0.0;0.4;0.0;0.6;0.0;11.7;0.0;1.6;0.3;0.1;0.7;0.2;1.7;14;0.0;40;-0.34;46;0.0;0;3305
Louis Yamaguchi;GK;30;Unknown;J1 League;Japan;0.0;3.9;0%;0.0;0%;79;0.3;0.0;0.0;80%;6.6;15.87;3.2;0.0;0.0;0.1;0.0;0.0;87;24.0;0.0;0.0;0.0;0.0;3;0.0;0.0;0.0;0.0;0.0;5.0;0.0;0.0;0.0;0.0;0.0;0.0;0.0;0;0.0;0;0;7;0.0;41;4437
Sota Kawasaki;WB (RL), DM, M/AM (C);26;Unknown;J1 League;Japan;2.0;14.7;47%;0.1;7%;0;0.0;0.9;0.2;92%;7.9;0;0.9;6.2;1.7;0.8;0.3;0.4;0;49.9;4.0;11.9;0.9;0.3;13;0.0;0.9;0.1;0.5;0.1;11.5;0.1;1.7;0.2;0.2;0.6;0.2;0.2;0;0.0;33;-0.34;22;0.1;0;1472
Ryuho Kikuchi;D (C);31;Unknown;J1 League;Japan;3.0;15.7;33%;0.2;0%;0;0.0;0.3;0.2;92%;3.0;0;0.8;2.9;0.9;0.6;0.1;0.1;0;42.0;2.1;4.2;0.3;0.1;14;0.0;0.3;0.8;0.7;0.0;10.0;0.0;4.1;0.1;0.0;2.8;0.1;0.0;0;0.5;68;-0.83;17;0.0;0;2126
Tomoya Miki;M (RLC), AM (C);30;€120K - €1.2M;J1 League;Japan;2.6;7.1;30%;0.0;8%;0;0.0;1.6;0.3;88%;12.7;0;0.4;11.9;1.6;1.9;0.5;0.4;0;40.8;4.8;15.7;2.0;3.6;62;0.4;1.2;0.0;0.2;0.1;10.9;0.1;2.4;0.2;3.2;0.7;0.1;3.2;11;0.0;28;-2.28;87;0.2;0;3008
Riku Handa;D (RLC), WB (R);26;Unknown;J1 League;Japan;2.8;15.8;25%;0.0;13%;0;0.0;0.7;0.1;92%;9.2;0;1.0;5.0;1.8;1.5;0.1;0.1;0;60.7;4.8;10.8;0.7;0.4;45;0.2;0.3;0.9;0.5;0.0;10.7;0.0;3.3;0.1;0.9;1.7;0.1;1.6;14;0.5;52;0.18;58;0.0;0;2729
Daihachi Okamura;D (C);31;Not for Sale;J1 League;Japan;2.6;13.2;23%;0.1;12%;0;0.0;0.2;0.1;89%;2.9;0;0.9;2.8;0.9;0.6;0.2;0.1;0;43.2;2.4;3.9;0.2;0.1;24;0.0;0.6;0.7;0.7;0.1;10.3;0.1;5.6;0.0;0.0;4.3;0.0;0.0;50;1.0;76;-0.17;31;0.1;0;3855
Yusuke Matsuo;AM (LC), ST (C);30;Unknown;J1 League;Japan;1.5;3.7;37%;0.0;8%;0;0.0;1.6;0.2;87%;18.7;0;0.6;9.1;2.1;1.0;0.7;0.9;0;41.8;3.6;12.2;1.6;6.3;25;0.3;2.4;0.0;0.2;0.2;11.3;0.2;3.3;0.2;2.1;1.1;0.0;2.1;14;0.0;34;0.19;40;0.2;0;2330
Yoshio Koizumi;M/AM (C);31;Unknown;J1 League;Japan;1.7;14.0;37%;0.0;7%;0;0.0;2.1;0.4;89%;16.3;0;0.4;5.1;1.5;0.7;0.4;0.5;0;42.4;3.1;9.4;3.3;1.1;20;0.2;1.5;0.0;0.1;0.1;11.6;0.1;2.9;0.2;0.8;0.5;0.2;8.3;14;0.0;17;-1.16;32;0.1;0;2509
Tatsuya Tabira;D (LC);27;Unknown;J1 League;Japan;3.0;8.5;0%;0.2;0%;0;0.0;0.1;0.1;87%;7.0;0;1.5;3.8;1.1;0.7;0.1;0.0;0;41.9;2.3;4.0;0.1;0.0;9;0.2;0.4;0.9;0.6;0.0;9.3;0.1;5.4;0.0;0.5;3.6;0.0;0.5;33;1.0;65;-0.81;12;0.1;0;1190
Toya Nakamura;D (LC), WB/M (L);27;Unknown;J1 League;Japan;2.7;16.6;11%;0.2;0%;0;0.0;0.2;0.0;92%;6.6;0;0.8;3.5;1.2;1.0;0.1;0.0;0;43.9;2.8;4.8;0.2;0.3;23;0.0;0.4;1.1;0.7;0.0;9.6;0.0;5.4;0.0;0.5;3.7;0.0;0.5;0;0.8;69;-0.93;26;0.0;0;2139
Yago Santiago;M/AM (LC), ST (C);25;Unknown;J1 League;Japan;1.5;4.4;24%;0.0;10%;0;0.0;1.6;0.1;88%;17.6;0;0.5;8.7;2.2;1.0;0.6;0.5;0;41.8;4.0;15.4;1.6;3.1;18;0.4;2.2;0.0;0.4;0.2;11.4;0.2;4.2;0.2;3.4;0.9;0.2;3.4;12;0.0;22;-0.49;33;0.2;0;1671
Takumi Tsuchiya;D (RC), DM;24;Unknown;J1 League;Japan;2.4;14.1;18%;0.1;0%;0;0.0;0.1;0.1;88%;3.9;0;0.9;3.7;1.1;0.7;0.2;0.1;0;44.1;2.3;5.4;0.1;0.2;21;0.0;0.5;1.0;0.6;0.0;10.2;0.0;5.4;0.0;0.1;3.4;0.0;0.1;0;1.2;63;-1.56;26;0.0;0;2856
Boniface Nduka;D (C);32;Unknown;J1 League;Japan;2.5;14.8;25%;0.0;13%;0;0.0;0.1;0.1;86%;4.0;0;1.0;2.3;1.0;0.9;0.2;0.1;0;42.6;2.2;5.1;0.1;0.1;15;0.0;0.5;1.2;0.4;0.1;10.0;0.0;5.3;0.0;0.2;3.4;0.0;0.2;0;1.4;65;0.41;17;0.0;0;1504
Taisei Miyashiro;AM (C), ST (C);28;Unknown;J1 League;Japan;0.8;2.2;53%;0.0;11%;0;0.0;0.8;0.2;90%;20.9;0;0.3;1.5;0.5;0.0;1.0;1.6;0;27.1;0.6;7.7;0.8;1.0;1;0.0;3.0;0.0;0.1;0.3;10.1;0.3;7.4;0.1;0.5;1.7;0.1;0.5;7;0.1;24;-0.15;3;0.3;0;2573
Koya Kitagawa;AM (RLC), ST (C);31;Not for Sale;J1 League;Japan;0.8;2.4;52%;0.0;14%;0;0.0;0.9;0.2;88%;17.1;0;0.2;1.6;0.8;0.1;1.0;1.5;0;25.9;0.9;5.7;0.9;0.8;4;0.2;2.9;0.0;0.1;0.4;10.4;0.3;7.7;0.1;0.7;1.9;0.1;0.7;25;0.2;25;3.57;8;0.3;0;3241
Sho Inagaki;DM;36;€6K - €18K;J1 League;Japan;2.5;13.3;15%;0.1;8%;0;0.0;0.6;0.2;92%;7.8;0;0.7;5.5;1.5;1.5;0.1;0.1;0;50.8;3.5;10.3;0.6;0.1;53;0.0;0.4;0.3;0.6;0.0;11.6;0.0;2.3;0.2;0.1;0.8;0.2;0.1;0;0.2;35;-0.41;67;0.0;0;3263
Masatoshi Ishida;AM (RL), ST (C);33;€250K - €800K;J1 League;Japan;0.6;2.2;43%;0.0;15%;0;0.0;0.9;0.1;89%;19.6;0;0.2;1.5;0.6;0.4;0.8;1.2;0;29.5;0.6;4.6;2.7;0.9;8;0.1;2.8;0.0;0.1;0.4;9.6;0.3;8.5;0.0;0.5;1.6;0.0;3.6;11;0.1;19;2.55;9;0.3;0;1991
Nikki Havenaar;D (C);33;Unknown;J1 League;Japan;2.9;14.8;10%;0.2;0%;0;0.0;0.2;0.1;88%;3.8;0;1.0;3.1;0.9;0.5;0.1;0.1;0;41.4;2.8;3.9;0.2;0.0;19;0.0;0.5;1.3;0.5;0.0;10.1;0.1;5.6;0.0;0.0;4.1;0.0;0.0;0;1.0;74;-2.08;29;0.1;0;3579
Ryuta Koike;D (RL), WB (R), M (L);32;€9K;J1 League;Japan;3.4;7.5;18%;0.1;12%;0;0.0;0.5;0.1;90%;17.3;0;0.8;5.9;1.6;1.5;0.3;0.2;0;54.8;7.7;13.2;0.5;0.9;23;0.4;1.1;0.1;0.3;0.1;11.4;0.2;3.9;0.1;3.0;1.5;0.0;3.0;14;0.3;39;-1.01;26;0.2;0;1423
Koya Yuruki;M (L), AM (LC);32;Unknown;J1 League;Japan;2.1;4.2;42%;0.0;13%;0;0.0;1.9;0.9;90%;18.1;0;0.3;8.9;1.5;1.5;0.6;1.2;0;43.6;3.7;13.1;1.9;3.3;17;0.6;2.7;0.0;0.1;0.4;11.1;0.3;4.5;0.4;3.6;2.0;0.1;4.6;17;0.2;45;0.43;17;0.3;0;1016
Ryosuke Kojima;GK;31;€250K - €2.6M;J1 League;Japan;0.0;4.0;0%;0.0;0%;71;0.0;0.0;0.0;77%;6.5;0.21;3.3;0.0;0.0;0.0;0.0;0.0;88;25.3;0.0;0.0;0.0;0.0;0;0.0;0.0;0.0;0.0;0.0;5.4;0.0;0.0;0.0;0.0;0.0;0.0;0.0;0;0.0;0;0;2;0.0;42;3420
William Popp;GK;33;Unknown;J1 League;Japan;0.0;4.4;0%;0.0;0%;71;-0.1;0.1;0.0;75%;6.6;-1.37;3.9;0.0;0.0;0.1;0.0;0.0;89;24.9;0.0;0.0;0.1;0.0;1;0.0;0.0;0.0;0.0;0.0;5.9;0.0;0.0;0.0;0.0;0.0;0.0;0.0;0;0.0;0;0;3;0.0;29;1448
Shinnosuke Hatanaka;D (C);32;Unknown;J1 League;Japan;3.2;17.4;50%;0.1;25%;0;0.0;0.1;0.1;93%;3.1;0;1.2;2.7;0.9;0.6;0.0;0.0;0;43.9;1.7;3.0;0.1;0.0;27;0.0;0.1;0.7;0.6;0.0;9.8;0.0;5.1;0.0;0.1;3.7;0.0;0.1;0;1.1;72;0.25;30;0.0;0;3897
Gakuto Notsuda;DM, M/AM (C);33;€40K - €400K;J1 League;Japan;2.1;14.7;23%;0.1;15%;0;0.0;1.1;0.2;90%;9.2;0;0.8;5.6;1.7;0.9;0.2;0.2;0;48.8;4.9;9.6;1.3;0.6;17;0.1;0.7;0.1;0.3;0.1;11.2;0.1;3.2;0.1;0.3;1.5;0.0;2.2;10;0.1;49;0.61;24;0.1;0;1627
Gen Shoji;D (C), DM;35;€0 - €20K;J1 League;Japan;2.0;16.6;0%;0.1;0%;0;0.0;0.3;0.1;93%;3.6;0;1.1;2.6;0.9;0.6;0.1;0.0;0;42.0;1.9;3.7;0.3;0.1;20;0.0;0.2;1.5;0.7;0.0;9.5;0.0;5.3;0.1;0.0;3.3;0.0;0.0;0;1.0;61;-0.39;26;0.0;0;2837
Daniel Schmidt;GK;36;Unknown;J1 League;Japan;0.0;4.6;0%;0.0;0%;74;0.3;0.0;0.0;82%;6.9;13.89;2.9;0.0;0.0;0.0;0.0;0.0;88;23.0;0.0;0.0;0.0;0.0;2;0.0;0.0;0.0;0.0;0.0;5.4;0.0;0.0;0.0;0.0;0.0;0.0;0.0;0;0.0;0;0;4;0.0;49;4650
Shuta Sasa;D (C), DM;21;Unknown;J1 League;Japan;2.4;9.6;17%;0.0;6%;0;0.0;0.5;0.1;90%;7.4;0;0.8;5.0;1.3;0.8;0.3;0.2;0;50.1;3.1;10.8;0.5;0.1;13;0.0;1.0;0.5;0.5;0.1;11.0;0.1;3.3;0.1;0.1;2.2;0.1;0.1;0;0.4;65;-0.94;18;0.1;0;1547
Zento Uno;DM, M (C);24;Unknown;J1 League;Japan;2.7;14.1;9%;0.1;9%;0;0.0;1.4;0.1;91%;5.9;0;0.9;6.4;1.7;1.0;0.1;0.0;0;51.0;5.5;11.5;1.4;0.2;39;0.0;0.3;0.2;0.7;0.0;11.4;0.0;1.5;0.1;0.2;0.7;0.1;0.2;0;0.2;43;-0.03;53;0.0;0;3411
Keisuke Sato;D/WB/M (R);25;Unknown;J1 League;Japan;3.5;10.3;0%;0.2;0%;0;0.0;0.7;0.1;82%;18.6;0;1.2;6.0;1.5;1.1;0.2;0.0;0;50.4;5.4;13.9;0.7;0.5;22;0.4;0.6;0.8;0.6;0.0;11.6;0.1;5.2;0.0;1.8;3.4;0.0;1.8;19;0.4;65;-1.44;27;0.1;0;1791
Muhammedali Reimov;DM, M (C);21;Unknown;J1 League;Japan;2.5;11.9;18%;0.0;0%;0;0.0;0.4;0.1;91%;7.1;0;0.6;5.6;1.5;1.4;0.1;0.1;0;46.5;3.4;11.1;0.4;0.0;43;0.0;0.4;0.3;0.6;0.0;10.6;0.0;3.1;0.0;0.0;1.4;0.0;0.0;100;0.2;45;-1.33;53;0.0;0;2762
Matteo Brunori;ST (C);33;Unknown;J1 League;Japan;0.5;1.8;50%;0.0;12%;0;0.0;1.0;0.1;89%;17.5;0;0.2;1.6;0.8;0.3;1.3;2.1;0;26.8;0.8;5.7;1.6;0.7;6;0.1;4.3;0.0;0.0;0.5;10.4;0.6;8.0;0.0;0.5;2.3;0.0;0.5;23;0.3;28;-3.44;13;0.6;0;2147
Julius Dirksen;D (LC), DM;25;Unknown;J1 League;Japan;2.9;13.9;33%;0.0;33%;0;0.0;0.7;0.1;88%;10.4;0;1.0;6.4;1.3;1.2;0.0;0.0;0;49.8;4.3;10.6;0.7;0.4;27;0.1;0.1;0.7;0.6;0.0;11.5;0.0;4.2;0.1;0.8;2.5;0.0;0.8;11;0.4;59;0.52;32;0.0;0;2113
Ko Abe;M/AM (R), ST (C);18;Unknown;J1 League;Japan;2.0;3.9;41%;0.0;11%;0;0.0;1.6;0.3;90%;18.3;0;0.6;9.5;1.5;0.7;0.8;1.0;0;42.2;3.6;17.4;1.7;4.1;11;0.6;2.4;0.0;0.3;0.3;11.9;0.3;2.5;0.2;3.3;0.6;0.1;3.3;17;0.1;26;-0.09;15;0.3;0;1394
Eliano Reijnders;D/WB (R), DM, M/AM (RC);27;Unknown;J1 League;Japan;1.9;8.6;32%;0.0;5%;0;0.0;1.3;0.3;91%;13.5;0;0.4;7.2;1.3;1.0;0.4;0.4;0;44.6;4.1;10.5;1.3;1.1;17;0.1;1.3;0.1;0.5;0.1;11.2;0.1;2.5;0.2;1.3;0.5;0.2;1.3;9;0.2;21;-0.67;21;0.1;0;1505
Thom Haye;DM, M/AM (C);33;Unknown;J1 League;Japan;2.4;14.2;33%;0.0;0%;0;0.0;0.4;0.3;93%;6.3;0;1.0;6.5;0.8;0.5;0.1;0.2;0;50.8;4.8;10.2;1.4;0.3;8;0.0;0.6;0.1;0.8;0.0;11.5;0.1;1.8;0.2;0.1;0.3;0.1;3.9;8;0.1;19;-1.19;11;0.1;0;1320
Tuomas Ollila;D/WB/M/AM (L);28;Unknown;J1 League;Japan;3.7;10.2;0%;0.1;0%;0;0.0;1.1;0.0;87%;14.3;0;1.2;7.1;1.8;1.7;0.0;0.0;0;57.0;7.3;14.5;1.1;0.9;48;0.2;0.1;0.5;0.5;0.0;11.0;0.0;3.5;0.0;1.4;1.9;0.0;4.7;16;0.2;54;-0.33;61;0.0;0;2559
Omar Richards;D/WB (L);30;Unknown;J1 League;Japan;2.5;13.1;0%;0.2;0%;0;0.0;1.8;0.1;88%;14.4;0;1.0;7.4;2.2;2.0;0.0;0.0;0;54.8;6.9;16.9;1.8;1.3;42;0.4;0.1;0.9;0.7;0.0;12.2;0.0;3.0;0.1;2.0;1.4;0.1;2.2;18;0.1;46;-0.33;59;0.0;0;1933
Mohammad Karimi;DM, M (C);31;Unknown;J1 League;Japan;2.9;12.2;29%;0.1;0%;0;0.0;1.3;0.4;89%;8.6;0;0.7;6.4;1.3;0.9;0.1;0.1;0;50.5;6.0;10.4;1.4;0.2;16;0.0;0.4;0.3;0.3;0.0;11.5;0.0;1.7;0.1;0.2;0.8;0.1;7.5;9;0.1;47;-0.67;21;0.0;0;1568
Mohammed Dawood;AM (RL), ST (C);29;€180K;J1 League;Japan;0.5;0.9;43%;0.0;17%;0;0.0;0.7;0.2;91%;20.3;0;0.1;1.5;0.6;0.1;0.6;0.6;0;25.4;0.1;7.1;0.7;0.8;1;0.0;1.4;0.0;0.1;0.2;9.0;0.1;8.9;0.0;0.2;2.1;0.1;0.2;0;0.0;24;1.78;1;0.1;0;1462
Asahi Masuyama;M/AM (RL);31;Not for Sale;J1 League;Japan;2.1;6.3;33%;0.1;7%;0;0.0;2.0;0.5;91%;15.8;0;0.8;9.5;2.5;1.5;0.6;0.5;0;46.3;4.7;16.9;4.0;2.8;39;0.8;1.6;0.0;0.4;0.1;11.8;0.2;3.7;0.2;3.4;1.3;0.2;3.4;25;0.0;35;-1.55;57;0.2;0;2339
Ryosuke Shindo;D (RC);31;Unknown;J1 League;Japan;2.1;13.9;13%;0.1;13%;0;0.0;0.4;0.1;91%;4.2;0;1.2;3.1;1.2;0.7;0.2;0.1;0;44.0;2.9;5.1;0.4;0.1;16;0.0;0.7;0.7;0.6;0.1;10.6;0.1;4.1;0.0;0.2;2.2;0.0;0.2;20;0.6;54;0.44;19;0.1;0;2033
Masaya Okugawa;M (L), AM (RLC);32;Unknown;J1 League;Japan;2.0;5.4;43%;0.0;7%;0;0.0;1.8;0.4;88%;21.2;0;0.7;8.6;1.9;1.5;0.7;0.8;0;42.4;3.2;14.1;1.8;4.0;43;0.4;1.9;0.0;0.2;0.1;11.4;0.2;3.6;0.1;2.2;1.1;0.3;2.4;19;0.0;31;-1.78;50;0.2;0;2576
Go Hatano;GK;30;€375K;J1 League;Japan;0.0;2.7;0%;0.0;0%;70;0.1;0.0;0.0;78%;8.7;1.48;3.7;0.0;0.0;0.0;0.0;0.0;88;23.9;0.0;0.0;0.0;0.0;0;0.0;0.0;0.0;0.0;0.0;5.4;0.0;0.0;0.0;0.0;0.0;0.0;0.0;0;0.0;0;0;1;0.0;21;2044
Yuya Oki;GK;28;Unknown;J1 League;Japan;0.0;4.2;0%;0.0;0%;79;0.4;0.0;0.0;85%;6.7;19.3;2.0;0.0;0.0;0.0;0.0;0.0;88;24.2;0.0;0.0;0.0;0.0;1;0.0;0.0;0.0;0.0;0.0;6.3;0.0;0.0;0.0;0.0;0.0;0.0;0.0;0;0.0;0;0;3;0.0;40;4230
Kosuke Yamazaki;D (C);32;Unknown;J1 League;Japan;2.9;12.6;26%;0.1;9%;0;0.0;0.2;0.1;89%;3.5;0;0.9;2.4;0.8;0.4;0.3;0.2;0;43.1;2.2;3.9;0.2;0.0;15;0.0;0.6;0.6;0.6;0.1;10.0;0.1;3.8;0.0;0.1;2.2;0.0;0.1;0;0.4;58;-0.05;17;0.1;0;3334
Taiki Watanabe;D (LC), DM;29;Unknown;J1 League;Japan;2.4;15.6;0%;0.1;0%;0;0.0;0.2;0.1;91%;2.4;0;1.0;3.1;0.9;0.6;0.1;0.0;0;43.5;1.8;3.6;0.2;0.1;18;0.0;0.1;0.7;1.0;0.0;10.1;0.0;4.4;0.1;0.0;2.3;0.0;0.0;0;0.5;53;-0.19;19;0.0;0;2790
Ryo Germain;AM (RC), ST (C);33;Unknown;J1 League;Japan;0.9;2.7;46%;0.0;10%;0;0.0;1.0;0.1;89%;18.3;0;0.2;1.6;0.5;0.2;0.9;1.8;0;31.7;0.7;8.0;1.0;0.8;7;0.1;3.8;0.0;0.1;0.4;10.5;0.4;7.4;0.2;0.2;1.9;0.1;0.2;30;0.0;25;-2.76;11;0.4;0;3870
Toichi Suzuki;D/WB/M (L);28;Unknown;J1 League;Japan;4.3;11.9;0%;0.1;0%;0;0.0;1.1;0.1;89%;12.9;0;1.1;7.7;2.6;2.6;0.0;0.0;0;57.1;7.3;15.1;1.1;0.6;98;0.3;0.1;0.3;0.5;0.0;11.4;0.0;2.7;0.1;2.1;1.3;0.0;2.1;15;0.2;47;-0.54;115;0.0;0;3448
Hinata Kida;WB (L), DM, M (C);27;Unknown;J1 League;Japan;2.7;10.7;30%;0.2;0%;0;0.0;0.7;0.1;88%;7.6;0;0.8;6.7;1.9;1.3;0.2;0.1;0;52.1;4.1;11.7;0.7;0.1;39;0.0;0.3;0.1;0.5;0.0;11.4;0.0;1.8;0.1;0.1;0.5;0.0;0.1;50;0.0;31;-0.45;56;0.0;0;2671
Akinori Ichikawa;GK;29;Unknown;J1 League;Japan;0.0;4.3;0%;0.0;0%;68;0.1;0.0;0.0;77%;8.0;2.84;4.4;0.0;0.0;0.0;0.0;0.0;88;23.0;0.0;0.0;0.0;0.0;0;0.0;0.0;0.0;0.0;0.0;5.7;0.0;0.0;0.0;0.0;0.0;0.0;0.0;0;0.0;0;0;4;0.0;48;3447
Yuto Iwasaki;M/AM (L), ST (C);29;Unknown;J1 League;Japan;1.3;3.1;49%;0.0;11%;0;0.0;1.3;0.2;85%;18.0;0;0.4;4.6;1.4;0.9;0.7;1.5;0;30.9;2.4;8.4;1.3;1.5;15;0.6;3.1;0.0;0.2;0.4;10.8;0.4;5.2;0.2;1.5;1.3;0.1;1.8;35;0.1;25;-0.69;16;0.4;0;1519
Kei Chinen;DM, M (C);33;Unknown;J1 League;Japan;2.4;12.3;23%;0.0;0%;0;0.0;0.8;0.3;88%;7.4;0;1.1;5.7;1.6;1.3;0.2;0.1;0;50.8;6.0;13.2;0.9;0.1;38;0.1;0.4;0.2;0.7;0.0;12.3;0.0;1.7;0.1;0.2;0.8;0.0;0.2;60;0.2;45;-1;46;0.0;0;2716
Koki Fukui;GK;32;Unknown;J1 League;Japan;0.0;4.7;0%;0.0;0%;72;0.0;0.0;0.0;82%;6.6;0.46;3.7;0.0;0.0;0.0;0.0;0.0;88;23.9;0.0;0.0;0.0;0.0;0;0.0;0.0;0.0;0.0;0.0;5.7;0.0;0.0;0.0;0.0;0.0;0.0;0.0;0;0.0;0;0;1;0.0;13;1180
Teruki Hara;D (RC), WB (R), DM;29;Unknown;J1 League;Japan;3.2;14.4;30%;0.1;0%;0;0.0;0.2;0.0;90%;3.2;0;1.2;2.2;0.6;0.4;0.1;0.1;0;41.4;1.9;4.4;0.2;0.0;20;0.0;0.2;0.7;0.7;0.0;10.1;0.0;4.0;0.0;0.0;2.8;0.0;0.0;0;0.4;71;-1.07;24;0.0;0;4670
Ryotaro Meshino;M (L), AM (LC);29;€50K;J1 League;Japan;2.2;5.1;29%;0.0;8%;0;0.0;1.4;0.2;87%;17.7;0;0.3;8.9;2.3;1.8;0.6;0.7;0;41.6;3.1;11.7;1.5;3.6;29;0.8;2.4;0.0;0.3;0.2;11.4;0.3;3.7;0.1;3.1;1.1;0.2;14.7;18;0.0;29;-1.85;32;0.3;0;1419
Kanji Okunuki;M/AM (RL), ST (C);28;Unknown;J1 League;Japan;2.4;4.3;43%;0.0;5%;0;0.0;1.7;0.1;91%;17.1;0;0.6;9.3;1.9;1.1;0.2;0.6;0;43.3;2.8;13.6;1.7;4.1;32;0.5;1.4;0.0;0.1;0.1;11.5;0.2;3.6;0.1;3.0;0.7;0.1;5.1;13;0.0;20;-2.5;44;0.2;0;2623
Yudai Konishi;DM, M (C);30;Unknown;J1 League;Japan;2.2;12.1;22%;0.0;11%;0;0.0;0.7;0.2;90%;6.5;0;1.1;5.8;1.5;1.0;0.0;0.1;0;51.8;5.9;10.5;0.9;0.3;23;0.0;0.4;0.4;0.6;0.0;11.2;0.1;1.7;0.1;0.1;0.7;0.0;0.6;23;0.0;44;-0.17;27;0.1;0;2093
Motohiko Nakajima;M (C), AM (LC), ST (C);29;Unknown;J1 League;Japan;0.7;2.4;48%;0.0;9%;0;0.0;1.2;0.3;90%;18.8;0;0.1;1.6;0.7;0.2;1.0;1.4;0;25.7;0.9;5.8;1.2;0.6;8;0.1;3.0;0.0;0.0;0.3;10.3;0.3;8.1;0.1;0.5;1.5;0.0;2.8;14;0.1;19;-1.42;10;0.3;0;3136
Reiya Morishita;D (C), DM;29;Unknown;J1 League;Japan;2.9;13.4;0%;0.1;0%;0;0.0;0.2;0.1;93%;2.9;0;1.1;2.6;1.0;0.7;0.1;0.0;0;43.3;2.1;4.2;0.2;0.0;27;0.0;0.2;0.8;0.6;0.0;10.3;0.0;3.8;0.1;0.0;2.5;0.1;0.0;0;0.6;65;-1.28;31;0.0;0;3630
Kota Watanabe;D (LC), DM, M (C);29;Unknown;J1 League;Japan;2.3;12.9;29%;0.1;0%;0;0.0;1.2;0.2;91%;6.9;0;0.9;6.5;2.2;1.6;0.0;0.1;0;50.2;5.7;12.4;1.3;0.1;43;0.1;0.3;0.3;0.5;0.0;11.7;0.0;2.0;0.1;0.3;0.8;0.1;0.3;22;0.1;41;-1.21;55;0.0;0;2378
Yota Maejima;D/WB (RL);30;€130K - €1.3M;J1 League;Japan;2.7;14.4;11%;0.1;0%;0;0.0;1.3;0.1;87%;15.8;0;1.0;7.2;2.0;2.2;0.0;0.0;0;53.5;7.4;15.3;1.3;1.1;74;0.3;0.3;0.7;0.3;0.0;11.7;0.0;3.4;0.1;2.4;1.7;0.0;2.4;13;0.1;48;-0.92;83;0.0;0;3095
Keita Endo;M (RL), AM (L);30;€2.5K - €24K;J1 League;Japan;1.2;3.3;38%;0.0;13%;0;0.0;2.0;0.2;87%;19.5;0;0.4;8.4;1.7;2.0;0.5;0.4;0;41.7;5.4;13.5;3.1;2.3;29;0.7;1.1;0.0;0.2;0.1;11.6;0.1;3.0;0.0;3.9;0.9;0.0;3.9;17;0.2;30;0.19;34;0.1;0;1326
Keiya Shiihashi;DM;30;Unknown;J1 League;Japan;2.1;13.2;38%;0.1;12%;0;0.0;0.9;0.4;91%;5.2;0;0.7;5.9;1.8;1.2;0.1;0.2;0;51.7;6.0;10.7;0.9;0.4;49;0.0;0.6;0.2;0.5;0.1;11.1;0.1;2.2;0.4;0.1;1.2;0.2;0.1;25;0.0;53;0.2;62;0.1;0;3726
Hirokazu Ishihara;D/WB/M (RL);29;Unknown;J1 League;Japan;3.4;10.5;14%;0.0;0%;0;0.0;0.8;0.1;87%;12.4;0;0.9;7.6;2.1;1.5;0.3;0.1;0;57.6;8.1;15.5;0.9;0.9;46;0.6;0.7;0.5;0.4;0.0;11.0;0.1;4.0;0.1;3.1;1.6;0.1;3.9;16;0.3;40;-2.02;72;0.1;0;2848
Taiki Hirato;M/AM (LC);31;Not for Sale;J1 League;Japan;1.4;9.6;27%;0.0;11%;0;0.0;2.1;0.4;90%;16.8;0;0.5;6.2;1.5;0.9;0.5;0.4;0;40.9;3.1;13.2;3.0;1.6;34;0.1;1.5;0.0;0.2;0.2;11.9;0.1;3.0;0.2;1.2;0.4;0.1;5.0;16;0.1;15;0.48;38;0.1;0;3317
Ryo Hatsuse;D (LC);30;Unknown;J1 League;Japan;2.8;10.1;50%;0.1;50%;0;0.0;1.4;0.2;89%;17.6;0;0.7;7.6;2.0;1.9;0.1;0.1;0;52.7;7.4;14.5;1.4;1.1;28;0.1;0.1;0.2;0.2;0.1;11.1;0.0;3.4;0.1;2.3;2.7;0.3;2.3;3;0.3;78;0.93;36;0.0;0;1317
Daiya Maekawa;GK;33;Unknown;J1 League;Japan;0.0;4.1;0%;0.0;0%;74;0.0;0.0;0.0;74%;7.2;0.48;3.5;0.0;0.0;0.0;0.0;0.0;91;24.8;0.0;0.0;0.0;0.0;1;0.0;0.0;0.0;0.0;0.0;5.5;0.0;0.0;0.0;0.0;0.0;0.0;0.0;0;0.0;0;0;5;0.0;32;2971
Tsukasa Morishima;M/AM (C), ST (C);31;Unknown;J1 League;Japan;1.3;9.5;16%;0.0;5%;0;0.0;1.7;0.5;91%;18.1;0;0.0;5.4;1.4;0.2;0.6;0.2;0;41.8;2.4;9.9;1.7;1.0;3;0.0;1.4;0.0;0.0;0.1;11.8;0.2;4.1;0.2;0.8;0.5;0.2;0.8;0;0.0;13;-1.11;6;0.2;0;1189
Kento Misao;D (RC), DM, M (C);32;Not for Sale;J1 League;Japan;2.4;11.5;43%;0.1;0%;0;0.0;0.7;0.1;91%;6.9;0;0.7;5.4;1.5;1.1;0.1;0.1;0;51.6;3.9;11.1;0.7;0.1;34;0.0;0.2;0.5;0.5;0.0;11.2;0.0;3.6;0.1;0.1;2.1;0.1;0.1;50;0.8;60;-0.96;63;0.0;0;2861
Rei Hirakawa;DM, M (C);28;Unknown;J1 League;Japan;2.0;13.6;16%;0.0;5%;0;0.0;1.1;0.3;93%;6.0;0;1.2;6.4;1.2;0.7;0.2;0.1;0;52.6;6.2;10.8;1.1;0.2;18;0.0;0.7;0.2;0.9;0.0;11.2;0.0;2.5;0.2;0.0;1.3;0.2;0.0;0;0.2;52;-0.2;26;0.0;0;2301
Koki Kumasaka;DM, M (C);27;Unknown;J1 League;Japan;2.8;12.5;0%;0.1;0%;0;0.0;0.6;0.2;91%;6.4;0;0.5;6.1;1.9;1.5;0.0;0.0;0;50.0;5.2;11.2;0.6;0.1;31;0.0;0.1;0.2;0.4;0.0;11.4;0.0;3.4;0.1;0.0;2.1;0.0;0.0;100;0.3;61;-0.34;45;0.0;0;1872
Mahiro Namazuta;ST (C);19;Unknown;J1 League;Japan;0.8;0.7;46%;0.0;11%;0;0.0;0.7;0.1;88%;25.4;0;0.2;1.3;0.3;0.1;1.5;2.1;0;23.8;0.4;4.9;0.7;1.1;1;0.0;4.5;0.0;0.1;0.5;9.6;0.5;8.4;0.0;0.2;2.2;0.2;0.2;0;0.0;27;0.21;1;0.5;0;1081
Shahriyar Moghanlou;ST (C);33;€275K - €900K;J1 League;Japan;0.7;1.9;46%;0.0;14%;0;0.0;0.9;0.2;90%;13.1;0;0.2;1.1;0.2;0.0;1.4;2.4;0;26.2;0.8;5.9;1.6;0.5;0;0.1;5.3;0.0;0.0;0.8;9.9;0.6;8.4;0.1;0.2;4.0;0.1;0.2;33;0.1;48;1.91;1;0.6;0;1183
Kimi Merk;M/AM (C), ST (C);23;Unknown;J1 League;Japan;1.1;12.9;43%;0.1;10%;0;0.0;1.6;0.4;89%;17.4;0;0.3;4.3;1.1;0.8;0.7;1.1;0;40.1;2.8;12.7;1.6;1.0;23;0.3;2.6;0.0;0.2;0.3;12.6;0.3;4.4;0.2;1.0;1.6;0.1;3.6;18;0.1;36;-1.06;26;0.3;0;2751
Lucas Barreto;GK;26;Unknown;J1 League;Japan;0.0;3.4;0%;0.0;0%;72;0.2;0.0;0.0;72%;6.0;6.02;4.1;0.0;0.0;0.0;0.0;0.0;89;24.8;0.0;0.0;0.0;0.0;0;0.0;0.0;0.0;0.0;0.0;5.6;0.0;0.0;0.0;0.0;0.0;0.0;0.0;0;0.0;0;0;3;0.0;33;2392
Ken Masui;M (RL), AM (L);27;Unknown;J1 League;Japan;1.7;5.3;45%;0.0;7%;0;0.0;1.7;0.1;90%;14.2;0;0.4;9.3;2.2;1.6;0.4;0.6;0;42.2;3.4;13.2;2.0;3.6;35;0.7;1.3;0.0;0.2;0.1;11.6;0.2;5.5;0.1;2.5;1.8;0.2;2.5;29;0.2;33;-1.52;46;0.2;0;1977
Kazunari Kita;D (C);22;Unknown;J1 League;Japan;2.7;12.9;10%;0.2;0%;0;0.0;0.3;0.0;93%;5.0;0;1.4;2.7;1.1;0.7;0.1;0.0;0;40.2;2.4;3.8;0.3;0.1;25;0.0;0.3;0.7;0.9;0.0;9.5;0.0;5.6;0.0;0.1;3.7;0.0;0.1;0;0.8;66;-0.62;32;0.0;0;3111
Renji Matsui;DM, M (C);28;Unknown;J1 League;Japan;1.7;10.3;25%;0.0;0%;0;0.0;0.5;0.4;94%;8.3;0;0.8;6.3;1.2;1.0;0.0;0.1;0;50.2;5.8;12.0;0.5;0.2;13;0.1;0.3;0.2;0.8;0.0;11.8;0.0;2.4;0.2;0.1;0.8;0.2;0.1;100;0.1;35;-0.6;16;0.0;0;1166
Arnaud Nordin;WB (L), M (R), AM (RLC);29;€1.6M - €3.6M;J1 League;Japan;2.0;4.7;28%;0.0;8%;0;0.0;1.4;0.1;88%;16.8;0;0.5;8.3;2.2;1.2;0.4;0.5;0;43.4;3.2;14.6;1.4;3.5;25;0.7;1.9;0.0;0.3;0.1;11.5;0.3;3.0;0.1;3.3;0.6;0.1;4.7;21;0.0;21;-3.72;35;0.3;0;1876
Jin Okumura;M (L), AM (LC), ST (C);27;Unknown;J1 League;Japan;2.1;9.4;41%;0.0;15%;0;0.0;1.4;0.2;87%;18.5;0;0.6;5.1;0.8;0.5;0.4;0.8;0;43.0;1.9;10.5;1.4;1.7;10;0.2;1.9;0.0;0.3;0.3;12.2;0.2;2.2;0.2;0.5;0.4;0.3;0.5;36;0.0;18;1.2;12;0.2;0;1839
Ryo Tabei;DM, M/AM (C);28;Unknown;J1 League;Japan;2.8;13.6;7%;0.0;0%;0;0.0;1.1;0.2;93%;6.1;0;0.9;5.9;1.8;1.2;0.2;0.0;0;50.5;5.4;11.4;1.2;0.1;39;0.0;0.5;0.3;0.5;0.0;11.3;0.1;1.5;0.2;0.2;0.5;0.2;3.5;15;0.1;31;-2.01;43;0.1;0;2950
Émerson Galego;AM (L), ST (C);28;Unknown;J1 League;Japan;0.7;1.8;45%;0.0;10%;0;0.0;1.0;0.1;88%;18.5;0;0.3;1.9;0.6;0.1;1.1;1.3;0;27.6;0.7;6.6;1.0;1.1;3;0.0;2.9;0.0;0.1;0.3;10.3;0.3;7.0;0.1;0.5;1.7;0.1;0.5;6;0.2;24;0.88;4;0.3;0;2721
Soma Anzai;WB (R), M/AM (RL);25;Unknown;J1 League;Japan;1.9;4.3;40%;0.0;8%;0;0.0;1.4;0.4;86%;16.3;0;0.6;11.9;1.8;1.0;0.6;0.6;0;36.8;6.2;11.5;1.4;2.8;17;0.2;1.5;0.0;0.4;0.1;11.3;0.1;3.5;0.2;1.6;0.4;0.2;1.9;12;0.0;12;-0.31;22;0.1;0;1527
Rodriguinho;M/AM (C);24;Unknown;J1 League;Japan;1.5;13.4;31%;0.1;4%;0;0.0;2.1;0.5;88%;16.3;0;0.4;4.0;1.0;0.3;0.4;0.4;0;41.4;2.9;11.3;2.1;2.1;6;0.4;1.4;0.0;0.2;0.1;12.2;0.2;3.9;0.2;0.9;1.1;0.2;0.9;41;0.1;29;-3.25;11;0.2;0;1668
Yuta Miyamoto;D (RC), DM;28;€2.2M;J1 League;Japan;2.8;14.4;10%;0.1;0%;0;0.0;0.6;0.1;88%;10.6;0;1.1;5.7;1.4;1.2;0.3;0.1;0;50.6;5.1;11.0;0.6;0.3;35;0.1;0.7;0.6;0.5;0.0;10.8;0.1;3.6;0.0;0.7;1.9;0.1;0.7;15;0.3;53;-2.3;43;0.1;0;2640
Shahab Zahedi;AM (RL), ST (C);32;Unknown;J1 League;Japan;0.8;2.3;46%;0.0;15%;0;0.0;0.8;0.0;90%;18.1;0;0.3;1.6;0.4;0.1;0.8;1.2;0;24.5;0.4;5.6;0.8;0.6;3;0.1;2.6;0.0;0.2;0.4;10.3;0.3;8.2;0.0;0.4;3.7;0.0;0.4;27;0.1;45;2.97;4;0.3;0;2450
Jochem Ritmeester van de Kamp;DM, M/AM (RC);24;Unknown;J1 League;Japan;1.5;10.0;35%;0.0;10%;0;0.0;1.5;0.0;90%;13.2;0;0.4;5.1;1.3;0.6;0.6;0.7;0;43.5;2.6;11.6;1.8;1.3;17;0.2;1.8;0.0;0.3;0.2;12.2;0.2;2.7;0.1;1.1;0.3;0.0;1.8;20;0.0;12;-0.72;25;0.2;0;2483
Mikaze Nagasawa;M (R), AM (RL);23;Unknown;J1 League;Japan;1.7;4.0;29%;0.0;0%;0;0.0;1.7;0.3;89%;18.0;0;0.5;8.5;2.3;1.5;0.3;0.3;0;41.5;3.6;14.1;1.7;4.9;18;1.7;1.2;0.0;0.3;0.0;11.6;0.1;4.8;0.1;6.2;1.3;0.0;6.2;28;0.1;28;-0.94;23;0.1;0;1095
Pedro Santos;DM, M (C);27;Unknown;J1 League;Japan;2.5;11.5;0%;0.0;0%;0;0.0;0.8;0.1;92%;6.4;0;0.8;6.3;1.4;1.1;0.1;0.0;0;52.1;5.9;10.8;1.6;0.2;24;0.0;0.3;0.2;0.6;0.0;11.8;0.0;1.6;0.2;0.2;0.5;0.0;0.2;0;0.0;32;-0.7;31;0.0;0;2028
Filip Uremovic;D (C);31;€170K - €1.7M;J1 League;Japan;2.7;16.6;24%;0.2;6%;0;0.0;0.2;0.0;89%;2.9;0;0.9;2.7;0.9;0.8;0.1;0.1;0;41.8;2.2;4.2;0.2;0.0;35;0.0;0.4;1.1;0.8;0.0;10.6;0.0;5.6;0.0;0.0;4.1;0.0;0.0;0;0.9;73;-0.11;41;0.0;0;4041
Ivan Sušak;GK;30;Unknown;J1 League;Japan;0.0;3.1;0%;0.0;0%;79;0.5;0.0;0.0;72%;8.0;18.96;2.8;0.0;0.0;0.0;0.0;0.0;87;24.7;0.0;0.0;0.0;0.0;1;0.0;0.0;0.0;0.0;0.0;5.0;0.0;0.0;0.0;0.0;0.0;0.0;0.0;0;0.0;0;0;4;0.0;38;3690
Eiji Kubo;DM, M (C);20;Unknown;J1 League;Japan;2.6;14.7;22%;0.0;11%;0;0.0;0.9;0.6;90%;6.8;0;0.7;5.7;1.7;1.3;0.1;0.1;0;52.7;5.9;10.4;1.5;0.3;32;0.0;0.4;0.2;0.7;0.0;11.6;0.0;2.4;0.3;0.1;1.4;0.2;0.1;0;0.1;61;0.06;38;0.0;0;2180
Supachai Chaided;M/AM (C), ST (C);29;Unknown;J1 League;Japan;1.2;8.3;42%;0.0;11%;0;0.0;1.1;0.2;88%;20.2;0;0.4;4.5;0.8;0.2;0.7;0.9;0;36.1;1.6;8.3;1.1;1.2;6;0.2;2.2;0.0;0.3;0.2;11.0;0.3;3.9;0.1;0.4;1.6;0.2;0.4;45;0.1;41;-3.14;14;0.4;0;2305
Kein Sato;M (R), AM (RL), ST (C);26;Unknown;J1 League;Japan;2.1;4.4;46%;0.0;9%;0;0.0;1.5;0.2;86%;14.7;0;0.3;9.3;2.4;2.1;0.5;0.6;0;39.4;4.5;13.8;1.5;2.4;103;0.4;1.4;0.0;0.3;0.1;10.4;0.1;4.1;0.1;1.9;1.2;0.0;1.9;20;0.0;30;-0.52;126;0.1;0;4395
Shuto Nagano;D (C), DM;22;Unknown;J1 League;Japan;3.0;15.8;22%;0.0;0%;0;0.0;0.4;0.2;91%;5.1;0;0.9;4.0;0.8;0.6;0.1;0.1;0;49.5;2.6;8.0;0.4;0.0;10;0.0;0.5;0.2;0.7;0.0;10.9;0.1;3.0;0.1;0.1;1.9;0.1;0.1;0;0.3;64;-0.96;18;0.1;0;1489
Shio Fukuda;AM (L), ST (C);24;€140K - €1.4M;J1 League;Japan;0.6;1.4;52%;0.0;10%;0;0.0;0.8;0.1;91%;22.0;0;0.1;1.8;0.7;0.1;1.6;1.8;0;28.2;0.9;7.1;0.8;0.7;2;0.1;3.4;0.0;0.1;0.3;9.8;0.4;7.0;0.1;0.5;1.3;0.0;0.5;25;0.1;18;-0.2;4;0.4;0;1330
Zé Leite;M (R), AM (RL), ST (C);28;Unknown;J1 League;Japan;1.4;5.2;31%;0.1;9%;0;0.0;2.3;0.3;88%;17.1;0;0.6;10.7;2.8;1.8;0.5;0.6;0;40.7;3.7;13.3;2.3;5.3;49;1.0;2.1;0.0;0.1;0.2;11.5;0.2;2.8;0.2;4.3;0.5;0.1;4.3;22;0.0;19;-1.28;63;0.2;0;2514
Chihiro Konagaya;AM (RLC), ST (C);26;Unknown;J1 League;Japan;1.4;10.4;42%;0.0;10%;0;0.0;1.7;0.0;88%;18.2;0;0.3;5.1;1.5;0.7;0.6;0.6;0;41.4;2.3;8.8;1.7;1.3;24;0.1;1.5;0.0;0.1;0.2;11.4;0.2;2.9;0.1;0.9;1.0;0.0;0.9;13;0.0;36;-0.26;31;0.2;0;2994
Hiroki Sekine;D (R);25;Unknown;J1 League;Japan;3.0;12.1;0%;0.2;0%;0;0.0;1.2;0.1;89%;14.6;0;1.3;7.8;2.2;1.8;0.1;0.0;0;52.4;7.4;14.6;1.2;0.8;55;0.1;0.4;0.3;0.5;0.0;11.9;0.1;3.5;0.1;1.5;2.1;0.0;1.5;8;0.2;59;-1.61;73;0.1;0;2782
Kaito Mizuta;M (L), AM (RLC);28;Unknown;J1 League;Japan;1.9;4.0;36%;0.0;7%;0;0.0;1.8;0.2;90%;20.1;0;0.5;8.4;1.8;1.5;0.2;0.3;0;45.2;3.4;12.9;2.0;3.9;24;0.7;0.9;0.0;0.3;0.1;11.5;0.1;3.3;0.2;2.2;0.4;0.2;5.4;19;0.0;13;-0.11;29;0.1;0;1474
Francisco Chaverra;WB (L), DM, M/AM (L);28;Unknown;J1 League;Japan;2.4;7.2;39%;0.0;5%;0;0.0;1.3;0.2;89%;13.3;0;0.7;8.6;1.7;1.5;0.6;0.7;0;46.7;2.8;12.8;1.3;2.3;33;0.3;1.9;0.0;0.5;0.1;11.4;0.2;3.3;0.0;1.5;1.0;0.1;1.5;21;0.0;31;-1.62;39;0.2;0;1964
Sere Matsumura;D (LC), WB (L);24;Unknown;J1 League;Japan;2.6;16.1;40%;0.1;0%;0;0.0;0.2;0.1;91%;3.9;0;1.1;3.0;1.3;0.9;0.1;0.1;0;42.5;2.6;4.1;0.2;0.1;28;0.0;0.2;1.0;0.4;0.0;9.8;0.0;3.8;0.0;0.1;2.5;0.1;0.1;50;0.7;65;-0.21;32;0.0;0;2767
Sada Thioub;M (R), AM (RL), ST (C);33;Unknown;J1 League;Japan;0.7;1.3;44%;0.0;8%;0;0.0;1.2;0.2;90%;20.2;0;0.2;3.0;0.9;0.4;1.8;2.3;0;26.9;1.5;6.5;1.2;0.9;7;0.4;5.1;0.0;0.1;0.4;10.1;0.6;7.7;0.1;0.8;2.1;0.0;0.8;43;0.2;28;-5.48;9;0.7;0;1718
Sen Takagi;D (RLC);26;Unknown;J1 League;Japan;2.8;10.4;100%;0.1;0%;0;0.0;1.1;0.1;87%;15.8;0;0.9;7.3;2.5;2.4;0.0;0.0;0;55.6;6.7;15.9;1.1;0.5;70;0.5;0.0;1.4;0.6;0.0;10.7;0.0;3.8;0.0;2.7;1.4;0.0;2.7;19;0.5;38;-0.01;78;0.0;0;2588
Kosei Suwama;D (C);24;€600K;J1 League;Japan;3.4;12.9;33%;0.3;0%;0;0.0;0.1;0.1;90%;3.5;0;1.1;3.1;1.3;0.5;0.1;0.1;0;42.9;2.6;3.7;0.1;0.0;8;0.1;0.2;0.6;0.6;0.0;9.6;0.0;6.5;0.0;0.3;4.1;0.1;0.3;25;0.9;63;-0.65;16;0.0;0;1426
Youssef Maziz;M (C), AM (LC);29;Unknown;J1 League;Japan;1.5;9.0;47%;0.0;13%;0;0.0;1.7;0.3;91%;21.0;0;0.6;5.3;1.1;0.3;0.4;0.9;0;41.6;2.3;9.5;1.9;1.4;6;0.1;2.0;0.0;0.4;0.3;11.4;0.2;2.9;0.2;0.9;0.7;0.1;1.5;8;0.1;24;1.65;15;0.2;0;2056
Supachok;M (LC), AM (RLC), ST (C);30;Unknown;J1 League;Japan;1.4;4.5;36%;0.0;10%;0;0.0;2.3;0.1;86%;18.9;0;0.5;8.6;1.8;1.3;0.7;0.7;0;43.0;3.7;12.4;2.3;2.4;27;0.8;1.9;0.0;0.0;0.2;11.0;0.2;3.0;0.1;4.0;0.9;0.1;4.0;19;0.0;31;-0.95;34;0.2;0;1871
Edson;D (C);25;Unknown;J1 League;Japan;2.5;16.2;11%;0.2;11%;0;0.0;0.1;0.1;91%;2.6;0;1.5;2.6;0.9;0.6;0.2;0.1;0;42.4;1.7;3.3;0.1;0.0;21;0.0;0.5;0.6;0.9;0.1;9.6;0.0;5.7;0.1;0.1;3.5;0.1;0.1;33;1.0;62;0.53;26;0.0;0;3096
Joep van der Sluijs;M/AM (LC);26;€700K - €1.7M;Eredivisie;Netherlands;1.7;9.6;28%;0.0;3%;0;0.0;2.1;0.3;88%;19.3;0;0.4;3.6;0.8;0.7;0.5;0.5;0;40.2;3.0;10.7;2.7;1.2;16;0.2;1.6;0.0;0.1;0.0;12.0;0.1;2.5;0.1;0.8;0.3;0.1;1.1;30;0.0;13;-2.27;18;0.1;0;2156
Jurre van Aken;D/WB (R);25;€85K - €850K;Eredivisie;Netherlands;3.6;11.2;18%;0.1;4%;0;0.0;0.9;0.2;89%;15.5;0;1.3;7.3;1.7;1.7;0.2;0.2;0;51.8;7.2;16.7;0.9;0.8;55;0.3;0.8;0.3;0.6;0.0;12.0;0.1;3.4;0.1;1.5;1.9;0.1;1.5;18;0.4;55;-2.12;61;0.1;0;2970
Róber;M (RL), AM (RLC);27;€2.1M - €4.7M;Eredivisie;Netherlands;1.8;6.1;54%;0.0;17%;0;0.0;1.6;0.2;89%;17.2;0;0.4;7.2;1.6;0.8;0.6;0.9;0;43.6;2.9;10.1;1.6;2.7;12;0.1;1.7;0.0;0.6;0.3;10.9;0.1;3.0;0.2;2.1;0.6;0.1;5.9;13;0.0;21;2.69;14;0.1;0;1277
Luca Everink;D (RL), WB/M (R);27;€70K - €700K;Eredivisie;Netherlands;3.3;9.1;23%;0.1;6%;0;0.0;0.9;0.2;89%;15.6;0;1.2;6.8;1.8;1.8;0.3;0.3;0;52.4;7.1;12.8;0.9;1.1;49;0.3;1.1;0.5;0.4;0.1;10.6;0.2;3.2;0.1;1.6;1.1;0.1;1.6;17;0.2;35;-2.2;57;0.2;0;2484
Jorg Schreuders;DM, M/AM (RC);23;€3.3M - €7.2M;Eredivisie;Netherlands;0.0;8.5;24%;0.0;12%;0;0.0;0.1;0.2;0%;14.3;0;0.0;0.0;0.0;0.0;0.2;0.2;0;0.0;0.0;0.0;0.1;0.0;0;0.0;0.9;0.0;0.0;0.1;0.0;0.1;0.0;0.2;0.0;0.0;0.1;0.1;0;0.0;0;0.36;0;0.1;0;2454
Soufiane Hetli;AM (R), ST (C);27;€600K - €1.4M;Eredivisie;Netherlands;1.7;3.2;29%;0.0;6%;0;0.0;1.5;0.1;91%;21.5;0;0.5;7.3;1.6;1.0;0.6;0.5;0;38.5;2.3;11.6;1.5;2.5;29;0.4;1.7;0.0;0.3;0.1;11.3;0.2;5.5;0.1;2.9;1.6;0.2;2.9;14;0.0;29;-2.82;33;0.2;0;2581
Simon Graves;D (RC);29;€0 - €110K;Eredivisie;Netherlands;2.8;14.9;67%;0.1;67%;0;0.0;0.1;0.2;91%;3.2;0;1.2;2.5;0.7;0.5;0.1;0.1;0;40.7;1.6;3.4;0.1;0.1;7;0.1;0.2;0.7;1.0;0.1;9.9;0.0;5.5;0.1;0.1;3.5;0.0;0.1;50;0.9;63;1.93;9;0.0;0;1366
Mohamed Nassoh;M/AM (LC);25;€350K - €3.6M;Eredivisie;Netherlands;0.5;7.9;35%;0.0;10%;0;0.0;0.7;0.4;97%;15.7;0;0.1;2.0;0.5;0.2;0.7;0.5;0;9.7;0.9;3.3;0.8;0.9;5;0.2;1.3;0.0;0.0;0.1;2.6;0.1;0.5;0.2;0.7;0.2;0.2;4.2;10;0.0;31;0.53;9;0.1;0;2152
Mylian Jimenez;DM, M (C);25;€40K - €400K;Eredivisie;Netherlands;0.0;9.9;39%;0.0;18%;0;0.0;0.1;0.2;0%;15.2;0;0.0;0.0;0.0;0.0;0.3;0.3;0;0.0;0.0;0.0;0.4;0.0;0;0.0;0.8;0.0;0.0;0.2;0.0;0.1;0.0;0.1;0.0;0.0;0.1;0.0;0;0.0;0;2.42;0;0.1;0;2975
Hristiyan Petrov;D (LC);25;€500K - €5M;Eredivisie;Netherlands;2.3;14.3;25%;0.1;0%;0;0.0;0.5;0.0;92%;3.5;0;1.0;3.0;1.0;0.5;0.0;0.1;0;44.1;2.5;4.6;0.5;0.1;8;0.0;0.2;0.8;0.4;0.0;10.1;0.0;5.2;0.0;0.1;3.5;0.1;0.1;0;1.3;68;-0.37;11;0.0;0;1508
Sem Scheperman;DM, M/AM (C);25;€400K - €4.1M;Eredivisie;Netherlands;1.8;14.3;20%;0.0;12%;0;0.0;0.9;0.2;91%;6.6;0;1.1;5.6;1.8;1.2;0.3;0.2;0;51.9;6.0;11.4;0.9;0.3;36;0.1;0.8;0.0;0.4;0.1;11.7;0.1;2.8;0.1;0.2;1.9;0.2;0.2;57;0.5;67;1.06;52;0.1;0;2791
Farouq Limouri;D (RC);25;€140K - €1.4M;Eredivisie;Netherlands;3.4;13.5;11%;0.1;0%;0;0.0;0.1;0.0;92%;3.7;0;1.0;2.5;0.8;0.5;0.1;0.1;0;42.2;1.4;4.1;0.1;0.0;14;0.0;0.7;1.2;0.7;0.0;10.2;0.1;4.2;0.1;0.0;2.6;0.1;0.0;0;0.6;62;-2.86;16;0.1;0;2436
Yannis M'Bemba;D (C);26;€475K - €1.6M;Eredivisie;Netherlands;2.8;12.9;5%;0.1;5%;0;0.0;0.1;0.0;91%;4.4;0;1.1;2.5;1.2;0.7;0.2;0.0;0;42.3;2.8;3.9;0.1;0.0;24;0.0;0.5;0.8;0.5;0.0;9.9;0.1;5.5;0.0;0.0;4.1;0.0;0.0;0;1.4;73;-1.49;30;0.1;0;3122
Patrick Brouwer;D (L), WB (R), M (RC), AM (RLC);27;€170K - €1.7M;Eredivisie;Netherlands;1.5;3.5;50%;0.0;29%;0;0.0;1.5;0.1;88%;22.0;0;0.4;10.0;1.1;1.0;0.2;0.5;0;42.5;3.2;17.7;2.0;3.0;13;0.7;1.0;0.0;0.1;0.3;11.8;0.1;3.9;0.1;4.0;1.0;0.1;4.0;18;0.0;25;2.4;14;0.1;0;1210
Tristan van Gilst;M/AM (RLC);25;€550K - €5.4M;Eredivisie;Netherlands;2.0;7.5;41%;0.0;10%;0;0.0;1.9;0.3;89%;16.3;0;0.5;9.2;2.2;1.5;0.6;0.7;0;41.7;3.0;11.4;1.9;2.6;37;0.8;1.7;0.0;0.2;0.2;10.9;0.2;3.7;0.2;4.7;0.8;0.1;4.7;16;0.0;22;0.06;44;0.2;0;2181
Maxence Rivera;AM (RLC);26;€1.4M - €3.2M;Eredivisie;Netherlands;1.7;3.2;41%;0.0;13%;0;0.0;2.1;0.1;89%;20.4;0;0.3;9.2;2.2;1.5;0.4;0.7;0;44.9;3.8;14.2;2.2;3.7;42;0.7;1.7;0.0;0.3;0.2;11.4;0.2;3.2;0.1;2.6;0.7;0.1;2.6;26;0.0;21;1.08;53;0.2;0;2475
Guillermo Villalba;AM (R), ST (C);31;€24K - €230K;Eredivisie;Netherlands;0.8;1.6;47%;0.0;11%;0;0.0;1.0;0.1;91%;23.0;0;0.2;1.8;0.7;0.2;0.7;1.5;0;25.3;0.7;7.7;1.0;0.6;5;0.0;3.3;0.0;0.0;0.4;10.2;0.4;6.7;0.1;0.5;1.3;0.1;0.5;6;0.2;19;-2.35;6;0.4;0;2892
Rémy Vita;D/WB/M (L);27;€35K - €375K;Eredivisie;Netherlands;3.7;9.7;43%;0.0;14%;0;0.0;0.6;0.2;89%;16.8;0;0.8;7.3;1.8;1.8;0.1;0.1;0;54.8;7.4;15.5;0.6;1.2;67;0.2;0.2;0.7;0.6;0.0;11.7;0.0;3.3;0.1;1.3;1.8;0.1;1.3;12;0.1;55;-0.08;80;0.0;0;3260
Simon Amin;DM, M (C);30;€375K - €3.6M;Eredivisie;Netherlands;1.4;13.2;27%;0.1;0%;0;0.0;1.1;0.2;91%;6.4;0;0.8;6.4;2.1;1.5;0.1;0.2;0;51.4;5.8;11.6;1.1;0.4;22;0.0;0.8;0.4;0.3;0.0;11.7;0.1;2.2;0.3;0.1;0.8;0.1;1.4;15;0.1;38;-1.13;26;0.1;0;1314
Claudio Cristallo;D/WB/M (R);24;€75K - €750K;Eredivisie;Netherlands;3.5;8.2;26%;0.0;5%;0;0.0;0.7;0.2;87%;16.6;0;0.9;6.6;1.7;1.6;0.2;0.2;0;51.6;6.1;15.4;0.7;0.6;38;0.4;0.8;0.9;0.5;0.0;11.9;0.1;5.5;0.1;2.8;3.9;0.0;2.8;13;0.9;70;-1.62;45;0.1;0;2196
Thibo Baeten;AM (RC), ST (C);25;€35K - €350K;Eredivisie;Netherlands;0.7;2.1;26%;0.0;10%;0;0.0;1.2;0.1;88%;22.4;0;0.1;2.1;0.8;0.3;0.9;0.7;0;28.4;0.9;6.1;1.2;0.9;5;0.2;2.6;0.0;0.0;0.3;10.4;0.3;8.4;0.0;0.6;3.5;0.0;0.6;33;0.1;42;-0.53;5;0.3;0;1344
Kaito Matsuzawa;M (C), AM (LC);27;€24K - €250K;Eredivisie;Netherlands;1.9;4.5;13%;0.0;0%;0;0.0;1.3;0.3;88%;23.2;0;0.4;9.0;2.3;1.8;0.4;0.2;0;44.2;2.9;12.1;1.3;3.5;35;0.5;1.2;0.0;0.3;0.0;11.3;0.1;5.2;0.1;2.6;2.0;0.1;2.6;18;0.2;39;-1.58;45;0.1;0;1728
Alec Van Hoorenbeeck;D (LC), WB (L);29;€150K - €1.5M;Eredivisie;Netherlands;2.7;14.3;38%;0.1;13%;0;0.0;0.2;0.1;92%;2.9;0;1.0;2.8;1.0;0.6;0.1;0.1;0;41.6;2.5;3.7;0.2;0.0;19;0.1;0.3;1.1;0.7;0.0;9.9;0.0;5.4;0.1;0.1;3.4;0.0;0.1;50;1.0;63;-0.25;24;0.0;0;2730
Maxence Prévot;GK;31;€1K - €10K;Eredivisie;Netherlands;0.0;3.2;0%;0.0;0%;69;-0.2;0.0;0.0;78%;9.8;-7.34;3.6;0.0;0.0;0.1;0.0;0.0;90;23.7;0.0;0.0;0.0;0.0;2;0.0;0.0;0.0;0.0;0.0;4.9;0.0;0.0;0.0;0.0;0.0;0.0;0.0;0;0.0;0;0;3;0.0;50;3060
Demba Seck;AM (RL), ST (C);27;€2.9M - €6.4M;Eredivisie;Netherlands;2.2;3.6;32%;0.0;0%;0;0.0;1.8;0.4;89%;18.2;0;0.5;8.1;1.7;1.1;0.4;0.3;0;43.1;3.6;11.8;1.8;4.2;26;0.8;1.1;0.0;0.4;0.0;11.0;0.1;3.7;0.2;4.4;1.7;0.2;4.4;18;0.0;48;-2.13;30;0.1;0;2065
Younes Namli;M/AM (RLC);33;€0;Eredivisie;Netherlands;1.5;3.5;35%;0.0;0%;0;0.0;1.6;0.4;91%;21.4;0;0.6;8.6;1.8;1.1;0.4;0.5;0;45.0;3.6;12.0;1.8;4.1;13;1.3;1.4;0.0;0.4;0.0;11.4;0.2;4.7;0.3;5.1;1.0;0.3;12.3;20;0.0;21;-2.09;13;0.2;0;1065
Carlos Dotor;M (C);27;€350K - €3.4M;Eredivisie;Netherlands;0.0;11.6;34%;0.0;6%;0;0.0;0.1;0.3;0%;13.0;0;0.0;0.0;0.0;0.0;0.4;0.5;0;0.0;0.0;0.0;0.3;0.0;0;0.0;1.4;0.0;0.0;0.1;0.0;0.2;0.0;0.1;0.0;0.0;0.1;3.4;11;0.0;0;-1.43;0;0.2;0;2009
Søren Tengstedt;AM (RC), ST (C);27;€950K;Eredivisie;Netherlands;1.8;4.6;46%;0.0;19%;0;0.0;1.9;0.3;89%;16.3;0;0.5;9.4;2.5;1.1;0.5;0.7;0;40.9;3.6;14.7;1.9;3.1;25;0.8;1.6;0.0;0.3;0.3;11.5;0.2;4.3;0.1;4.3;2.0;0.1;4.6;17;0.2;46;2.53;39;0.2;0;2044
Matteo Waem;D (LC), DM;27;€210K - €2.1M;Eredivisie;Netherlands;3.4;12.4;12%;0.1;6%;0;0.0;0.2;0.2;91%;2.8;0;0.8;2.7;0.6;0.3;0.1;0.1;0;42.2;1.6;4.4;0.2;0.0;12;0.1;0.4;0.8;1.0;0.0;10.1;0.0;6.2;0.1;0.1;4.1;0.0;0.1;66;0.9;65;-0.54;18;0.0;0;3522
Antonio Sánchez;D (RC), DM;27;€50K - €475K;Eredivisie;Netherlands;2.6;10.0;25%;0.0;0%;0;0.0;0.1;0.1;86%;4.7;0;0.8;2.6;1.2;0.9;0.1;0.1;0;42.7;2.4;3.8;0.1;0.0;13;0.0;0.3;0.6;0.5;0.0;9.8;0.0;5.8;0.0;0.0;3.7;0.0;0.0;0;1.6;64;-0.51;15;0.0;0;1295
Luka Kulenović;ST (C);28;€475K - €1.6M;Eredivisie;Netherlands;0.6;1.4;53%;0.0;15%;0;0.0;0.8;0.2;88%;17.6;0;0.2;1.9;0.5;0.2;1.0;1.9;0;24.6;0.7;4.9;0.8;0.6;4;0.1;3.5;0.0;0.1;0.5;9.6;0.4;7.5;0.1;0.4;2.7;0.0;0.4;25;0.1;36;1.52;6;0.5;0;1859
Karl Ward;D (C);24;€1.3M - €3M;Eredivisie;Netherlands;2.7;17.7;16%;0.3;0%;0;0.0;0.1;0.0;88%;3.0;0;1.4;2.9;1.0;0.6;0.1;0.1;0;41.1;1.8;3.8;0.1;0.0;20;0.0;0.5;0.6;1.0;0.0;10.1;0.1;5.4;0.0;0.1;3.5;0.0;0.1;20;0.9;64;-2.65;25;0.1;0;3167
Casper Staring;D (C), DM, M (C);27;€250K - €2.6M;Eredivisie;Netherlands;2.6;10.6;7%;0.0;0%;0;0.0;0.6;0.2;91%;6.8;0;0.9;5.7;1.2;0.6;0.2;0.0;0;50.5;4.3;10.2;0.8;0.2;17;0.0;0.5;0.2;0.5;0.0;11.3;0.1;1.9;0.2;0.1;1.3;0.1;0.1;50;0.2;67;-2.19;33;0.1;0;2570
Andrea Cagnano;D/WB/M (L);29;€150K - €1.5M;Eredivisie;Netherlands;2.8;10.5;10%;0.2;0%;0;0.0;1.1;0.1;89%;17.2;0;1.0;7.4;1.7;2.0;0.1;0.0;0;54.8;6.6;16.2;1.6;0.6;68;0.4;0.3;0.5;0.6;0.0;11.8;0.0;3.3;0.1;2.2;1.3;0.1;2.2;16;0.2;40;-0.89;83;0.0;0;3018
Finn de Bruin;M/AM (C);24;€1M;Eredivisie;Netherlands;0.0;7.4;23%;0.0;15%;0;0.0;0.1;0.1;0%;14.9;0;0.0;0.0;0.0;0.0;0.3;0.2;0;0.0;0.0;0.0;0.6;0.0;0;0.0;0.7;0.0;0.0;0.1;0.0;0.0;0.0;0.1;0.0;0.0;0.1;1.0;25;0.0;0;1.07;0;0.0;0;1787
Charles Andreas Brym;AM (RLC), ST (C);29;€400K - €4.1M;Eredivisie;Netherlands;1.9;1.8;19%;0.0;3%;0;0.0;1.9;0.1;92%;24.0;0;0.6;7.9;1.9;1.4;0.6;0.3;0;43.3;3.3;13.3;1.9;4.0;30;0.7;1.5;0.0;0.1;0.0;11.4;0.2;4.7;0.1;3.5;1.9;0.0;3.5;21;0.3;41;-3.35;35;0.2;0;1940
Tommaso Nobile;GK;31;€0;Eredivisie;Netherlands;0.0;2.3;0%;0.0;0%;71;0.1;0.0;0.0;76%;10.9;2.46;3.4;0.0;0.0;0.0;0.0;0.0;88;23.8;0.0;0.0;0.0;0.0;1;0.0;0.0;0.0;0.0;0.0;5.5;0.0;0.0;0.0;0.0;0.0;0.0;0.0;0;0.0;0;0;3;0.0;36;2145
Daniel van Vianen;DM, M (C);25;€140K;Eredivisie;Netherlands;2.8;9.7;36%;0.0;0%;0;0.0;0.5;0.2;89%;6.0;0;0.4;5.7;1.8;1.3;0.3;0.2;0;51.9;4.7;11.1;0.6;0.2;23;0.0;0.6;0.5;0.3;0.0;11.9;0.1;3.5;0.1;0.1;1.6;0.0;0.1;0;0.6;46;-1.4;31;0.1;0;1584
Tim van de Loo;WB (R), DM, M (C);25;€40K - €400K;Eredivisie;Netherlands;0.6;10.7;15%;0.0;8%;0;0.0;0.3;0.3;92%;11.8;0;0.2;1.7;0.4;0.3;0.2;0.1;0;12.7;1.3;2.9;0.3;0.0;8;0.0;0.5;0.1;0.2;0.0;3.1;0.1;0.8;0.2;0.0;0.5;0.1;0.0;0;0.2;70;-0.41;9;0.1;0;2292
Salvi Carrasco;GK;27;€140K - €1.4M;Eredivisie;Netherlands;0.0;3.1;0%;0.0;0%;72;0.2;0.0;0.0;78%;7.2;2.72;3.1;0.0;0.0;0.0;0.0;0.0;87;25.1;0.0;0.0;0.0;0.0;0;0.0;0.0;0.0;0.0;0.0;5.3;0.0;0.0;0.0;0.0;0.0;0.0;0.0;0;0.0;0;0;4;0.0;20;1601
Diego Borghini;D (RLC), WB/M (R);31;€300K - €1M;Eredivisie;Netherlands;3.3;10.5;0%;0.1;0%;0;0.0;0.1;0.2;88%;5.0;0;0.6;3.1;0.9;0.6;0.0;0.0;0;43.9;2.8;4.4;0.1;0.0;8;0.0;0.1;0.9;0.3;0.0;10.1;0.0;3.3;0.0;0.0;1.8;0.0;0.0;0;0.5;53;-0.02;8;0.0;0;1156
Sem van Duijn;AM (RL), ST (C);24;€350K - €3.4M;Eredivisie;Netherlands;1.8;4.0;40%;0.0;10%;0;0.0;1.5;0.3;88%;20.8;0;0.9;9.6;1.8;1.0;0.4;0.6;0;44.3;3.1;15.5;1.5;3.3;30;0.5;1.6;0.0;0.3;0.2;10.9;0.2;3.8;0.1;3.2;1.6;0.1;3.2;16;0.1;43;0.24;38;0.2;0;2839
Mohanad Jeahze;D/WB/M (L);31;€210K - €2.1M;Eredivisie;Netherlands;2.9;13.5;14%;0.0;0%;0;0.0;1.2;0.2;88%;14.3;0;0.9;7.2;1.7;1.7;0.0;0.0;0;56.3;7.5;15.7;1.6;1.0;51;0.5;0.2;0.6;0.6;0.0;11.7;0.0;2.8;0.1;2.9;1.3;0.1;2.9;17;0.3;46;-1.05;62;0.0;0;2634
Victor Edvardsen;AM (RL), ST (C);32;€250K - €2.5M;Eredivisie;Netherlands;0.8;2.0;48%;0.0;10%;0;0.0;0.7;0.2;89%;19.7;0;0.3;1.5;0.5;0.1;0.9;1.5;0;26.5;0.5;7.9;0.7;0.9;4;0.0;3.1;0.0;0.2;0.3;10.0;0.3;8.2;0.2;0.2;2.6;0.1;0.2;0;0.1;32;-0.32;4;0.3;0;2767
Sem Valk;D (RC), DM;26;€800K - €1.9M;Eredivisie;Netherlands;3.1;13.3;13%;0.0;0%;0;0.0;0.2;0.1;91%;2.7;0;1.1;2.6;0.8;0.5;0.1;0.0;0;41.2;2.0;3.1;0.2;0.0;13;0.0;0.3;1.0;0.8;0.0;9.9;0.0;5.7;0.0;0.0;3.5;0.0;0.0;0;1.1;61;-1.05;13;0.0;0;2528
Simen Lyngbø;D (RL);30;€22K - €220K;Eredivisie;Netherlands;3.3;12.3;28%;0.1;0%;0;0.0;0.8;0.2;87%;10.5;0;1.3;7.0;1.6;1.5;0.2;0.2;0;57.0;7.3;15.3;0.8;0.8;49;0.2;0.8;0.5;0.8;0.0;11.2;0.1;5.3;0.1;1.6;3.9;0.1;1.6;14;0.5;74;-2.74;58;0.1;0;2962
Joran Hardeman;D (C);26;€90K - €900K;Eredivisie;Netherlands;4.0;12.4;50%;0.1;0%;0;0.0;0.3;0.1;88%;5.0;0;1.1;2.1;0.8;0.3;0.0;0.1;0;49.3;2.2;2.9;0.3;0.1;5;0.0;0.1;1.0;0.8;0.0;9.8;0.0;6.6;0.0;0.1;4.3;0.1;0.1;0;1.2;64;-0.4;8;0.0;0;1415
Nicolás Watson;DM, M (C);30;€110K - €1.1M;Eredivisie;Netherlands;2.1;10.4;44%;0.1;11%;0;0.0;0.9;0.3;92%;10.8;0;0.5;6.3;2.0;1.1;0.0;0.2;0;51.4;6.0;11.5;0.9;0.2;27;0.0;0.4;0.2;0.5;0.0;11.5;0.1;2.0;0.2;0.0;1.4;0.0;0.0;0;0.1;71;-1.45;36;0.1;0;2200
Boy Kemper;D (LC), WB (L);28;€180K - €1.8M;Eredivisie;Netherlands;3.4;11.9;17%;0.1;0%;0;0.0;1.2;0.1;88%;12.6;0;1.0;5.5;1.6;1.5;0.0;0.0;0;52.4;5.7;13.8;1.2;0.4;53;0.5;0.2;0.9;0.6;0.0;11.2;0.0;3.6;0.1;2.2;2.2;0.1;2.2;20;0.4;60;-0.6;66;0.0;0;3085
Emmanuel Poku;AM (RL);22;€240K - €2.4M;Eredivisie;Netherlands;2.4;4.1;27%;0.0;9%;0;0.0;1.5;0.1;88%;16.6;0;0.5;8.3;1.7;1.2;0.4;0.3;0;43.4;3.3;12.1;1.5;4.6;35;0.5;1.1;0.0;0.3;0.1;11.6;0.1;3.8;0.1;3.3;0.7;0.1;3.3;15;0.0;18;-0.36;42;0.1;0;2687
Jasper Schendelaar;GK;27;€35K - €350K;Eredivisie;Netherlands;0.0;2.9;0%;0.0;0%;67;-0.2;0.0;0.0;76%;8.1;-4.05;2.8;0.0;0.0;0.0;0.0;0.0;89;23.6;0.0;0.0;0.0;0.0;0;0.0;0.0;0.0;0.0;0.0;5.3;0.0;0.0;0.0;0.0;0.0;0.0;0.0;0;0.0;0;0;2;0.0;26;1620
Thomas Buitink;AM (RL), ST (C);27;€180K - €1.8M;Eredivisie;Netherlands;0.4;1.8;43%;0.0;11%;0;0.0;1.2;0.0;90%;18.8;0;0.0;1.7;0.9;0.3;1.0;1.4;0;27.7;0.9;5.1;1.8;0.7;4;0.4;3.2;0.0;0.0;0.4;10.3;0.3;7.0;0.1;0.5;1.3;0.1;1.7;33;0.0;19;0.54;5;0.3;0;1243
Cain Seedorf;D/WB/M (R), AM (RL);28;€60K - €600K;Eredivisie;Netherlands;1.7;3.9;27%;0.0;9%;0;0.0;1.5;0.2;89%;24.5;0;0.8;7.6;1.6;1.3;0.4;0.3;0;43.5;3.6;13.4;1.6;3.3;29;0.7;1.0;0.1;0.4;0.1;11.4;0.1;4.7;0.1;3.3;1.4;0.0;3.3;21;0.2;30;0.11;37;0.1;0;2014
Thijs Oosting;M/AM (LC), ST (C);28;€150K - €1.5M;Eredivisie;Netherlands;0.3;9.1;39%;0.0;17%;0;0.0;0.4;0.3;89%;14.8;0;0.0;0.8;0.3;0.2;0.1;0.3;0;7.7;0.4;2.3;1.1;0.1;5;0.0;0.8;0.0;0.0;0.1;2.2;0.1;0.5;0.1;0.3;0.0;0.1;0.3;11;0.0;7;0.92;5;0.1;0;2554
Dylan Vente;ST (C);29;€275K - €2.7M;Eredivisie;Netherlands;0.6;1.1;43%;0.0;7%;0;0.0;1.2;0.3;89%;23.5;0;0.1;1.6;0.8;0.2;0.6;1.3;0;27.8;0.9;5.6;1.4;0.6;4;0.1;3.0;0.0;0.1;0.2;9.7;0.4;7.4;0.1;0.5;1.8;0.0;0.5;11;0.3;24;-4.47;8;0.4;0;1778
Sherel Floranus;D/WB (RL);29;€170K - €1.7M;Eredivisie;Netherlands;3.5;9.2;0%;0.1;0%;0;0.0;0.9;0.1;88%;17.2;0;1.3;6.5;1.7;2.1;0.0;0.0;0;55.6;6.5;15.5;0.9;0.8;70;0.3;0.2;0.5;0.7;0.0;11.6;0.0;3.3;0.1;1.4;1.8;0.0;1.4;19;0.4;54;-0.59;87;0.0;0;2950
Etienne Vaessen;GK;32;€95K - €950K;Eredivisie;Netherlands;0.0;2.6;0%;0.0;0%;68;-0.0;0.0;0.0;83%;8.8;-0.24;4.1;0.0;0.0;0.0;0.0;0.0;88;23.8;0.0;0.0;0.0;0.0;1;0.0;0.0;0.0;0.0;0.0;5.8;0.0;0.0;0.0;0.0;0.0;0.0;0.0;0;0.0;0;0;3;0.0;51;3053
Juho Kilo;DM, M (C);25;€180K - €1.8M;Eredivisie;Netherlands;2.5;9.0;11%;0.1;0%;0;0.0;0.7;0.4;92%;7.1;0;0.9;6.7;1.5;1.0;0.1;0.1;0;50.9;5.2;11.4;0.7;0.2;36;0.1;0.5;0.3;0.8;0.0;11.6;0.1;1.8;0.3;0.1;0.8;0.1;0.1;50;0.0;46;-2.08;46;0.1;0;3254
Thomas Ouwejan;D (LC), WB (L), DM, M/AM (L);31;€1M;Eredivisie;Netherlands;3.2;11.2;0%;0.1;0%;0;0.0;1.4;0.2;89%;17.5;0;1.2;6.6;1.4;1.5;0.0;0.0;0;55.2;7.0;14.4;2.2;0.4;32;0.3;0.0;0.2;0.7;0.0;11.1;0.0;2.6;0.2;2.4;1.3;0.2;7.7;14;0.2;52;0;42;0.0;0;1882
Stijn van Gassel;GK;31;€40K - €425K;Eredivisie;Netherlands;0.0;3.8;0%;0.0;0%;75;0.3;0.0;0.0;79%;7.9;9.62;3.5;0.0;0.0;0.0;0.0;0.0;89;23.6;0.0;0.0;0.0;0.0;1;0.0;0.0;0.0;0.0;0.0;5.6;0.0;0.0;0.0;0.0;0.0;0.0;0.0;0;0.0;0;0;9;0.0;51;3420
Andries Noppert;GK;34;€55K - €550K;Eredivisie;Netherlands;0.0;2.2;0%;0.0;0%;71;-0.0;0.0;0.0;71%;12.1;-0.84;2.7;0.0;0.0;0.1;0.0;0.0;89;22.5;0.0;0.0;0.0;0.0;3;0.0;0.0;0.0;0.0;0.0;5.5;0.0;0.0;0.0;0.0;0.0;0.0;0.0;0;0.0;0;0;5;0.0;49;3180
Taneli Hämäläinen;D (RLC);27;€0;Eredivisie;Netherlands;2.9;11.0;27%;0.0;0%;0;0.0;0.3;0.3;91%;5.2;0;0.9;2.8;0.3;0.2;0.4;0.3;0;44.7;2.3;6.5;0.3;0.0;2;0.0;0.9;0.7;0.8;0.0;9.6;0.1;3.2;0.1;0.3;1.9;0.1;0.3;0;0.4;59;-1.06;3;0.1;0;1045
Ruud Nijstad;D (C);20;€800K - €8M;Eredivisie;Netherlands;3.3;14.5;14%;0.1;0%;0;0.0;0.3;0.0;91%;5.0;0;0.9;2.9;0.7;0.5;0.1;0.0;0;41.0;2.3;3.9;0.3;0.0;13;0.0;0.3;0.4;0.7;0.0;9.8;0.0;5.8;0.0;0.0;4.4;0.0;0.0;0;0.9;76;-0.53;16;0.0;0;2408
Jalen Hawkins;AM (RLC), ST (C);27;€1.2M - €2.8M;Eredivisie;Netherlands;1.8;3.2;42%;0.0;13%;0;0.0;2.1;0.3;86%;21.7;0;0.6;9.6;1.9;1.1;0.5;0.8;0;41.6;3.9;11.8;2.1;3.8;29;1.1;1.9;0.0;0.2;0.2;11.3;0.3;2.2;0.1;3.5;0.8;0.1;10.0;19;0.0;37;-2.16;43;0.3;0;2304
Unax Agote;D/WB (L);25;€150K - €1.5M;Eredivisie;Netherlands;2.6;9.9;0%;0.0;0%;0;0.0;1.0;0.2;90%;15.4;0;1.1;6.2;1.8;1.6;0.0;0.0;0;56.7;7.6;15.0;1.0;0.5;43;0.3;0.1;0.6;0.3;0.0;11.4;0.0;4.1;0.1;1.9;1.8;0.1;1.9;17;0.4;43;-0.49;58;0.0;0;2443
Dries Wouters;D (C), DM;31;€110K - €1.1M;Eredivisie;Netherlands;2.2;11.7;41%;0.1;9%;0;0.0;0.7;0.2;92%;7.5;0;0.9;6.0;1.4;0.9;0.2;0.3;0;52.2;3.9;11.1;0.7;0.1;30;0.0;0.7;0.1;0.6;0.1;11.4;0.1;3.2;0.1;0.1;2.0;0.1;0.1;0;0.4;62;0.13;43;0.1;0;2932
Majeed Ashimeru;DM, M (C);30;€375K - €1.2M;Eredivisie;Netherlands;1.8;11.1;0%;0.1;0%;0;0.0;1.4;0.1;93%;6.0;0;0.9;6.7;2.2;1.8;0.2;0.0;0;52.1;6.6;11.0;1.4;0.3;34;0.1;0.4;0.5;0.3;0.0;11.6;0.0;2.2;0.1;0.2;1.0;0.1;0.2;33;0.3;43;-0.9;42;0.0;0;1689
Iván Martos;D (LC), WB (L);31;Not for Sale;Eredivisie;Netherlands;2.9;12.3;25%;0.0;0%;0;0.0;0.5;0.3;87%;11.8;0;1.1;7.0;1.9;1.6;0.0;0.0;0;54.7;6.9;15.0;0.5;0.4;44;0.1;0.1;1.0;0.8;0.0;11.6;0.0;3.8;0.1;1.3;2.7;0.0;1.3;8;0.5;70;-0.51;69;0.0;0;2480
Merveille Bokadi;D (C), DM, M (C);32;€170K - €1.7M;Eredivisie;Netherlands;2.5;13.8;38%;0.1;0%;0;0.0;0.5;0.1;91%;4.1;0;1.4;3.8;1.4;1.0;0.1;0.2;0;46.5;2.6;7.1;0.5;0.1;32;0.1;0.4;0.4;0.8;0.0;10.8;0.0;2.8;0.0;0.2;1.9;0.0;0.2;66;0.3;68;-1.6;42;0.0;0;2935
Gilles Dewaele;D (R);32;€75K - €750K;Eredivisie;Netherlands;2.4;11.0;71%;0.1;0%;0;0.0;0.8;0.0;86%;14.9;0;1.2;7.2;1.7;1.4;0.3;0.3;0;55.6;7.7;14.9;0.8;0.6;22;0.2;0.5;1.0;0.5;0.0;11.8;0.1;4.1;0.0;1.8;1.2;0.0;1.8;10;0.3;29;-0.83;31;0.1;0;1391
Marco Coronas;GK;24;€70K - €700K;Eredivisie;Netherlands;0.0;2.2;0%;0.0;0%;69;-0.0;0.0;0.0;77%;7.9;-0.35;3.1;0.0;0.0;0.0;0.0;0.0;88;24.9;0.0;0.0;0.0;0.0;0;0.0;0.0;0.0;0.0;0.0;5.2;0.0;0.0;0.0;0.0;0.0;0.0;0.0;0;0.0;0;0;1;0.0;20;1350
Kay Tejan;AM (RLC), ST (C);31;€130K - €1.3M;Eredivisie;Netherlands;0.7;1.7;53%;0.0;12%;0;0.0;1.2;0.2;90%;20.8;0;0.2;2.1;0.5;0.2;0.5;1.2;0;27.8;0.8;5.7;1.2;0.8;4;0.1;2.2;0.0;0.1;0.3;10.4;0.3;8.5;0.1;0.4;3.3;0.0;0.4;28;0.2;39;-1;4;0.3;0;1743
Daniel Bielica;GK;29;€16K - €160K;Eredivisie;Netherlands;0.0;2.6;0%;0.0;0%;65;-0.3;0.0;0.0;73%;9.9;-5.36;3.5;0.0;0.0;0.0;0.0;0.0;87;24.0;0.0;0.0;0.0;0.0;0;0.0;0.0;0.0;0.0;0.0;5.3;0.0;0.0;0.0;0.0;0.0;0.0;0.0;0;0.0;0;0;2;0.0;29;1759
Sam Kersten;D (RC);30;€20K - €200K;Eredivisie;Netherlands;2.7;12.1;16%;0.1;0%;0;0.0;0.1;0.1;87%;4.5;0;1.2;2.8;0.9;0.6;0.1;0.1;0;42.0;2.0;4.0;0.1;0.0;20;0.0;0.5;1.0;0.5;0.0;9.9;0.1;5.8;0.0;0.1;4.0;0.0;0.1;0;1.2;68;-2.6;26;0.1;0;3127
Radovan Pankov;D (C);32;€35K - €375K;Eredivisie;Netherlands;2.5;15.3;22%;0.1;7%;0;0.0;0.1;0.1;89%;3.1;0;1.2;2.7;0.9;0.7;0.1;0.2;0;42.2;1.8;3.7;0.1;0.0;23;0.0;0.8;1.3;0.6;0.1;10.1;0.1;6.0;0.0;0.0;4.3;0.0;0.0;0;1.1;72;-0.23;33;0.1;0;3180
Evan Rottier;AM (LC), ST (C);26;€240K - €2.4M;Eredivisie;Netherlands;2.2;3.1;32%;0.0;3%;0;0.0;1.6;0.2;89%;21.6;0;0.5;9.4;2.3;1.3;0.5;0.4;0;42.9;3.4;15.6;1.6;3.2;40;0.7;1.2;0.0;0.5;0.0;11.6;0.2;3.0;0.1;3.4;0.6;0.1;3.7;19;0.0;22;-4.19;55;0.2;0;2800
Max Geschwill;D (RLC), WB (L);26;€0 - €18K;Eredivisie;Netherlands;3.1;14.3;0%;0.1;0%;0;0.0;0.2;0.2;89%;3.4;0;0.8;2.6;0.9;0.5;0.1;0.0;0;41.0;1.8;3.6;0.2;0.0;6;0.0;0.2;0.8;0.5;0.0;10.6;0.0;3.4;0.0;0.0;2.2;0.0;0.0;0;0.4;64;-0.21;7;0.0;0;1123
Guus Offerhaus;D (C), DM;27;€130K - €1.3M;Eredivisie;Netherlands;3.1;14.4;17%;0.0;17%;0;0.0;0.8;0.2;89%;4.8;0;1.0;5.2;1.4;1.1;0.0;0.0;0;49.6;4.6;9.5;0.8;0.2;24;0.0;0.3;0.6;0.6;0.0;11.6;0.0;3.6;0.1;0.0;1.7;0.2;2.6;15;0.6;48;0.25;35;0.0;0;2057
Sem Dekkers;D/WB (RL);24;€1.8M - €4.1M;Eredivisie;Netherlands;2.7;10.1;29%;0.1;14%;0;0.0;1.2;0.1;92%;12.9;0;1.3;7.0;1.7;1.4;0.1;0.1;0;55.7;7.1;15.0;1.2;0.7;23;0.5;0.4;0.2;0.5;0.1;11.5;0.0;4.0;0.1;2.1;1.7;0.0;2.1;22;0.3;41;0.67;33;0.0;0;1512
Bilal Nadir;M (RC), AM (LC);24;€1.3M - €3.1M;Eredivisie;Netherlands;0.0;8.9;33%;0.0;11%;0;0.0;0.1;0.0;100%;13.4;0;0.0;0.0;0.0;0.0;0.1;0.2;0;0.2;0.0;0.1;0.1;0.0;0;0.0;0.6;0.0;0.0;0.1;0.1;0.1;0.0;0.1;0.0;0.0;0.1;0.0;0;0.0;0;-0.72;0;0.1;0;1359
Mimeirhel Benita;D/WB/M/AM (R);24;€300K - €3.1M;Eredivisie;Netherlands;2.9;11.3;50%;0.1;17%;0;0.0;1.1;0.1;89%;15.0;0;0.8;7.9;2.3;2.2;0.2;0.2;0;49.1;6.2;14.3;1.1;1.4;29;0.4;0.5;0.5;0.3;0.1;11.3;0.1;3.3;0.1;2.1;1.6;0.1;2.1;18;0.2;49;0.73;32;0.1;0;1167
Noah Bischof;AM (LC), ST (C);25;€950K;Eredivisie;Netherlands;0.7;1.7;57%;0.0;19%;0;0.0;1.1;0.0;90%;19.7;0;0.1;1.6;0.7;0.1;0.7;1.2;0;25.4;0.9;5.8;1.1;0.7;4;0.0;2.1;0.0;0.1;0.4;10.6;0.2;7.6;0.0;0.3;3.1;0.0;0.3;11;0.1;41;5.2;6;0.2;0;2894
Jari Vlak;DM, M (C);29;€400K - €1.3M;Eredivisie;Netherlands;0.0;9.7;16%;0.0;0%;0;0.0;0.2;0.2;86%;14.8;0;0.0;0.2;0.1;0.1;0.1;0.1;0;1.5;0.2;0.3;0.3;0.0;2;0.0;0.5;0.0;0.0;0.0;0.3;0.1;0.1;0.2;0.0;0.0;0.1;0.2;12;0.0;33;-2.86;2;0.1;0;3160
Tyrese Noslin;D/WB/M (RL);25;€375K - €3.7M;Eredivisie;Netherlands;3.9;9.4;0%;0.0;0%;0;0.0;0.8;0.1;89%;15.8;0;0.9;7.2;1.7;1.7;0.1;0.0;0;52.7;7.1;15.8;0.8;1.3;52;0.2;0.3;0.2;0.5;0.0;11.3;0.1;3.7;0.0;1.6;1.9;0.0;1.6;10;0.2;51;-1.62;59;0.1;0;2733
Ilias Boumassaoudi;M/AM (LC);23;€1.8M - €4.2M;Eredivisie;Netherlands;2.2;3.7;33%;0.1;4%;0;0.0;1.5;0.2;88%;18.3;0;0.6;8.2;2.0;1.2;0.4;0.5;0;43.5;3.2;13.1;1.5;4.0;40;0.3;1.4;0.0;0.3;0.1;11.6;0.1;3.0;0.1;2.2;0.8;0.1;2.2;12;0.0;28;-2.72;55;0.1;0;2887
Kwabena Owusu;AM (RL), ST (C);30;€180K - €1.8M;Eredivisie;Netherlands;1.0;2.2;42%;0.0;10%;0;0.0;1.4;0.2;90%;19.8;0;0.2;3.7;1.2;0.7;0.8;1.1;0;31.2;1.6;8.4;1.4;1.6;22;0.3;2.6;0.0;0.2;0.3;10.4;0.3;6.2;0.1;1.3;1.3;0.1;1.3;22;0.1;22;-0.39;30;0.3;0;3011
Nigel Lonwijk;D (RC);25;€325K - €3.1M;Eredivisie;Netherlands;3.3;14.0;17%;0.1;0%;0;0.0;0.2;0.0;89%;3.4;0;1.3;2.8;0.8;0.7;0.0;0.0;0;41.4;2.0;3.2;0.2;0.0;18;0.1;0.2;0.4;0.9;0.0;9.7;0.0;5.3;0.0;0.1;3.4;0.0;0.1;100;0.8;63;-0.83;18;0.0;0;2280
Teun van Grunsven;D (LC), WB (L);28;€300K - €1M;Eredivisie;Netherlands;2.6;14.2;38%;0.0;13%;0;0.0;0.1;0.1;91%;3.3;0;0.9;3.1;0.8;0.6;0.1;0.1;0;41.6;1.8;4.0;0.6;0.0;14;0.0;0.3;0.6;0.5;0.0;9.9;0.0;5.6;0.0;0.0;3.6;0.0;0.0;0;1.3;64;0.15;17;0.0;0;2240
Luan Simnica;DM, M (C);24;€200K - €2M;Eredivisie;Netherlands;2.1;10.8;23%;0.1;0%;0;0.0;0.9;0.2;90%;7.9;0;1.0;6.5;1.9;1.1;0.1;0.1;0;50.3;4.3;10.7;0.9;0.3;32;0.0;0.4;0.3;0.3;0.0;11.2;0.0;2.1;0.1;0.1;1.0;0.1;0.1;50;0.4;48;-1.33;50;0.0;0;2609
Richonell Margaret;M (L), AM (RLC), ST (C);27;€1.8M - €4.2M;Eredivisie;Netherlands;1.9;2.8;25%;0.0;0%;0;0.0;1.5;0.0;88%;17.4;0;0.5;10.3;1.2;0.7;0.3;0.5;0;43.3;3.5;11.9;1.5;6.4;8;1.0;2.0;0.0;0.3;0.0;11.7;0.3;3.7;0.1;3.3;1.4;0.0;3.3;30;0.0;37;-3.71;10;0.3;0;1057
Naoufal Bannis;AM (RLC), ST (C);26;€550K - €1.8M;Eredivisie;Netherlands;0.6;1.4;38%;0.0;10%;0;0.0;1.0;0.3;91%;21.0;0;0.2;1.7;0.5;0.2;0.4;1.1;0;31.9;0.7;7.3;1.0;0.6;6;0.0;3.0;0.0;0.1;0.3;9.8;0.4;7.0;0.1;0.3;2.0;0.0;0.3;11;0.0;28;-1.92;8;0.4;0;2537
Pascal Mulder;D (C);29;€325K - €3.3M;Eredivisie;Netherlands;3.3;13.4;33%;0.0;17%;0;0.0;0.1;0.0;92%;3.6;0;0.8;2.7;0.7;0.4;0.0;0.1;0;41.8;1.5;4.8;0.1;0.0;12;0.0;0.2;1.0;0.8;0.0;10.2;0.1;4.8;0.0;0.0;3.5;0.0;0.0;0;1.0;72;-0.41;15;0.1;0;2440
Koen Kostons;AM (C), ST (C);28;€210K - €2.1M;Eredivisie;Netherlands;0.9;2.1;41%;0.0;11%;0;0.0;1.0;0.2;91%;19.0;0;0.2;1.3;0.5;0.1;0.8;1.0;0;32.8;0.7;7.9;1.0;0.7;3;0.1;2.5;0.0;0.2;0.3;10.2;0.3;8.5;0.1;0.2;1.8;0.1;0.2;33;0.1;21;-0.61;6;0.3;0;2711
Thijs van Leeuwen;M/AM (C), ST (C);26;€300K;Eredivisie;Netherlands;0.0;8.2;22%;0.0;0%;0;0.0;0.1;0.1;0%;16.4;0;0.0;0.0;0.0;0.0;0.1;0.2;0;0.0;0.0;0.0;0.3;0.0;0;0.0;0.8;0.0;0.0;0.0;0.0;0.1;0.0;0.1;0.0;0.0;0.1;10.6;12;0.0;0;-1.14;0;0.1;0;1067
Nick Fichtinger;DM, M (C);24;€300K - €3.1M;Eredivisie;Netherlands;2.5;11.3;19%;0.0;6%;0;0.0;0.8;0.2;91%;7.1;0;1.1;5.4;1.7;1.0;0.3;0.1;0;52.8;5.0;11.7;0.8;0.1;30;0.0;0.5;0.2;0.6;0.0;11.6;0.0;1.6;0.2;0.1;0.7;0.0;0.1;0;0.2;46;0.06;52;0.0;0;2716
Ismaël Baouf;D (RC);21;€190K - €1.9M;Eredivisie;Netherlands;3.0;15.9;8%;0.2;0%;0;0.0;0.2;0.2;89%;3.1;0;0.9;2.1;0.6;0.4;0.2;0.0;0;41.9;1.3;5.4;0.2;0.0;12;0.0;0.4;0.8;0.7;0.0;9.6;0.0;5.4;0.1;0.1;3.8;0.1;0.1;33;0.7;71;-0.63;14;0.0;0;2812
Kilian Nikiéma;GK;24;€24K - €230K;Eredivisie;Netherlands;0.0;3.3;0%;0.0;0%;74;0.0;0.0;0.0;79%;10.2;0.18;3.9;0.0;0.0;0.1;0.0;0.0;88;25.4;0.0;0.0;0.0;0.0;1;0.0;0.0;0.0;0.0;0.0;5.9;0.0;0.0;0.0;0.0;0.0;0.0;0.0;0;0.0;0;0;3;0.0;25;1687
Joelson Fernandes;AM (RL);25;€500K - €5M;Eredivisie;Netherlands;2.2;4.3;50%;0.0;11%;0;0.0;2.3;0.2;88%;20.6;0;0.4;8.2;2.4;1.3;0.3;0.5;0;42.3;4.0;14.6;2.3;4.9;24;0.8;1.0;0.0;0.1;0.1;11.2;0.1;2.9;0.1;3.2;0.6;0.1;4.6;22;0.1;19;-0.15;30;0.1;0;1628
Djevencio van der Kust;D/WB (L);27;€220K - €2.2M;Eredivisie;Netherlands;3.4;11.4;100%;0.1;0%;0;0.0;0.9;0.1;87%;16.2;0;1.1;7.4;2.0;1.9;0.0;0.0;0;55.0;6.9;15.5;0.9;1.2;60;0.3;0.0;1.2;0.7;0.0;11.4;0.0;3.1;0.0;1.3;1.5;0.1;1.3;20;0.2;51;-0.8;70;0.0;0;2855
Kevin Carlos;ST (C);27;€160K - €1.6M;PKO BP Ekstraklasa;Poland;0.9;1.9;36%;0.0;10%;0;0.0;0.8;0.2;88%;20.0;0;0.1;1.6;0.5;0.2;0.7;0.9;0;26.6;0.6;6.2;0.8;0.7;5;0.1;2.6;0.0;0.1;0.3;10.5;0.3;7.4;0.1;0.3;2.8;0.0;0.3;33;0.1;39;0.3;8;0.3;0;2654
Benedik Mioč;DM, M/AM (C);33;€30K;PKO BP Ekstraklasa;Poland;0.7;10.4;39%;0.0;10%;0;0.0;1.0;0.3;90%;16.0;0;0.1;2.3;0.8;0.5;0.4;0.6;0;20.3;1.6;6.3;1.0;0.2;13;0.1;1.5;0.0;0.0;0.1;6.0;0.1;1.4;0.1;0.6;0.2;0.0;3.1;15;0.0;16;0.14;19;0.1;0;2470
Michael Kostka;D (RL), WB (R);24;€45K - €425K;PKO BP Ekstraklasa;Poland;3.6;13.8;28%;0.0;0%;0;0.0;0.7;0.3;86%;13.7;0;1.2;7.2;1.4;1.5;0.1;0.3;0;53.0;6.6;15.4;0.7;0.9;41;0.2;0.9;0.7;0.4;0.0;10.9;0.1;3.2;0.1;1.9;1.2;0.1;1.9;9;0.4;37;-3.32;44;0.1;0;2476
Fábio Ronaldo;WB/M (L), AM (RL);27;€100K - €1M;PKO BP Ekstraklasa;Poland;1.9;5.3;45%;0.0;15%;0;0.0;1.7;0.2;89%;17.2;0;0.4;9.6;2.5;1.7;0.3;0.7;0;42.1;3.3;16.3;1.7;4.6;43;0.8;1.6;0.0;0.3;0.2;12.1;0.2;3.9;0.1;3.5;0.8;0.2;3.5;22;0.1;20;1.75;54;0.2;0;2313
Brian Cipenga;AM (RL);30;€850K;PKO BP Ekstraklasa;Poland;2.0;4.1;43%;0.0;10%;0;0.0;1.6;0.3;87%;21.9;0;0.5;8.5;1.9;1.0;0.4;0.6;0;44.2;3.8;12.2;1.6;4.1;28;0.7;1.5;0.0;0.2;0.1;11.4;0.2;2.7;0.1;2.3;0.7;0.1;2.3;28;0.1;24;-0.1;38;0.2;0;2459
Rafael Rodrigues;D/WB/M (L);26;€65K - €650K;PKO BP Ekstraklasa;Poland;3.2;9.6;43%;0.1;14%;0;0.0;0.8;0.3;88%;13.0;0;1.2;6.7;1.9;2.0;0.1;0.1;0;56.0;7.6;15.5;1.0;0.9;45;0.2;0.3;1.0;0.7;0.0;11.6;0.0;3.1;0.1;2.5;1.3;0.0;3.6;11;0.2;41;0.48;62;0.0;0;2052
Antoni Klukowski;AM (R), ST (C);21;€250K - €2.6M;PKO BP Ekstraklasa;Poland;0.7;1.9;35%;0.0;15%;0;0.0;1.0;0.2;88%;21.6;0;0.2;2.2;0.8;0.5;0.7;0.8;0;28.8;0.7;5.4;1.0;1.1;10;0.2;2.2;0.0;0.1;0.3;9.7;0.2;7.6;0.1;0.9;1.5;0.1;0.9;17;0.0;19;2;11;0.2;0;1648
Rajmund Molnár;AM (RLC), ST (C);25;€70K - €700K;PKO BP Ekstraklasa;Poland;1.1;2.2;43%;0.0;13%;0;0.0;1.3;0.2;81%;15.5;0;0.2;2.8;0.8;0.3;0.8;1.2;0;30.3;1.4;6.3;1.3;0.8;5;0.2;2.8;0.0;0.1;0.4;10.5;0.3;8.3;0.1;0.7;1.5;0.2;0.7;25;0.1;19;1.16;8;0.3;0;1520
Zié Ouattara;D/WB/AM (R);28;€14K - €150K;PKO BP Ekstraklasa;Poland;3.0;10.9;22%;0.1;6%;0;0.0;1.0;0.2;86%;15.4;0;1.1;7.9;2.4;1.9;0.2;0.1;0;54.5;7.2;14.2;1.0;0.8;63;0.6;0.6;0.4;0.2;0.0;11.5;0.0;3.6;0.1;3.2;2.1;0.1;3.2;18;0.3;58;-0.47;84;0.0;0;2913
Kamil Jakubczyk;DM, M/AM (C);23;€45K - €450K;PKO BP Ekstraklasa;Poland;2.3;11.3;36%;0.0;9%;0;0.0;0.7;0.3;93%;6.0;0;0.7;6.0;1.3;0.9;0.2;0.2;0;52.9;6.6;10.0;0.7;0.5;21;0.0;0.5;0.2;0.3;0.0;11.3;0.1;1.9;0.1;0.1;0.9;0.1;0.1;0;0.1;49;-0.3;27;0.1;0;2190
Adrián Diéguez;D (C), DM;32;€110K;PKO BP Ekstraklasa;Poland;2.2;15.4;29%;0.2;0%;0;0.0;0.1;0.2;91%;3.7;0;1.3;3.2;0.9;0.6;0.1;0.1;0;41.9;2.1;3.7;0.1;0.0;16;0.0;0.3;1.0;0.9;0.0;9.8;0.0;5.4;0.1;0.1;3.4;0.0;4.2;20;0.9;63;-0.39;23;0.0;0;2251
Jorge Yriarte;DM, M (C);28;€450K - €1.5M;PKO BP Ekstraklasa;Poland;2.9;12.8;33%;0.0;7%;0;0.0;0.5;0.2;92%;5.9;0;0.9;6.1;1.5;1.1;0.2;0.2;0;52.9;4.3;11.4;0.5;0.1;33;0.0;0.5;0.2;0.4;0.0;11.2;0.0;2.0;0.1;0.0;1.3;0.1;0.0;0;0.3;64;-0.31;36;0.0;0;2621
Martin Minchev;M (R), AM (RL), ST (C);27;€100K - €1M;PKO BP Ekstraklasa;Poland;1.0;2.9;41%;0.0;8%;0;0.0;1.7;0.2;86%;19.7;0;0.4;4.1;1.2;0.6;1.3;1.8;0;33.9;2.0;10.2;1.7;1.2;17;0.1;4.3;0.0;0.0;0.3;10.6;0.5;5.8;0.1;1.3;0.9;0.0;1.3;11;0.0;16;-3.98;21;0.5;0;2466
Tommy St. Jago;D (RC), WB (R);28;€325K - €3.2M;PKO BP Ekstraklasa;Poland;3.5;13.4;18%;0.2;6%;0;0.0;0.4;0.1;90%;7.8;0;0.9;4.4;1.7;1.4;0.3;0.2;0;45.4;3.6;9.1;0.4;0.2;47;0.2;1.0;0.4;0.6;0.1;10.8;0.1;5.5;0.1;0.7;3.8;0.0;0.7;25;1.0;69;-1.73;57;0.1;0;2985
Agustín Quiroga;D (LC);26;€120K - €1.2M;PKO BP Ekstraklasa;Poland;2.9;12.3;40%;0.2;0%;0;0.0;1.0;0.2;89%;12.0;0;1.0;7.0;2.3;2.2;0.1;0.1;0;56.6;7.7;17.3;1.0;1.2;71;0.7;0.2;0.7;0.7;0.0;11.8;0.0;4.3;0.1;2.6;3.1;0.0;2.7;25;0.5;72;-0.47;84;0.0;0;2874
Facundo Nadalín;D/WB (R);30;€40K - €375K;PKO BP Ekstraklasa;Poland;3.6;11.3;36%;0.0;7%;0;0.0;0.9;0.0;91%;12.7;0;1.3;7.1;2.2;1.7;0.0;0.2;0;53.5;7.5;16.6;0.9;0.2;35;0.4;0.7;0.8;0.6;0.0;11.5;0.1;3.5;0.1;2.4;1.7;0.0;2.4;18;0.3;49;-1.98;53;0.1;0;1876
Justin Lonwijk;M (C), AM (RLC);28;€650K - €1.6M;PKO BP Ekstraklasa;Poland;1.7;11.2;41%;0.0;5%;0;0.0;1.6;0.4;89%;15.7;0;0.6;6.1;0.8;0.5;0.5;0.6;0;42.2;2.4;10.2;1.6;1.8;12;0.3;1.5;0.0;0.3;0.1;11.7;0.2;4.1;0.2;0.9;1.1;0.2;0.9;28;0.2;28;-2.48;15;0.2;0;2154
Igor Chmielewski;D (C);20;€0;PKO BP Ekstraklasa;Poland;2.6;6.3;20%;0.2;0%;0;0.0;0.1;0.1;86%;6.6;0;1.0;3.3;1.0;0.4;0.1;0.1;0;49.9;2.8;2.9;0.1;0.0;8;0.0;0.3;0.2;0.6;0.0;9.5;0.0;6.7;0.0;0.1;4.9;0.0;0.1;0;1.4;73;-0.6;12;0.0;0;1655
Ebenezer Annan;D/WB (L);25;€750K;PKO BP Ekstraklasa;Poland;2.7;12.2;20%;0.1;0%;0;0.0;1.1;0.1;88%;13.7;0;1.3;8.0;2.3;2.7;0.1;0.0;0;54.7;7.1;16.0;1.1;1.1;71;0.2;0.2;0.7;0.8;0.0;11.4;0.0;3.2;0.1;1.6;2.0;0.0;1.6;11;0.1;64;-0.21;87;0.0;0;2392
Nahuel Gallardo;D/WB (L);30;€110K - €1.1M;PKO BP Ekstraklasa;Poland;3.0;10.5;17%;0.0;0%;0;0.0;0.8;0.2;86%;12.8;0;0.8;7.4;1.5;1.6;0.0;0.0;0;54.8;7.4;17.1;0.8;1.3;46;0.4;0.2;0.4;0.5;0.0;11.7;0.0;3.7;0.1;1.7;2.3;0.1;1.7;21;0.3;64;-0.76;63;0.0;0;2662
Emiliano González;GK;30;€275K - €900K;PKO BP Ekstraklasa;Poland;0.0;3.5;0%;0.0;0%;71;-0.1;0.0;0.0;87%;6.1;-3.52;3.8;0.0;0.0;0.0;0.0;0.0;88;24.4;0.0;0.0;0.0;0.0;0;0.0;0.0;0.0;0.0;0.0;5.3;0.0;0.0;0.0;0.0;0.0;0.0;0.0;0;0.0;0;0;2;0.0;40;2913
Kyriakos Savvidis;DM, M/AM (C);32;€130K - €425K;PKO BP Ekstraklasa;Poland;3.1;16.4;13%;0.0;0%;0;0.0;1.0;0.1;91%;5.1;0;0.6;5.0;1.7;1.4;0.1;0.0;0;51.8;5.9;10.3;1.0;0.1;33;0.0;0.3;0.2;0.4;0.0;11.6;0.0;1.9;0.1;0.2;0.7;0.1;0.2;0;0.0;39;-1.1;37;0.0;0;2089
Daniel Håkans;AM (RL);27;€1.6M - €3.6M;PKO BP Ekstraklasa;Poland;1.7;2.3;29%;0.0;6%;0;0.0;1.2;0.2;88%;20.4;0;0.4;9.1;2.2;1.2;1.1;0.9;0;44.7;2.8;11.9;1.2;5.3;20;0.3;3.1;0.0;0.4;0.2;11.3;0.5;3.9;0.1;3.5;0.3;0.1;3.5;8;0.0;8;-4.68;26;0.5;0;1502
Patson Daka;ST (C);29;€325K - €3.2M;PKO BP Ekstraklasa;Poland;0.5;1.4;34%;0.0;14%;0;0.0;1.0;0.1;88%;17.3;0;0.1;1.5;0.5;0.4;0.8;1.2;0;26.8;0.6;5.7;1.0;0.6;5;0.2;3.4;0.0;0.1;0.5;10.1;0.4;6.9;0.2;0.5;1.5;0.1;0.5;33;0.4;22;0.87;5;0.4;0;1167
Bujar Pllana;D (RC);26;€210K - €2.1M;PKO BP Ekstraklasa;Poland;2.4;13.7;36%;0.2;9%;0;0.0;0.4;0.0;90%;4.9;0;1.2;3.0;1.2;0.9;0.1;0.1;0;42.9;3.1;4.5;0.4;0.1;28;0.0;0.4;1.1;0.7;0.0;10.1;0.0;5.9;0.0;0.3;4.3;0.0;0.3;11;0.8;73;0.09;31;0.0;0;2689
Juljan Shehu;DM, M/AM (C);29;€65K - €650K;PKO BP Ekstraklasa;Poland;3.0;10.9;25%;0.1;0%;0;0.0;0.6;0.5;88%;7.7;0;1.0;4.8;0.8;0.7;0.2;0.1;0;52.7;3.6;11.3;0.8;0.0;9;0.0;0.3;0.2;0.8;0.0;11.5;0.0;1.4;0.3;0.1;0.8;0.2;0.1;0;0.0;56;-0.15;11;0.0;0;1188
Dominik Szala;D (C);22;€250K - €2.5M;PKO BP Ekstraklasa;Poland;3.0;13.7;29%;0.0;14%;0;0.0;0.1;0.0;91%;3.1;0;1.0;2.8;1.0;0.5;0.1;0.1;0;41.6;2.5;3.8;0.1;0.1;12;0.0;0.3;0.4;0.6;0.0;10.1;0.0;5.4;0.0;0.0;3.5;0.0;0.0;0;1.2;65;-0.05;19;0.0;0;2261
Apostolis Konstantopoulos;D (RC);25;€50K - €500K;PKO BP Ekstraklasa;Poland;2.9;17.4;19%;0.1;5%;0;0.0;0.2;0.1;89%;4.5;0;0.7;3.7;1.1;0.7;0.1;0.1;0;43.9;2.7;5.2;0.2;0.2;24;0.0;0.6;0.7;0.3;0.0;10.2;0.1;5.6;0.1;0.3;4.1;0.0;0.3;0;1.2;73;-2.3;31;0.1;0;3255
Ervin Omić;DM, M (C);25;€120K - €1.2M;PKO BP Ekstraklasa;Poland;2.8;12.8;0%;0.1;0%;0;0.0;1.1;0.3;92%;5.9;0;1.2;6.6;1.4;0.9;0.0;0.0;0;52.8;6.5;10.6;1.1;0.3;11;0.0;0.5;0.3;0.7;0.0;11.6;0.1;2.6;0.3;0.1;1.6;0.3;0.1;0;0.3;61;-0.96;16;0.1;0;1060
Jesse Bosch;DM, M (C);28;€140K - €1.4M;PKO BP Ekstraklasa;Poland;2.4;15.0;33%;0.2;0%;0;0.0;0.9;0.5;91%;5.5;0;0.7;6.7;2.0;1.5;0.1;0.2;0;50.7;5.9;11.4;1.0;0.2;45;0.1;0.5;0.2;0.4;0.0;11.6;0.0;1.7;0.3;0.3;0.6;0.3;0.3;25;0.1;38;-1.34;60;0.0;0;2773
Jacob Farrell;D (RL), WB (L);25;€190K - €1.9M;PKO BP Ekstraklasa;Poland;2.5;11.2;0%;0.0;0%;0;0.0;1.0;0.1;89%;14.7;0;1.0;7.4;1.7;1.9;0.1;0.0;0;55.4;6.5;16.4;1.0;0.5;42;0.3;0.4;1.1;0.4;0.0;11.3;0.0;4.4;0.1;1.8;3.0;0.0;1.8;17;0.8;67;-0.57;50;0.0;0;2042
Lamine Bâ;D (C), DM;30;€35K - €375K;PKO BP Ekstraklasa;Poland;2.5;13.7;6%;0.0;0%;0;0.0;0.1;0.0;93%;3.1;0;1.1;2.5;0.7;0.4;0.1;0.0;0;41.6;1.5;3.7;0.1;0.0;12;0.0;0.6;1.4;0.7;0.0;9.6;0.1;5.6;0.0;0.0;3.5;0.0;0.0;0;1.1;62;-2.59;18;0.1;0;2666
Musa Juwara;AM (RL);26;€700K;PKO BP Ekstraklasa;Poland;2.2;3.9;38%;0.0;10%;0;0.0;1.8;0.1;90%;17.5;0;0.5;9.4;2.5;1.3;0.4;0.4;0;42.8;3.4;11.5;1.8;5.1;24;0.5;1.2;0.0;0.2;0.1;11.7;0.1;2.9;0.1;3.3;0.2;0.0;3.3;15;0.0;8;-0.12;36;0.1;0;1626
Levente Szabó;ST (C);28;€1.4M - €3.3M;PKO BP Ekstraklasa;Poland;0.8;2.1;50%;0.0;13%;0;0.0;1.0;0.2;88%;18.0;0;0.1;2.3;0.7;0.4;1.3;1.6;0;27.4;0.6;7.9;1.3;0.6;7;0.1;3.3;0.0;0.1;0.4;9.5;0.3;7.9;0.2;0.4;3.9;0.0;0.4;14;0.1;49;2.95;8;0.3;0;1430
Maxime Do Couto;AM (RLC);31;€24K - €240K;PKO BP Ekstraklasa;Poland;1.9;5.0;45%;0.0;10%;0;0.0;1.4;0.3;87%;17.6;0;0.6;9.0;2.0;1.6;0.5;0.8;0;43.9;2.7;13.1;1.4;3.0;36;0.5;1.7;0.0;0.3;0.2;11.1;0.2;3.5;0.2;2.0;0.6;0.1;6.0;17;0.0;17;-1.21;40;0.2;0;2088
Paweł Bochniewicz;D (C), DM;32;€40K - €400K;PKO BP Ekstraklasa;Poland;3.2;14.2;29%;0.1;18%;0;0.0;0.4;0.0;91%;3.5;0;1.3;2.2;0.7;0.3;0.2;0.2;0;42.4;2.5;4.3;0.4;0.0;7;0.0;0.8;0.5;0.8;0.1;9.7;0.1;5.3;0.0;0.0;4.2;0.0;0.0;0;1.3;79;1.15;10;0.1;0;2006
Sveinn Aron Guðjohnsen;ST (C);30;€140K - €1.4M;PKO BP Ekstraklasa;Poland;0.8;2.6;44%;0.0;11%;0;0.0;1.1;0.4;88%;17.4;0;0.3;1.6;0.5;0.1;1.2;1.5;0;28.5;1.0;5.8;2.6;0.4;2;0.0;3.3;0.0;0.0;0.4;9.9;0.3;7.7;0.2;0.3;3.5;0.0;0.3;0;0.1;46;1.47;4;0.3;0;1701
Brian Calderara;D/WB (L);30;€1.5M - €3.6M;PKO BP Ekstraklasa;Poland;2.6;12.8;20%;0.0;20%;0;0.0;1.0;0.2;85%;13.8;0;1.1;7.5;2.1;2.1;0.1;0.0;0;54.4;7.8;14.9;1.0;1.1;48;0.6;0.2;0.8;0.5;0.0;11.5;0.0;2.9;0.1;2.7;1.5;0.0;2.7;23;0.2;53;0.34;56;0.0;0;2081
Kobe Corbanie;D/WB (R);23;€1M - €2.3M;PKO BP Ekstraklasa;Poland;3.2;9.9;14%;0.1;5%;0;0.0;1.3;0.1;90%;15.3;0;1.1;8.9;1.7;2.1;0.3;0.1;0;50.8;5.1;18.8;1.3;1.7;51;0.5;0.9;1.0;0.5;0.0;11.7;0.1;4.1;0.0;4.6;2.1;0.0;4.6;11;0.3;50;-1.29;54;0.1;0;2135
João Pedro;D (LC), WB (L);25;€190K - €650K;PKO BP Ekstraklasa;Poland;3.7;14.6;25%;0.2;13%;0;0.0;0.3;0.0;91%;3.8;0;1.1;2.6;0.8;0.4;0.1;0.1;0;41.0;2.1;5.0;0.3;0.0;13;0.1;0.3;0.5;0.7;0.0;10.1;0.0;3.1;0.0;0.1;2.1;0.1;0.1;66;0.4;69;-0.06;21;0.0;0;2750
Moisés Ramírez;GK;27;€230K - €2.3M;PKO BP Ekstraklasa;Poland;0.0;3.8;0%;0.0;0%;72;0.1;0.0;0.0;81%;7.3;2.28;3.6;0.0;0.0;0.0;0.0;0.0;88;24.7;0.0;0.0;0.0;0.0;0;0.0;0.0;0.0;0.0;0.0;5.3;0.0;0.0;0.0;0.0;0.0;0.0;0.0;0;0.0;0;0;4;0.0;39;2874
Markus Kuster;GK;34;€120K - €400K;PKO BP Ekstraklasa;Poland;0.0;4.4;0%;0.0;0%;77;0.3;0.0;0.0;82%;6.6;10.97;3.0;0.0;0.0;0.0;0.0;0.0;88;25.1;0.0;0.0;0.0;0.0;1;0.0;0.0;0.0;0.0;0.0;5.6;0.0;0.0;0.0;0.0;0.0;0.0;0.0;0;0.0;0;0;5;0.0;37;2910
Wojciech Szymczak;ST (C);20;€170K - €1.7M;PKO BP Ekstraklasa;Poland;0.6;1.3;52%;0.0;15%;0;0.0;1.0;0.2;90%;21.7;0;0.1;1.7;0.7;0.2;0.9;1.0;0;23.9;0.4;3.9;1.0;0.8;3;0.3;1.9;0.0;0.1;0.3;10.3;0.1;7.5;0.0;0.6;1.5;0.0;0.6;45;0.1;20;2.57;4;0.1;0;1556
Faris;AM (L), ST (C);27;€140K - €1.4M;PKO BP Ekstraklasa;Poland;0.5;2.3;56%;0.0;15%;0;0.0;1.0;0.1;88%;21.3;0;0.0;1.0;0.4;0.1;0.8;2.0;0;24.1;0.6;5.5;1.0;1.0;2;0.1;3.5;0.0;0.1;0.5;10.2;0.3;8.0;0.1;0.5;3.6;0.1;0.5;12;0.1;45;3.42;2;0.3;0;1320
Tomasz Wójtowicz;D/WB/M (RL), AM (L);24;€40K - €400K;PKO BP Ekstraklasa;Poland;3.1;11.5;17%;0.1;8%;0;0.0;0.8;0.0;86%;14.7;0;1.1;6.1;1.5;1.5;0.2;0.1;0;55.6;7.7;14.8;0.8;0.8;26;0.3;0.7;0.4;0.8;0.1;11.8;0.1;3.6;0.0;1.5;1.5;0.0;1.5;20;0.4;41;-0.23;34;0.1;0;1516
Stefan Feiertag;AM (C), ST (C);26;€95K - €950K;PKO BP Ekstraklasa;Poland;1.0;3.4;44%;0.0;14%;0;0.0;1.1;0.1;87%;20.4;0;0.2;2.3;0.6;0.2;0.9;1.2;0;27.8;1.0;6.5;1.1;0.5;6;0.1;2.8;0.0;0.2;0.4;10.0;0.3;7.4;0.1;0.4;2.5;0.0;0.4;18;0.0;33;1.26;9;0.3;0;2356
Ilya Shkurin;ST (C);28;€28K - €275K;PKO BP Ekstraklasa;Poland;0.7;2.5;45%;0.0;12%;0;0.0;1.3;0.1;88%;17.7;0;0.1;1.3;0.6;0.2;0.6;1.4;0;31.9;1.0;8.3;1.3;0.4;5;0.1;3.0;0.0;0.1;0.4;10.3;0.3;8.2;0.1;0.3;2.9;0.0;0.3;28;0.0;35;0.28;7;0.4;0;1930
Ivan Zhelizko;DM;27;€190K - €1.9M;PKO BP Ekstraklasa;Poland;2.8;15.2;7%;0.0;7%;0;0.0;0.7;0.5;92%;5.4;0;0.5;5.7;1.4;1.0;0.3;0.1;0;51.1;5.7;10.0;1.5;0.2;18;0.0;0.8;0.5;0.3;0.1;11.3;0.1;3.2;0.2;0.1;1.4;0.3;5.0;11;0.5;45;-0.96;25;0.1;0;1591
Alexis de Sart;D/WB (R), DM, M (C);31;Not for Sale;PKO BP Ekstraklasa;Poland;2.8;11.4;25%;0.0;0%;0;0.0;0.8;0.2;89%;11.9;0;0.9;6.7;1.0;0.7;0.0;0.1;0;49.8;5.5;13.7;0.8;0.7;9;0.2;0.3;0.1;0.6;0.0;10.9;0.0;1.5;0.2;1.0;0.6;0.2;1.0;23;0.0;37;-0.37;13;0.0;0;1115
Goh Young-Joon;AM (RLC), ST (C);26;€80K - €800K;PKO BP Ekstraklasa;Poland;1.8;9.1;42%;0.0;11%;0;0.0;1.5;0.2;88%;15.5;0;0.5;6.2;1.4;0.6;0.4;0.6;0;41.9;2.4;10.2;1.5;2.5;17;0.4;1.4;0.0;0.3;0.2;11.1;0.2;3.9;0.1;1.5;0.9;0.2;3.8;22;0.0;23;-0.54;24;0.2;0;2393
Piotr Samiec-Talar;AM (RL), ST (C);26;€30K - €300K;PKO BP Ekstraklasa;Poland;2.1;4.2;30%;0.0;15%;0;0.0;1.3;0.3;86%;17.7;0;1.0;8.3;1.3;0.6;0.8;0.6;0;41.5;2.6;13.5;1.3;3.6;14;0.9;1.9;0.0;0.4;0.3;11.6;0.2;3.6;0.1;4.1;1.4;0.0;4.1;22;0.0;40;3.18;22;0.2;0;2141
Oskar Repka;D (C), DM, M (C);29;€95K - €950K;PKO BP Ekstraklasa;Poland;2.1;11.7;25%;0.1;0%;0;0.0;0.4;0.0;90%;5.6;0;0.7;5.8;1.5;1.3;0.1;0.1;0;50.8;3.2;11.0;0.4;0.2;28;0.0;0.5;0.1;0.6;0.0;10.6;0.1;2.8;0.1;0.0;1.8;0.1;0.0;0;0.3;62;-2.17;33;0.1;0;2002
Konrad Gruszkowski;D/WB (R);27;€45K - €450K;PKO BP Ekstraklasa;Poland;2.8;11.4;17%;0.1;10%;0;0.0;0.8;0.1;87%;16.4;0;0.8;7.1;2.2;1.9;0.3;0.2;0;53.6;6.8;15.3;0.8;0.8;62;0.3;0.9;1.0;0.6;0.1;11.2;0.1;3.9;0.1;1.8;2.3;0.0;1.8;15;0.3;58;-0.28;76;0.1;0;2880
Aleks Ławniczak;D (C);29;€200K - €650K;PKO BP Ekstraklasa;Poland;3.3;14.0;17%;0.3;0%;0;0.0;0.2;0.1;88%;3.3;0;1.0;3.4;1.1;0.8;0.1;0.1;0;41.0;2.6;4.2;0.2;0.0;18;0.1;0.5;1.0;0.9;0.0;10.0;0.0;5.3;0.0;0.1;4.0;0.0;0.1;66;0.7;76;-1.18;20;0.0;0;2158
Patryk Makuch;ST (C);29;€650K - €1.6M;PKO BP Ekstraklasa;Poland;0.7;3.1;43%;0.0;14%;0;0.0;1.1;0.2;89%;18.2;0;0.3;1.0;0.3;0.2;1.5;1.9;0;32.3;0.8;8.0;1.1;0.4;4;0.0;4.3;0.0;0.1;0.6;10.5;0.5;8.7;0.3;0.3;3.9;0.2;0.3;0;0.2;44;1.61;5;0.5;0;1589
Filip Szymczak;AM (R), ST (C);26;€75K - €750K;PKO BP Ekstraklasa;Poland;1.4;6.0;52%;0.1;20%;0;0.0;2.1;0.1;88%;16.9;0;0.8;10.7;2.1;1.4;0.5;0.9;0;41.6;4.0;14.3;2.1;3.5;21;0.6;1.7;0.0;0.1;0.3;11.2;0.2;4.1;0.1;3.2;1.9;0.1;3.2;19;0.1;47;2.69;26;0.2;0;1311
Norbert Wojtuszek;D/WB (R), DM, M (R);26;€55K - €550K;PKO BP Ekstraklasa;Poland;2.4;11.2;18%;0.2;0%;0;0.0;0.9;0.1;86%;12.2;0;1.0;7.3;1.5;1.7;0.1;0.1;0;50.9;6.6;15.9;0.9;1.0;35;0.0;0.5;0.7;0.6;0.0;11.9;0.1;4.5;0.1;1.5;2.5;0.0;1.5;3;0.2;57;-1.44;42;0.1;0;1909
Krystian Wachowiak;D/WB/M/AM (L);26;€100K - €350K;PKO BP Ekstraklasa;Poland;3.4;9.4;0%;0.1;0%;0;0.0;1.2;0.1;88%;17.0;0;1.4;6.4;1.5;1.0;0.0;0.0;0;55.4;6.3;12.9;1.2;1.3;27;0.5;0.2;0.4;0.5;0.0;11.0;0.0;4.7;0.0;3.5;2.4;0.0;3.5;14;0.7;51;-0.71;35;0.0;0;2352
Kacper Łoś;D (C), DM;28;€80K;PKO BP Ekstraklasa;Poland;2.9;8.3;20%;0.0;20%;0;0.0;0.4;0.1;89%;6.9;0;0.9;4.1;1.6;0.6;0.0;0.1;0;48.7;2.7;7.1;0.4;0.1;8;0.0;0.4;0.2;0.6;0.1;11.1;0.0;4.7;0.0;0.0;2.9;0.0;0.0;0;0.3;62;0.48;10;0.0;0;1243
Yvan Ikia Dimi;WB (L), AM (RL), ST (C);23;€150K - €1.5M;PKO BP Ekstraklasa;Poland;1.9;3.6;38%;0.0;11%;0;0.0;1.7;0.3;86%;18.9;0;0.9;8.0;1.9;1.0;0.5;0.7;0;43.0;3.2;12.0;1.7;3.2;28;0.5;1.9;0.0;0.4;0.2;11.5;0.3;3.1;0.2;3.8;0.8;0.2;3.8;12;0.0;25;-1.6;43;0.3;0;2494
Gabriel Kobylak;GK;26;€85K - €300K;PKO BP Ekstraklasa;Poland;0.0;3.2;0%;0.0;0%;73;0.2;0.0;0.0;78%;7.9;5.31;3.4;0.0;0.0;0.1;0.0;0.0;90;23.9;0.0;0.0;0.0;0.0;2;0.0;0.0;0.0;0.0;0.0;5.2;0.0;0.0;0.0;0.0;0.0;0.0;0.0;0;0.0;0;0;4;0.0;35;2880
Marek Bartoš;D (C);31;€80K - €800K;PKO BP Ekstraklasa;Poland;2.3;14.7;18%;0.1;0%;0;0.0;0.2;0.1;88%;3.2;0;1.0;3.0;1.3;0.6;0.1;0.1;0;42.3;2.3;3.4;0.7;0.1;18;0.0;0.4;0.8;0.7;0.0;9.9;0.0;4.2;0.0;0.0;2.9;0.0;0.0;0;0.8;70;-1.31;22;0.0;0;2537
Luismi;M (R), AM (RLC), ST (C);30;€120K - €1.2M;PKO BP Ekstraklasa;Poland;1.9;5.1;30%;0.0;5%;0;0.0;1.4;0.3;88%;18.9;0;0.7;8.5;1.4;0.7;0.5;0.6;0;40.0;2.8;12.8;1.4;3.0;22;0.6;1.9;0.0;0.3;0.1;11.4;0.3;3.5;0.2;3.1;0.8;0.1;4.1;18;0.0;22;-5.34;28;0.3;0;2653
Joe Willock;DM, M (C);28;€700K - €7M;PKO BP Ekstraklasa;Poland;0.0;12.2;54%;0.0;38%;0;0.0;0.2;0.3;0%;14.2;0;0.0;0.0;0.0;0.0;0.1;0.3;0;0.0;0.0;0.0;0.2;0.0;0;0.0;0.5;0.0;0.0;0.2;0.0;0.1;0.0;0.3;0.0;0.0;0.2;0.0;0;0.0;0;2.77;0;0.1;0;2212
Andrii Matkevych;AM (RLC);23;€300K - €3M;PKO BP Ekstraklasa;Poland;2.0;4.9;32%;0.0;11%;0;0.0;1.1;0.1;90%;15.1;0;0.8;8.9;2.1;1.3;0.2;0.5;0;43.7;2.9;12.8;1.1;3.4;16;0.7;1.6;0.0;0.3;0.2;11.8;0.2;4.4;0.1;3.4;1.2;0.3;3.4;20;0.1;27;-0.79;21;0.2;0;1072
Marian Huja;D (C);28;€55K - €550K;PKO BP Ekstraklasa;Poland;3.8;17.4;31%;0.1;6%;0;0.0;0.2;0.0;88%;3.6;0;0.7;2.7;0.7;0.4;0.1;0.1;0;43.0;2.0;4.0;0.2;0.1;17;0.0;0.4;0.8;0.6;0.0;10.1;0.0;5.2;0.1;0.0;3.6;0.1;0.3;25;0.9;69;-0.32;26;0.0;0;4052
Rodrigo Sam;D (C), DM;32;€65K - €650K;PKO BP Ekstraklasa;Poland;2.8;13.8;0%;0.1;0%;0;0.0;0.3;0.1;87%;5.2;0;0.6;5.5;1.3;1.0;0.1;0.0;0;49.2;2.9;9.4;0.3;0.1;29;0.0;0.2;0.4;0.6;0.0;11.2;0.0;3.9;0.1;0.0;2.6;0.1;0.0;0;0.6;68;-0.68;44;0.0;0;2617
Rabbi Matondo;M/AM (RL);27;€200K - €2M;PKO BP Ekstraklasa;Poland;2.0;4.6;43%;0.0;13%;0;0.0;1.3;0.1;89%;18.0;0;0.7;9.0;1.8;0.8;0.3;0.5;0;44.7;3.1;12.2;1.3;6.1;17;0.7;1.1;0.0;0.4;0.1;11.6;0.1;2.7;0.1;2.9;0.4;0.0;2.9;25;0.0;15;0.95;27;0.1;0;1954
Ottó Hindrich;GK;25;€70K - €700K;PKO BP Ekstraklasa;Poland;0.0;3.3;0%;0.0;0%;71;0.1;0.0;0.0;76%;7.3;6.13;3.2;0.0;0.0;0.0;0.0;0.0;88;24.7;0.0;0.0;0.0;0.0;0;0.0;0.0;0.0;0.0;0.0;5.5;0.0;0.0;0.0;0.0;0.0;0.0;0.0;0;0.0;0;0;6;0.0;50;4110
Radu Boboc;D (RL);29;€65K - €650K;PKO BP Ekstraklasa;Poland;2.9;13.3;17%;0.0;9%;0;0.0;1.0;0.2;88%;14.4;0;1.0;7.8;2.4;2.2;0.1;0.1;0;52.9;7.6;15.8;1.0;0.6;76;0.5;0.7;0.8;0.3;0.1;11.3;0.0;4.0;0.1;2.6;2.0;0.1;3.2;15;0.4;50;0.42;88;0.0;0;3055
Valentin Cojocaru;GK;32;Not for Sale;PKO BP Ekstraklasa;Poland;0.0;4.2;0%;0.0;0%;76;0.5;0.0;0.0;78%;8.5;22;3.9;0.0;0.0;0.1;0.0;0.0;88;25.0;0.0;0.0;0.0;0.0;4;0.0;0.0;0.0;0.0;0.0;5.8;0.0;0.0;0.0;0.0;0.0;0.0;0.0;0;0.0;0;0;7;0.0;51;4350
Gastón Gómez;GK;32;€600K - €1.4M;PKO BP Ekstraklasa;Poland;0.0;3.9;0%;0.0;0%;76;0.2;0.0;0.0;82%;6.7;7.13;3.5;0.0;0.0;0.0;0.0;0.0;88;23.8;0.0;0.0;0.0;0.0;1;0.0;0.0;0.0;0.0;0.0;5.6;0.0;0.0;0.0;0.0;0.0;0.0;0.0;0;0.0;0;0;5;0.0;35;3180
Javi Vázquez;D/WB/M (L);27;€240K - €2.4M;PKO BP Ekstraklasa;Poland;3.4;11.2;20%;0.0;0%;0;0.0;1.3;0.2;88%;17.8;0;1.1;8.0;2.0;1.8;0.0;0.0;0;53.1;6.6;17.8;1.3;1.6;59;0.5;0.2;0.3;0.5;0.0;11.6;0.0;2.8;0.1;3.6;1.2;0.1;6.7;12;0.2;43;-0.91;76;0.0;0;2978
Maxime Dominguez;DM, M (C), AM (RLC);32;€180K - €1.8M;PKO BP Ekstraklasa;Poland;1.5;10.1;32%;0.1;3%;0;0.0;1.2;0.2;90%;12.7;0;0.7;6.0;1.7;1.0;0.5;0.6;0;44.6;4.3;11.3;1.8;0.9;21;0.2;1.8;0.0;0.4;0.0;12.2;0.2;2.5;0.1;1.1;0.4;0.1;8.0;16;0.1;17;-2.97;27;0.2;0;1875
Daniel Stanclik;ST (C);28;€12K - €120K;PKO BP Ekstraklasa;Poland;0.8;1.1;40%;0.0;11%;0;0.0;1.1;0.1;89%;18.5;0;0.3;2.0;0.8;0.3;0.6;0.8;0;25.5;1.0;5.7;1.1;0.3;7;0.2;2.1;0.0;0.2;0.2;10.5;0.3;8.4;0.1;0.3;3.6;0.1;0.3;44;0.1;43;-1.12;15;0.3;0;2361
Damian Hilbrycht;D (RL);30;€60K - €600K;PKO BP Ekstraklasa;Poland;3.2;9.0;10%;0.1;0%;0;0.0;0.7;0.3;85%;16.3;0;0.8;6.9;1.6;1.5;0.1;0.1;0;51.7;6.7;13.2;0.7;1.2;23;0.3;0.6;1.2;0.3;0.0;11.0;0.2;3.3;0.2;1.7;1.2;0.0;3.9;16;0.3;35;-2.51;26;0.2;0;1393
Maciej Ambrosiewicz;DM, M (C);30;€70K - €700K;PKO BP Ekstraklasa;Poland;2.6;13.2;21%;0.0;5%;0;0.0;0.5;0.3;91%;7.0;0;0.9;6.7;1.9;0.9;0.2;0.1;0;52.6;3.8;12.4;0.5;0.1;28;0.1;0.6;0.4;0.6;0.0;11.8;0.1;1.8;0.2;0.1;1.2;0.1;0.5;21;0.3;65;-0.51;46;0.1;0;2712
Oskar Treder;M/AM (C);21;€190K - €650K;PKO BP Ekstraklasa;Poland;1.4;4.2;25%;0.0;6%;0;0.0;1.5;0.0;89%;26.2;0;0.5;3.2;0.8;0.2;0.2;0.2;0;43.9;2.0;9.0;1.5;1.1;6;0.2;0.6;0.0;0.1;0.0;12.1;0.0;4.7;0.0;0.9;1.6;0.1;0.9;24;0.0;34;-0.3;9;0.0;0;2382
Ibán Salvador;AM (RC), ST (C);32;€80K;PKO BP Ekstraklasa;Poland;1.8;4.4;18%;0.1;3%;0;0.0;1.7;0.2;88%;19.8;0;0.8;7.6;1.8;1.0;0.3;0.2;0;42.3;3.3;12.1;1.7;3.8;27;1.0;1.3;0.0;0.3;0.0;11.1;0.1;3.6;0.1;6.1;0.6;0.1;6.5;14;0.0;17;-2.15;29;0.1;0;2342
Tevis;AM (RL), ST (C);22;€600K - €1.9M;PKO BP Ekstraklasa;Poland;2.0;4.7;18%;0.0;8%;0;0.0;1.5;0.1;91%;17.0;0;0.2;10.1;1.7;1.1;0.7;0.3;0;44.5;3.1;14.0;1.5;4.4;22;0.5;2.0;0.0;0.2;0.1;11.6;0.2;2.7;0.1;3.3;0.9;0.0;3.3;16;0.0;35;-1.13;31;0.2;0;1804
Wojciech Mońka;D (C);21;€550K - €1.9M;PKO BP Ekstraklasa;Poland;3.0;12.7;20%;0.1;0%;0;0.0;0.3;0.0;83%;4.1;0;1.3;2.7;1.2;0.4;0.0;0.1;0;45.1;3.7;2.7;0.3;0.1;6;0.1;0.3;0.5;0.6;0.0;9.6;0.0;7.0;0.0;0.1;5.4;0.0;0.1;50;1.1;77;-0.42;8;0.0;0;1290
Yira Sor;AM (RL);27;€210K - €2.1M;PKO BP Ekstraklasa;Poland;2.3;5.4;44%;0.0;13%;0;0.0;1.3;0.2;87%;16.3;0;0.6;8.9;2.1;1.0;0.5;0.6;0;43.3;3.1;11.9;1.3;5.9;26;0.3;1.3;0.0;0.5;0.2;11.3;0.1;3.1;0.1;2.5;0.5;0.1;2.5;13;0.0;17;1;43;0.1;0;2233
José Pozo;AM (LC);32;€55K - €550K;PKO BP Ekstraklasa;Poland;2.3;4.8;49%;0.0;16%;0;0.0;1.7;0.2;88%;18.5;0;0.3;8.8;2.1;1.5;0.5;0.6;0;42.1;3.7;11.9;1.7;3.9;45;0.5;1.3;0.0;0.2;0.2;11.2;0.1;3.6;0.1;2.9;0.7;0.1;2.9;18;0.0;19;1.27;50;0.2;0;2628
Jakub Szumski;GK;36;€3K - €28K;PKO BP Ekstraklasa;Poland;0.0;4.1;0%;0.0;0%;72;0.2;0.0;0.0;84%;7.9;7;2.4;0.0;0.0;0.0;0.0;0.0;90;25.0;0.0;0.0;0.0;0.0;1;0.0;0.0;0.0;0.0;0.0;5.5;0.0;0.0;0.0;0.0;0.0;0.0;0.0;0;0.0;0;0;3;0.0;41;2970
Mariusz Stępiński;ST (C);33;€140K - €450K;PKO BP Ekstraklasa;Poland;0.5;1.4;47%;0.0;10%;0;0.0;0.8;0.1;87%;20.6;0;0.2;1.3;0.6;0.2;1.4;1.6;0;24.5;0.7;5.4;0.8;0.7;4;0.0;3.5;0.0;0.1;0.4;10.1;0.3;7.4;0.1;0.4;2.5;0.0;0.4;0;0.1;34;0.66;6;0.3;0;2266
Patryk Sokołowski;DM, M (C);33;€60K;PKO BP Ekstraklasa;Poland;1.5;11.4;27%;0.0;0%;0;0.0;0.9;0.4;93%;9.7;0;0.7;3.5;0.5;0.3;0.2;0.1;0;31.9;3.7;6.3;0.9;0.0;7;0.0;0.5;0.2;0.4;0.0;6.8;0.0;1.4;0.1;0.1;0.4;0.0;0.1;50;0.1;31;-0.81;10;0.0;0;1852
Grzegorz Tomasiewicz;M (C), AM (RLC);32;€110K - €375K;PKO BP Ekstraklasa;Poland;1.1;9.3;34%;0.0;6%;0;0.0;2.5;0.3;87%;22.4;0;0.3;4.5;1.0;0.5;0.6;0.7;0;41.5;3.6;11.7;2.5;1.0;13;0.1;1.9;0.0;0.3;0.1;11.9;0.2;2.3;0.2;0.8;0.4;0.0;0.8;18;0.0;17;-2.96;17;0.2;0;2449
Rafał Augustyniak;D (C), DM, M (C);34;€5K;PKO BP Ekstraklasa;Poland;3.0;8.2;20%;0.0;10%;0;0.0;0.6;0.2;89%;7.8;0;0.9;6.5;1.8;1.0;0.4;0.2;0;47.2;3.8;9.6;0.6;0.2;11;0.2;0.9;0.3;0.1;0.1;11.5;0.0;3.1;0.1;0.4;1.9;0.0;0.4;50;0.6;63;0.46;15;0.0;0;1027
Radosław Murawski;DM, M (C);34;€28K - €275K;PKO BP Ekstraklasa;Poland;2.0;11.7;50%;0.1;25%;0;0.0;0.8;0.5;92%;7.4;0;0.8;6.1;1.4;1.1;0.1;0.2;0;50.5;4.6;11.8;0.8;0.3;28;0.1;0.3;0.2;0.4;0.1;11.5;0.0;1.6;0.2;0.2;1.0;0.2;0.2;40;0.0;66;1.36;34;0.0;0;2366
Dominik Hładun;GK;32;€30K - €300K;PKO BP Ekstraklasa;Poland;0.0;3.8;0%;0.0;0%;81;0.6;0.0;0.0;81%;7.9;18.98;3.8;0.0;0.0;0.1;0.0;0.0;88;23.3;0.0;0.0;0.0;0.0;2;0.0;0.0;0.0;0.0;0.0;5.2;0.0;0.0;0.0;0.0;0.0;0.0;0.0;0;0.0;0;0;4;0.0;32;3090
Jarosław Kubicki;DM, M (C);32;€20K - €200K;PKO BP Ekstraklasa;Poland;2.4;10.1;22%;0.0;0%;0;0.0;0.4;0.2;90%;6.2;0;0.5;6.3;1.8;1.8;0.2;0.2;0;51.2;4.3;11.7;0.4;0.0;22;0.0;0.7;0.5;0.4;0.0;11.5;0.2;1.8;0.1;0.4;0.8;0.0;0.4;0;0.1;45;-2.01;25;0.2;0;1119
Mateusz Kuchta;GK;32;€60K - €200K;PKO BP Ekstraklasa;Poland;0.0;3.7;0%;0.0;0%;73;0.1;0.0;0.0;77%;7.7;2.23;3.4;0.0;0.0;0.1;0.0;0.0;88;23.9;0.0;0.0;0.0;0.0;1;0.0;0.0;0.0;0.0;0.0;5.4;0.0;0.0;0.0;0.0;0.0;0.0;0.0;0;0.0;0;0;3;0.0;24;1618
Patryk Dziczek;DM, M (C);30;€220K - €2.2M;PKO BP Ekstraklasa;Poland;2.6;15.4;32%;0.1;5%;0;0.0;0.7;0.4;91%;5.6;0;0.9;5.7;1.0;0.8;0.2;0.2;0;53.1;6.6;11.3;0.8;0.1;27;0.0;0.6;0.2;0.6;0.0;11.3;0.1;2.2;0.2;0.1;1.0;0.1;0.1;50;0.1;46;-0.76;35;0.1;0;2902
Miłosz Szczepański;M (C), AM (LC);30;€140K - €475K;PKO BP Ekstraklasa;Poland;1.3;11.4;17%;0.0;0%;0;0.0;1.6;0.4;89%;15.7;0;0.2;4.7;0.9;0.5;0.4;0.3;0;39.6;1.7;10.2;3.0;1.3;6;0.2;1.6;0.0;0.4;0.0;11.6;0.3;3.3;0.2;1.0;1.1;0.3;1.6;11;0.0;32;-3.42;7;0.3;0;1001
Mariusz Malec;D (LC);33;€26K - €250K;PKO BP Ekstraklasa;Poland;3.0;11.4;27%;0.1;0%;0;0.0;0.2;0.0;91%;5.8;0;0.9;2.9;0.9;0.5;0.1;0.1;0;42.6;2.0;4.0;0.2;0.1;14;0.0;0.5;0.5;0.5;0.0;10.2;0.0;5.7;0.0;0.2;4.3;0.0;0.2;0;1.0;76;-1.31;19;0.0;0;2674
Robert Dadok;WB/M/AM (R);31;Not for Sale;PKO BP Ekstraklasa;Poland;2.4;5.2;33%;0.0;5%;0;0.0;1.9;0.4;85%;18.9;0;0.6;10.5;2.0;1.6;0.4;0.5;0;38.9;3.0;15.4;2.1;3.5;22;1.2;1.5;0.0;0.2;0.1;10.9;0.2;3.8;0.1;3.9;1.6;0.1;3.9;31;0.0;43;-2.42;24;0.2;0;1255
Kacper Chodyna;D (RL), WB/M/AM (R);29;€3.5K - €35K;PKO BP Ekstraklasa;Poland;2.0;3.6;50%;0.0;17%;0;0.0;1.9;0.1;88%;22.0;0;0.5;9.2;1.7;1.3;0.7;0.7;0;41.2;3.5;17.2;2.6;2.6;32;0.4;1.5;0.0;0.2;0.2;11.9;0.2;3.6;0.2;2.9;0.7;0.2;3.2;12;0.1;18;1.85;38;0.2;0;2176
Marek Mróz;M (RC), AM (RLC);29;€100K;PKO BP Ekstraklasa;Poland;1.8;8.9;27%;0.0;15%;0;0.0;1.6;0.2;89%;21.5;0;0.6;5.2;1.3;0.6;0.4;0.5;0;42.1;2.7;10.3;1.6;1.0;12;0.0;1.7;0.0;0.3;0.3;12.2;0.2;3.4;0.2;0.7;0.7;0.3;1.3;0;0.1;19;0.36;14;0.2;0;1781
Tomasz Makowski;DM, M (C);28;€190K - €650K;PKO BP Ekstraklasa;Poland;3.1;11.2;33%;0.1;25%;0;0.0;0.4;0.3;89%;7.3;0;0.4;6.3;1.3;1.1;0.4;0.3;0;52.5;3.7;10.9;0.6;0.5;13;0.0;1.0;0.0;0.6;0.3;11.2;0.1;1.3;0.1;0.3;0.4;0.0;0.3;0;0.0;31;2.03;14;0.1;0;1079
Dawid Błanik;M/AM (RL);31;€26K;PKO BP Ekstraklasa;Poland;2.5;3.0;24%;0.1;5%;0;0.0;1.9;0.1;89%;22.1;0;0.5;9.1;2.0;1.1;0.4;0.3;0;43.3;3.7;13.9;1.9;3.1;18;1.0;1.3;0.0;0.2;0.1;11.4;0.2;3.2;0.0;2.9;0.5;0.0;3.3;34;0.0;17;-1.85;27;0.2;0;1496
Damian Michalski;D (C);30;€140K - €1.4M;PKO BP Ekstraklasa;Poland;2.6;14.7;0%;0.1;0%;0;0.0;0.2;0.1;88%;3.4;0;0.6;2.6;1.0;0.4;0.1;0.0;0;41.8;2.4;2.3;0.2;0.0;8;0.1;0.3;1.2;0.5;0.0;9.7;0.0;6.1;0.0;0.1;4.9;0.1;0.1;100;1.3;81;-0.93;10;0.0;0;1748
Mateusz Skrzypczak;D (C), DM, M (C);27;€600K - €6.2M;PKO BP Ekstraklasa;Poland;2.7;14.8;22%;0.2;0%;0;0.0;0.6;0.2;91%;5.1;0;1.1;3.8;1.3;0.8;0.1;0.1;0;45.5;3.2;6.2;0.6;0.0;25;0.1;0.3;0.7;0.7;0.0;10.4;0.0;4.9;0.1;0.1;3.1;0.1;0.1;50;0.6;62;-1.45;32;0.0;0;2789
Landry Farré;D (RLC), WB (RL);21;€160K - €1.6M;PKO BP Ekstraklasa;Poland;2.9;13.4;33%;0.0;11%;0;0.0;0.7;0.1;88%;14.8;0;1.1;6.8;1.7;1.9;0.1;0.1;0;55.0;6.7;14.3;0.7;0.6;55;0.2;0.3;1.0;0.7;0.0;11.2;0.1;3.1;0.1;1.7;1.5;0.0;1.7;14;0.3;48;-0.5;70;0.1;0;2650
Robin van Cruijsen;M/AM (C);22;€2.6M - €5.8M;PKO BP Ekstraklasa;Poland;1.1;14.2;21%;0.0;3%;0;0.0;2.0;0.1;90%;14.9;0;0.3;5.3;1.3;0.6;0.5;0.3;0;41.6;3.2;9.1;2.9;1.3;15;0.3;1.4;0.0;0.4;0.0;11.6;0.1;3.2;0.1;1.1;0.7;0.1;4.4;10;0.0;21;-1.56;24;0.1;0;2441
Eman Marković;M/AM (RL);29;€75K - €750K;PKO BP Ekstraklasa;Poland;2.2;4.2;31%;0.0;13%;0;0.0;1.6;0.3;88%;17.4;0;0.5;9.0;1.9;1.6;0.5;0.4;0;42.6;3.4;12.1;2.1;3.3;43;0.9;1.2;0.0;0.3;0.2;11.1;0.2;4.5;0.1;2.9;1.3;0.0;4.4;25;0.2;28;-0.44;47;0.2;0;2351
Paul Mukairu;AM (RL), ST (C);28;€170K - €1.7M;PKO BP Ekstraklasa;Poland;2.0;3.5;42%;0.0;8%;0;0.0;0.9;0.0;92%;17.5;0;0.3;7.5;1.2;1.1;1.0;1.3;0;39.7;2.3;12.7;0.9;3.8;13;0.1;3.1;0.0;0.3;0.3;11.0;0.3;5.4;0.0;1.5;3.4;0.0;1.5;5;0.0;63;-0.14;14;0.3;0;1040
Maksym Khlan;AM (RL);25;€90K - €900K;PKO BP Ekstraklasa;Poland;2.4;4.0;36%;0.0;12%;0;0.0;0.7;0.2;90%;19.6;0;0.6;9.7;1.9;1.2;0.7;0.7;0;42.0;2.7;13.4;0.7;3.9;15;0.2;2.1;0.0;0.4;0.2;11.1;0.1;4.7;0.3;2.7;1.4;0.2;2.7;6;0.1;30;1.35;22;0.1;0;1081
Kellyn Acosta;D (L), DM, M (C);32;€55K - €550K;PKO BP Ekstraklasa;Poland;3.2;14.2;29%;0.1;0%;0;0.0;1.0;0.4;91%;6.0;0;0.9;5.9;1.3;0.9;0.2;0.1;0;52.9;5.7;11.7;1.4;0.1;36;0.1;0.4;0.3;0.6;0.0;11.7;0.0;1.8;0.2;0.3;0.8;0.2;0.6;16;0.1;42;-1.14;59;0.0;0;3473
Marcel Reguła;AM (RC), ST (C);21;€1.4M - €3.1M;PKO BP Ekstraklasa;Poland;1.6;5.5;43%;0.2;17%;0;0.0;2.0;0.6;90%;17.5;0;0.4;10.6;2.8;2.0;0.4;0.8;0;42.4;3.7;14.5;2.0;3.8;32;0.6;1.9;0.0;0.1;0.3;11.8;0.2;4.3;0.2;4.7;1.8;0.1;4.7;12;0.1;43;2;43;0.2;0;1423
Ortwin De Wolf;GK;31;€24K - €240K;PKO BP Ekstraklasa;Poland;0.0;2.9;0%;0.0;0%;75;0.4;0.0;0.0;79%;7.2;9.05;3.9;0.0;0.0;0.0;0.0;0.0;89;23.0;0.0;0.0;0.0;0.0;0;0.0;0.0;0.0;0.0;0.0;5.3;0.0;0.0;0.0;0.0;0.0;0.0;0.0;0;0.0;0;0;3;0.0;31;2294
Anthony Rogalski;AM (RL);20;€220K - €2.2M;PKO BP Ekstraklasa;Poland;1.7;3.0;24%;0.0;0%;0;0.0;1.5;0.3;91%;22.8;0;0.6;8.2;2.7;1.8;0.5;0.3;0;42.0;3.0;14.5;1.5;5.1;28;1.2;1.1;0.0;0.3;0.0;12.1;0.1;4.1;0.1;3.3;0.9;0.4;3.3;35;0.0;22;-1.31;32;0.1;0;1399
Mikołaj Molendowski;DM, M (C);21;€350K - €3.4M;PKO BP Ekstraklasa;Poland;2.5;7.5;25%;0.0;0%;0;0.0;0.9;0.0;91%;8.9;0;1.4;5.0;1.4;1.1;0.1;0.1;0;47.4;5.4;8.8;0.9;0.1;25;0.0;0.4;0.0;0.5;0.0;10.9;0.0;2.1;0.1;0.2;0.9;0.0;0.2;0;0.1;43;-0.92;28;0.0;0;1996
Roberto Massimo;D/WB/M (R), AM (RL);27;€160K - €1.6M;PKO BP Ekstraklasa;Poland;2.6;5.9;27%;0.1;5%;0;0.0;1.7;0.3;89%;16.4;0;0.8;7.6;2.4;1.8;0.5;0.3;0;45.7;4.5;12.9;1.7;3.5;31;0.5;1.3;0.3;0.4;0.1;11.0;0.2;3.9;0.1;2.5;1.3;0.1;2.5;18;0.3;34;-1.95;36;0.2;0;1568
Amine Benchaib;M/AM (C);29;€35K - €350K;PKO BP Ekstraklasa;Poland;1.2;12.9;33%;0.0;12%;0;0.0;1.7;0.6;89%;15.9;0;0.4;6.2;1.0;0.4;0.5;0.8;0;40.8;2.7;9.4;1.7;1.4;9;0.0;2.4;0.0;0.2;0.3;11.7;0.3;3.0;0.3;0.7;0.5;0.3;4.8;16;0.0;17;0.22;13;0.3;0;2124
Dave Gnaase;DM, M/AM (C);31;€130K - €1.3M;PKO BP Ekstraklasa;Poland;2.5;14.9;25%;0.0;0%;0;0.0;0.6;0.4;89%;6.4;0;0.9;7.2;1.7;1.5;0.2;0.1;0;51.6;4.0;11.8;0.6;0.1;47;0.1;0.5;0.7;0.6;0.0;11.4;0.1;2.0;0.2;0.3;1.1;0.1;0.3;37;0.1;56;-1.85;52;0.1;0;2798
Filip Szabaciuk;D (RLC), DM;25;€9K - €90K;PKO BP Ekstraklasa;Poland;2.9;11.5;20%;0.2;0%;0;0.0;0.8;0.2;87%;8.5;0;1.2;4.0;1.3;0.9;0.1;0.1;0;45.9;3.7;6.9;0.8;0.3;15;0.1;0.3;0.5;0.8;0.0;10.8;0.0;4.4;0.1;0.9;3.0;0.0;0.9;13;0.5;67;-0.25;17;0.0;0;1545
Ivan Durdov;ST (C);27;€210K;PKO BP Ekstraklasa;Poland;0.6;1.7;44%;0.0;8%;0;0.0;0.6;0.0;92%;21.0;0;0.2;1.6;0.5;0.1;1.1;1.6;0;24.1;0.5;5.1;0.6;0.6;2;0.1;3.7;0.0;0.1;0.3;10.0;0.4;7.7;0.0;0.3;2.0;0.0;0.3;33;0.1;26;-5.1;5;0.5;0;2361
Matej Rodin;D (C);32;€60K;PKO BP Ekstraklasa;Poland;2.9;14.7;32%;0.1;0%;0;0.0;0.2;0.0;87%;3.4;0;0.9;1.9;0.7;0.3;0.3;0.2;0;40.5;1.8;4.3;0.2;0.0;8;0.0;0.7;0.6;0.6;0.0;9.7;0.1;5.1;0.0;0.0;4.0;0.0;0.0;0;1.1;79;-1.44;12;0.1;0;2514
Danijel Lončar;D (RC);30;€0;PKO BP Ekstraklasa;Poland;3.4;16.4;38%;0.1;13%;0;0.0;0.2;0.2;90%;5.8;0;0.7;3.1;0.6;0.6;0.2;0.2;0;45.0;2.5;6.2;0.2;0.0;7;0.0;0.6;1.0;0.6;0.1;10.3;0.0;6.4;0.0;0.1;4.1;0.0;0.1;0;1.0;64;0.39;8;0.0;0;1133
Adrian Bukowski;D (C), DM, M (C);25;€14K - €140K;PKO BP Ekstraklasa;Poland;2.7;11.0;33%;0.1;0%;0;0.0;0.4;0.3;89%;6.7;0;0.7;4.6;1.4;0.9;0.1;0.0;0;43.6;2.4;6.9;0.4;0.1;21;0.0;0.1;0.2;0.7;0.0;9.6;0.0;2.0;0.1;0.1;1.5;0.1;0.1;50;0.2;72;-0.12;25;0.0;0;2023
Jakub Adkonis;DM, M/AM (C);20;€475K - €4.8M;PKO BP Ekstraklasa;Poland;2.6;14.7;13%;0.2;0%;0;0.0;1.1;0.3;92%;6.1;0;0.9;6.2;2.1;1.2;0.1;0.0;0;51.6;6.0;11.7;1.5;0.1;38;0.1;0.3;0.2;0.7;0.0;11.3;0.0;1.8;0.3;0.2;0.6;0.3;2.8;13;0.3;35;-0.87;60;0.0;0;2797
Riccieli;D (C);29;€180K - €1.8M;PKO BP Ekstraklasa;Poland;2.7;18.2;0%;0.1;0%;0;0.0;0.2;0.1;90%;3.1;0;0.8;2.7;0.8;0.3;0.1;0.0;0;42.7;1.9;2.5;0.2;0.1;5;0.0;0.2;1.0;0.6;0.0;9.8;0.0;5.1;0.1;0.0;3.8;0.1;0.0;0;1.1;74;-0.17;7;0.0;0;1386
Facundo Troncoso;GK;25;€60K - €600K;PKO BP Ekstraklasa;Poland;0.0;2.8;0%;0.0;0%;69;-0.1;0.0;0.0;86%;5.0;-2.32;3.5;0.0;0.0;0.0;0.0;0.0;91;24.1;0.0;0.0;0.0;0.0;0;0.0;0.0;0.0;0.0;0.0;6.2;0.0;0.0;0.0;0.0;0.0;0.0;0.0;0;0.0;0;0;0;0.0;24;1634
Roberto Arroyo;AM (RL), ST (C);24;€40K - €400K;PKO BP Ekstraklasa;Poland;0.6;1.3;39%;0.0;9%;0;0.0;0.8;0.0;91%;15.2;0;0.3;1.9;0.8;0.5;1.1;1.1;0;26.6;0.8;5.5;0.8;0.6;6;0.0;2.8;0.0;0.2;0.3;9.8;0.4;7.1;0.0;0.5;1.9;0.0;0.5;0;0.2;27;-1.18;8;0.4;0;1072
Ferro;D (C);31;Not for Sale;PKO BP Ekstraklasa;Poland;3.3;13.8;20%;0.1;0%;0;0.0;0.5;0.2;93%;4.0;0;1.5;3.2;0.8;0.7;0.2;0.1;0;45.1;3.1;6.0;0.5;0.3;10;0.1;0.3;0.3;0.9;0.0;10.4;0.0;5.4;0.0;0.2;3.6;0.1;0.2;33;0.7;67;-0.41;12;0.0;0;1368
Roger Martínez;DM, M (C);24;€400K - €1.3M;PKO BP Ekstraklasa;Poland;2.4;13.1;0%;0.1;0%;0;0.0;0.8;0.6;91%;7.2;0;0.8;5.7;1.4;1.1;0.1;0.0;0;51.1;5.3;9.9;0.8;0.1;17;0.0;0.3;0.1;0.8;0.0;11.0;0.1;1.2;0.3;0.1;0.7;0.2;2.9;11;0.0;58;-1.42;21;0.1;0;1417
Won Du-Jae;DM, M (C);30;€50K - €500K;PKO BP Ekstraklasa;Poland;2.2;13.5;0%;0.2;0%;0;0.0;0.9;0.3;91%;5.9;0;0.6;5.3;1.6;0.9;0.0;0.0;0;51.7;5.6;10.1;0.9;0.2;17;0.0;0.1;0.1;0.9;0.0;11.3;0.0;3.5;0.3;0.1;1.9;0.2;0.1;0;0.3;56;-0.69;26;0.0;0;1718
Philip Brittijn;DM, M (C), AM (LC);24;€1M;PKO BP Ekstraklasa;Poland;0.0;11.3;26%;0.0;4%;0;0.0;0.2;0.2;0%;11.6;0;0.0;0.0;0.0;0.0;0.3;0.2;0;0.0;0.0;0.0;0.2;0.0;0;0.0;0.9;0.0;0.0;0.0;0.0;0.1;0.0;0.2;0.0;0.0;0.2;0.3;33;0.0;0;-1.17;0;0.1;0;2393
Deni Jurić;ST (C);30;€18K - €180K;PKO BP Ekstraklasa;Poland;0.7;2.2;39%;0.0;11%;0;0.0;1.0;0.1;84%;19.5;0;0.3;1.3;0.5;0.1;0.7;1.0;0;31.2;0.9;8.1;1.2;0.5;2;0.1;2.6;0.0;0.1;0.3;10.4;0.3;8.5;0.1;0.3;3.3;0.1;0.3;37;0.1;38;-0.62;3;0.3;0;2820
Romário Baró;DM, M (C);28;€70K - €700K;PKO BP Ekstraklasa;Poland;2.4;13.3;20%;0.1;0%;0;0.0;0.8;0.3;91%;5.6;0;0.8;5.6;1.3;0.9;0.2;0.1;0;49.8;5.0;12.1;1.3;0.4;25;0.0;0.5;0.0;0.6;0.0;11.7;0.1;1.8;0.2;0.1;1.1;0.1;1.5;9;0.1;60;-1.55;34;0.1;0;2626
Hubert Zwoźny;D/WB (R);24;€100K;PKO BP Ekstraklasa;Poland;4.1;7.9;44%;0.0;11%;0;0.0;1.1;0.1;86%;17.6;0;0.8;6.2;1.8;1.5;0.0;0.2;0;53.5;5.9;13.2;1.1;0.5;31;0.5;0.4;1.0;0.4;0.0;10.0;0.0;5.9;0.1;3.5;3.6;0.1;3.5;14;0.4;61;0.1;35;0.0;0;1818
Erick Otieno;D/WB (L);31;€40K - €375K;PKO BP Ekstraklasa;Poland;3.2;11.8;13%;0.1;0%;0;0.0;1.1;0.1;87%;14.9;0;1.1;7.1;2.1;1.8;0.1;0.0;0;53.5;6.7;17.2;1.1;1.0;55;0.5;0.3;0.7;0.7;0.0;11.8;0.0;3.8;0.1;2.6;1.6;0.0;2.6;18;0.3;42;-1.06;78;0.0;0;2691
Leandro Sanca;AM (RL), ST (C);28;€210K;PKO BP Ekstraklasa;Poland;1.1;1.6;48%;0.0;8%;0;0.0;1.1;0.1;91%;20.8;0;0.1;4.4;1.2;0.5;0.3;0.7;0;32.8;1.8;8.8;1.1;2.5;9;0.6;1.4;0.0;0.1;0.1;11.2;0.1;6.6;0.1;1.4;1.3;0.1;1.4;40;0.0;20;-0.13;14;0.1;0;1589
Kévin Boma;D (C);25;€700K - €7M;PKO BP Ekstraklasa;Poland;2.0;12.5;19%;0.0;0%;0;0.0;0.0;0.0;92%;3.0;0;1.2;2.9;0.8;0.3;0.2;0.1;0;40.8;1.9;3.8;0.0;0.0;7;0.0;0.7;0.6;0.7;0.0;10.0;0.0;5.7;0.0;0.1;4.0;0.0;0.1;0;1.2;71;-0.93;12;0.0;0;2166
Mariusz Kutwa;D (C), DM;24;€650K - €1.6M;PKO BP Ekstraklasa;Poland;2.5;14.6;0%;0.1;0%;0;0.0;0.4;0.2;91%;5.4;0;1.0;3.8;1.0;0.7;0.2;0.0;0;45.6;2.3;7.3;0.4;0.1;20;0.0;0.3;0.7;0.9;0.0;10.4;0.0;4.0;0.1;0.0;2.5;0.1;0.0;0;0.6;62;-0.56;24;0.0;0;2585
Precious Ugwu;D (RC), DM;22;€140K - €1.4M;PKO BP Ekstraklasa;Poland;2.6;14.2;33%;0.1;0%;0;0.0;0.1;0.1;94%;2.9;0;1.0;2.3;0.8;0.2;0.2;0.2;0;41.1;1.8;2.7;0.1;0.1;4;0.0;0.5;0.6;0.6;0.0;10.2;0.1;3.9;0.1;0.0;3.0;0.0;0.0;0;0.4;77;-1.97;8;0.1;0;1778
Giovanni Haag;D (C), DM, M (C);28;€1.7M - €3.8M;PKO BP Ekstraklasa;Poland;2.4;13.8;25%;0.1;0%;0;0.0;1.0;0.2;91%;6.3;0;1.0;5.6;1.7;1.3;0.1;0.1;0;51.0;5.9;10.4;1.7;0.2;36;0.0;0.3;0.4;0.6;0.0;11.3;0.0;3.3;0.2;0.1;2.3;0.1;0.8;22;0.4;69;-0.87;55;0.0;0;2577
Gabriel Charpentier;ST (C);29;€140K - €1.4M;PKO BP Ekstraklasa;Poland;0.6;2.1;50%;0.0;13%;0;0.0;0.9;0.0;89%;18.6;0;0.2;1.5;0.5;0.1;1.4;1.7;0;27.8;0.6;8.6;1.0;1.0;1;0.0;3.4;0.0;0.1;0.4;10.4;0.3;7.6;0.1;0.2;2.9;0.0;0.2;0;0.0;39;1.58;1;0.3;0;1049
Mateusz Poręba;D (C);18;€240K - €2.4M;PKO BP Ekstraklasa;Poland;3.1;11.6;0%;0.1;0%;0;0.0;0.1;0.0;89%;3.7;0;1.3;2.4;0.8;0.4;0.1;0.0;0;40.3;1.9;3.7;0.1;0.0;12;0.0;0.2;1.5;0.8;0.0;9.2;0.0;3.7;0.0;0.1;2.7;0.0;0.1;0;0.5;73;-0.23;15;0.0;0;2455
Aurélien Nguiamba;DM, M (C);29;€55K - €550K;PKO BP Ekstraklasa;Poland;1.9;12.9;7%;0.0;0%;0;0.0;1.2;0.3;90%;5.4;0;0.9;6.0;1.9;1.5;0.1;0.0;0;53.8;6.7;10.0;1.2;0.2;43;0.0;0.5;0.1;0.4;0.0;10.8;0.0;1.8;0.1;0.1;0.8;0.0;0.1;0;0.1;48;-0.94;55;0.0;0;2554
Lenny Vallier;D/WB/M/AM (L);29;€60K - €600K;PKO BP Ekstraklasa;Poland;2.9;10.1;25%;0.0;0%;0;0.0;1.2;0.1;91%;12.9;0;1.2;6.9;1.8;1.9;0.1;0.1;0;54.4;6.4;16.1;1.2;1.0;47;0.2;0.3;0.1;0.5;0.0;11.9;0.1;3.4;0.0;1.4;1.2;0.0;1.4;11;0.1;35;-1.36;53;0.1;0;2248
Steve Kapuadi;D (C);30;€80K;PKO BP Ekstraklasa;Poland;3.0;15.8;14%;0.3;0%;0;0.0;0.4;0.1;92%;3.7;0;1.2;2.5;0.9;0.6;0.1;0.1;0;42.3;2.2;4.3;0.4;0.0;23;0.1;0.4;0.6;0.8;0.0;10.3;0.0;5.0;0.1;0.2;3.9;0.0;0.2;33;0.8;77;-1.47;27;0.0;0;3318
Stjepan Davidović;AM (RC);23;€110K - €1.1M;PKO BP Ekstraklasa;Poland;1.9;3.1;46%;0.0;8%;0;0.0;1.5;0.3;88%;22.6;0;0.5;8.8;2.4;1.5;0.5;0.8;0;39.9;3.3;14.5;1.5;2.7;22;0.5;1.8;0.0;0.3;0.1;11.1;0.1;4.0;0.3;3.0;1.0;0.0;3.0;15;0.1;26;-0.12;29;0.1;0;1321
Asier Córdoba;M (RL), AM (L);28;€30K - €300K;PKO BP Ekstraklasa;Poland;2.3;2.8;32%;0.0;0%;0;0.0;1.7;0.1;88%;20.2;0;0.6;8.2;1.9;1.2;0.5;0.4;0;41.4;3.6;13.6;1.7;3.5;30;0.7;1.1;0.0;0.2;0.0;11.1;0.1;3.4;0.1;2.7;0.6;0.1;2.7;25;0.0;17;-2.92;44;0.1;0;2220
Jakub Falkiewicz;D (C);20;€550K - €5.2M;PKO BP Ekstraklasa;Poland;3.1;14.6;50%;0.1;0%;0;0.0;0.1;0.1;88%;4.6;0;1.0;2.2;1.1;0.7;0.0;0.1;0;41.5;2.1;3.0;0.1;0.0;11;0.0;0.3;0.4;0.4;0.0;9.1;0.0;5.4;0.0;0.0;3.3;0.1;0.0;0;1.5;61;-0.5;13;0.0;0;1402
Gleb Kuchko;M (L), AM (RLC), ST (C);23;€210K - €700K;PKO BP Ekstraklasa;Poland;1.6;4.1;14%;0.0;0%;0;0.0;1.5;0.2;89%;22.6;0;0.3;6.6;1.5;1.0;0.2;0.2;0;41.9;2.3;12.4;1.5;3.2;18;0.6;1.3;0.0;0.2;0.0;11.7;0.1;4.2;0.2;2.6;0.7;0.1;2.6;22;0.1;16;-2.15;23;0.1;0;1571
Izan González;DM, M/AM (C);23;€160K - €1.6M;PKO BP Ekstraklasa;Poland;2.5;12.1;20%;0.1;0%;0;0.0;0.7;0.1;91%;8.6;0;0.5;5.8;1.5;1.0;0.1;0.1;0;45.5;5.7;9.7;0.7;0.4;16;0.0;0.3;0.3;0.2;0.0;9.6;0.0;1.5;0.2;0.1;0.6;0.2;0.1;0;0.1;43;-0.51;22;0.0;0;1397
Aleksander Gołoś;D (C);20;€2.5K - €24K;PKO BP Ekstraklasa;Poland;3.3;7.9;40%;0.0;0%;0;0.0;0.1;0.1;88%;5.0;0;0.8;2.5;0.7;0.4;0.0;0.1;0;43.5;2.4;3.3;0.1;0.0;8;0.0;0.2;0.5;0.3;0.0;9.8;0.0;6.4;0.1;0.0;4.0;0.0;0.0;0;0.9;63;-0.35;9;0.0;0;1916
Miłosz Swatowski;AM (R);20;€75K - €750K;PKO BP Ekstraklasa;Poland;1.9;2.5;20%;0.0;5%;0;0.0;1.6;0.2;91%;26.7;0;0.6;7.7;2.2;1.3;0.3;0.3;0;41.0;2.7;13.6;1.6;4.0;32;1.6;1.6;0.0;0.4;0.1;11.6;0.2;4.8;0.1;5.8;1.9;0.0;5.8;26;0.1;40;-4.15;40;0.2;0;2259
Isak Pettersson;GK;30;€40K - €400K;PKO BP Ekstraklasa;Poland;0.0;4.0;0%;0.0;0%;78;0.3;0.0;0.0;80%;6.6;10.52;3.6;0.0;0.0;0.0;0.0;0.0;89;25.7;0.0;0.0;0.0;0.0;1;0.0;0.0;0.0;0.0;0.0;5.6;0.0;0.0;0.0;0.0;0.0;0.0;0.0;0;0.0;0;0;3;0.0;27;2910
Nacho Miras;GK;30;€425K - €1.4M;PKO BP Ekstraklasa;Poland;0.0;5.8;0%;0.0;0%;66;-0.0;0.0;0.0;77%;7.2;-0.05;3.3;0.0;0.0;0.0;0.0;0.0;90;23.6;0.0;0.0;0.0;0.0;0;0.0;0.0;0.0;0.0;0.0;5.5;0.0;0.0;0.0;0.0;0.0;0.0;0.0;0;0.0;0;0;4;0.0;26;1800
Amir Al-Ammari;DM, M (C);30;€65K - €650K;PKO BP Ekstraklasa;Poland;2.4;12.9;13%;0.3;0%;0;0.0;0.9;0.4;94%;7.6;0;0.9;6.2;1.7;1.5;0.1;0.1;0;51.9;5.9;10.4;1.6;0.2;48;0.0;0.5;0.1;0.6;0.0;11.5;0.1;1.8;0.1;0.1;0.9;0.1;4.7;14;0.1;52;-2.3;55;0.1;0;2805
Pau Resta;D (C);27;€35K - €350K;PKO BP Ekstraklasa;Poland;3.2;13.1;0%;0.2;0%;0;0.0;0.1;0.0;90%;3.8;0;1.1;2.7;0.9;0.7;0.1;0.0;0;41.3;2.1;3.9;0.1;0.0;24;0.0;0.2;1.0;0.7;0.0;9.9;0.0;5.3;0.0;0.1;3.6;0.0;0.1;0;1.0;69;-0.32;30;0.0;0;2918
Simon Gustafson;DM, M/AM (C);33;€50K - €500K;PKO BP Ekstraklasa;Poland;0.0;8.3;27%;0.0;9%;0;0.0;0.1;0.3;87%;15.5;0;0.1;0.3;0.1;0.1;0.2;0.2;0;3.0;0.1;0.7;1.1;0.0;1;0.0;0.7;0.0;0.0;0.1;0.8;0.1;0.0;0.1;0.0;0.0;0.1;1.1;6;0.0;0;-0.87;1;0.1;0;1370
Marius Olsen;D (RC);27;€26K - €275K;PKO BP Ekstraklasa;Poland;3.0;16.8;22%;0.2;4%;0;0.0;0.3;0.1;91%;4.5;0;1.1;3.6;1.1;0.7;0.2;0.1;0;43.2;2.3;5.1;0.3;0.1;26;0.0;0.7;0.5;1.0;0.0;10.1;0.1;5.8;0.0;0.3;4.1;0.1;0.3;10;1.0;72;-1.72;32;0.1;0;3150
Lautaro De León;ST (C);27;€60K - €600K;PKO BP Ekstraklasa;Poland;0.6;1.9;53%;0.0;17%;0;0.0;1.1;0.1;91%;18.7;0;0.3;1.5;0.5;0.2;1.5;1.9;0;26.7;0.8;5.6;1.1;0.8;3;0.2;3.6;0.0;0.1;0.6;10.7;0.4;8.1;0.1;0.7;2.4;0.1;0.7;27;0.3;29;2.96;4;0.4;0;1340
Ismael Sierra;D (C);25;€100K - €1M;Premier League;Portugal;3.2;13.4;13%;0.1;0%;0;0.0;0.2;0.0;87%;4.2;0;1.1;2.7;0.9;0.4;0.3;0.1;0;41.1;2.1;4.4;0.2;0.1;6;0.0;0.5;0.5;0.7;0.0;10.2;0.0;6.1;0.0;0.1;5.2;0.1;0.1;0;1.0;85;-0.63;6;0.0;0;1444
Alexandre Brito;DM, M (C);22;€200K - €2M;Premier League;Portugal;2.2;11.2;29%;0.0;14%;0;0.0;0.8;0.1;90%;6.6;0;0.8;6.3;1.3;1.0;0.2;0.1;0;52.5;4.2;11.6;0.8;0.1;16;0.0;0.4;0.1;0.3;0.1;11.6;0.0;2.9;0.1;0.0;2.0;0.2;0.0;0;0.6;70;0.41;16;0.0;0;1406
Cédric Nuozzi;AM (RL), ST (C);22;€1.9M - €4.3M;Premier League;Portugal;1.5;3.1;21%;0.0;0%;0;0.0;1.3;0.2;88%;17.9;0;0.3;7.5;1.1;0.6;0.8;0.5;0;43.3;2.9;11.0;1.3;4.4;7;0.6;2.3;0.0;0.1;0.0;10.9;0.3;3.2;0.2;3.2;0.5;0.2;3.2;17;0.1;15;-3.62;7;0.3;0;1108
Tomás Attis;ST (C);28;€150K - €1.5M;Premier League;Portugal;0.9;1.6;41%;0.0;10%;0;0.0;1.0;0.1;88%;24.8;0;0.2;1.4;0.4;0.1;0.7;1.1;0;25.2;0.6;5.5;1.0;0.9;3;0.1;2.8;0.0;0.2;0.3;10.2;0.3;7.6;0.1;0.3;3.3;0.1;0.3;22;0.1;43;-1.36;5;0.3;0;2545
Marlon Júnior;D (C);22;€5.4M - €9M;Premier League;Portugal;3.4;16.9;0%;0.2;0%;0;0.0;0.3;0.0;91%;3.1;0;1.3;2.8;0.7;0.6;0.1;0.0;0;42.1;1.6;4.1;0.3;0.0;13;0.0;0.4;1.0;1.0;0.0;10.0;0.0;3.6;0.1;0.0;2.1;0.1;0.0;100;0.2;58;-0.69;13;0.0;0;2080
Serhiy Shvets;D (LC);18;€6.2M - €10.5M;Premier League;Portugal;2.7;10.7;0%;0.0;0%;0;0.0;0.1;0.0;90%;5.5;0;1.1;3.9;1.1;0.8;0.0;0.0;0;40.4;2.9;3.9;0.1;0.1;19;0.1;0.3;1.4;0.5;0.0;9.6;0.0;5.0;0.0;0.1;3.5;0.0;0.1;66;1.0;69;-0.92;25;0.0;0;2076
Bastien Meupiyou;D (C);22;€5.8M - €9.6M;Premier League;Portugal;3.1;14.7;23%;0.1;0%;0;0.0;0.1;0.0;91%;3.7;0;1.1;2.9;0.8;0.3;0.2;0.1;0;41.3;1.8;4.0;0.1;0.1;11;0.0;0.4;0.6;0.7;0.0;10.3;0.0;5.7;0.1;0.1;4.3;0.0;0.1;33;0.9;75;-1;19;0.0;0;2984
Juan Yangali;DM, M (C);28;€300K - €1M;Premier League;Portugal;2.3;11.3;9%;0.0;0%;0;0.0;0.9;0.2;91%;4.7;0;0.6;5.3;2.0;1.0;0.2;0.0;0;49.9;5.6;12.1;0.9;0.3;26;0.0;0.4;0.3;0.2;0.0;11.3;0.0;1.9;0.1;0.0;0.8;0.1;0.0;0;0.1;44;-0.64;40;0.0;0;2390
Jalen Blesa;AM (RLC), ST (C);27;€1.4M - €3.2M;Premier League;Portugal;2.4;3.3;25%;0.1;6%;0;0.0;2.5;0.2;87%;22.7;0;0.9;9.1;2.1;1.4;0.7;0.5;0;42.7;4.2;12.8;2.5;2.9;25;0.5;1.8;0.0;0.3;0.1;10.4;0.2;3.3;0.1;3.1;1.6;0.1;3.1;16;0.0;49;-0.93;30;0.2;0;1563
José Silva;D/WB/M (R);22;€210K - €2.1M;Premier League;Portugal;3.3;9.1;10%;0.0;10%;0;0.0;1.5;0.0;86%;13.6;0;0.9;8.7;2.4;2.1;0.0;0.0;0;47.2;5.9;21.9;1.5;2.7;67;0.8;0.3;0.1;0.5;0.0;12.4;0.1;3.9;0.1;4.6;1.8;0.0;4.6;17;0.2;45;-0.71;94;0.1;0;2848
Rodrigo Alonso;DM, M (C);25;€600K - €1.4M;Premier League;Portugal;2.1;11.8;0%;0.1;0%;0;0.0;1.2;0.3;90%;5.5;0;1.2;5.9;1.4;1.0;0.1;0.0;0;52.0;5.8;10.8;1.2;0.1;20;0.0;0.2;0.0;0.9;0.0;12.0;0.0;1.6;0.1;0.1;0.4;0.2;0.1;0;0.1;23;-0.28;28;0.0;0;1776
Amadou Danté;D/WB/M (L);27;€30K - €100K;Premier League;Portugal;3.2;9.5;13%;0.0;13%;0;0.0;0.7;0.1;86%;17.3;0;0.9;7.3;2.3;2.4;0.1;0.0;0;57.3;7.3;15.5;0.7;1.4;61;0.2;0.3;0.5;0.6;0.0;11.4;0.0;3.1;0.1;1.7;1.2;0.1;1.7;11;0.2;41;0.29;71;0.0;0;2312
Jota;D (C), DM;27;€55K - €550K;Premier League;Portugal;2.4;12.2;20%;0.1;0%;0;0.0;0.1;0.1;95%;3.7;0;1.4;3.0;1.0;0.4;0.1;0.1;0;43.1;1.8;4.6;0.1;0.1;15;0.0;0.3;0.8;0.6;0.0;10.3;0.0;5.5;0.0;0.1;3.6;0.0;0.1;33;1.2;66;-0.98;22;0.0;0;3060
Ri Kum-Chol;AM (L), ST (C);24;€18K - €180K;Premier League;Portugal;0.9;1.8;52%;0.0;14%;0;0.0;1.2;0.1;92%;17.8;0;0.1;1.9;0.3;0.1;0.6;1.5;0;27.6;0.8;6.1;1.2;0.7;1;0.1;2.8;0.0;0.1;0.4;10.3;0.4;7.5;0.0;0.3;2.1;0.0;0.3;20;0.1;28;0.6;3;0.4;0;1361
Nélio Batista;DM, M/AM (C);19;€375K - €3.8M;Premier League;Portugal;0.0;5.4;0%;0.0;0%;0;0.0;0.0;0.0;100%;20.4;0;0.0;0.0;0.0;0.0;0.0;0.0;0;0.2;0.0;0.0;0.0;0.0;0;0.0;0.3;0.0;0.0;0.0;0.0;0.1;0.0;0.1;0.0;0.0;0.0;0.0;0;0.0;0;-0.68;0;0.1;0;1052
Ignacio de Arruabarrena;GK;31;Not for Sale;Premier League;Portugal;0.0;3.3;0%;0.0;0%;70;0.1;0.0;0.0;85%;7.3;2.73;3.1;0.0;0.0;0.0;0.0;0.0;89;23.4;0.0;0.0;0.0;0.0;0;0.0;0.0;0.0;0.0;0.0;5.6;0.0;0.0;0.0;0.0;0.0;0.0;0.0;0;0.0;0;0;2;0.0;38;2747
Paulo Estrela;DM, M (C);29;€400K - €1.3M;Premier League;Portugal;2.1;11.7;33%;0.1;0%;0;0.0;1.0;0.5;93%;7.5;0;1.1;5.8;2.1;1.1;0.3;0.2;0;51.1;5.2;11.0;2.3;0.1;16;0.0;0.6;0.1;0.4;0.0;11.9;0.0;1.8;0.2;0.3;0.8;0.1;1.8;11;0.0;42;-0.64;22;0.0;0;1316
João Queirós;D (C);30;€60K - €600K;Premier League;Portugal;3.7;11.0;0%;0.2;0%;0;0.0;0.3;0.0;92%;5.0;0;1.0;1.9;0.7;0.6;0.0;0.0;0;41.5;1.5;3.1;0.3;0.0;19;0.0;0.1;0.6;0.9;0.0;9.7;0.0;5.0;0.0;0.1;3.3;0.1;0.1;0;0.9;65;-1.04;19;0.0;0;2857
Afonso Freitas;D (RLC), WB (RL);28;€130K;Premier League;Portugal;2.9;7.3;50%;0.0;0%;0;0.0;0.8;0.1;87%;21.1;0;1.1;7.6;1.9;1.7;0.1;0.1;0;51.6;5.2;17.1;0.8;1.4;27;0.9;0.1;0.0;0.4;0.0;12.1;0.0;3.9;0.0;3.4;1.9;0.0;3.4;25;0.2;49;-0.3;32;0.0;0;1436
Romain Correia;D (C);28;€800K - €1.8M;Premier League;Portugal;2.8;10.5;22%;0.1;0%;0;0.0;0.2;0.1;93%;3.3;0;1.2;3.3;1.2;0.6;0.1;0.1;0;41.8;2.0;3.1;0.2;0.0;19;0.0;0.3;0.7;0.6;0.0;10.0;0.0;3.7;0.1;0.1;2.5;0.0;0.1;0;0.6;67;-1.07;24;0.0;0;2880
Anthony Correia;D (C);28;€180K;Premier League;Portugal;2.4;12.2;25%;0.1;0%;0;0.0;0.2;0.1;92%;3.5;0;0.9;3.3;1.1;0.7;0.1;0.1;0;43.3;2.6;3.5;0.2;0.0;12;0.0;0.2;1.1;0.5;0.0;9.4;0.0;5.6;0.0;0.0;3.5;0.1;0.0;0;1.2;63;-0.34;13;0.0;0;1478
Serginho;DM, M/AM (C);28;€75K - €750K;Premier League;Portugal;0.0;6.4;28%;0.0;12%;0;0.0;0.0;0.4;0%;16.2;0;0.0;0.0;0.0;0.0;0.2;0.2;0;0.0;0.0;0.0;0.0;0.0;0;0.0;0.8;0.0;0.0;0.1;0.0;0.1;0.0;0.1;0.0;0.0;0.0;1.8;21;0.0;0;0.57;0;0.1;0;2771
Žan Jevšenak;D (C), DM, M (C);25;€150K - €1.5M;Premier League;Portugal;2.0;10.9;56%;0.0;33%;0;0.0;0.5;0.1;89%;6.9;0;0.7;6.5;1.4;0.9;0.1;0.2;0;50.7;4.3;10.4;0.5;0.1;26;0.0;0.3;0.4;0.5;0.1;11.3;0.0;3.6;0.1;0.0;2.0;0.1;0.0;100;0.7;54;2.07;40;0.0;0;2670
Sabit Abdulai;DM, M (C);29;€28K - €95K;Premier League;Portugal;2.4;12.0;38%;0.1;15%;0;0.0;0.5;0.3;87%;7.0;0;0.7;5.2;1.5;1.8;0.2;0.2;0;53.1;3.4;12.5;0.5;0.1;49;0.0;0.5;0.3;0.5;0.1;11.6;0.1;3.0;0.1;0.1;1.5;0.0;0.1;50;0.5;51;0.36;56;0.1;0;2441
Vasco Moreira;DM, M/AM (C);27;€30K - €100K;Premier League;Portugal;2.2;9.0;20%;0.0;0%;0;0.0;0.6;0.1;92%;11.4;0;0.4;4.7;0.8;0.6;0.3;0.2;0;38.3;4.4;7.0;0.7;0.1;9;0.0;1.0;0.0;0.3;0.0;8.1;0.0;1.3;0.1;0.1;0.5;0.1;1.5;26;0.1;40;-0.65;13;0.0;0;1407
Oumar Gonzalez;D (C);30;€475K - €4.7M;Premier League;Portugal;2.4;14.0;20%;0.2;20%;0;0.0;0.0;0.1;92%;3.5;0;1.3;3.3;1.5;0.5;0.0;0.0;0;41.9;2.3;2.9;0.0;0.1;12;0.0;0.2;0.8;0.7;0.0;9.8;0.0;6.3;0.0;0.0;4.9;0.0;0.0;0;1.0;78;0.38;24;0.0;0;2173
Vladan Danilović;DM, M (C);28;€100K - €1M;Premier League;Portugal;1.9;10.5;18%;0.0;0%;0;0.0;0.6;0.2;90%;9.4;0;1.1;5.9;1.6;1.0;0.1;0.1;0;52.8;4.4;11.0;0.6;0.2;23;0.0;0.5;0.3;0.6;0.0;11.4;0.1;3.3;0.1;0.0;1.6;0.1;0.0;0;0.3;47;-1.19;36;0.1;0;2139
Boubacar Fofana;AM (RL), ST (C);29;€190K - €1.9M;Premier League;Portugal;2.2;3.7;39%;0.0;13%;0;0.0;1.7;0.4;86%;21.9;0;0.4;9.5;1.7;1.4;0.1;0.6;0;44.8;3.5;13.6;1.7;4.1;23;0.5;1.4;0.0;0.2;0.2;11.8;0.2;3.2;0.2;2.4;1.1;0.3;2.4;21;0.0;33;0.06;24;0.2;0;1444
Manu Nieto;AM (R), ST (C);30;€120K - €1.2M;Premier League;Portugal;0.4;1.5;45%;0.0;11%;0;0.0;1.3;0.2;89%;17.9;0;0.1;1.9;0.7;0.3;1.3;1.5;0;27.2;1.0;5.5;1.3;0.4;5;0.2;3.3;0.0;0.1;0.4;10.6;0.3;7.0;0.1;0.6;1.8;0.0;0.6;30;0.1;26;0.46;5;0.3;0;1487
Sergio Martínez;D (LC), WB (L);24;€160K - €1.6M;Premier League;Portugal;2.7;12.0;0%;0.0;0%;0;0.0;1.5;0.0;87%;15.5;0;1.1;7.6;1.4;1.3;0.0;0.0;0;49.9;5.3;19.2;1.5;1.4;17;0.8;0.1;0.5;0.8;0.0;12.1;0.0;3.4;0.1;4.5;2.0;0.0;4.5;18;0.2;59;-0.07;22;0.0;0;1181
Juninho;DM, M (C), AM (RC);27;€35K - €350K;Premier League;Portugal;1.7;10.8;48%;0.0;24%;0;0.0;0.9;0.1;92%;10.8;0;0.4;4.2;1.1;0.8;0.3;0.3;0;36.1;4.3;7.2;0.9;0.2;23;0.0;0.7;0.1;0.3;0.2;7.7;0.1;1.5;0.1;0.0;0.7;0.1;0.0;0;0.0;44;3.49;31;0.1;0;2614
Daniel Júnior;AM (RLC);26;€325K - €3.3M;Premier League;Portugal;1.7;4.4;40%;0.0;10%;0;0.0;2.1;0.1;90%;18.6;0;0.4;8.5;2.1;1.6;0.7;0.9;0;41.5;3.2;10.9;2.1;4.0;22;1.8;2.2;0.0;0.1;0.2;10.8;0.4;3.2;0.2;4.9;1.0;0.1;4.9;35;0.1;32;-1.81;22;0.4;0;1221
Heinz Mörschel;M/AM (C), ST (C);30;€110K - €1.1M;Premier League;Portugal;0.9;1.3;43%;0.0;9%;0;0.0;0.9;0.2;88%;22.3;0;0.2;1.2;0.5;0.1;0.5;0.9;0;26.9;0.9;5.1;1.7;0.5;3;0.1;2.1;0.0;0.2;0.2;9.9;0.2;8.5;0.1;0.5;2.6;0.1;5.8;18;0.1;30;-1.02;5;0.2;0;1888
Emerson Júnior;GK;28;€60K - €600K;Premier League;Portugal;0.0;2.6;0%;0.0;0%;71;-0.1;0.0;0.0;85%;8.9;-2.52;3.2;0.0;0.0;0.0;0.0;0.0;88;24.5;0.0;0.0;0.0;0.0;1;0.0;0.0;0.0;0.0;0.0;5.1;0.0;0.0;0.0;0.0;0.0;0.0;0.0;0;0.0;0;0;2;0.0;45;2845
Simo;M/AM (RL);28;€230K - €2.3M;Premier League;Portugal;2.4;3.7;37%;0.0;7%;0;0.0;2.0;0.1;89%;20.3;0;0.7;9.0;2.3;1.4;0.5;0.5;0;41.1;3.9;14.3;2.0;4.3;41;0.6;1.5;0.0;0.3;0.1;11.8;0.1;2.9;0.1;4.1;0.5;0.0;4.1;15;0.0;16;-2.89;55;0.2;0;2632
Marco Rente;D (RC);31;€300K - €1M;Premier League;Portugal;3.0;10.3;22%;0.0;11%;0;0.0;0.2;0.0;92%;4.0;0;0.8;2.4;0.7;0.2;0.2;0.2;0;42.5;1.9;4.1;0.2;0.0;3;0.0;0.7;1.1;0.5;0.1;10.5;0.1;6.4;0.0;0.0;4.1;0.0;0.0;0;1.2;65;-0.37;4;0.1;0;1157
Toni Abad;D/WB (R);31;€375K - €1.2M;Premier League;Portugal;3.1;9.4;0%;0.1;0%;0;0.0;1.5;0.1;87%;15.9;0;0.9;9.0;2.3;2.2;0.0;0.0;0;44.5;5.5;22.2;1.5;1.9;60;1.1;0.1;0.9;0.3;0.0;12.7;0.0;3.3;0.1;5.7;1.5;0.0;5.7;18;0.2;44;-0.25;79;0.0;0;2423
Moha;DM, M (C);28;€400K - €3.9M;Premier League;Portugal;2.3;10.9;41%;0.1;7%;0;0.0;0.6;0.5;91%;10.9;0;0.6;3.5;1.0;0.8;0.3;0.4;0;33.2;3.6;6.5;0.7;0.2;26;0.0;0.9;0.1;0.3;0.1;7.3;0.1;1.0;0.2;0.0;0.4;0.1;1.1;12;0.1;43;-0.1;31;0.1;0;2784
Tom van de Looi;DM, M (C);28;€475K;Premier League;Portugal;1.9;8.4;0%;0.1;0%;0;0.0;1.0;0.3;90%;7.2;0;0.6;6.3;1.9;1.7;0.1;0.0;0;52.7;6.4;11.1;1.0;0.0;43;0.1;0.2;0.2;0.4;0.0;11.3;0.0;2.8;0.2;0.1;1.4;0.2;0.1;66;0.4;50;-1.02;50;0.0;0;2335
Derensili Sanches Fernandes;AM (RL);27;€1.4M - €3.1M;Premier League;Portugal;1.7;3.5;41%;0.0;5%;0;0.0;1.8;0.1;90%;22.3;0;0.7;10.5;2.3;1.3;0.4;0.6;0;43.2;4.0;14.3;1.9;3.6;36;1.0;1.5;0.0;0.2;0.1;11.3;0.2;3.0;0.1;3.8;1.3;0.1;4.9;23;0.0;43;-2.39;41;0.2;0;2406
Amadou Diawara;DM, M (C);30;€1.5K - €14K;Premier League;Portugal;2.9;11.9;13%;0.0;0%;0;0.0;0.4;0.6;94%;6.4;0;0.6;5.4;0.6;0.4;0.2;0.1;0;53.4;4.4;11.3;0.4;0.1;5;0.0;0.7;0.3;0.6;0.0;12.2;0.1;3.2;0.1;0.0;1.8;0.0;0.0;0;0.2;58;-0.67;7;0.1;0;1078
Andrea Ceresoli;D (LC), WB (L);25;€45K - €425K;Premier League;Portugal;3.9;11.1;17%;0.2;0%;0;0.0;0.6;0.0;89%;7.0;0;1.2;3.9;1.6;1.2;0.1;0.1;0;45.5;2.9;7.8;0.6;0.3;15;0.2;0.5;0.6;0.8;0.0;10.3;0.0;3.7;0.0;0.6;2.8;0.0;0.7;22;0.4;74;-0.43;20;0.0;0;1136
Kazuya Miyahara;D (RL), WB (R);32;€150K - €1.5M;Premier League;Portugal;3.5;11.6;0%;0.3;0%;0;0.0;1.0;0.1;87%;14.1;0;1.3;7.3;2.3;1.9;0.1;0.0;0;56.4;7.5;15.9;1.0;0.7;56;0.2;0.3;0.7;0.6;0.0;11.2;0.0;3.7;0.1;1.2;1.8;0.1;1.2;13;0.2;49;-0.7;72;0.0;0;2670
Enzo Ebosse;D (LC), WB (L);29;€90K - €900K;Premier League;Portugal;3.6;11.1;20%;0.2;20%;0;0.0;1.2;0.1;88%;16.4;0;1.1;7.9;2.3;2.4;0.0;0.0;0;47.5;5.2;17.9;1.2;1.3;68;0.4;0.2;0.6;0.5;0.0;11.3;0.0;4.0;0.1;2.9;2.7;0.0;2.9;13;0.2;68;0.69;85;0.0;0;2534
Lassana Coulibaly;DM, M (C);32;€275K - €2.8M;Premier League;Portugal;1.9;11.6;27%;0.0;20%;0;0.0;0.1;0.3;92%;9.7;0;0.3;3.7;0.7;0.4;0.2;0.2;0;26.4;1.4;6.2;0.1;0.3;11;0.0;0.6;0.1;0.3;0.1;6.3;0.0;1.7;0.1;0.0;1.0;0.0;0.0;0;0.1;63;2.12;19;0.0;0;2324
Sébastien Cibois;GK;30;€600K - €1.4M;Premier League;Portugal;0.0;3.6;0%;0.0;0%;74;0.5;0.0;0.0;84%;7.7;9.77;3.2;0.0;0.0;0.0;0.0;0.0;87;23.7;0.0;0.0;0.0;0.0;0;0.0;0.0;0.0;0.0;0.0;5.1;0.0;0.0;0.0;0.0;0.0;0.0;0.0;0;0.0;0;0;2;0.0;22;1908
Ibrahima Guirassy;DM, M (C);29;€90K - €900K;Premier League;Portugal;0.3;8.7;55%;0.0;27%;0;0.0;0.3;0.1;91%;17.0;0;0.2;1.0;0.3;0.1;0.1;0.2;0;6.8;0.7;1.4;0.3;0.0;3;0.0;0.4;0.0;0.0;0.1;1.5;0.0;0.3;0.0;0.0;0.1;0.2;0.0;0;0.0;43;1.79;7;0.0;0;2330
Jose Fontán;D (LC);28;€110K - €1.1M;Premier League;Portugal;3.4;10.5;33%;0.1;8%;0;0.0;0.1;0.1;93%;3.2;0;1.1;2.6;0.8;0.5;0.1;0.1;0;43.0;1.6;4.5;0.1;0.0;14;0.0;0.4;0.8;0.7;0.0;10.2;0.0;3.9;0.0;0.1;2.7;0.0;0.1;0;0.3;71;-0.21;19;0.0;0;2734
Natanaël Thio;WB/M/AM (RL);28;€700K - €1.7M;Premier League;Portugal;1.9;3.4;42%;0.0;8%;0;0.0;1.6;0.2;87%;23.3;0;0.4;9.4;2.3;1.5;0.6;0.7;0;44.8;3.9;13.9;1.6;3.0;40;0.6;1.8;0.0;0.3;0.1;11.2;0.2;4.7;0.1;3.4;2.4;0.0;3.4;17;0.1;52;-0.85;47;0.2;0;2427
Marius Høibråten;D (C);33;€110K - €375K;Premier League;Portugal;3.0;14.7;57%;0.2;0%;0;0.0;0.2;0.0;95%;2.7;0;0.8;2.8;0.8;0.6;0.1;0.3;0;42.7;1.4;4.5;0.2;0.0;8;0.0;0.5;0.8;0.8;0.0;9.2;0.0;5.2;0.0;0.0;3.3;0.1;0.0;0;1.2;64;-0.35;8;0.0;0;1188
Carlos Daniel;DM, M (C), AM (RLC);33;€20K - €200K;Premier League;Portugal;1.7;7.8;38%;0.0;21%;0;0.0;1.8;0.4;89%;24.6;0;0.4;5.3;1.0;0.5;0.4;0.5;0;42.9;2.9;8.4;1.8;1.2;11;0.2;1.3;0.0;0.0;0.3;11.4;0.2;3.6;0.1;1.1;0.5;0.0;1.1;20;0.1;14;2.4;14;0.2;0;2015
André Ferreira;GK;32;€35K - €375K;Premier League;Portugal;0.0;3.2;0%;0.0;0%;72;0.1;0.1;0.0;81%;7.7;1.62;3.7;0.0;0.0;0.1;0.0;0.0;88;24.5;0.0;0.0;0.1;0.0;3;0.0;0.0;0.0;0.0;0.0;5.8;0.0;0.0;0.0;0.0;0.0;0.0;0.0;0;0.0;0;0;4;0.0;39;2880
Kiko Bondoso;M/AM (RL);32;€220K - €2.2M;Premier League;Portugal;2.2;5.0;36%;0.0;8%;0;0.0;1.7;0.2;88%;21.1;0;0.4;9.8;2.3;1.7;0.4;0.5;0;44.2;3.2;14.0;1.7;4.4;45;1.2;1.4;0.0;0.2;0.1;11.6;0.2;3.4;0.1;3.4;0.5;0.1;3.4;34;0.0;15;-2.79;55;0.2;0;2454
Pedro Ferreira;DM, M (C);30;€28K - €275K;Premier League;Portugal;0.2;11.4;20%;0.0;10%;0;0.0;0.1;0.2;85%;17.5;0;0.0;0.2;0.0;0.0;0.1;0.1;0;2.2;0.1;0.5;0.1;0.0;1;0.0;0.4;0.0;0.0;0.0;0.5;0.0;0.1;0.2;0.0;0.0;0.1;0.0;0;0.0;50;0.14;2;0.0;0;2245
Abdu Conté;D (LC), WB (L);30;€170K - €1.7M;Premier League;Portugal;3.2;15.0;33%;0.1;0%;0;0.0;0.5;0.1;89%;9.2;0;1.0;5.5;1.7;1.4;0.1;0.1;0;44.7;3.4;12.6;0.5;1.0;24;0.2;0.2;0.9;0.5;0.0;10.4;0.0;3.1;0.1;2.6;1.2;0.1;2.6;8;0.3;37;-0.52;29;0.0;0;1563
Domen Gril;GK;26;€180K - €1.8M;Premier League;Portugal;0.0;3.5;0%;0.0;0%;73;0.1;0.0;0.0;75%;9.2;2.66;2.8;0.0;0.0;0.0;0.0;0.0;88;25.0;0.0;0.0;0.0;0.0;0;0.0;0.0;0.0;0.0;0.0;5.5;0.0;0.0;0.0;0.0;0.0;0.0;0.0;0;0.0;0;0;1;0.0;39;2589
Carlos Nieto;D/WB (L);32;€275K - €950K;Premier League;Portugal;2.7;10.7;0%;0.1;0%;0;0.0;0.9;0.1;91%;15.6;0;0.7;7.3;1.6;1.3;0.0;0.0;0;55.5;7.0;18.0;0.9;1.5;22;0.4;0.1;0.8;0.5;0.0;11.9;0.0;2.9;0.0;2.1;1.6;0.0;2.1;17;0.2;55;-0.15;35;0.0;0;1482
Jesús Bernal;DM, M (C);31;€550K - €1.7M;Premier League;Portugal;2.8;11.3;38%;0.2;25%;0;0.0;0.8;0.3;90%;10.2;0;0.7;6.6;2.0;1.6;0.0;0.1;0;52.6;4.6;12.2;0.8;0.2;37;0.0;0.4;0.2;0.6;0.1;11.5;0.1;2.8;0.1;0.1;1.8;0.1;0.1;0;0.4;65;0.72;51;0.1;0;2021
Ahmed Sidibé;D (C), DM, M (C);26;€140K - €1.4M;Premier League;Portugal;2.0;12.6;0%;0.0;0%;0;0.0;1.1;0.2;92%;6.4;0;0.8;5.7;1.9;1.4;0.3;0.0;0;50.4;5.5;9.4;1.1;0.2;17;0.0;0.8;0.0;0.5;0.0;10.5;0.1;2.9;0.2;0.0;1.6;0.1;0.0;0;0.8;56;-0.66;19;0.1;0;1059
Maycon Cleiton;GK;29;€24K - €240K;Premier League;Portugal;0.0;2.7;0%;0.0;0%;70;0.0;0.0;0.0;66%;11.4;0.25;4.8;0.0;0.0;0.1;0.0;0.0;85;24.5;0.0;0.0;0.0;0.0;2;0.0;0.0;0.0;0.0;0.0;5.3;0.0;0.0;0.0;0.0;0.0;0.0;0.0;0;0.0;0;0;3;0.0;23;1242
Bruno Almeida;M (R), AM (RC);31;€150K - €1.5M;Premier League;Portugal;1.6;6.3;40%;0.0;20%;0;0.0;2.1;0.1;90%;21.2;0;0.2;5.9;1.1;0.4;0.4;0.2;0;40.2;3.4;9.8;2.3;1.6;4;0.3;0.4;0.0;0.1;0.1;11.3;0.0;1.9;0.1;1.8;0.4;0.1;3.6;12;0.1;18;0.58;9;0.0;0;1027
José Julián Martínez;D (C);24;€160K;Premier League;Portugal;2.2;7.2;14%;0.0;0%;0;0.0;0.2;0.3;89%;4.1;0;1.5;1.6;0.8;0.5;0.2;0.1;0;40.5;1.7;3.1;0.2;0.0;7;0.0;0.5;0.6;0.6;0.0;9.8;0.1;4.7;0.0;0.0;2.7;0.0;0.0;0;1.6;56;-1.69;9;0.1;0;1175
André Lacximicant;AM (C), ST (C);27;€170K - €1.7M;Premier League;Portugal;0.8;2.3;43%;0.0;11%;0;0.0;0.9;0.2;88%;21.4;0;0.3;1.2;0.4;0.1;1.2;1.4;0;26.9;0.6;5.4;0.9;0.7;3;0.1;3.2;0.0;0.1;0.4;10.4;0.4;7.4;0.1;0.4;1.4;0.1;0.4;30;0.0;19;-0.39;6;0.4;0;2539
Zinho;AM (LC);25;€220K - €2.2M;Premier League;Portugal;1.7;4.2;37%;0.0;4%;0;0.0;1.8;0.3;86%;21.0;0;0.5;9.4;1.9;1.4;0.5;0.7;0;43.2;3.6;13.5;1.8;3.8;21;0.7;1.8;0.0;0.3;0.1;11.2;0.2;3.4;0.1;3.7;0.7;0.1;3.7;17;0.0;19;-2.12;26;0.2;0;1365
Martín Tejón;M/AM (RLC), ST (C);24;€2.3M - €5.2M;Premier League;Portugal;1.8;3.6;14%;0.0;10%;0;0.0;1.7;0.4;88%;21.1;0;0.6;7.7;2.1;0.9;0.5;0.1;0;39.7;3.1;12.3;1.7;3.9;20;0.6;1.0;0.0;0.3;0.1;10.6;0.1;3.0;0.1;2.1;0.4;0.0;2.1;28;0.0;14;0.09;35;0.1;0;1949
William Hofvander;AM (RLC), ST (C);26;€16K - €170K;Premier League;Portugal;2.7;3.3;39%;0.0;0%;0;0.0;1.8;0.1;91%;19.0;0;0.8;8.9;2.5;1.3;0.6;0.6;0;43.1;3.8;12.6;1.8;3.6;17;0.8;1.4;0.0;0.2;0.0;11.2;0.1;5.1;0.1;2.7;1.5;0.1;2.7;29;0.2;30;-1.43;28;0.1;0;1139
Ro Abajas;D (L);25;€35K - €375K;Premier League;Portugal;3.1;11.0;0%;0.1;0%;0;0.0;1.0;0.1;89%;16.1;0;1.3;7.6;2.1;1.9;0.0;0.0;0;53.8;7.5;15.4;1.0;1.1;28;0.8;0.0;0.5;0.9;0.0;11.3;0.0;3.1;0.1;2.5;1.9;0.0;2.5;31;0.1;60;0;39;0.0;0;1346
Boli Bolingoli;D/WB (L);32;€130K;Premier League;Portugal;3.4;9.0;0%;0.2;0%;0;0.0;1.4;0.1;87%;19.0;0;1.1;6.9;2.3;2.1;0.1;0.0;0;55.1;7.1;16.0;1.4;1.1;60;0.3;0.2;0.8;0.5;0.0;11.4;0.0;2.8;0.1;1.9;1.8;0.0;1.9;16;0.1;63;-0.24;74;0.0;0;2553
José Melro;AM (RL), ST (C);24;€150K - €1.5M;Premier League;Portugal;0.6;1.1;45%;0.0;7%;0;0.0;1.0;0.2;88%;25.8;0;0.3;1.8;0.7;0.3;1.2;1.6;0;24.9;0.6;5.7;1.0;0.8;8;0.2;3.5;0.0;0.1;0.2;10.5;0.4;7.7;0.0;0.6;1.1;0.1;0.6;33;0.0;15;-3.87;10;0.4;0;2333
David Sousa;D (C);26;€200K - €2M;Premier League;Portugal;2.5;17.7;20%;0.1;0%;0;0.0;0.2;0.0;90%;3.0;0;1.1;1.9;0.6;0.3;0.1;0.1;0;42.2;1.8;4.2;0.2;0.1;9;0.0;0.5;1.3;0.8;0.0;10.1;0.1;5.4;0.1;0.0;3.5;0.0;0.0;0;0.9;64;-1.55;13;0.1;0;2605
Víctor Rofino;D (C);25;€130K;Premier League;Portugal;2.0;15.7;25%;0.0;0%;0;0.0;0.0;0.0;91%;3.6;0;0.8;2.5;1.2;0.8;0.0;0.1;0;43.5;1.4;3.5;0.0;0.0;9;0.0;0.4;0.7;0.2;0.0;10.0;0.1;5.2;0.0;0.0;3.8;0.0;0.0;0;1.4;72;-1.14;9;0.1;0;1006
Bright Godwin;D (LC), WB (L);26;€60K - €600K;Premier League;Portugal;2.7;9.9;20%;0.1;20%;0;0.0;1.7;0.1;86%;18.2;0;1.0;9.5;2.5;2.6;0.1;0.0;0;49.4;5.7;22.0;1.7;1.4;81;0.6;0.2;0.6;0.6;0.0;12.1;0.0;2.7;0.0;4.8;1.6;0.1;4.8;11;0.2;60;0.6;96;0.0;0;2754
Brian Aguilar;D (RC);25;€95K - €950K;Premier League;Portugal;2.9;11.8;0%;0.0;0%;0;0.0;0.3;0.0;93%;3.8;0;0.7;2.5;1.0;0.5;0.1;0.0;0;41.0;1.9;3.4;0.3;0.1;12;0.0;0.3;0.8;0.4;0.0;10.2;0.0;4.6;0.1;0.1;2.9;0.2;0.1;0;0.6;64;-0.67;17;0.0;0;2076
David Moreira;D (LC);24;€800K - €1.8M;Premier League;Portugal;2.9;10.0;25%;0.1;0%;0;0.0;0.8;0.1;91%;11.9;0;1.0;5.8;1.5;1.3;0.1;0.0;0;49.0;5.2;12.5;0.8;0.7;42;0.1;0.1;1.4;0.7;0.0;11.5;0.0;3.1;0.1;1.1;2.3;0.1;1.1;5;0.4;73;-0.06;54;0.0;0;2995
Sacha Bansé;DM, M (C);27;€50K - €500K;Premier League;Portugal;2.2;9.5;33%;0.2;17%;0;0.0;0.4;0.4;91%;9.1;0;0.9;7.1;1.6;1.3;0.2;0.2;0;50.3;3.4;11.1;0.5;0.2;30;0.0;0.5;0.4;0.5;0.1;11.0;0.1;1.9;0.1;0.1;1.2;0.0;0.1;0;0.1;63;-0.23;36;0.1;0;2053
Chiheb Labidi;DM, M/AM (C);27;€40K - €375K;Premier League;Portugal;1.9;10.9;13%;0.0;13%;0;0.0;0.3;0.2;89%;11.3;0;0.5;3.3;0.7;0.6;0.2;0.1;0;33.3;2.4;6.5;0.3;0.0;8;0.0;0.6;0.1;0.2;0.1;7.5;0.0;0.7;0.1;0.1;0.6;0.0;0.1;0;0.1;80;0.38;8;0.0;0;1215
Ignacio Schor;M/AM (R);27;€550K - €5.4M;Premier League;Portugal;2.0;4.2;38%;0.1;9%;0;0.0;1.6;0.2;89%;17.0;0;0.7;9.5;2.3;1.6;0.5;0.5;0;40.3;3.3;14.0;1.6;5.2;40;0.5;1.3;0.0;0.5;0.1;11.6;0.2;3.4;0.1;2.6;1.1;0.0;2.6;17;0.0;34;-1.13;46;0.2;0;2195
José Sampaio;D (C);23;€350K - €3.6M;Premier League;Portugal;2.8;12.6;19%;0.1;4%;0;0.0;0.1;0.1;92%;4.2;0;0.8;3.1;1.0;0.5;0.6;0.2;0;42.6;2.1;3.5;0.1;0.0;12;0.0;1.1;0.3;0.5;0.0;9.8;0.1;6.0;0.0;0.0;4.2;0.0;0.0;0;1.1;71;-1.77;17;0.1;0;2070
Lucas Lovat;D/WB/M (L);31;€40K - €400K;Premier League;Portugal;2.7;9.5;33%;0.1;0%;0;0.0;1.6;0.1;87%;17.7;0;1.0;7.8;2.9;2.5;0.0;0.0;0;50.8;6.3;19.4;2.3;1.9;70;0.3;0.1;0.8;0.3;0.0;12.1;0.0;2.9;0.1;3.6;1.9;0.0;10.3;17;0.4;66;-0.27;86;0.0;0;2473
Aaron Spetale;ST (C);28;€50K - €475K;Premier League;Portugal;0.9;1.3;44%;0.1;2%;0;0.0;0.8;0.0;87%;21.6;0;0.3;1.5;0.9;0.3;0.8;1.4;0;27.0;0.6;5.9;0.8;0.6;5;0.1;3.2;0.0;0.0;0.1;10.5;0.4;6.8;0.0;0.5;2.4;0.1;2.6;14;0.1;35;-4.91;8;0.4;0;1425
Kevin Vázquez;DM, M (C);27;€65K - €650K;Premier League;Portugal;2.9;12.4;0%;0.0;0%;0;0.0;1.0;0.3;93%;6.4;0;0.7;5.9;1.5;0.7;0.2;0.0;0;50.6;5.3;10.5;1.0;0.3;14;0.0;0.3;0.4;0.5;0.0;11.6;0.0;2.0;0.2;0.2;0.9;0.2;1.0;22;0.0;42;-0.26;25;0.0;0;1689
Ulisses;D (C);28;€300K - €1M;Premier League;Portugal;2.4;11.9;0%;0.1;0%;0;0.0;0.1;0.0;87%;4.5;0;1.0;2.4;0.9;0.6;0.1;0.0;0;41.9;2.1;4.5;0.1;0.0;14;0.0;0.2;0.9;0.6;0.0;10.0;0.0;5.6;0.0;0.1;3.7;0.0;0.1;0;0.9;66;-0.31;17;0.0;0;2138
Wesley Gasolina;D/WB/M (R);28;€300K - €950K;Premier League;Portugal;3.1;9.0;0%;0.1;0%;0;0.0;1.2;0.1;88%;17.1;0;1.1;7.8;2.1;1.8;0.0;0.0;0;48.2;5.4;20.4;1.2;2.7;46;0.7;0.4;0.1;0.8;0.0;12.5;0.1;3.1;0.1;3.5;1.3;0.2;3.5;20;0.2;42;-1.86;58;0.1;0;2249
João Costa;ST (C);28;€0;Premier League;Portugal;0.8;1.8;44%;0.0;8%;0;0.0;0.8;0.2;90%;27.2;0;0.2;2.0;0.7;0.3;0.9;1.4;0;26.1;0.7;7.3;0.8;0.4;7;0.1;3.3;0.0;0.1;0.3;10.1;0.4;7.8;0.1;0.4;2.2;0.0;0.4;33;0.1;29;-3.53;10;0.4;0;2128
Paulo Vitor;D/WB (L), AM (RL);28;€1.9M - €4.2M;Premier League;Portugal;1.8;6.4;31%;0.0;6%;0;0.0;1.4;0.4;85%;24.6;0;0.7;9.8;2.4;1.4;0.2;0.2;0;46.1;4.4;17.3;1.4;5.9;36;0.6;0.6;0.1;0.5;0.0;12.0;0.1;3.8;0.1;3.7;0.9;0.1;3.7;15;0.1;25;-0.93;49;0.1;0;2288
Weverson;D/WB/M/AM (L);27;€50K - €500K;Premier League;Portugal;3.7;10.0;0%;0.0;0%;0;0.0;1.2;0.2;89%;16.9;0;1.0;9.7;2.2;1.8;0.0;0.0;0;48.0;5.3;22.0;1.2;2.6;51;0.9;0.1;0.1;0.7;0.0;12.3;0.0;3.3;0.1;5.3;1.7;0.1;5.7;16;0.2;52;-0.31;69;0.0;0;2620
Lucas França;GK;32;€0 - €50K;Premier League;Portugal;0.0;2.8;0%;0.0;0%;67;-0.1;0.0;0.0;73%;8.6;-4.43;3.9;0.0;0.0;0.0;0.0;0.0;89;24.9;0.0;0.0;0.0;0.0;1;0.0;0.0;0.0;0.0;0.0;5.4;0.0;0.0;0.0;0.0;0.0;0.0;0.0;0;0.0;0;0;3;0.0;47;2970
Matheus Mendes;GK;29;€180K - €1.8M;Premier League;Portugal;0.0;3.6;0%;0.0;0%;75;0.5;0.0;0.0;83%;7.6;9.92;3.4;0.0;0.0;0.0;0.0;0.0;87;24.1;0.0;0.0;0.0;0.0;0;0.0;0.0;0.0;0.0;0.0;5.7;0.0;0.0;0.0;0.0;0.0;0.0;0.0;0;0.0;0;0;0;0.0;24;1710
Lucas Soares;D/WB/M/AM (R);30;€150K - €1.5M;Premier League;Portugal;3.6;5.8;23%;0.0;0%;0;0.0;1.0;0.2;87%;15.9;0;0.9;6.6;1.5;1.7;0.1;0.1;0;52.3;6.4;13.6;1.0;1.0;38;0.9;0.6;0.2;0.5;0.0;11.4;0.1;3.3;0.1;3.1;1.3;0.1;3.1;27;0.1;39;-1.39;44;0.1;0;1986
Diego Segovia;GK;28;€45K - €150K;Premier League;Portugal;0.0;2.5;0%;0.0;0%;71;0.0;0.0;0.0;82%;8.5;1.38;3.5;0.0;0.0;0.0;0.0;0.0;88;24.0;0.0;0.0;0.0;0.0;0;0.0;0.0;0.0;0.0;0.0;5.2;0.0;0.0;0.0;0.0;0.0;0.0;0.0;0;0.0;0;0;3;0.0;42;2700
Brenno;GK;29;€80K - €800K;Premier League;Portugal;0.0;3.6;0%;0.0;0%;73;-0.1;0.0;0.0;78%;8.6;-1.47;3.4;0.0;0.0;0.1;0.0;0.0;89;23.7;0.0;0.0;0.0;0.0;1;0.0;0.0;0.0;0.0;0.0;5.6;0.0;0.0;0.0;0.0;0.0;0.0;0.0;0;0.0;0;0;4;0.0;27;1740
Ivan Cvijanović;D (LC), WB (L);24;€300K - €3.1M;Premier League;Portugal;2.9;12.9;10%;0.0;0%;0;0.0;0.1;0.1;89%;4.6;0;1.0;3.1;1.0;0.5;0.1;0.0;0;41.5;1.7;3.4;0.1;0.0;18;0.0;0.3;0.5;0.5;0.0;9.8;0.0;4.6;0.1;0.0;3.2;0.0;0.4;25;0.9;70;-1.21;24;0.0;0;3045
Gonçalo Nogueira;DM, M/AM (C);24;€2.6M;Premier League;Portugal;1.7;13.1;13%;0.1;0%;0;0.0;1.2;0.6;91%;5.7;0;0.7;5.3;1.6;1.3;0.2;0.1;0;51.1;6.0;12.2;1.2;0.3;17;0.0;0.6;0.1;0.4;0.0;11.6;0.1;1.7;0.2;0.2;1.0;0.2;0.2;0;0.4;59;-0.8;19;0.1;0;1185
Steven Baseya;D (C);23;€50K - €500K;Premier League;Portugal;3.0;11.6;11%;0.1;4%;0;0.0;0.1;0.0;92%;5.0;0;1.1;2.4;0.8;0.5;0.2;0.1;0;40.5;1.9;3.6;0.1;0.0;15;0.0;0.9;1.0;1.0;0.0;9.6;0.1;5.1;0.0;0.1;3.4;0.0;0.1;50;1.0;66;-1.26;17;0.1;0;2756
Lincoln;WB (L), M (C), AM (RLC);29;€190K - €1.9M;Premier League;Portugal;1.5;9.9;42%;0.0;8%;0;0.0;0.7;0.4;87%;15.5;0;0.4;4.2;0.9;0.8;0.1;0.2;0;21.0;2.2;9.6;0.7;0.9;17;0.6;0.6;0.1;0.2;0.0;5.5;0.1;1.2;0.2;2.5;0.6;0.1;3.3;22;0.0;54;-0.54;20;0.1;0;1803
Léo Santos;D (C);29;€140K - €1.4M;Premier League;Portugal;2.6;13.9;14%;0.0;7%;0;0.0;0.1;0.1;92%;3.7;0;0.9;2.7;0.6;0.3;0.0;0.1;0;41.4;1.5;3.5;0.1;0.0;8;0.0;0.5;0.3;0.8;0.0;10.2;0.1;5.3;0.0;0.0;3.7;0.0;0.0;0;0.8;69;-0.43;11;0.1;0;2343
André Clovis;ST (C);30;€75K - €750K;Premier League;Portugal;0.7;2.1;47%;0.0;9%;0;0.0;1.2;0.4;89%;21.8;0;0.1;1.8;0.6;0.2;0.5;1.1;0;24.3;0.8;5.8;1.3;0.7;6;0.1;2.3;0.0;0.2;0.2;10.4;0.3;8.4;0.1;0.5;3.1;0.0;0.5;20;0.1;37;-2.07;10;0.3;0;2787
Jean Ives Valou;D (LC);22;Unknown;Second Division;Spain;2.9;14.0;18%;0.1;6%;0;0.0;0.2;0.0;89%;4.2;0;0.9;2.5;1.0;0.4;0.1;0.1;0;41.5;2.1;3.8;0.2;0.1;15;0.0;0.5;0.9;0.5;0.0;9.5;0.1;3.6;0.0;0.1;2.5;0.1;0.1;0;0.7;69;-1.24;30;0.1;0;3122
Fabricio;DM, M (C);30;Unknown;Second Division;Spain;2.8;13.1;6%;0.1;0%;0;0.0;0.5;0.2;92%;7.8;0;0.8;6.5;1.2;0.6;0.1;0.0;0;50.9;3.8;11.5;0.5;0.1;21;0.1;0.5;0.2;0.7;0.0;11.6;0.0;1.7;0.1;0.1;0.7;0.1;0.1;66;0.0;39;-0.98;29;0.0;0;3045
Alassane Diatta;DM, M (C);23;Unknown;Second Division;Spain;1.3;11.7;31%;0.0;19%;0;0.0;0.0;0.2;89%;7.8;0;0.2;1.0;0.2;0.1;0.2;0.2;0;17.1;0.6;1.5;0.0;0.0;3;0.0;0.5;0.3;0.2;0.1;3.8;0.0;1.4;0.1;0.0;0.7;0.0;0.0;0;0.2;51;1.58;4;0.0;0;2679
Adam Argemí;DM, M (C);20;Unknown;Second Division;Spain;2.3;13.6;14%;0.1;14%;0;0.0;0.9;0.2;91%;5.7;0;0.8;5.6;1.3;1.1;0.1;0.1;0;51.8;5.7;11.7;0.9;0.2;13;0.0;0.6;0.0;0.4;0.1;11.9;0.1;1.5;0.1;0.1;0.7;0.2;0.1;0;0.0;47;-0.35;15;0.1;0;1113
Lorenzo Oertli;D/WB/M/AM (L);20;Unknown;Second Division;Spain;2.9;10.0;0%;0.1;0%;0;0.0;0.9;0.1;87%;19.1;0;1.1;6.7;1.9;1.9;0.1;0.0;0;55.9;6.7;15.3;0.9;1.2;68;0.3;0.2;0.4;0.5;0.0;11.6;0.0;3.3;0.1;1.6;1.5;0.1;1.6;21;0.2;45;-0.35;93;0.0;0;3302
Iñaki González;DM, M (C);23;Unknown;Second Division;Spain;2.7;9.9;0%;0.3;0%;0;0.0;0.9;0.3;92%;7.4;0;0.8;5.9;1.6;1.4;0.1;0.0;0;50.2;5.9;11.7;0.9;0.1;17;0.1;0.3;0.3;0.6;0.0;12.6;0.0;1.5;0.1;0.1;0.5;0.0;0.1;100;0.3;33;-0.21;19;0.0;0;1073
Tomy Carbonell;DM, M (C);23;Unknown;Second Division;Spain;1.9;10.3;9%;0.1;0%;0;0.0;0.7;0.6;91%;10.8;0;0.8;4.6;1.1;0.7;0.0;0.0;0;40.7;4.9;8.5;0.7;0.1;20;0.0;0.4;0.1;0.4;0.0;9.3;0.1;2.4;0.2;0.1;1.4;0.2;0.1;0;0.4;58;-2.02;27;0.1;0;2555
Gabri De Vuyst;GK;23;Unknown;Second Division;Spain;0.0;2.7;0%;0.0;0%;73;0.1;0.1;0.0;71%;9.7;5.37;5.4;0.0;0.0;0.0;0.0;0.0;89;27.5;0.0;0.0;0.1;0.0;1;0.0;0.0;0.0;0.0;0.0;4.5;0.0;0.0;0.0;0.0;0.0;0.0;0.0;0;0.0;0;0;5;0.0;41;3252
Hugo López;M (L), AM (LC), ST (C);21;Unknown;Second Division;Spain;1.8;4.1;35%;0.0;5%;0;0.0;1.4;0.5;86%;18.1;0;0.5;7.3;2.0;2.0;0.4;0.5;0;37.7;5.1;10.5;1.4;1.8;28;0.9;1.4;0.0;0.3;0.1;11.4;0.2;5.1;0.1;3.4;1.6;0.3;3.4;25;0.3;32;-1.2;33;0.2;0;1265
Nacho Cordero;M (L), AM (RL);27;Unknown;Second Division;Spain;1.7;2.2;42%;0.0;0%;0;0.0;1.5;0.1;91%;28.6;0;0.4;6.9;2.4;1.6;0.2;0.4;0;42.8;2.5;11.3;1.5;4.9;21;0.7;0.9;0.0;0.2;0.0;11.0;0.1;4.6;0.0;4.5;0.9;0.0;4.5;15;0.1;20;-1.56;26;0.1;0;1166
Pedro Rodríguez;DM, M/AM (C);20;Unknown;Second Division;Spain;2.3;15.0;4%;0.0;0%;0;0.0;1.1;0.2;92%;6.3;0;1.0;5.5;1.2;0.9;0.2;0.0;0;50.7;5.8;11.1;1.1;0.1;26;0.0;0.8;0.6;0.8;0.0;11.4;0.1;1.6;0.1;0.2;0.8;0.1;0.2;20;0.1;50;-2.59;37;0.1;0;2709
Lian Silva;M/AM (RL);22;Unknown;Second Division;Spain;1.8;4.0;44%;0.0;0%;0;0.0;1.5;0.0;87%;21.2;0;0.3;8.9;2.4;1.1;0.2;0.3;0;42.9;3.1;12.0;1.5;3.7;29;1.4;0.6;0.0;0.2;0.0;11.9;0.1;4.4;0.0;5.0;1.2;0.1;5.2;27;0.1;28;-1.4;34;0.1;0;2312
Adrián Liso;AM (L), ST (C);23;Unknown;Second Division;Spain;1.9;4.8;44%;0.0;14%;0;0.0;1.8;0.2;90%;19.1;0;0.5;10.0;2.4;1.7;0.6;0.9;0;47.4;3.9;14.2;1.8;3.0;62;0.9;2.1;0.0;0.3;0.3;12.0;0.2;2.9;0.1;3.3;1.0;0.1;3.3;28;0.0;33;3.44;79;0.2;0;3270
Pablo Santiago;M (RL), AM (RLC);27;Unknown;Second Division;Spain;1.5;4.8;17%;0.1;3%;0;0.0;1.6;0.3;87%;18.7;0;1.0;9.4;2.3;1.4;0.5;0.3;0;42.9;3.4;13.4;2.6;3.2;34;0.6;1.5;0.0;0.3;0.0;11.5;0.2;3.4;0.2;3.2;0.6;0.0;4.5;18;0.0;17;-4.23;44;0.2;0;2140
Selvi;D (C), DM;23;Unknown;First Division;Spain;2.2;10.2;0%;0.0;0%;0;0.0;0.9;0.1;90%;7.5;0;0.9;6.2;1.1;0.9;0.0;0.0;0;47.6;4.6;11.8;0.9;0.0;10;0.0;0.1;0.4;0.4;0.0;11.5;0.0;3.7;0.1;0.1;1.8;0.1;0.1;0;0.6;49;-0.08;15;0.0;0;1010
Fran Gil;D (LC), DM;22;Unknown;Second Division;Spain;2.7;12.0;25%;0.1;0%;0;0.0;0.7;0.1;90%;15.4;0;0.7;7.4;1.5;1.4;0.0;0.0;0;55.1;7.0;14.2;0.7;0.6;55;0.1;0.1;1.8;0.8;0.0;11.0;0.0;3.4;0.1;1.4;2.0;0.1;1.4;9;0.5;58;-0.19;79;0.0;0;3453
Álex Rubio;AM (RL), ST (C);25;Unknown;Second Division;Spain;1.7;4.7;39%;0.1;4%;0;0.0;2.0;0.2;86%;17.7;0;0.5;8.8;2.0;1.4;0.6;0.8;0;43.9;4.0;12.9;2.0;2.9;50;0.4;1.9;0.0;0.2;0.1;11.0;0.2;4.3;0.2;2.1;1.3;0.1;2.1;17;0.1;30;-5.26;62;0.2;0;3326
Pablo Felipe;D (RC);22;Unknown;Second Division;Spain;2.9;9.4;14%;0.0;14%;0;0.0;0.6;0.0;85%;11.1;0;1.1;3.8;1.1;0.8;0.1;0.0;0;49.4;3.7;5.7;0.6;0.1;20;0.0;0.3;0.6;0.5;0.0;9.5;0.0;6.1;0.0;0.9;4.1;0.0;0.9;4;0.8;68;-0.3;28;0.0;0;2377
Sebastián Holgado;D (C);24;Unknown;Second Division;Spain;3.3;12.1;13%;0.1;0%;0;0.0;0.2;0.0;87%;4.2;0;0.7;2.3;0.6;0.4;0.1;0.0;0;48.2;2.4;3.2;0.2;0.0;14;0.0;0.2;0.9;0.5;0.0;9.9;0.0;6.8;0.0;0.0;4.2;0.0;0.0;0;0.8;62;-0.71;16;0.0;0;3588
Juanma Herzog;D (C);24;Unknown;Second Division;Spain;2.8;14.5;22%;0.1;7%;0;0.0;0.2;0.1;88%;3.9;0;0.9;3.0;1.0;0.5;0.2;0.2;0;41.4;1.8;3.5;0.2;0.1;19;0.0;1.0;0.6;0.6;0.1;9.9;0.1;5.8;0.0;0.1;3.9;0.1;0.1;33;1.2;68;-1.55;24;0.1;0;3516
Chupete;ST (C);23;Unknown;Second Division;Spain;0.7;2.3;48%;0.0;17%;0;0.0;1.2;0.0;88%;17.4;0;0.2;1.6;0.7;0.3;1.0;1.4;0;26.2;0.9;5.9;1.2;0.6;12;0.1;2.9;0.0;0.1;0.5;10.2;0.4;7.6;0.1;0.3;2.5;0.1;0.3;36;0.0;32;5.05;16;0.4;0;3799
Unai Rodríguez;DM, M (C);22;Unknown;Second Division;Spain;0.2;9.1;80%;0.0;20%;0;0.0;0.1;0.4;87%;19.8;0;0.1;0.1;0.1;0.1;0.2;0.4;0;4.0;0.1;0.2;0.1;0.0;1;0.0;0.4;0.0;0.0;0.1;0.9;0.1;0.7;0.1;0.0;0.6;0.1;0.0;0;0.0;88;0.32;1;0.1;0;1025
Raúl Alarcón;D (R);22;Unknown;Second Division;Spain;2.7;9.1;21%;0.0;4%;0;0.0;0.8;0.0;86%;19.8;0;1.1;4.7;1.7;1.0;0.1;0.1;0;54.2;6.2;10.2;0.8;0.5;42;0.4;0.7;0.2;0.4;0.0;10.5;0.1;5.3;0.0;2.3;3.7;0.1;2.3;18;0.8;69;-3.38;49;0.1;0;3643
Nacho Vizcaíno;DM, M (C);22;Unknown;Second Division;Spain;2.2;11.7;23%;0.1;0%;0;0.0;1.0;0.4;90%;6.6;0;1.2;4.6;1.3;0.9;0.1;0.1;0;46.6;5.5;8.7;1.1;0.1;20;0.0;0.6;0.1;0.5;0.0;11.2;0.1;1.7;0.2;0.1;0.9;0.3;0.6;23;0.0;54;-1.29;31;0.1;0;2112
Daniel Cantero;M/AM (RL);22;Unknown;Second Division;Spain;2.0;3.7;25%;0.0;6%;0;0.0;1.2;0.1;85%;22.6;0;0.5;8.6;2.4;1.5;0.4;0.3;0;42.5;4.4;8.6;1.2;2.4;21;0.6;1.1;0.0;0.4;0.1;11.7;0.1;3.2;0.1;4.8;0.4;0.1;4.8;11;0.0;13;-0.31;28;0.1;0;1261
Yussif Saidu;D (C), DM, M (C);22;Unknown;Second Division;Spain;2.5;9.7;15%;0.2;0%;0;0.0;0.7;0.2;90%;7.2;0;1.2;6.5;1.7;1.1;0.2;0.1;0;51.4;3.6;11.7;0.7;0.1;38;0.0;0.7;0.2;0.6;0.0;11.7;0.1;2.9;0.1;0.1;1.8;0.0;0.1;25;0.3;62;-3.55;58;0.1;0;3212
Aarón Ochoa;M (C), AM (RLC);21;Unknown;Second Division;Spain;1.4;11.2;35%;0.0;8%;0;0.0;1.5;0.2;89%;16.4;0;0.4;4.9;1.0;0.2;0.7;0.7;0;41.8;2.4;9.9;1.5;1.6;9;0.2;2.0;0.0;0.2;0.2;11.9;0.2;2.9;0.2;0.7;0.4;0.1;0.7;23;0.0;13;-0.94;13;0.2;0;3273
Fermín;M/AM (RLC);24;Unknown;Second Division;Spain;2.5;4.3;53%;0.0;20%;0;0.0;1.6;0.4;84%;17.0;0;0.4;8.4;1.8;1.1;0.2;0.5;0;33.4;5.2;11.4;2.1;3.2;19;0.7;0.8;0.0;0.0;0.2;11.1;0.1;2.0;0.2;2.1;0.8;0.2;7.2;23;0.0;42;1.78;30;0.1;0;1593
Ferran Seco;D (C);20;Unknown;Second Division;Spain;2.8;14.0;13%;0.1;0%;0;0.0;0.1;0.0;88%;4.2;0;1.1;2.5;0.9;0.4;0.1;0.0;0;46.0;2.1;3.0;0.1;0.0;16;0.0;0.2;0.4;0.6;0.0;9.3;0.0;6.1;0.0;0.1;4.1;0.0;0.1;0;0.6;67;-0.8;17;0.0;0;3536
Carlos Espí;ST (C);22;Unknown;Second Division;Spain;0.6;1.9;57%;0.0;15%;0;0.0;1.0;0.1;89%;22.0;0;0.1;1.5;0.6;0.1;1.0;1.7;0;26.0;0.8;5.7;1.0;0.5;4;0.1;3.0;0.0;0.1;0.5;10.4;0.3;9.0;0.1;0.5;4.3;0.1;0.5;29;0.3;47;5.65;7;0.3;0;3348
Sergio Rodelas;WB/M (L), AM (RL);23;Unknown;Second Division;Spain;1.7;6.2;40%;0.0;12%;0;0.0;1.1;0.4;87%;18.2;0;0.8;6.2;1.5;1.1;0.7;0.9;0;31.5;2.5;8.8;1.1;2.8;13;0.3;2.2;0.0;0.4;0.3;8.2;0.3;2.2;0.2;2.1;0.4;0.1;2.1;12;0.1;16;-0.39;14;0.3;0;1027
Abdoulaye Keita;M/AM (RL);25;Unknown;Second Division;Spain;1.4;7.1;26%;0.0;8%;0;0.0;1.6;0.2;89%;17.3;0;0.6;9.4;2.1;1.2;0.6;0.5;0;42.0;3.4;16.1;2.0;4.2;45;0.7;1.8;0.0;0.3;0.1;11.4;0.2;4.1;0.1;3.4;2.1;0.1;3.4;20;0.1;53;-2.01;66;0.2;0;3312
Marc Montalvo;DM, M (C);26;Unknown;Second Division;Spain;2.5;13.6;16%;0.0;8%;0;0.0;0.8;0.3;92%;6.0;0;0.8;5.9;1.3;1.0;0.3;0.1;0;52.3;6.0;10.6;1.0;0.1;37;0.0;0.7;0.1;0.6;0.1;11.6;0.1;2.0;0.2;0.1;1.2;0.2;1.4;16;0.0;61;-0.34;45;0.1;0;3232
Bogdan Ungureanu;D (RLC);19;Unknown;Second Division;Spain;3.4;10.8;0%;0.0;0%;0;0.0;0.2;0.0;89%;8.0;0;0.7;3.8;1.2;0.8;0.1;0.0;0;45.5;4.0;6.2;0.2;0.2;17;0.1;0.4;0.9;0.3;0.0;10.2;0.0;5.0;0.0;0.3;3.6;0.0;0.3;42;1.3;72;-0.85;23;0.0;0;1916
Javier Carbonell;ST (C);31;€170K;Second Division;Spain;0.7;1.8;47%;0.0;17%;0;0.0;0.9;0.1;92%;24.5;0;0.2;1.9;0.8;0.3;0.9;1.7;0;25.8;0.8;5.4;0.9;0.8;6;0.2;3.5;0.0;0.0;0.6;10.3;0.5;7.6;0.1;0.6;1.1;0.0;0.6;30;0.0;15;2.15;10;0.5;0;2009
Nacho Pérez;D/WB (R);19;Unknown;Second Division;Spain;3.7;11.4;9%;0.1;0%;0;0.0;0.8;0.2;87%;16.5;0;1.0;7.4;2.2;1.6;0.2;0.1;0;51.5;7.7;16.5;0.8;1.0;31;0.5;0.6;0.4;0.5;0.0;11.6;0.1;3.9;0.1;2.8;2.1;0.2;2.8;18;0.1;53;-2.24;41;0.1;0;1710
Oier Luengo;D (RLC), DM;30;Unknown;Second Division;Spain;2.5;11.2;0%;0.1;0%;0;0.0;0.9;0.1;89%;12.3;0;0.8;6.2;2.0;1.9;0.1;0.0;0;51.8;5.5;12.8;0.9;0.5;72;0.2;0.3;0.6;0.6;0.0;11.3;0.0;3.9;0.0;1.1;2.6;0.0;1.1;20;0.5;66;-0.61;82;0.0;0;3342
Josep Jaume;D (C);27;Unknown;Second Division;Spain;3.0;15.8;0%;0.2;0%;0;0.0;0.2;0.1;90%;3.8;0;1.0;2.8;0.7;0.3;0.1;0.0;0;41.6;1.7;3.9;0.2;0.1;12;0.0;0.2;0.4;0.5;0.0;10.1;0.0;5.5;0.1;0.0;3.8;0.0;0.0;0;0.7;70;-0.96;16;0.0;0;3180
Borja Sánchez;M (C), AM (LC);32;Unknown;Second Division;Spain;1.7;7.0;31%;0.1;0%;0;0.0;1.0;0.3;88%;14.8;0;0.5;6.1;1.5;1.1;0.3;0.2;0;28.5;2.2;7.7;1.1;1.6;34;0.3;0.5;0.0;0.2;0.0;7.3;0.0;3.2;0.1;1.2;1.3;0.0;2.3;17;0.0;41;-1.22;45;0.0;0;2711
José Amo;D (C);30;Unknown;Second Division;Spain;3.3;16.4;17%;0.2;8%;0;0.0;0.2;0.0;91%;3.2;0;1.0;2.5;1.0;0.6;0.1;0.1;0;41.5;2.4;4.0;0.2;0.1;24;0.0;0.3;1.3;0.6;0.0;10.2;0.0;3.6;0.0;0.0;2.6;0.0;0.0;0;0.4;71;-0.27;28;0.0;0;3473
Fran Adeva;ST (C);32;Unknown;Second Division;Spain;0.8;0.9;39%;0.0;10%;0;0.0;0.6;0.3;91%;23.7;0;0.4;1.3;0.6;0.2;1.2;1.5;0;25.5;0.5;4.8;0.6;0.4;3;0.2;3.9;0.0;0.1;0.4;9.4;0.4;8.7;0.1;0.8;2.3;0.0;0.8;26;0.0;26;-0.19;5;0.4;0;1653
Sergio Chica;D (C);31;Unknown;Second Division;Spain;3.1;10.3;15%;0.1;8%;0;0.0;0.3;0.0;85%;4.5;0;1.5;2.6;1.1;0.4;0.1;0.1;0;45.9;2.8;2.5;0.3;0.0;11;0.0;0.4;0.9;0.6;0.0;9.6;0.0;6.7;0.1;0.0;4.9;0.0;0.0;0;1.5;73;-0.24;20;0.0;0;2801
Víctor Pastrana;M/AM (RL);31;Not for Sale;Second Division;Spain;1.4;4.6;48%;0.0;9%;0;0.0;1.5;0.1;87%;18.5;0;0.6;8.7;1.8;1.0;0.5;0.9;0;41.4;3.1;14.2;2.7;4.7;31;0.6;1.8;0.0;0.3;0.2;11.7;0.2;4.4;0.1;3.2;0.8;0.1;8.9;14;0.0;18;-1.11;43;0.2;0;2772
Tachi;D (C);30;Unknown;Second Division;Spain;2.8;13.1;20%;0.2;8%;0;0.0;0.2;0.1;92%;3.7;0;1.3;2.5;1.2;0.7;0.2;0.1;0;42.5;1.7;3.8;0.2;0.0;26;0.0;0.7;0.9;0.7;0.1;9.8;0.1;5.3;0.1;0.1;3.7;0.0;0.1;0;1.2;70;-1.05;33;0.1;0;3460
Víctor García;D/WB/M/AM (L);34;Unknown;Second Division;Spain;2.0;9.3;0%;0.1;0%;0;0.0;1.8;0.4;83%;18.1;0;0.8;9.7;2.4;2.1;0.0;0.0;0;46.4;4.7;19.0;2.5;1.9;32;1.4;0.1;0.0;0.5;0.0;12.4;0.0;4.8;0.2;9.1;2.4;0.1;14.2;14;0.6;50;-0.09;41;0.0;0;1380
Juan Pérez;GK;31;Not for Sale;Second Division;Spain;0.0;4.2;0%;0.0;0%;74;0.2;0.0;0.0;75%;6.8;7.14;3.0;0.0;0.0;0.0;0.0;0.0;89;24.5;0.0;0.0;0.0;0.0;0;0.0;0.0;0.0;0.0;0.0;5.3;0.0;0.0;0.0;0.0;0.0;0.0;0.0;0;0.0;0;0;2;0.0;39;3547
Luis Alcalde;M/AM (C);33;Unknown;Second Division;Spain;1.6;12.1;40%;0.0;8%;0;0.0;2.0;0.3;87%;21.6;0;0.2;4.1;1.1;0.5;0.5;0.7;0;40.6;2.9;9.3;2.0;1.2;15;0.4;1.7;0.0;0.3;0.1;11.2;0.2;4.4;0.1;1.1;1.7;0.2;2.1;23;0.2;38;-3.02;22;0.2;0;2775
Juanpe;M (LC), AM (C), ST (C);32;Unknown;Second Division;Spain;0.0;9.1;23%;0.0;0%;0;0.0;0.2;0.4;90%;18.3;0;0.0;0.0;0.0;0.0;0.2;0.2;0;0.3;0.0;0.0;0.2;0.0;0;0.0;0.8;0.0;0.0;0.0;0.1;0.1;0.1;0.2;0.0;0.0;0.1;0.9;16;0.0;0;-2.85;0;0.1;0;3061
Manu Hernando;D (C);29;Unknown;Second Division;Spain;3.1;15.8;11%;0.1;0%;0;0.0;0.1;0.0;91%;2.7;0;1.0;2.9;0.9;0.6;0.2;0.1;0;42.0;1.8;4.8;0.1;0.0;23;0.0;0.5;0.7;0.7;0.0;10.1;0.0;5.2;0.1;0.0;3.4;0.0;0.0;0;1.1;64;-1.71;27;0.0;0;3384
Keidi Bare;DM, M (C);30;Unknown;Second Division;Spain;0.1;12.0;33%;0.0;0%;0;0.0;0.2;0.1;100%;14.1;0;0.0;0.1;0.1;0.1;0.3;0.3;0;1.7;0.2;0.3;0.2;0.0;3;0.0;0.9;0.1;0.0;0.0;0.3;0.1;0.1;0.1;0.0;0.1;0.2;0.0;0;0.0;100;-3.72;3;0.1;0;2291
Mario Losada;ST (C);31;Unknown;Second Division;Spain;0.7;0.8;56%;0.0;13%;0;0.0;0.9;0.2;90%;25.9;0;0.2;1.8;0.6;0.0;1.5;2.6;0;27.3;0.6;4.7;0.9;0.7;0;0.0;4.6;0.0;0.1;0.6;9.6;0.6;8.4;0.1;0.3;1.7;0.1;0.3;0;0.0;20;-0.59;0;0.6;0;1403
Julio Gracia;DM, M (C);30;Unknown;Second Division;Spain;2.3;13.1;0%;0.1;0%;0;0.0;1.2;0.4;91%;8.8;0;1.2;5.9;2.2;1.5;0.1;0.0;0;52.0;5.9;10.9;1.2;0.1;50;0.0;0.2;0.2;0.4;0.0;11.8;0.0;1.8;0.2;0.1;0.6;0.1;0.6;15;0.1;36;-1.04;65;0.0;0;3093
Jesús Ruiz;GK;31;Unknown;Second Division;Spain;0.0;3.9;0%;0.0;0%;72;0.1;0.0;0.0;80%;7.8;2.37;2.7;0.0;0.0;0.0;0.0;0.0;89;24.1;0.0;0.0;0.0;0.0;0;0.0;0.0;0.0;0.0;0.0;5.2;0.0;0.0;0.0;0.0;0.0;0.0;0.0;0;0.0;0;0;2;0.0;41;3282
Agus Medina;D (R), DM, M (RC);33;Unknown;Second Division;Spain;3.3;10.1;36%;0.0;9%;0;0.0;1.0;0.2;89%;17.0;0;0.8;7.1;1.6;1.3;0.2;0.2;0;52.4;6.9;13.2;1.0;0.5;22;0.2;0.6;0.5;0.2;0.1;11.5;0.0;3.2;0.1;1.3;1.1;0.1;5.4;15;0.3;33;0.21;35;0.0;0;1539
Álvaro Odriozola;D/WB (R);32;€150K - €1.5M;Second Division;Spain;2.9;12.3;26%;0.1;7%;0;0.0;1.1;0.3;85%;16.2;0;1.2;5.7;2.1;1.8;0.3;0.2;0;55.6;7.0;17.0;1.1;0.7;52;0.3;0.9;0.6;0.4;0.1;12.0;0.1;3.7;0.1;1.9;2.0;0.1;2.3;17;0.4;55;-0.89;72;0.1;0;2670
José León;D (C);33;Unknown;Second Division;Spain;2.6;18.0;33%;0.0;8%;0;0.0;0.1;0.1;92%;3.6;0;0.9;3.5;0.8;0.6;0.1;0.1;0;43.3;2.3;4.7;0.1;0.0;20;0.0;0.3;0.5;0.6;0.0;9.9;0.0;3.7;0.0;0.0;2.3;0.1;0.0;0;0.4;62;-0.37;25;0.0;0;3173
Giorgi Guliashvili;AM (RL);26;Unknown;Second Division;Spain;1.6;5.2;30%;0.0;6%;0;0.0;1.2;0.2;88%;17.0;0;0.5;9.1;2.2;1.6;0.5;0.4;0;43.3;2.9;11.5;1.2;3.7;39;0.6;1.3;0.0;0.5;0.1;11.5;0.2;3.9;0.1;2.5;1.4;0.1;2.5;22;0.1;36;-1.89;46;0.2;0;2213
Andrés Prieto;GK;34;Not for Sale;Second Division;Spain;0.0;3.5;0%;0.0;0%;74;0.2;0.0;0.0;76%;6.3;7.31;3.6;0.0;0.0;0.0;0.0;0.0;87;23.9;0.0;0.0;0.0;0.0;1;0.0;0.0;0.0;0.0;0.0;5.8;0.0;0.0;0.0;0.0;0.0;0.0;0.0;0;0.0;0;0;4;0.0;59;3600
Pol Ballesté;GK;32;Unknown;Second Division;Spain;0.0;2.6;0%;0.0;0%;69;0.0;0.0;0.0;70%;10.7;0.94;5.4;0.0;0.0;0.1;0.0;0.0;88;26.3;0.0;0.0;0.0;0.0;2;0.0;0.0;0.0;0.0;0.0;5.0;0.0;0.0;0.0;0.0;0.0;0.0;0.0;0;0.0;0;0;10;0.0;61;3510
Antonio Puertas;M (RL), AM (RLC);36;Unknown;Second Division;Spain;1.5;8.9;39%;0.0;8%;0;0.0;1.5;0.4;88%;22.6;0;0.5;5.2;1.2;0.7;0.4;0.8;0;40.2;2.3;11.5;1.5;1.6;22;0.3;2.1;0.0;0.3;0.2;11.7;0.3;3.0;0.1;1.3;0.9;0.1;2.9;22;0.0;30;-4.25;25;0.3;0;2896
Rubén Yáñez;GK;34;Not for Sale;Second Division;Spain;0.0;3.9;0%;0.0;0%;71;0.0;0.0;0.0;81%;6.6;1.59;3.1;0.0;0.0;0.0;0.0;0.0;91;23.6;0.0;0.0;0.0;0.0;0;0.0;0.0;0.0;0.0;0.0;5.3;0.0;0.0;0.0;0.0;0.0;0.0;0.0;0;0.0;0;0;6;0.0;45;3420
David Soria;GK;35;€75K - €750K;First Division;Spain;0.0;3.2;0%;0.0;0%;70;-0.2;0.0;0.0;92%;9.7;-6.57;1.5;0.0;0.0;0.1;0.0;0.0;88;22.9;0.0;0.0;0.0;0.0;2;0.0;0.0;0.0;0.0;0.0;5.3;0.0;0.0;0.0;0.0;0.0;0.0;0.0;0;0.0;0;0;8;0.0;63;3330
Sergio Herrera;GK;34;€600K - €1.4M;First Division;Spain;0.0;3.2;0%;0.0;0%;66;-0.2;0.0;0.0;76%;9.8;-4.48;4.0;0.0;0.0;0.1;0.0;0.0;89;23.2;0.0;0.0;0.0;0.0;3;0.0;0.0;0.0;0.0;0.0;5.2;0.0;0.0;0.0;0.0;0.0;0.0;0.0;0;0.0;0;0;6;0.0;44;2332
Nacho Vidal;D/WB (R);33;Unknown;Second Division;Spain;2.9;10.4;24%;0.1;0%;0;0.0;0.8;0.3;89%;16.3;0;1.2;6.8;2.0;1.9;0.3;0.1;0;52.4;7.0;15.8;0.8;0.9;60;0.5;0.5;0.9;0.5;0.0;11.4;0.1;4.2;0.1;2.0;2.5;0.1;2.0;25;0.4;60;-2.09;72;0.1;0;2900
David Costas;D (C);33;Unknown;Second Division;Spain;2.6;16.8;25%;0.1;0%;0;0.0;0.1;0.2;91%;2.7;0;1.1;2.9;1.1;0.5;0.1;0.1;0;42.4;2.0;2.5;0.1;0.0;21;0.1;0.3;0.6;0.5;0.0;10.0;0.1;4.4;0.1;0.1;3.1;0.0;0.1;50;0.6;70;-2.1;31;0.1;0;3549
Carlos Calderón;M/AM (RL);33;Unknown;Second Division;Spain;2.1;4.4;33%;0.0;33%;0;0.0;1.5;0.6;89%;22.2;0;0.6;9.1;1.5;1.1;0.0;0.2;0;41.6;2.4;12.2;1.5;3.7;14;1.8;0.5;0.0;0.2;0.2;11.5;0.1;4.7;0.2;6.3;2.2;0.1;8.5;22;0.2;47;1.36;15;0.1;0;1117
Aarón Escandell;GK;32;Unknown;Second Division;Spain;0.0;3.8;0%;0.0;0%;75;0.2;0.0;0.0;88%;5.4;7.61;2.3;0.0;0.0;0.0;0.0;0.0;88;25.6;0.0;0.0;0.0;0.0;1;0.0;0.0;0.0;0.0;0.0;5.4;0.0;0.0;0.0;0.0;0.0;0.0;0.0;0;0.0;0;0;4;0.0;41;3510
Nacho Gil;M (RL), AM (RLC);32;Unknown;Second Division;Spain;1.4;4.4;27%;0.0;0%;0;0.0;1.6;0.7;85%;15.5;0;0.4;9.2;1.7;1.8;0.1;0.2;0;45.0;5.8;11.2;2.5;2.0;29;0.6;0.7;0.0;0.2;0.0;12.3;0.1;2.0;0.3;5.3;0.4;0.1;18.8;13;0.1;21;-1.08;33;0.1;0;1461
Lluís;D (C);31;Not for Sale;Second Division;Spain;2.8;16.1;21%;0.1;0%;0;0.0;0.1;0.1;92%;3.0;0;1.1;3.0;1.0;0.6;0.1;0.1;0;42.3;1.8;3.9;0.1;0.0;23;0.0;0.3;0.5;0.8;0.0;9.9;0.0;3.9;0.0;0.0;3.0;0.0;0.0;0;0.6;76;-1.35;32;0.0;0;3628
Fede San Emeterio;DM, M (C);31;Not for Sale;Second Division;Spain;3.7;15.9;25%;0.1;13%;0;0.0;0.7;0.1;86%;5.3;0;1.1;6.8;1.2;0.7;0.2;0.1;0;51.4;3.9;11.1;0.7;0.0;12;0.1;0.5;0.7;0.9;0.1;11.2;0.1;1.6;0.0;0.2;0.9;0.0;0.2;33;0.1;54;0.18;23;0.1;0;1461
Miquel Parera;GK;32;Unknown;First Division;Spain;0.0;4.0;0%;0.0;0%;60;-0.4;0.0;0.0;69%;9.0;-8.23;3.5;0.0;0.0;0.0;0.0;0.0;89;25.5;0.0;0.0;0.0;0.0;0;0.0;0.0;0.0;0.0;0.0;5.2;0.0;0.0;0.0;0.0;0.0;0.0;0.0;0;0.0;0;0;2;0.0;40;1935
Sergio Ruiz;DM, M (C);33;Unknown;Second Division;Spain;0.0;9.7;47%;0.0;12%;0;0.0;0.4;0.5;0%;19.4;0;0.0;0.0;0.0;0.0;0.2;0.3;0;0.0;0.0;0.0;1.2;0.0;0;0.0;0.7;0.0;0.0;0.1;0.0;0.1;0.0;0.2;0.0;0.0;0.4;0.0;0;0.0;0;0.28;0;0.1;0;2159
Vicente Esquerdo;M/AM (C);29;Unknown;Second Division;Spain;2.3;16.1;34%;0.0;11%;0;0.0;2.0;0.3;88%;15.2;0;0.4;5.6;1.3;0.7;0.6;0.6;0;40.4;3.1;9.2;2.0;1.2;15;0.2;1.7;0.1;0.1;0.2;11.4;0.1;3.3;0.2;0.9;1.2;0.1;1.0;18;0.2;36;0.9;16;0.1;0;1895
Unai Rementeria;DM, M (C);28;Unknown;Second Division;Spain;2.2;9.5;22%;0.1;11%;0;0.0;0.6;0.2;91%;7.4;0;0.9;6.0;1.5;1.1;0.2;0.1;0;52.3;3.6;11.5;0.6;0.1;41;0.0;0.5;0.0;0.7;0.1;11.6;0.0;1.8;0.1;0.0;0.6;0.0;0.0;0;0.2;33;0.67;51;0.0;0;3463
Gexan Elosegi;D (RC), WB (R);28;Unknown;Second Division;Spain;2.9;8.5;25%;0.1;0%;0;0.0;1.4;0.1;85%;17.7;0;1.0;9.6;1.7;2.3;0.1;0.0;0;46.7;4.9;21.3;1.4;1.9;85;1.0;0.1;0.3;0.5;0.0;12.4;0.0;4.7;0.1;6.7;3.1;0.2;6.7;15;0.4;67;-0.18;97;0.0;0;3360
David Rodríguez;D/WB (RL);27;Unknown;Second Division;Spain;3.0;13.8;0%;0.1;0%;0;0.0;0.9;0.1;87%;14.3;0;0.8;7.4;1.8;1.9;0.0;0.0;0;53.6;6.9;16.7;0.9;0.5;69;0.3;0.1;1.2;0.5;0.0;11.7;0.0;3.5;0.1;2.5;1.7;0.1;2.5;13;0.5;48;-0.56;80;0.0;0;3342
Carlos Puga;D/WB/M/AM (R);27;Unknown;Second Division;Spain;3.1;12.7;17%;0.0;4%;0;0.0;1.0;0.2;88%;14.0;0;1.2;6.4;2.2;2.2;0.1;0.1;0;53.8;6.9;16.5;1.0;0.8;93;0.2;0.6;0.8;0.4;0.0;11.6;0.1;4.2;0.1;2.4;2.4;0.0;2.4;9;0.4;58;-2.48;109;0.1;0;3833
Adrián;GK;27;Unknown;First Division;Spain;0.0;2.1;0%;0.0;0%;71;-0.1;0.0;0.0;79%;11.7;-4.47;3.9;0.0;0.0;0.0;0.0;0.0;90;23.3;0.0;0.0;0.0;0.0;1;0.0;0.0;0.0;0.0;0.0;5.4;0.0;0.0;0.0;0.0;0.0;0.0;0.0;0;0.0;0;0;3;0.0;55;3450
Aitor Gelardo;DM, M (C);25;Unknown;Second Division;Spain;2.8;14.5;27%;0.1;9%;0;0.0;0.8;0.2;92%;5.6;0;0.7;5.1;1.6;1.5;0.1;0.1;0;52.0;4.2;10.5;0.8;0.0;40;0.0;0.4;0.1;0.6;0.0;11.5;0.0;2.7;0.2;0.1;1.2;0.3;0.1;0;0.5;45;0.09;59;0.0;0;2446
John Chetauya;D (RC), DM, M (C);27;Unknown;Second Division;Spain;3.1;14.3;18%;0.1;0%;0;0.0;0.2;0.1;89%;5.0;0;1.1;3.9;1.3;0.6;0.1;0.1;0;43.4;2.7;5.5;0.2;0.1;22;0.1;0.3;1.0;0.5;0.0;10.2;0.0;5.2;0.1;0.3;3.6;0.0;0.3;22;1.1;68;-0.94;35;0.0;0;3167
Javi Martón;ST (C);29;Unknown;Second Division;Spain;0.4;2.1;41%;0.0;13%;0;0.0;1.1;0.1;88%;17.2;0;0.3;1.5;0.7;0.1;0.9;1.4;0;26.9;0.9;5.9;1.1;0.2;2;0.1;3.4;0.0;0.0;0.4;10.0;0.4;8.7;0.1;0.4;2.9;0.0;0.4;23;0.1;34;2.14;2;0.4;0;2674
Fer Cortijo;D/WB (L);28;Unknown;Second Division;Spain;3.2;9.2;0%;0.0;0%;0;0.0;1.5;0.0;83%;15.0;0;0.8;6.8;1.6;1.4;0.2;0.0;0;56.4;6.8;14.0;2.6;0.6;17;0.3;0.3;0.7;0.2;0.0;11.7;0.0;4.9;0.1;4.2;2.3;0.1;6.8;7;1.0;47;-0.3;23;0.0;0;1095
Antonio Aranda;M/AM (LC);27;€600K;First Division;Spain;1.4;6.9;26%;0.0;5%;0;0.0;1.8;0.2;88%;24.1;0;0.2;5.4;1.1;0.5;0.5;0.4;0;40.5;3.2;8.7;1.8;1.4;14;0.1;1.5;0.0;0.2;0.1;11.4;0.2;2.8;0.1;0.9;0.5;0.1;0.9;13;0.1;16;-3.28;18;0.2;0;2382
Jordi Martín;D/WB/M (L), AM (RL);27;Unknown;Second Division;Spain;2.0;4.7;36%;0.1;12%;0;0.0;1.6;0.2;88%;17.1;0;0.5;8.3;2.2;1.6;0.3;0.5;0;43.1;3.1;11.8;1.7;4.4;58;0.4;1.4;0.0;0.3;0.2;11.2;0.2;3.2;0.2;2.4;0.4;0.1;2.4;18;0.0;14;0.51;72;0.2;0;3225
Sergio Santos;D (RC), WB (R);27;Unknown;Second Division;Spain;2.9;10.4;33%;0.1;10%;0;0.0;0.9;0.0;89%;15.5;0;1.1;8.0;1.8;1.3;0.2;0.2;0;55.1;7.5;13.0;0.9;0.9;44;0.6;0.6;0.5;0.6;0.1;11.0;0.0;4.4;0.0;2.6;2.3;0.1;2.6;21;0.3;52;0.48;66;0.0;0;2967
Luis López;GK;27;Unknown;Second Division;Spain;0.0;4.5;0%;0.0;0%;70;0.1;0.0;0.0;77%;6.9;5.08;2.9;0.0;0.0;0.0;0.0;0.0;89;23.5;0.0;0.0;0.0;0.0;0;0.0;0.0;0.0;0.0;0.0;5.4;0.0;0.0;0.0;0.0;0.0;0.0;0.0;0;0.0;0;0;4;0.0;37;3780
Diego Murillo;D (RLC);27;Unknown;Second Division;Spain;2.4;16.8;18%;0.1;0%;0;0.0;0.2;0.1;91%;2.9;0;1.2;2.1;0.7;0.4;0.1;0.1;0;41.9;1.6;4.6;0.2;0.1;16;0.0;0.5;0.7;0.9;0.0;10.3;0.0;5.6;0.0;0.1;3.6;0.0;0.1;0;0.9;65;-1.8;20;0.0;0;3390
Francho Serrano;DM, M (RC);26;Unknown;Second Division;Spain;0.2;13.5;19%;0.0;0%;0;0.0;0.1;0.3;100%;13.3;0;0.2;0.4;0.1;0.0;0.5;0.3;0;3.2;0.2;0.7;0.1;0.0;0;0.0;1.3;0.0;0.1;0.0;0.7;0.1;0.1;0.2;0.0;0.0;0.1;0.0;0;0.0;0;-2.83;0;0.1;0;1796
Kepa Uriarte;M/AM (LC);26;Unknown;Second Division;Spain;0.0;9.7;0%;0.0;0%;0;0.0;0.1;0.1;82%;14.2;0;0.0;0.1;0.0;0.0;0.0;0.0;0;0.7;0.1;0.3;0.1;0.1;0;0.1;0.2;0.0;0.0;0.0;0.3;0.0;0.1;0.1;0.1;0.1;0.1;0.1;50;0.0;50;-0.21;0;0.0;0;1486
Adrià Gené;AM (LC);29;Unknown;Second Division;Spain;1.4;8.5;24%;0.0;4%;0;0.0;1.6;0.0;88%;20.6;0;0.3;5.5;1.1;0.5;0.4;0.3;0;41.4;2.1;12.6;1.6;1.0;19;0.1;1.3;0.0;0.1;0.1;12.5;0.2;3.4;0.1;0.8;1.0;0.0;0.8;16;0.0;29;-3.85;27;0.2;0;3495
Óscar Sanz;D (C), DM, M (C);28;Unknown;Second Division;Spain;2.4;12.1;14%;0.0;14%;0;0.0;0.5;0.2;90%;5.1;0;0.4;4.3;1.2;1.2;0.1;0.1;0;50.5;3.0;9.1;0.5;0.1;19;0.1;0.5;0.4;0.5;0.1;11.0;0.1;2.9;0.1;0.1;1.9;0.1;0.1;100;0.5;67;-0.05;19;0.1;0;1387
Dani Sánchez;D/WB/AM (L);28;Unknown;Second Division;Spain;3.2;13.8;15%;0.1;0%;0;0.0;1.2;0.1;88%;11.9;0;1.2;7.1;2.5;2.2;0.1;0.0;0;55.7;7.4;15.4;1.2;1.0;95;0.3;0.3;0.3;0.4;0.0;11.5;0.0;3.5;0.1;2.7;2.1;0.0;2.7;9;0.3;59;-0.98;115;0.0;0;3877
Matt Turner;GK;33;€140K - €1.4M;First Division;Spain;0.0;2.4;0%;0.0;0%;75;0.5;0.1;0.0;75%;11.1;7.46;2.6;0.0;0.0;0.1;0.0;0.0;86;23.9;0.0;0.0;0.1;0.0;1;0.0;0.0;0.0;0.0;0.0;5.6;0.0;0.0;0.0;0.0;0.0;0.0;0.0;0;0.0;0;0;2;0.0;22;1350
Juan Gutiérrez;D (C), DM;28;Unknown;Second Division;Spain;3.6;13.9;16%;0.1;3%;0;0.0;0.2;0.0;91%;3.5;0;0.7;2.3;0.5;0.3;0.2;0.2;0;42.0;2.1;4.3;0.2;0.0;11;0.0;1.0;0.6;0.9;0.0;10.5;0.1;3.4;0.0;0.1;2.1;0.0;0.1;50;0.2;62;-3.78;15;0.1;0;3332
Dani Martín;GK;29;Unknown;Second Division;Spain;0.0;5.1;0%;0.0;0%;73;0.1;0.0;0.0;82%;8.2;2.13;3.3;0.0;0.0;0.1;0.0;0.0;90;24.9;0.0;0.0;0.0;0.0;3;0.0;0.0;0.0;0.0;0.0;5.9;0.0;0.0;0.0;0.0;0.0;0.0;0.0;0;0.0;0;0;8;0.0;45;3510
Jesús Álvarez;D (C), DM;28;Unknown;Second Division;Spain;2.7;14.3;27%;0.1;7%;0;0.0;0.7;0.4;93%;6.5;0;0.6;5.4;1.3;0.9;0.2;0.1;0;52.6;4.3;11.1;0.7;0.1;33;0.0;0.4;0.3;0.5;0.0;11.3;0.0;2.2;0.1;0.1;1.3;0.2;0.1;33;0.1;61;-0.45;43;0.0;0;3181
Marcos Baselga;AM (RL), ST (C);29;Unknown;Second Division;Spain;0.8;1.8;45%;0.0;13%;0;0.0;0.7;0.2;88%;21.5;0;0.2;1.2;0.6;0.1;0.5;1.0;0;25.4;0.6;5.7;0.7;0.6;5;0.1;2.2;0.0;0.2;0.3;10.6;0.3;7.4;0.1;0.4;1.8;0.0;0.4;41;0.0;24;0.92;8;0.3;0;3075
Álvaro García;D (LC), DM, M (C);28;Unknown;Second Division;Spain;2.5;14.8;15%;0.1;8%;0;0.0;0.3;0.1;91%;2.7;0;1.4;2.2;0.9;0.7;0.1;0.1;0;41.2;2.3;2.9;0.3;0.0;25;0.0;0.3;1.4;0.8;0.0;9.8;0.0;3.9;0.0;0.0;2.3;0.0;0.0;0;0.6;59;0.04;27;0.0;0;3391
Anthony Landázuri;D (C);31;Unknown;Second Division;Spain;3.2;18.3;24%;0.2;6%;0;0.0;0.4;0.0;89%;3.1;0;1.2;3.0;1.0;0.5;0.1;0.1;0;43.1;2.8;4.1;0.4;0.1;16;0.0;0.6;0.6;0.8;0.0;10.5;0.1;3.6;0.0;0.1;2.1;0.1;0.1;33;0.4;57;-1.2;24;0.1;0;2641
Kévin Appin;DM, M (C);30;Unknown;Second Division;Spain;2.2;12.1;10%;0.1;5%;0;0.0;0.7;0.2;91%;8.4;0;0.8;6.1;1.6;1.0;0.2;0.1;0;52.0;3.7;12.5;0.7;0.1;39;0.0;0.5;0.2;0.5;0.0;11.8;0.0;1.5;0.1;0.2;0.7;0.1;0.2;16;0.0;43;-0.87;49;0.0;0;3404
Antonio Perera;DM, M (C);30;Unknown;Second Division;Spain;2.2;11.0;33%;0.0;0%;0;0.0;1.0;0.2;92%;6.2;0;0.7;5.5;1.4;1.2;0.1;0.1;0;51.9;6.4;11.9;1.0;0.3;36;0.0;0.2;0.2;0.5;0.0;11.7;0.0;3.0;0.0;0.1;1.5;0.0;0.1;50;0.5;51;-0.62;42;0.0;0;2816
Mickaël Malsa;DM, M (C);32;Unknown;Second Division;Spain;0.0;12.9;29%;0.0;7%;0;0.0;0.1;0.3;100%;13.7;0;0.0;0.1;0.0;0.0;0.3;0.2;0;0.3;0.0;0.1;0.1;0.0;0;0.0;0.8;0.0;0.0;0.1;0.1;0.1;0.0;0.1;0.0;0.0;0.1;0.0;0;0.0;0;-0.13;1;0.1;0;3132
Haitam Abaida;AM (RL), ST (C);26;Unknown;Second Division;Spain;2.3;4.2;38%;0.0;18%;0;0.0;2.0;0.1;89%;19.3;0;0.5;9.1;1.6;1.2;0.5;0.5;0;42.1;3.7;12.8;2.0;4.4;34;1.1;1.5;0.0;0.2;0.3;11.5;0.1;3.3;0.1;3.7;0.5;0.1;7.8;18;0.0;16;4.05;41;0.1;0;2469
Iago López;D (R);29;Unknown;Second Division;Spain;3.3;10.6;24%;0.1;6%;0;0.0;0.7;0.1;86%;15.8;0;1.1;8.0;1.3;1.5;0.4;0.2;0;52.3;7.4;14.5;0.7;0.9;58;0.3;0.9;0.8;0.7;0.1;11.7;0.1;3.6;0.1;1.4;1.9;0.0;1.9;16;0.2;53;-1.03;72;0.1;0;3469
Fernando Medrano;D/WB (L);28;Unknown;Second Division;Spain;3.1;11.7;0%;0.0;0%;0;0.0;1.1;0.5;85%;15.9;0;1.2;10.0;2.2;2.6;0.0;0.0;0;48.6;5.6;21.7;1.1;2.5;61;0.8;0.0;0.2;0.5;0.0;12.2;0.0;2.4;0.1;4.0;1.1;0.1;6.2;20;0.3;45;-0.05;71;0.0;0;2146
Diego Percan;M (R), AM (RL), ST (C);26;Unknown;Second Division;Spain;0.7;2.9;41%;0.0;14%;0;0.0;1.2;0.2;88%;21.7;0;0.3;4.7;1.3;0.5;1.1;1.7;0;30.6;2.0;8.2;1.2;1.3;9;0.5;4.3;0.0;0.1;0.6;11.0;0.4;5.8;0.1;1.6;2.0;0.0;1.6;29;0.1;34;2.61;13;0.4;0;1500
Duk;AM (L), ST (C);28;Unknown;Second Division;Spain;1.2;2.6;50%;0.0;25%;0;0.0;1.3;0.3;87%;21.2;0;0.3;5.6;1.9;1.0;0.4;0.7;0;34.4;2.0;9.4;1.3;3.7;23;0.4;1.4;0.0;0.0;0.4;10.9;0.2;5.3;0.1;2.2;2.2;0.0;2.2;17;0.1;43;4.43;36;0.2;0;2043
Mamadou Loum;DM, M (C);31;Unknown;Second Division;Spain;3.1;13.0;56%;0.1;22%;0;0.0;0.6;0.2;91%;5.9;0;1.0;5.2;1.5;1.2;0.1;0.2;0;49.6;3.7;10.5;0.6;0.2;24;0.1;0.4;0.1;0.4;0.1;11.1;0.0;3.1;0.1;0.1;1.7;0.1;0.1;66;0.7;56;1.28;37;0.0;0;1841
Dani Rebollo;GK;28;Unknown;Second Division;Spain;0.0;3.8;0%;0.0;0%;74;0.1;0.0;0.0;80%;7.2;4.19;3.1;0.0;0.0;0.1;0.0;0.0;88;24.2;0.0;0.0;0.0;0.0;2;0.0;0.0;0.0;0.0;0.0;5.0;0.0;0.0;0.0;0.0;0.0;0.0;0.0;0;0.0;0;0;10;0.0;49;3205
Valery;D/WB/M/AM (RL);28;Unknown;Second Division;Spain;2.5;6.2;32%;0.0;11%;0;0.0;1.4;0.2;91%;16.5;0;0.6;7.5;1.3;1.0;0.4;0.5;0;46.5;4.5;14.8;1.4;2.3;13;0.0;1.5;0.1;0.3;0.2;11.7;0.2;4.3;0.1;1.6;1.4;0.2;1.6;0;0.1;33;-0.72;19;0.2;0;1152
Chumi;D (C);29;Unknown;First Division;Spain;2.5;14.0;25%;0.1;13%;0;0.0;0.1;0.0;89%;4.1;0;0.9;3.0;0.9;0.5;0.1;0.1;0;41.9;1.8;3.5;0.1;0.0;16;0.0;0.3;1.1;0.5;0.0;10.0;0.0;6.0;0.0;0.1;3.8;0.0;0.1;50;1.4;64;0.24;22;0.0;0;2621
Edu Frías;GK;29;Unknown;Second Division;Spain;0.0;2.8;0%;0.0;0%;62;-0.5;0.0;0.0;79%;9.6;-16.97;3.2;0.0;0.0;0.0;0.0;0.0;88;23.5;0.0;0.0;0.0;0.0;1;0.0;0.0;0.0;0.0;0.0;5.1;0.0;0.0;0.0;0.0;0.0;0.0;0.0;0;0.0;0;0;5;0.0;62;3330
Kwasi Sibo;DM, M (C);30;Unknown;Second Division;Spain;0.3;11.6;33%;0.0;7%;0;0.0;0.2;0.2;92%;15.3;0;0.2;0.8;0.2;0.1;0.1;0.1;0;7.6;0.8;1.7;0.2;0.0;5;0.0;0.4;0.1;0.1;0.0;1.8;0.0;0.2;0.1;0.0;0.0;0.1;0.0;0;0.0;13;-0.5;8;0.0;0;3095
Lucas Alcázar;D/WB (L);25;Unknown;Second Division;Spain;3.4;12.4;10%;0.1;10%;0;0.0;1.2;0.2;89%;14.3;0;1.0;6.7;2.3;2.0;0.0;0.0;0;55.8;7.2;17.4;1.8;0.8;82;0.4;0.2;0.4;0.4;0.0;12.1;0.0;3.2;0.1;2.7;1.7;0.0;4.5;16;0.2;53;-0.42;122;0.0;0;3607
Jaume Jardí;AM (RLC), ST (C);26;Unknown;Second Division;Spain;2.0;4.7;29%;0.0;13%;0;0.0;1.7;0.3;92%;16.0;0;0.6;8.7;1.9;1.2;0.5;0.5;0;43.9;3.4;11.7;2.4;3.5;42;0.6;1.7;0.0;0.3;0.2;11.1;0.2;3.2;0.1;3.0;1.0;0.1;7.9;16;0.0;31;-1.47;50;0.2;0;3052
Ángel Recio;D (C);25;Unknown;Second Division;Spain;3.3;15.5;25%;0.1;0%;0;0.0;0.1;0.0;93%;2.5;0;1.4;2.3;0.7;0.3;0.1;0.1;0;42.1;1.9;3.8;0.1;0.0;12;0.0;0.3;0.6;1.0;0.0;9.8;0.0;5.8;0.0;0.0;3.8;0.0;0.0;0;0.7;65;-1.24;17;0.0;0;3885
Slavy;ST (C);26;Unknown;Second Division;Spain;0.7;2.2;46%;0.0;19%;0;0.0;0.9;0.0;89%;17.2;0;0.1;1.6;0.7;0.2;1.1;1.3;0;24.5;0.8;5.2;1.4;0.6;4;0.1;2.8;0.0;0.1;0.5;10.0;0.3;8.3;0.0;0.5;2.1;0.0;7.5;6;0.2;25;4.67;5;0.3;0;2197
Pitu;M/AM (C);30;Unknown;Second Division;Spain;1.5;7.5;46%;0.0;8%;0;0.0;1.3;0.0;94%;23.7;0;0.3;3.4;0.6;0.4;0.3;0.3;0;41.3;2.0;10.4;1.3;1.1;7;0.3;0.7;0.0;0.2;0.1;12.0;0.1;4.1;0.0;0.9;0.9;0.0;0.9;29;0.1;22;-0.31;9;0.1;0;1706
Álex Jiménez;AM (RL), ST (C);24;Unknown;Second Division;Spain;1.6;3.4;33%;0.0;19%;0;0.0;2.2;0.1;88%;17.5;0;0.5;8.7;1.7;1.3;0.4;0.4;0;42.5;4.3;10.7;2.2;2.3;24;0.4;1.1;0.0;0.1;0.2;11.0;0.1;4.1;0.1;2.4;0.2;0.2;2.4;15;0.1;5;1.87;31;0.1;0;1702
Carlos Rojas;M/AM (R), ST (C);26;Unknown;Second Division;Spain;2.4;3.4;38%;0.0;13%;0;0.0;0.8;0.4;88%;17.9;0;1.1;7.7;1.6;0.6;0.5;0.5;0;40.4;2.1;12.5;0.8;5.1;7;1.0;1.3;0.0;0.7;0.2;11.2;0.2;4.4;0.2;5.4;0.7;0.0;5.4;18;0.0;17;0.01;9;0.2;0;1094
Ilyas Chaira;AM (RLC), ST (C);27;Unknown;Second Division;Spain;1.3;8.9;27%;0.1;4%;0;0.0;1.8;0.1;87%;19.4;0;0.4;5.1;1.3;0.5;0.3;0.4;0;42.6;2.5;10.2;2.2;1.9;17;0.2;1.6;0.0;0.1;0.1;12.0;0.2;2.8;0.3;0.7;1.0;0.3;5.7;15;0.1;34;-5.86;29;0.2;0;2889
David Torres;D (C);25;Unknown;First Division;Spain;3.4;15.5;0%;0.3;0%;0;0.0;0.2;0.0;89%;2.8;0;1.2;2.4;0.7;0.5;0.0;0.0;0;39.8;1.6;4.3;0.2;0.0;6;0.1;0.3;2.1;1.0;0.0;10.2;0.0;6.3;0.0;0.1;4.4;0.1;0.1;100;1.1;69;-0.36;8;0.0;0;1029
Manu Rico;M/AM (C);25;Unknown;Second Division;Spain;1.5;9.6;40%;0.0;16%;0;0.0;1.9;0.3;91%;18.9;0;0.5;5.3;1.0;0.4;0.6;0.6;0;41.2;2.6;10.4;2.1;1.6;16;0.1;1.6;0.0;0.2;0.3;12.1;0.1;3.0;0.2;0.8;0.5;0.2;1.9;11;0.0;17;3.91;23;0.2;0;3774
Adam Jakobsen;AM (RLC), ST (C);29;Unknown;Second Division;Spain;0.9;2.9;47%;0.0;11%;0;0.0;1.0;0.1;89%;20.9;0;0.3;3.1;0.7;0.3;0.8;1.2;0;29.1;1.3;6.5;1.0;1.2;9;0.2;2.6;0.0;0.3;0.3;10.1;0.3;7.1;0.1;0.7;2.1;0.1;0.7;25;0.1;30;0.47;15;0.3;0;3116
Dinko Horkaš;GK;29;Unknown;Second Division;Spain;0.0;3.6;0%;0.0;0%;72;0.0;0.0;0.0;86%;7.4;0.73;1.6;0.0;0.0;0.0;0.0;0.0;88;24.0;0.0;0.0;0.0;0.0;0;0.0;0.0;0.0;0.0;0.0;5.3;0.0;0.0;0.0;0.0;0.0;0.0;0.0;0;0.0;0;0;3;0.0;47;3761
Awer Mabil;M (R), AM (RL);32;Unknown;Second Division;Spain;2.1;5.5;20%;0.0;10%;0;0.0;1.4;0.6;90%;15.5;0;0.1;7.8;2.1;1.4;0.7;0.4;0;44.3;3.7;13.3;1.4;4.1;16;0.5;1.8;0.0;0.2;0.2;11.7;0.2;3.6;0.1;2.8;0.6;0.0;2.8;19;0.0;18;0.21;17;0.2;0;1003
Tai Abed;M (RC), AM (RLC);23;Unknown;Second Division;Spain;0.9;6.6;33%;0.0;13%;0;0.0;1.0;0.2;87%;17.8;0;0.2;4.8;1.1;0.9;0.4;0.4;0;21.6;2.2;7.3;1.7;1.2;18;0.5;1.2;0.0;0.1;0.2;6.0;0.1;1.8;0.2;1.5;0.8;0.3;2.2;30;0.0;43;0.18;19;0.1;0;1751
Javi Moreno;D (RC);28;Unknown;Second Division;Spain;3.3;12.4;30%;0.0;0%;0;0.0;0.9;0.1;87%;16.4;0;1.3;7.8;1.3;1.6;0.2;0.3;0;53.5;6.7;13.7;0.9;0.6;50;0.2;1.0;0.7;0.7;0.0;11.2;0.1;5.4;0.1;1.9;4.1;0.0;1.9;11;0.6;76;-3.92;61;0.1;0;2840
Joaquín Delgado;ST (C);26;Unknown;Second Division;Spain;0.6;1.6;51%;0.0;15%;0;0.0;0.9;0.2;87%;20.9;0;0.3;1.7;0.6;0.1;1.2;1.8;0;25.7;0.7;5.7;0.9;0.7;4;0.0;3.4;0.0;0.1;0.5;10.4;0.3;7.6;0.1;0.6;2.3;0.2;0.6;5;0.1;30;4.61;7;0.4;0;2812
Willy;AM (C), ST (C);24;Unknown;Second Division;Spain;0.9;1.2;40%;0.0;12%;0;0.0;1.0;0.2;90%;17.5;0;0.2;1.5;0.5;0.2;0.7;1.0;0;27.1;0.7;3.7;1.0;0.8;6;0.0;2.6;0.0;0.1;0.3;9.7;0.3;9.8;0.0;0.2;3.0;0.1;0.2;0;0.0;31;-0.77;7;0.3;0;2667
Abiel Osorio;ST (C);25;Unknown;Second Division;Spain;1.5;3.6;42%;0.0;15%;0;0.0;0.6;0.1;91%;15.3;0;0.3;3.0;0.9;0.4;1.2;1.7;0;34.6;1.4;9.8;0.6;1.6;7;0.2;4.1;0.3;0.2;0.6;10.6;0.5;6.5;0.1;0.6;2.4;0.0;0.6;30;0.1;37;2.41;13;0.5;0;1630
Thiago Ojeda;M (C), AM (RLC), ST (C);25;Unknown;Second Division;Spain;0.5;3.8;47%;0.0;19%;0;0.0;0.6;0.3;85%;18.5;0;0.0;0.9;0.4;0.2;0.5;0.8;0;19.8;0.4;4.3;0.6;0.6;4;0.0;1.7;0.0;0.1;0.3;7.8;0.2;6.1;0.2;0.2;1.3;0.0;2.4;11;0.1;21;3.79;5;0.2;0;2236
Agustín Sienra;D (LC);28;Unknown;Second Division;Spain;3.2;16.9;9%;0.2;0%;0;0.0;0.1;0.1;94%;2.7;0;1.0;3.1;1.0;0.5;0.1;0.0;0;41.4;2.0;3.2;0.1;0.0;20;0.0;0.3;0.5;0.8;0.0;9.8;0.0;3.7;0.1;0.1;2.2;0.0;0.1;20;0.4;60;-0.81;30;0.0;0;3834
Rafa Rodríguez;DM, M/AM (C);24;Unknown;Second Division;Spain;1.7;10.6;18%;0.0;0%;0;0.0;0.7;0.3;92%;7.2;0;0.8;5.2;1.4;0.9;0.6;0.2;0;49.7;4.0;10.2;1.9;0.4;15;0.1;1.0;0.0;0.6;0.0;10.9;0.1;1.9;0.3;0.2;0.8;0.0;0.2;25;0.1;42;-1.86;18;0.1;0;1533
Saúl Del Cerro;D (LC), DM, M (C);24;€250K;Second Division;Spain;3.0;15.6;0%;0.1;0%;0;0.0;0.3;0.3;86%;4.2;0;1.2;2.8;0.9;0.5;0.1;0.0;0;42.5;1.9;5.6;0.3;0.0;11;0.0;0.5;0.4;1.0;0.0;10.4;0.1;3.7;0.0;0.2;2.4;0.1;0.2;0;0.3;66;-1.25;17;0.1;0;2091
Lautaro Valenti;D (LC);29;Unknown;First Division;Spain;2.9;11.5;33%;0.1;33%;0;0.0;0.2;0.2;90%;4.1;0;0.9;2.2;0.7;0.5;0.2;0.1;0;41.4;1.7;4.1;0.2;0.0;8;0.0;0.4;1.1;0.5;0.1;10.2;0.0;4.9;0.0;0.0;3.4;0.1;0.0;0;1.1;70;1.34;8;0.0;0;1501
Raúl Pereira;D/AM (L);23;Unknown;Second Division;Spain;3.0;10.7;0%;0.1;0%;0;0.0;0.9;0.0;87%;17.4;0;0.7;7.4;1.7;1.8;0.0;0.0;0;56.8;7.1;15.3;0.9;1.2;63;0.3;0.1;0.7;0.5;0.0;11.5;0.0;3.3;0.0;1.4;1.4;0.0;1.4;18;0.1;42;-1.04;86;0.0;0;3150
Facundo Agüero;D (C);33;Unknown;Second Division;Spain;3.5;12.7;0%;0.1;0%;0;0.0;0.2;0.1;86%;5.2;0;1.4;2.3;1.1;0.6;0.0;0.0;0;43.1;2.3;3.1;0.2;0.0;9;0.1;0.1;0.4;0.6;0.0;9.3;0.0;6.8;0.0;0.1;5.6;0.0;0.1;100;1.8;82;-0.02;11;0.0;0;1280
Michael Agbekpornu;D (C), DM, M (C);29;€16K - €55K;Second Division;Spain;2.4;10.3;0%;0.1;0%;0;0.0;0.7;0.0;90%;6.1;0;0.9;5.6;0.9;0.9;0.0;0.0;0;52.0;3.3;12.2;0.7;0.1;11;0.0;0.1;0.1;0.3;0.0;11.5;0.0;2.8;0.1;0.1;1.3;0.1;0.1;0;0.4;47;-0.12;15;0.0;0;1079
Sebastián Figueredo;D/WB (R);26;Unknown;Second Division;Spain;3.0;10.0;27%;0.0;8%;0;0.0;0.5;0.0;86%;18.1;0;0.7;6.6;2.0;1.6;0.2;0.2;0;53.7;6.7;14.3;0.5;0.8;61;0.5;0.7;0.2;0.4;0.1;11.4;0.1;4.0;0.1;2.1;2.1;0.0;2.1;25;0.1;54;-2.01;79;0.1;0;3336
Mawuli Mensah;DM, M (C);24;Unknown;Second Division;Spain;0.0;9.3;48%;0.0;20%;0;0.0;0.2;0.3;0%;17.7;0;0.0;0.0;0.0;0.0;0.3;0.4;0;0.0;0.0;0.0;0.2;0.0;0;0.0;0.9;0.0;0.0;0.2;0.0;0.1;0.0;0.2;0.0;0.0;0.2;0.0;0;0.0;0;2.24;0;0.1;0;2460
Pau Sans;AM (RL), ST (C);23;Unknown;Second Division;Spain;1.6;5.0;17%;0.0;8%;0;0.0;1.0;0.0;89%;21.1;0;0.2;6.7;2.0;0.9;0.7;0.3;0;37.1;2.5;11.7;1.0;3.5;16;0.6;2.1;0.1;0.2;0.2;10.2;0.2;3.4;0.1;2.4;0.8;0.1;2.4;23;0.0;24;-0.46;24;0.2;0;1543
Alejandro Iturbe;GK;24;Unknown;Second Division;Spain;0.0;4.2;0%;0.0;0%;75;0.2;0.0;0.0;81%;6.3;7.65;3.0;0.0;0.0;0.0;0.0;0.0;90;23.9;0.0;0.0;0.0;0.0;0;0.0;0.0;0.0;0.0;0.0;5.2;0.0;0.0;0.0;0.0;0.0;0.0;0.0;0;0.0;0;0;0;0.0;27;3015
Guille Torres;D (C);28;Unknown;Second Division;Spain;3.1;13.1;17%;0.1;0%;0;0.0;0.2;0.0;88%;3.8;0;0.9;2.9;1.0;0.3;0.0;0.0;0;43.5;2.1;3.3;0.2;0.0;12;0.0;0.2;0.7;0.7;0.0;9.6;0.0;6.6;0.0;0.0;4.9;0.0;0.0;0;0.7;74;-0.63;12;0.0;0;3206
Yakiv Kinareikin;GK;24;€2.1M;Second Division;Spain;0.0;4.0;0%;0.0;0%;74;0.2;0.0;0.0;80%;7.5;8.53;3.5;0.0;0.0;0.0;0.0;0.0;88;23.4;0.0;0.0;0.0;0.0;0;0.0;0.0;0.0;0.0;0.0;5.7;0.0;0.0;0.0;0.0;0.0;0.0;0.0;0;0.0;0;0;5;0.0;48;3233
Iván Gil;M/AM (LC);28;Unknown;Second Division;Spain;0.1;10.7;39%;0.0;22%;0;0.0;0.1;0.3;83%;12.2;0;0.0;0.5;0.2;0.0;0.4;0.4;0;2.4;0.2;0.9;0.3;0.3;1;0.1;1.0;0.0;0.0;0.2;0.6;0.1;0.1;0.1;0.1;0.0;0.0;0.1;100;0.0;0;2.43;1;0.1;0;1995
Alberto Escudero;D/WB (R);31;Unknown;Second Division;Spain;3.4;8.9;20%;0.0;0%;0;0.0;0.9;0.3;85%;14.6;0;1.1;5.4;1.5;0.9;0.1;0.1;0;49.5;5.8;13.5;0.9;0.5;18;0.9;0.5;0.9;0.5;0.0;11.2;0.1;5.0;0.1;2.5;2.0;0.1;2.5;34;0.5;39;-1.68;26;0.1;0;1793
Pablo Moreno;AM (RLC), ST (C);26;Unknown;Second Division;Spain;0.5;1.4;49%;0.0;12%;0;0.0;1.4;0.2;87%;23.2;0;0.2;1.6;0.7;0.2;0.9;1.4;0;24.4;1.0;5.5;1.4;0.6;5;0.2;2.9;0.0;0.1;0.3;10.3;0.3;7.3;0.1;0.5;1.7;0.2;0.5;33;0.1;23;-1.31;9;0.4;0;2592
Jaume Cuéllar;AM (RLC);26;Unknown;Second Division;Spain;1.7;4.3;12%;0.0;4%;0;0.0;1.6;0.2;90%;18.5;0;0.3;7.8;2.1;1.3;0.3;0.1;0;44.8;3.4;11.2;1.6;4.5;34;0.8;1.0;0.0;0.3;0.0;10.7;0.1;3.2;0.1;3.4;0.8;0.1;3.6;22;0.0;26;-2.92;47;0.1;0;2429
Txus Alba;M/AM (C);25;Unknown;Second Division;Spain;0.0;11.0;32%;0.0;18%;0;0.0;0.2;0.4;0%;17.0;0;0.0;0.0;0.0;0.0;0.1;0.2;0;0.0;0.0;0.0;0.2;0.0;0;0.0;0.6;0.0;0.0;0.1;0.0;0.1;0.0;0.2;0.0;0.0;0.2;0.1;0;0.0;0;1.94;0;0.1;0;3391
Yann Kembo;D (C);26;Unknown;Second Division;Spain;3.1;13.6;24%;0.3;5%;0;0.0;0.2;0.0;87%;4.2;0;1.2;2.6;0.8;0.5;0.1;0.1;0;42.2;1.9;4.1;0.2;0.0;19;0.0;0.6;0.4;0.8;0.0;10.2;0.1;5.8;0.0;0.1;4.4;0.1;0.1;25;1.0;76;-1.03;24;0.1;0;3431
Juan Palomares;GK;27;Unknown;Second Division;Spain;0.0;2.9;0%;0.0;0%;75;0.1;0.0;0.0;79%;8.0;4.81;3.9;0.0;0.0;0.0;0.0;0.0;89;25.1;0.0;0.0;0.0;0.0;1;0.0;0.0;0.0;0.0;0.0;5.2;0.0;0.0;0.0;0.0;0.0;0.0;0.0;0;0.0;0;0;4;0.0;35;3270
Simón Luca;D (LC), WB (L), DM;28;Unknown;Second Division;Spain;3.0;11.9;0%;0.0;0%;0;0.0;1.0;0.2;87%;14.5;0;1.4;6.6;2.0;1.3;0.0;0.0;0;57.0;6.1;13.0;1.0;0.4;37;0.4;0.0;1.3;0.5;0.0;11.5;0.0;4.8;0.1;3.8;3.8;0.1;3.8;11;0.8;79;-0.04;51;0.0;0;2512
Antonio Fernández;AM (R), ST (C);30;Unknown;Second Division;Spain;0.3;0.2;52%;0.0;10%;0;0.0;1.0;0.1;90%;25.0;0;0.1;1.8;0.9;0.2;1.7;2.1;0;25.2;0.5;3.9;1.0;0.6;2;0.2;4.0;0.0;0.1;0.4;9.5;0.4;8.5;0.0;1.0;2.6;0.0;1.0;15;0.1;31;-0.08;3;0.4;0;1132
Marc-Olivier Doué;D (C), DM, M (C);27;Unknown;Second Division;Spain;2.5;17.4;27%;0.0;0%;0;0.0;0.4;0.1;92%;3.9;0;1.2;3.1;0.9;0.6;0.2;0.1;0;44.0;2.4;5.4;0.4;0.0;25;0.0;0.5;0.6;0.9;0.0;10.3;0.1;3.7;0.0;0.0;2.3;0.1;0.0;0;0.4;62;-2.46;34;0.1;0;3737
Juanjo Sánchez;DM, M (C);28;Unknown;Second Division;Spain;2.2;13.3;17%;0.1;8%;0;0.0;0.5;0.2;93%;6.5;0;0.8;5.6;1.4;1.1;0.1;0.1;0;50.9;3.5;12.0;0.5;0.2;36;0.0;0.4;0.2;0.6;0.0;11.5;0.0;1.7;0.1;0.1;0.9;0.0;0.1;50;0.0;52;0.59;41;0.0;0;2906
Visar Musliu;D (C);33;Unknown;Second Division;Spain;3.0;12.4;14%;0.2;0%;0;0.0;0.2;0.1;91%;4.2;0;1.3;2.6;0.9;0.5;0.1;0.1;0;42.2;2.1;3.7;0.2;0.0;18;0.0;0.4;0.7;1.0;0.0;9.8;0.1;4.4;0.0;0.0;2.8;0.1;0.0;0;0.9;62;-2.4;25;0.1;0;3005
Enzo Loiodice;M/AM (C);27;Unknown;Second Division;Spain;0.0;13.6;13%;0.0;0%;0;0.0;0.3;0.3;88%;12.9;0;0.0;0.2;0.0;0.0;0.2;0.0;0;1.7;0.2;0.4;0.3;0.0;0;0.0;0.4;0.0;0.0;0.0;0.4;0.0;0.0;0.2;0.0;0.0;0.3;0.0;0;0.0;100;-0.56;0;0.0;0;1825
Ousmane Camara;ST (C);26;Unknown;Second Division;Spain;0.8;4.0;58%;0.0;26%;0;0.0;1.0;0.1;89%;17.0;0;0.1;1.3;0.7;0.3;1.1;1.5;0;32.6;1.4;5.8;1.0;0.6;6;0.2;2.6;0.0;0.1;0.7;9.8;0.2;7.1;0.1;0.5;2.6;0.0;0.5;50;0.2;37;9.27;8;0.2;0;1867
Samed Baždar;AM (RLC), ST (C);24;Unknown;Second Division;Spain;0.6;2.0;51%;0.0;15%;0;0.0;1.4;0.2;88%;19.4;0;0.2;2.0;0.8;0.2;1.0;1.3;0;25.5;1.0;5.6;1.4;0.7;6;0.2;2.6;0.0;0.1;0.4;10.1;0.3;7.7;0.2;0.5;2.6;0.2;0.5;50;0.2;35;2.93;10;0.3;0;2245
Pepe Sánchez;D (C);28;Unknown;Second Division;Spain;2.5;14.9;0%;0.1;0%;0;0.0;0.1;0.1;92%;3.7;0;1.2;2.4;1.0;0.4;0.0;0.0;0;41.9;2.1;3.1;0.1;0.0;16;0.0;0.3;1.0;0.7;0.0;9.6;0.0;5.3;0.0;0.0;3.4;0.0;0.0;0;1.5;64;-1.81;27;0.0;0;3408
Uri;D (RC), DM;28;Unknown;Second Division;Spain;2.8;9.6;15%;0.0;0%;0;0.0;1.3;0.2;86%;18.1;0;1.3;6.8;1.7;1.6;0.2;0.1;0;50.3;7.4;14.2;1.3;0.5;57;0.4;0.6;0.9;0.4;0.0;11.5;0.1;5.2;0.1;1.8;3.0;0.1;1.8;20;0.8;58;-2.94;72;0.1;0;3160
Fabrizio Brignani;D (RC);30;Unknown;Second Division;Spain;2.9;12.3;6%;0.1;3%;0;0.0;0.6;0.0;87%;11.2;0;1.2;5.9;1.4;1.1;0.2;0.0;0;48.7;6.0;11.6;0.6;0.5;46;0.1;0.8;0.6;0.9;0.0;10.8;0.1;5.4;0.0;1.3;3.6;0.0;1.3;7;0.5;66;-2.1;60;0.1;0;3712
Corentin Louakima;D/WB (R);25;Unknown;Second Division;Spain;3.6;8.7;50%;0.0;10%;0;0.0;1.0;0.2;88%;12.8;0;0.7;3.6;1.3;0.8;0.2;0.2;0;52.1;6.8;11.5;1.0;0.5;16;0.3;0.5;0.5;0.2;0.0;11.2;0.0;4.7;0.1;2.1;2.9;0.1;2.1;13;0.5;63;-0.01;22;0.0;0;1897
André Horta;DM, M/AM (C);31;€275K;First Division;Spain;0.7;8.8;44%;0.0;0%;0;0.0;0.4;0.3;90%;12.9;0;0.4;2.0;0.5;0.5;0.1;0.2;0;16.4;1.8;3.1;0.5;0.1;8;0.0;0.5;0.0;0.2;0.0;4.0;0.1;0.5;0.2;0.0;0.2;0.1;1.8;13;0.0;38;-0.96;8;0.1;0;1489
Alex Dobre;AM (RL), ST (C);29;€90K - €900K;First Division;Spain;2.1;2.0;41%;0.0;4%;0;0.0;1.1;0.2;89%;24.1;0;0.3;8.4;1.9;0.9;0.7;0.9;0;40.1;3.1;13.5;1.3;3.0;10;0.6;2.3;0.0;0.3;0.1;11.3;0.3;4.8;0.1;3.3;2.1;0.0;3.3;18;0.0;45;-2.49;11;0.3;0;1048
Daniel Paraschiv;ST (C);29;€250K - €2.5M;Second Division;Spain;0.5;1.9;51%;0.0;13%;0;0.0;1.3;0.1;89%;19.3;0;0.1;1.4;0.8;0.4;0.9;1.6;0;28.4;1.0;5.6;1.3;0.5;10;0.1;3.2;0.0;0.1;0.4;9.8;0.3;7.9;0.1;0.5;2.8;0.0;0.5;30;0.1;35;2.42;11;0.3;0;2558
Jhon Solís;DM, M (C);23;€1.1M - €11M;First Division;Spain;2.6;8.7;17%;0.3;0%;0;0.0;0.7;0.1;91%;6.1;0;0.8;6.5;1.5;1.4;0.4;0.2;0;51.7;6.3;11.2;0.7;0.0;19;0.0;1.3;0.2;0.4;0.0;10.7;0.2;2.7;0.1;0.1;1.9;0.1;0.1;0;0.4;71;-2.46;21;0.2;0;1265
Marcos Moreno;ST (C);24;Unknown;Second Division;Spain;0.8;1.7;53%;0.0;16%;0;0.0;1.0;0.2;90%;20.9;0;0.3;1.4;0.4;0.1;0.9;1.4;0;24.7;0.8;5.5;1.0;0.8;4;0.0;2.6;0.0;0.1;0.4;10.5;0.3;8.4;0.1;0.2;2.5;0.0;0.2;12;0.0;29;5.47;5;0.3;0;3220
Stanley Nsoki;D (LC), WB (L);29;€240K - €2.4M;First Division;Spain;2.7;12.0;0%;0.1;0%;0;0.0;0.2;0.1;92%;7.1;0;1.0;4.1;1.1;0.8;0.0;0.0;0;45.3;3.0;7.3;0.2;0.4;19;0.1;0.1;0.6;0.5;0.0;10.5;0.0;4.7;0.0;0.3;3.2;0.0;0.3;28;1.0;68;-0.42;26;0.0;0;2058
Juan Pablo Romero;GK;30;Unknown;Premier Division;Sweden;0.0;4.4;0%;0.0;0%;72;0.1;0.0;0.0;75%;8.3;1.26;3.0;0.0;0.0;0.0;0.0;0.0;88;24.1;0.0;0.0;0.0;0.0;0;0.0;0.0;0.0;0.0;0.0;5.4;0.0;0.0;0.0;0.0;0.0;0.0;0.0;0;0.0;0;0;2;0.0;19;1260
Daouda Amadou;DM, M (C);25;Unknown;Premier Division;Sweden;2.4;16.0;63%;0.1;13%;0;0.0;0.9;0.3;89%;4.8;0;1.6;6.6;0.8;0.5;0.3;0.3;0;51.5;4.9;11.4;0.9;0.1;7;0.0;0.5;0.3;1.1;0.1;11.2;0.0;1.6;0.2;0.1;0.6;0.2;0.1;0;0.0;38;0.32;12;0.0;0;1360
Martin Moormann;D (LC);27;Unknown;Premier Division;Sweden;2.7;14.3;0%;0.2;0%;0;0.0;0.0;0.0;87%;3.7;0;1.1;2.2;0.9;0.5;0.0;0.0;0;41.0;1.8;4.9;0.0;0.1;8;0.0;0.1;0.5;0.7;0.0;10.0;0.0;4.7;0.1;0.0;2.5;0.0;0.0;0;1.5;54;-0.02;12;0.0;0;1380
Femi Awodesu;D (C);27;Unknown;Premier Division;Sweden;2.6;15.8;50%;0.2;0%;0;0.0;0.1;0.0;86%;2.8;0;1.3;3.6;1.8;1.1;0.0;0.1;0;44.4;3.2;4.0;0.1;0.0;13;0.0;0.2;0.3;0.3;0.0;9.9;0.0;6.8;0.0;0.2;5.3;0.0;0.2;0;0.8;77;-0.17;13;0.0;0;1110
Mikael Anderson;DM, M (C), AM (LC);29;Unknown;Premier Division;Sweden;2.3;10.0;35%;0.0;15%;0;0.0;1.8;0.1;85%;19.4;0;0.5;5.8;0.6;0.2;0.4;0.6;0;41.4;2.7;9.4;1.8;1.9;3;0.0;1.7;0.0;0.3;0.2;11.5;0.2;2.6;0.2;0.4;0.6;0.2;0.4;0;0.0;23;0.76;5;0.2;0;1084
Tobias Anker;D (C);27;Unknown;Premier Division;Sweden;2.6;13.9;50%;0.3;0%;0;0.0;0.4;0.1;88%;3.9;0;1.6;3.1;0.8;0.5;0.0;0.1;0;39.9;2.2;4.8;0.4;0.1;6;0.0;0.2;1.3;1.1;0.0;10.3;0.0;6.4;0.0;0.0;4.7;0.0;0.0;0;1.1;73;-0.24;10;0.0;0;1096
Andreas Pyndt;DM, M (C);27;Unknown;Premier Division;Sweden;3.0;12.7;17%;0.2;8%;0;0.0;0.8;0.2;91%;6.6;0;0.8;6.7;1.7;1.1;0.3;0.2;0;51.3;5.9;10.6;1.2;0.1;14;0.1;0.9;0.0;0.5;0.1;11.9;0.2;1.1;0.2;0.2;0.2;0.1;1.3;17;0.1;20;-1.66;22;0.2;0;1176
Frederik Winther;D (LC);27;Unknown;Premier Division;Sweden;2.3;17.6;40%;0.1;0%;0;0.0;0.3;0.1;94%;2.6;0;0.7;3.4;1.2;0.8;0.0;0.1;0;43.1;2.3;3.9;0.3;0.1;12;0.0;0.3;0.8;0.3;0.0;9.7;0.0;5.9;0.0;0.2;4.0;0.1;0.2;0;1.4;68;-0.71;14;0.0;0;1384
Frederik Ihler;ST (C);24;Unknown;Premier Division;Sweden;0.8;1.8;55%;0.0;10%;0;0.0;1.1;0.1;91%;20.6;0;0.4;0.8;0.2;0.0;0.7;1.8;0;26.6;0.8;8.6;1.1;1.6;0;0.0;3.3;0.0;0.1;0.3;10.7;0.4;7.9;0.0;0.1;1.3;0.2;0.1;0;0.0;17;-1.66;0;0.4;0;1156
Filippo Oliana;D (RC);28;Unknown;Premier Division;Sweden;2.9;17.3;40%;0.0;0%;0;0.0;0.0;0.0;93%;2.5;0;1.3;2.9;0.5;0.5;0.2;0.2;0;42.1;1.4;4.2;0.0;0.0;6;0.0;0.4;0.8;1.1;0.0;10.1;0.0;6.4;0.1;0.1;4.2;0.0;0.1;0;0.7;65;-0.41;6;0.0;0;1170
Grady Diangana;M (RL), AM (RLC);30;Unknown;Premier Division;Sweden;0.8;4.0;55%;0.0;20%;0;0.0;1.8;0.3;90%;18.4;0;0.3;9.9;2.5;1.6;0.5;0.9;0;42.2;3.6;14.4;1.8;3.6;19;1.2;1.7;0.0;0.1;0.3;12.0;0.1;3.6;0.2;3.8;0.8;0.1;5.5;25;0.0;23;2.41;27;0.1;0;1089
Zico Buurmeester;DM, M/AM (C);25;Unknown;Premier Division;Sweden;0.1;12.8;44%;0.0;11%;0;0.0;0.0;0.1;89%;12.3;0;0.0;0.8;0.1;0.0;0.3;0.6;0;4.0;0.6;1.0;0.0;0.0;0;0.0;1.3;0.0;0.2;0.1;0.9;0.1;0.3;0.1;0.0;0.0;0.0;0.8;18;0.0;0;0.14;1;0.1;0;1284
Ludvig Arvidsson;M (RL), AM (RLC), ST (C);20;Unknown;Premier Division;Sweden;1.1;6.4;62%;0.0;23%;0;0.0;1.3;0.1;88%;25.1;0;0.4;5.7;0.9;0.4;0.5;0.7;0;42.5;2.0;9.5;1.3;0.9;5;0.1;1.1;0.0;0.4;0.3;11.8;0.1;4.2;0.1;0.5;1.1;0.1;0.5;16;0.1;27;1.74;5;0.1;0;1055
Warner Hahn;GK;35;Not for Sale;Premier Division;Sweden;0.0;3.3;0%;0.0;0%;72;0.3;0.0;0.0;76%;7.9;5.55;3.3;0.0;0.0;0.0;0.0;0.0;89;24.5;0.0;0.0;0.0;0.0;0;0.0;0.0;0.0;0.0;0.0;5.2;0.0;0.0;0.0;0.0;0.0;0.0;0.0;0;0.0;0;0;0;0.0;12;1464
Guillem Jaime;D/WB (RL);29;Unknown;Premier Division;Sweden;3.0;12.6;17%;0.0;0%;0;0.0;1.0;0.3;90%;17.0;0;1.2;7.1;1.4;0.9;0.2;0.1;0;47.6;5.4;16.1;1.0;1.5;10;0.3;0.5;0.4;0.6;0.0;12.0;0.0;3.1;0.0;2.0;1.0;0.2;2.0;13;0.1;34;-0.5;17;0.0;0;1032
Jesse Joronen;GK;35;€0 - €50K;Premier Division;Sweden;0.0;2.3;0%;0.0;0%;61;-0.3;0.0;0.0;80%;8.0;-3.36;2.6;0.0;0.0;0.0;0.0;0.0;86;22.1;0.0;0.0;0.0;0.0;0;0.0;0.0;0.0;0.0;0.0;4.8;0.0;0.0;0.0;0.0;0.0;0.0;0.0;0;0.0;0;0;0;0.0;17;1143
Albin Andersson;ST (C);28;Unknown;Premier Division;Sweden;0.4;2.4;36%;0.0;11%;0;0.0;0.9;0.3;89%;20.5;0;0.2;1.7;0.7;0.3;0.9;0.9;0;24.0;0.6;5.9;0.9;0.4;3;0.0;2.4;0.0;0.2;0.3;10.5;0.3;7.6;0.1;0.3;1.9;0.1;0.3;0;0.1;25;-0.2;3;0.3;0;1047
William Kokolo;D/WB (L);27;Unknown;Premier Division;Sweden;2.7;10.4;0%;0.0;0%;0;0.0;1.6;0.2;84%;15.2;0;1.1;7.4;2.0;2.0;0.1;0.0;0;54.6;6.2;15.6;1.6;0.8;25;0.3;0.1;0.4;0.3;0.0;12.0;0.0;3.2;0.1;3.0;1.8;0.1;3.0;10;0.3;56;0;28;0.0;0;1146
Hampus Källström;M (R), AM (RL);24;Unknown;Premier Division;Sweden;1.7;5.6;20%;0.0;10%;0;0.0;1.9;0.4;91%;18.4;0;0.5;9.0;2.1;1.7;0.6;0.3;0;44.3;3.8;13.7;2.0;3.1;24;0.2;1.4;0.0;0.1;0.1;11.4;0.2;3.9;0.3;2.1;0.8;0.1;6.4;17;0.2;20;-1.18;29;0.2;0;1259
Gabriel Wallentin;D (C);27;Unknown;Premier Division;Sweden;2.5;13.3;11%;0.1;0%;0;0.0;0.2;0.1;91%;3.7;0;1.3;2.6;1.4;0.8;0.3;0.1;0;42.9;1.7;3.0;0.2;0.1;12;0.0;1.2;0.5;0.6;0.0;9.8;0.2;5.5;0.0;0.1;3.3;0.0;0.1;0;1.0;60;-2.65;15;0.2;0;1380
Alessandro Debenedetti;ST (C);24;Unknown;Premier Division;Sweden;0.6;1.3;43%;0.0;0%;0;0.0;0.7;0.2;87%;18.2;0;0.2;2.1;0.4;0.2;1.2;1.6;0;23.6;0.4;6.1;0.7;0.7;2;0.2;3.6;0.0;0.2;0.0;10.0;0.3;8.7;0.1;0.4;3.4;0.2;0.4;60;0.1;39;-4.93;2;0.4;0;1153
Oscar Krusnell;D/WB (L);29;Unknown;Premier Division;Sweden;4.5;11.9;0%;0.0;0%;0;0.0;0.8;0.2;84%;14.0;0;1.3;6.0;1.2;1.6;0.0;0.0;0;53.2;7.2;15.6;1.2;1.3;19;0.1;0.0;0.3;0.8;0.0;12.1;0.0;3.8;0.1;1.0;2.7;0.1;2.6;6;0.6;71;0;24;0.0;0;1070
Robin Frej;D (RLC);30;Unknown;Premier Division;Sweden;2.6;11.9;0%;0.1;0%;0;0.0;1.2;0.0;91%;11.6;0;1.2;7.4;1.9;1.8;0.2;0.0;0;51.5;6.9;12.4;1.2;0.8;23;0.3;0.8;0.5;0.8;0.0;11.0;0.1;5.0;0.0;2.7;4.0;0.2;2.7;11;0.4;81;-1.72;32;0.1;0;1162
Melker Nilsson;DM, M (C);28;Unknown;Premier Division;Sweden;2.4;11.0;25%;0.1;0%;0;0.0;0.5;0.3;92%;7.2;0;0.4;5.4;1.9;1.4;0.2;0.1;0;52.1;4.2;9.6;0.5;0.2;18;0.0;0.3;0.0;0.4;0.0;11.0;0.0;3.3;0.2;0.1;1.4;0.2;0.1;0;0.4;43;-0.3;22;0.0;0;1141
Amar Eminović;M/AM (LC);28;Unknown;Premier Division;Sweden;1.0;7.4;40%;0.0;30%;0;0.0;1.5;0.2;90%;23.3;0;0.2;4.4;0.8;0.4;0.2;0.3;0;41.9;2.0;7.6;1.6;1.1;5;0.2;0.8;0.0;0.2;0.2;11.2;0.2;4.7;0.2;1.0;1.6;0.1;2.1;15;0.0;33;1.06;6;0.2;0;1103
Filip Eriksson;GK;29;Unknown;Premier Division;Sweden;0.0;2.3;0%;0.0;0%;71;-0.0;0.0;0.0;77%;9.5;-0.41;5.1;0.0;0.0;0.0;0.0;0.0;90;26.2;0.0;0.0;0.0;0.0;0;0.0;0.0;0.0;0.0;0.0;4.7;0.0;0.0;0.0;0.0;0.0;0.0;0.0;0;0.0;0;0;4;0.0;24;1341
Alexander Salo;D (C);28;Unknown;Premier Division;Sweden;2.5;13.6;0%;0.1;0%;0;0.0;0.2;0.2;93%;3.6;0;1.3;2.3;1.0;0.8;0.1;0.0;0;42.7;2.3;3.5;0.5;0.1;12;0.0;0.2;0.6;0.8;0.0;10.3;0.0;5.1;0.1;0.0;2.5;0.0;0.0;0;1.1;48;-0.22;12;0.0;0;1350
Alex Timossi Andersson;D/WB/M/AM (R), ST (C);27;Unknown;Premier Division;Sweden;3.2;8.5;50%;0.1;0%;0;0.0;1.1;0.1;86%;17.1;0;0.9;6.3;1.6;1.7;0.1;0.1;0;54.3;7.4;13.9;1.1;1.0;23;0.3;0.3;0.4;0.4;0.0;11.1;0.0;4.4;0.0;1.7;1.7;0.0;1.7;17;0.5;38;-0.35;29;0.0;0;1234
Robin Wendin Thomasson;D/WB (L);29;Unknown;Premier Division;Sweden;3.5;11.0;0%;0.1;0%;0;0.0;0.7;0.2;91%;13.1;0;0.5;6.5;1.7;1.8;0.1;0.0;0;55.9;7.3;14.9;1.3;0.9;27;0.4;0.1;0.9;0.4;0.0;11.4;0.0;3.5;0.2;2.5;2.1;0.1;4.8;18;0.1;60;0;32;0.0;0;1350
Rasmus Wikström;D (RC);27;Unknown;Premier Division;Sweden;1.7;13.3;20%;0.0;0%;0;0.0;0.5;0.2;90%;6.1;0;1.1;4.3;1.1;0.8;0.2;0.2;0;44.9;2.9;6.8;0.5;0.3;9;0.2;0.9;0.8;0.6;0.0;11.2;0.1;4.5;0.1;0.8;3.1;0.0;0.8;22;1.0;69;-1.36;12;0.1;0;1040
Oliver Zandén;D/WB (L);26;Unknown;Premier Division;Sweden;2.7;13.3;0%;0.2;0%;0;0.0;1.8;0.2;88%;14.4;0;1.3;8.2;1.9;1.7;0.1;0.0;0;54.7;6.4;15.9;1.8;0.2;22;0.3;0.1;0.7;0.5;0.0;12.1;0.0;3.0;0.1;1.4;2.1;0.1;1.4;21;0.5;69;-0.01;32;0.0;0;1180
Albin Sundgren;D/WB (R);26;€40K;Premier Division;Sweden;2.4;8.4;0%;0.0;0%;0;0.0;1.4;0.2;87%;19.4;0;1.6;8.4;1.7;1.4;0.0;0.0;0;48.9;5.7;20.5;1.7;1.4;19;1.4;0.0;0.6;0.6;0.0;11.9;0.0;4.5;0.1;7.5;2.3;0.3;7.8;17;0.4;51;0;19;0.0;0;1183
Axel Norén;D (C);29;Unknown;Premier Division;Sweden;2.5;17.3;28%;0.2;6%;0;0.0;0.2;0.1;90%;2.5;0;1.6;3.0;1.3;0.9;0.4;0.3;0;41.9;2.1;2.9;0.2;0.1;13;0.0;1.2;1.1;0.9;0.1;9.5;0.2;5.6;0.1;0.0;3.8;0.1;0.0;0;0.7;68;-1.9;14;0.2;0;1350
Felix Hörberg;D/WB/M (R);29;Unknown;Premier Division;Sweden;3.1;11.7;50%;0.2;0%;0;0.0;1.9;0.2;86%;15.2;0;1.1;9.5;3.0;2.6;0.0;0.1;0;47.3;4.8;23.0;1.9;1.6;33;1.4;0.2;0.2;0.5;0.0;12.6;0.0;3.0;0.1;6.1;1.2;0.0;6.1;23;0.4;39;-0.37;40;0.0;0;1149
Victor Eriksson;D (C);27;Unknown;Premier Division;Sweden;3.2;14.5;0%;0.0;0%;0;0.0;0.1;0.2;93%;2.7;0;0.9;2.0;0.6;0.2;0.0;0.0;0;40.4;1.9;3.2;0.1;0.0;4;0.0;0.1;0.8;0.6;0.0;9.9;0.0;5.5;0.0;0.0;4.4;0.0;0.0;0;1.3;79;-0.1;5;0.0;0;1590
Jonathan Liljedahl;AM (RL), ST (C);26;Unknown;Premier Division;Sweden;2.0;3.1;64%;0.0;14%;0;0.0;1.7;0.2;91%;19.7;0;1.0;7.5;1.8;0.4;0.5;0.8;0;41.3;2.9;14.1;1.7;4.6;5;1.4;1.2;0.0;0.6;0.2;12.0;0.2;4.2;0.1;6.0;0.9;0.1;10.4;17;0.0;22;-0.25;10;0.2;0;1058
Leon Hien;D (C);26;Unknown;Premier Division;Sweden;3.3;14.0;22%;0.2;0%;0;0.0;0.2;0.2;89%;3.5;0;1.2;2.6;0.9;0.5;0.1;0.1;0;41.7;1.9;4.0;0.2;0.0;8;0.0;0.5;0.5;0.8;0.0;9.8;0.1;5.2;0.1;0.0;3.7;0.0;0.0;0;0.9;71;-0.87;11;0.1;0;1532
Dino Salihović;D (RL), WB (R), DM, M (C);25;Unknown;Premier Division;Sweden;2.2;9.6;20%;0.0;0%;0;0.0;0.2;0.2;89%;7.9;0;1.0;4.3;0.7;0.9;0.2;0.1;0;46.4;2.5;10.7;0.2;0.2;11;0.0;0.4;0.1;0.6;0.0;10.0;0.0;1.7;0.1;0.1;0.5;0.0;0.1;0;0.1;32;-0.23;11;0.0;0;1149
André Boman;D/WB (R);26;Unknown;Premier Division;Sweden;3.4;9.0;33%;0.0;0%;0;0.0;1.5;0.1;88%;18.5;0;0.9;10.6;2.1;2.4;0.0;0.1;0;46.7;5.3;24.4;1.5;2.1;35;1.0;0.2;0.8;0.5;0.0;12.8;0.0;3.8;0.2;6.7;1.9;0.0;6.7;15;0.4;51;-0.27;47;0.0;0;1316
Omar Faraj;ST (C);26;Unknown;Premier Division;Sweden;0.6;1.4;31%;0.0;19%;0;0.0;1.5;0.1;89%;20.0;0;0.2;1.4;1.0;0.3;0.5;0.7;0;27.9;1.4;7.7;1.5;0.4;3;0.1;2.3;0.0;0.1;0.4;10.2;0.3;7.0;0.1;0.5;2.3;0.0;0.5;16;0.2;33;1.58;3;0.3;0;1009
Lucas Forsberg;D (RLC);25;Unknown;Premier Division;Sweden;2.1;13.7;20%;0.2;20%;0;0.0;0.2;0.1;90%;5.7;0;0.7;3.6;0.8;0.5;0.2;0.1;0;44.8;3.3;5.4;0.2;0.2;6;0.0;0.4;0.3;0.5;0.1;10.8;0.0;3.6;0.1;0.2;2.2;0.0;0.2;0;0.5;62;0.49;9;0.0;0;1160
Joakim Persson;M/AM (RL), ST (C);26;Unknown;Premier Division;Sweden;1.5;4.4;48%;0.0;4%;0;0.0;1.9;0.0;89%;17.8;0;0.4;8.6;2.2;1.5;0.3;1.0;0;45.1;3.0;12.8;1.9;2.9;17;0.8;2.0;0.0;0.4;0.1;11.4;0.4;4.3;0.1;3.9;1.1;0.3;3.9;20;0.0;25;-3.35;19;0.4;0;1010
Leo Cavallius;GK;23;Unknown;Premier Division;Sweden;0.0;2.9;0%;0.0;0%;69;0.1;0.0;0.0;72%;8.2;1;3.5;0.0;0.0;0.0;0.0;0.0;87;23.5;0.0;0.0;0.0;0.0;0;0.0;0.0;0.0;0.0;0.0;5.0;0.0;0.0;0.0;0.0;0.0;0.0;0.0;0;0.0;0;0;1;0.0;17;1170
Jakub Ojrzyński;GK;25;Unknown;Premier Division;Sweden;0.0;3.6;0%;0.0;0%;66;-0.1;0.0;0.0;77%;9.2;-1.29;3.2;0.0;0.0;0.0;0.0;0.0;88;22.7;0.0;0.0;0.0;0.0;0;0.0;0.0;0.0;0.0;0.0;4.8;0.0;0.0;0.0;0.0;0.0;0.0;0.0;0;0.0;0;0;3;0.0;17;1170
Tiago Cravero;DM, M (C);25;Unknown;Premier Division;Sweden;2.8;14.7;20%;0.1;0%;0;0.0;0.7;0.0;95%;7.1;0;0.9;6.5;1.7;1.5;0.2;0.2;0;51.0;4.4;10.9;0.7;0.0;19;0.1;0.8;0.2;0.5;0.0;11.2;0.1;1.7;0.2;0.1;0.9;0.2;0.1;100;0.1;55;-1.76;22;0.1;0;1143
André Álvarez Pérez;D (RC), DM;23;Unknown;Premier Division;Sweden;3.0;16.2;71%;0.2;14%;0;0.0;0.7;0.1;87%;4.3;0;0.8;4.5;1.2;0.7;0.1;0.4;0;46.6;3.2;6.4;0.7;0.1;9;0.0;0.5;0.7;0.6;0.1;10.2;0.1;2.3;0.1;0.2;2.1;0.2;0.2;0;0.1;90;-0.27;15;0.1;0;1225
William Videhult;ST (C);25;Unknown;Premier Division;Sweden;0.9;2.3;60%;0.0;20%;0;0.0;0.8;0.1;90%;22.1;0;0.4;1.3;0.6;0.4;0.7;1.5;0;24.9;0.6;5.6;0.8;0.4;5;0.1;2.5;0.0;0.1;0.5;10.5;0.3;6.8;0.1;0.4;2.0;0.1;0.4;16;0.1;30;3.18;5;0.3;0;1275
Filip Schyberg;D (C);29;Unknown;Premier Division;Sweden;4.1;10.4;20%;0.2;0%;0;0.0;0.1;0.0;92%;3.9;0;1.0;2.0;1.1;0.8;0.2;0.1;0;38.9;1.9;3.8;0.1;0.0;11;0.0;0.4;0.5;0.8;0.0;9.6;0.0;5.1;0.0;0.1;4.4;0.0;0.1;0;0.7;85;-0.48;11;0.0;0;1175
Axel Taonsa;AM (RLC);24;Unknown;Premier Division;Sweden;1.5;4.3;42%;0.0;11%;0;0.0;1.4;0.3;90%;17.7;0;0.6;10.6;2.2;1.4;0.8;0.9;0;40.9;2.8;16.4;1.4;4.2;22;0.8;2.3;0.0;0.4;0.3;11.7;0.3;4.2;0.2;3.5;1.8;0.0;3.5;21;0.1;43;-0.43;27;0.3;0;1424
Daniel Stensson;DM, M (C);31;Unknown;Premier Division;Sweden;2.4;10.2;33%;0.1;17%;0;0.0;1.2;0.1;93%;6.2;0;1.0;6.0;1.5;1.0;0.1;0.1;0;50.5;5.6;12.7;1.2;0.1;14;0.1;0.4;0.1;0.4;0.1;11.8;0.1;1.6;0.0;0.2;0.5;0.0;0.2;33;0.1;32;0.32;22;0.1;0;1216
Roman Yakuba;D (C);27;€16K - €160K;Premier Division;Sweden;3.4;13.7;100%;0.1;100%;0;0.0;0.1;0.0;88%;3.7;0;1.0;2.1;1.2;0.4;0.0;0.1;0;45.3;2.7;3.4;0.1;0.1;6;0.0;0.1;0.5;0.3;0.1;9.9;0.0;7.0;0.1;0.0;5.0;0.0;0.0;0;2.0;72;0.7;9;0.0;0;1314
Erik McCue;D (C);27;Unknown;Premier Division;Sweden;2.0;14.5;0%;0.1;0%;0;0.0;0.1;0.0;88%;3.0;0;0.3;2.2;0.7;0.4;0.0;0.0;0;39.5;2.3;3.3;0.1;0.0;5;0.0;0.1;0.3;0.3;0.0;9.9;0.0;5.9;0.0;0.0;3.3;0.0;0.0;0;1.4;55;-0.23;6;0.0;0;1048
Philip Rolke;D (C);21;Unknown;Premier Division;Sweden;3.5;18.1;8%;0.0;0%;0;0.0;0.2;0.1;89%;3.2;0;1.3;3.3;1.1;0.6;0.2;0.1;0;40.0;2.3;4.7;0.2;0.0;8;0.0;0.9;0.4;0.7;0.0;9.7;0.1;5.2;0.0;0.1;4.0;0.0;0.1;0;0.9;77;-1.73;10;0.1;0;1260
Filip Beckman;D (C);25;Unknown;Premier Division;Sweden;3.0;18.4;13%;0.2;13%;0;0.0;0.1;0.0;90%;2.2;0;0.6;2.4;0.7;0.4;0.2;0.1;0;40.7;1.9;3.5;0.1;0.1;7;0.1;0.5;0.4;0.5;0.1;10.2;0.1;5.4;0.0;0.1;4.4;0.0;0.1;100;1.2;82;-0.29;8;0.1;0;1440
Ben Westermeier;DM, M (C);25;Unknown;Premier Division;Sweden;1.9;10.0;33%;0.2;0%;0;0.0;0.8;0.0;89%;8.0;0;0.9;6.2;1.7;1.3;0.1;0.1;0;51.5;4.2;10.9;0.8;0.3;16;0.0;0.2;0.0;0.7;0.0;11.1;0.0;1.8;0.1;0.1;1.1;0.2;0.1;0;0.2;59;-0.34;21;0.0;0;1096
Erik Flataker;AM (RL), ST (C);23;Unknown;Premier Division;Sweden;0.7;2.4;50%;0.0;22%;0;0.0;1.3;0.1;87%;20.4;0;0.1;1.4;0.6;0.3;0.9;1.4;0;24.4;0.9;4.8;1.3;0.8;4;0.0;2.8;0.0;0.2;0.6;9.3;0.3;7.8;0.1;0.2;1.4;0.2;0.2;0;0.1;18;4.32;6;0.3;0;1138
Marc Jurado;D/WB (RL), DM;24;Unknown;Premier Division;Sweden;2.9;10.7;18%;0.1;0%;0;0.0;0.8;0.2;89%;12.2;0;1.0;8.7;1.7;1.4;0.1;0.1;0;51.8;6.5;16.8;0.8;1.3;22;0.2;0.7;0.4;0.4;0.0;11.9;0.2;2.6;0.1;1.4;1.3;0.0;1.4;17;0.0;51;-2.43;27;0.2;0;1443
Pontus Dahbo;M (C), AM (RC);22;Unknown;Premier Division;Sweden;2.0;6.2;37%;0.1;11%;0;0.0;2.4;0.3;88%;17.0;0;0.5;10.8;2.1;1.4;0.9;0.9;0;45.7;3.7;14.5;2.4;3.2;17;0.5;2.3;0.0;0.5;0.3;11.1;0.3;3.6;0.1;3.2;0.6;0.0;5.1;11;0.0;17;-0.12;22;0.3;0;1058
Lukas Kjellnäs;DM, M/AM (C);23;Unknown;Premier Division;Sweden;1.9;15.0;57%;0.1;14%;0;0.0;1.0;0.3;90%;4.6;0;0.9;5.9;1.5;1.2;0.1;0.2;0;53.9;5.1;12.0;1.0;0.2;19;0.1;0.4;0.3;0.5;0.1;11.7;0.0;1.6;0.2;0.3;0.6;0.1;0.6;22;0.1;35;0.23;24;0.0;0;1453
Tim Rönning;GK;29;Unknown;Premier Division;Sweden;0.0;2.2;0%;0.0;0%;69;-0.3;0.0;0.0;79%;10.2;-4;4.0;0.0;0.0;0.1;0.0;0.0;88;23.7;0.0;0.0;0.0;0.0;1;0.0;0.0;0.0;0.0;0.0;5.2;0.0;0.0;0.0;0.0;0.0;0.0;0.0;0;0.0;0;0;3;0.0;22;1380
Rasmus Niklasson Petrovic;M/AM (RL);25;Unknown;Premier Division;Sweden;2.8;5.8;31%;0.0;3%;0;0.0;1.4;0.1;89%;16.8;0;0.4;8.8;2.2;1.3;0.7;0.7;0;43.8;3.1;16.1;1.4;3.7;17;0.4;2.2;0.0;0.4;0.1;11.9;0.4;4.9;0.1;1.8;0.7;0.4;1.8;25;0.1;14;-4.15;29;0.4;0;1207
Lasse Rieß;GK;26;Unknown;Premier Division;Sweden;0.0;4.1;0%;0.0;0%;75;0.2;0.0;0.0;79%;8.1;3.46;2.5;0.0;0.0;0.1;0.0;0.0;90;23.3;0.0;0.0;0.0;0.0;1;0.0;0.0;0.0;0.0;0.0;5.4;0.0;0.0;0.0;0.0;0.0;0.0;0.0;0;0.0;0;0;2;0.0;15;1260
Abdullah Iqbal;D (LC), DM;25;Unknown;Premier Division;Sweden;2.5;17.2;20%;0.2;0%;0;0.0;0.4;0.0;94%;2.5;0;1.4;3.0;1.2;0.8;0.2;0.1;0;43.5;2.1;4.2;0.4;0.0;10;0.0;0.4;0.8;0.9;0.0;10.0;0.0;5.4;0.1;0.1;3.6;0.2;0.1;0;1.2;67;-0.37;12;0.0;0;1170
Tesfaldet Tekie;DM, M (C);30;Unknown;Premier Division;Sweden;0.9;12.6;35%;0.1;12%;0;0.0;0.5;0.1;93%;9.2;0;0.5;2.3;0.6;0.5;0.3;0.4;0;20.7;2.0;5.0;0.5;0.1;7;0.0;1.1;0.0;0.2;0.1;4.7;0.1;0.7;0.1;0.1;0.2;0.1;0.1;0;0.0;30;0.25;8;0.1;0;1364
Felix Eriksson;D (RLC), WB (R);24;Unknown;Premier Division;Sweden;3.9;14.3;50%;0.0;0%;0;0.0;0.5;0.2;92%;12.7;0;0.8;7.5;1.4;0.8;0.1;0.2;0;53.7;7.8;15.9;0.5;0.8;10;0.3;0.3;0.8;0.8;0.0;11.4;0.0;4.3;0.1;1.7;3.2;0.0;1.7;15;0.2;75;-0.3;18;0.0;0;1067
Rami Kaib;D/WB (L);31;Not for Sale;Premier Division;Sweden;3.7;7.6;0%;0.2;0%;0;0.0;1.5;0.1;84%;19.0;0;1.1;10.9;2.1;2.1;0.1;0.0;0;46.5;5.0;23.5;1.5;2.3;26;0.6;0.2;0.2;0.8;0.0;13.5;0.0;3.4;0.2;4.8;2.1;0.1;10.1;12;0.0;62;-0.46;38;0.0;0;1108
Hlynur Freyr Karlsson;D (RC), DM;24;Unknown;Premier Division;Sweden;2.9;15.6;60%;0.1;0%;0;0.0;0.1;0.0;93%;2.4;0;1.3;2.4;0.9;0.4;0.1;0.2;0;41.6;1.5;3.4;0.1;0.0;5;0.1;0.4;1.1;0.9;0.0;9.9;0.0;4.4;0.0;0.1;3.1;0.0;0.1;50;0.7;70;-0.19;9;0.0;0;1260
Silas Andersen;DM, M (C);23;Unknown;Premier Division;Sweden;3.1;12.2;13%;0.1;0%;0;0.0;0.8;0.3;92%;5.9;0;0.4;6.2;1.3;0.8;0.4;0.1;0;52.1;6.5;12.5;0.8;0.2;12;0.0;0.6;0.4;0.6;0.0;12.1;0.0;3.2;0.2;0.0;1.4;0.1;0.0;0;0.4;44;-0.41;25;0.0;0;1279
Robbie Ure;ST (C);24;Unknown;Premier Division;Sweden;0.8;3.1;55%;0.0;18%;0;0.0;0.9;0.1;93%;17.6;0;0.2;1.3;0.4;0.2;1.1;1.8;0;25.4;0.5;5.6;0.9;0.6;2;0.1;3.3;0.0;0.0;0.6;10.0;0.3;8.3;0.0;0.3;4.4;0.0;0.3;33;0.1;53;3.04;3;0.3;0;1025
Malte Hallin;D (RC);20;Unknown;Premier Division;Sweden;1.9;20.0;20%;0.1;0%;0;0.0;0.1;0.0;94%;2.3;0;1.0;2.3;0.9;0.4;0.1;0.1;0;42.6;1.9;2.7;0.1;0.1;5;0.1;0.4;0.3;0.6;0.0;10.3;0.1;5.5;0.0;0.1;3.1;0.0;0.1;100;0.9;56;-0.68;7;0.1;0;1163
Jesper Gustavsson;DM, M (C);33;Not for Sale;Premier Division;Sweden;2.5;11.0;14%;0.3;14%;0;0.0;0.8;0.8;93%;7.2;0;0.7;6.8;1.9;1.7;0.2;0.1;0;51.7;3.9;11.7;0.8;0.2;20;0.0;0.6;0.3;0.5;0.1;11.7;0.1;2.1;0.1;0.0;0.7;0.0;0.0;0;0.2;32;0.23;28;0.1;0;1078
Johan Brattberg;GK;31;Not for Sale;Premier Division;Sweden;0.0;3.4;0%;0.0;0%;79;0.4;0.0;0.0;72%;6.9;6.46;3.3;0.0;0.0;0.1;0.0;0.0;89;24.2;0.0;0.0;0.0;0.0;1;0.0;0.0;0.0;0.0;0.0;5.1;0.0;0.0;0.0;0.0;0.0;0.0;0.0;0;0.0;0;0;1;0.0;17;1470
Rodolfo Lippo;D/WB (R), DM, M/AM (R);24;€28K - €275K;Super League;Switzerland;0.0;0.0;31%;0.0;4%;0;0.0;0.0;0.0;68%;0.0;0;0.0;0.0;0.0;2.0;0.0;0.6;0;20.0;0.0;0.0;0.0;0.0;69;0.0;1.9;0.0;0.0;0.1;0.0;0.2;0.0;0.1;0.0;0.0;0.1;0.0;0;0.0;0;-5.2;72;0.2;0;3150
Alexandre Duville-Parsemain;ST (C);24;€650K - €1.6M;Super League;Switzerland;0.5;1.1;48%;0.0;12%;0;0.0;0.4;0.1;76%;14.6;0;0.1;0.6;0.2;0.5;0.8;1.9;0;24.2;0.3;3.3;0.4;0.5;17;0.0;3.9;0.0;0.2;0.5;6.3;0.4;5.2;0.1;0.1;1.9;0.1;0.1;0;0.1;37;2.79;28;0.4;0;2876
Jahnoah Markelo;M/AM (RL);25;Unknown;Super League;Switzerland;1.0;1.0;30%;0.0;0%;0;0.0;0.4;0.1;78%;5.0;0;0.1;3.6;0.6;0.9;0.1;0.4;0;26.9;2.2;4.0;0.4;1.4;13;0.5;1.4;0.0;0.1;0.0;4.0;0.2;1.2;0.1;1.2;0.1;0.1;1.2;43;0.1;12;-2.42;14;0.2;0;1246
Sabir Agougil;DM, M/AM (C);26;Unknown;Super League;Switzerland;0.0;0.0;35%;0.0;0%;0;0.0;0.0;0.0;68%;0.0;0;0.0;0.0;0.0;0.9;0.0;0.7;0;20.4;0.0;0.0;0.0;0.0;33;0.0;2.0;0.0;0.0;0.0;0.0;0.2;0.0;0.1;0.0;0.0;0.2;0.0;0;0.0;0;-7.42;42;0.2;0;3263
Fotis Pseftis;GK;25;Unknown;Super League;Switzerland;0.0;1.6;0%;0.0;0%;70;0.0;0.0;0.0;71%;5.9;0.77;1.9;0.0;0.0;0.0;0.0;0.0;88;23.2;0.0;0.0;0.0;0.0;0;0.0;0.0;0.0;0.0;0.0;3.4;0.0;0.0;0.0;0.0;0.0;0.0;0.0;0;0.0;0;0;1;0.0;53;3347
Dirk Abels;D (RLC), WB (R), DM;30;Unknown;Super League;Switzerland;0.6;1.9;27%;0.0;4%;0;0.0;0.0;0.0;76%;2.7;0;0.3;0.8;0.3;1.6;0.1;0.2;0;24.8;1.0;2.4;0.0;0.1;56;0.1;0.7;0.1;0.2;0.0;1.8;0.1;0.5;0.1;0.4;0.3;0.1;0.9;25;0.0;53;-2.07;58;0.1;0;3177
Vincent Spari;M/AM (C);24;€130K - €450K;Super League;Switzerland;0.0;0.0;46%;0.0;0%;0;0.0;0.0;0.0;67%;0.0;0;0.0;0.0;0.0;1.0;0.0;1.0;0;21.0;0.0;0.0;0.0;0.0;19;0.0;2.2;0.0;0.0;0.0;0.0;0.2;0.0;0.2;0.0;0.0;0.2;0.0;0;0.0;0;-4.27;22;0.2;0;1632
Luke Plange;AM (R), ST (C);25;Unknown;Super League;Switzerland;0.0;0.1;49%;0.0;10%;0;0.0;0.1;0.0;59%;1.5;0;0.0;0.3;0.2;0.8;0.0;1.3;0;20.9;0.1;0.5;0.1;0.1;27;0.0;2.7;0.0;0.0;0.3;0.7;0.3;0.5;0.1;0.1;0.1;0.3;0.1;0;0.0;20;-1.25;36;0.3;0;2884
Tanguy Zoukrou;D (RC);25;Unknown;Super League;Switzerland;2.0;6.7;29%;0.1;5%;0;0.0;0.3;0.0;87%;5.3;0;0.7;2.2;0.6;1.2;0.2;0.2;0;35.0;1.8;4.4;0.3;0.1;44;0.1;0.6;0.4;0.3;0.0;6.9;0.1;3.4;0.0;0.4;2.3;0.1;0.4;21;0.6;68;-1.16;51;0.1;0;3301
Layton Stewart;ST (C);25;Unknown;Super League;Switzerland;0.0;0.0;46%;0.0;7%;0;0.0;0.0;0.0;60%;0.0;0;0.0;0.0;0.0;0.9;0.0;1.5;0;20.0;0.0;0.0;0.0;0.0;34;0.0;3.2;0.0;0.0;0.2;0.0;0.3;0.0;0.1;0.0;0.0;0.1;0.0;0;0.0;0;-4;55;0.3;0;3420
Jason Gnakpa;D (C);24;€18K - €180K;Super League;Switzerland;0.4;1.0;0%;0.0;25%;0;0.0;0.0;0.0;75%;0.4;0;0.0;0.3;0.1;1.4;0.0;0.0;0;22.8;0.2;0.3;0.0;0.0;47;0.0;0.4;0.1;0.0;0.1;1.0;0.0;0.6;0.0;0.0;0.4;0.0;0.0;0;0.1;68;1.5;48;0.0;0;3056
Daniel Ihendu;D (C);22;€250K - €850K;Super League;Switzerland;0.9;3.5;20%;0.0;10%;0;0.0;0.1;0.0;78%;2.3;0;0.3;1.4;0.1;1.3;0.0;0.1;0;28.1;0.9;2.4;0.1;0.0;32;0.0;0.4;0.2;0.2;0.0;3.1;0.0;1.1;0.0;0.0;0.6;0.1;0.0;0;0.2;59;0.28;34;0.0;0;2236
Salifou Diarrassouba;M/AM (C);26;€475K;Super League;Switzerland;0.2;2.5;35%;0.0;4%;0;0.0;0.4;0.1;75%;3.5;0;0.1;1.0;0.2;0.9;0.1;0.6;0;24.6;0.7;2.1;0.5;0.3;31;0.0;1.6;0.0;0.1;0.1;2.4;0.2;0.6;0.2;0.1;0.1;0.1;1.2;15;0.0;14;-5.64;38;0.2;0;3060
Yannick Bettkober;D (RC);23;€45K - €450K;Super League;Switzerland;1.0;5.1;17%;0.1;0%;0;0.0;0.0;0.0;84%;1.9;0;0.5;1.2;0.4;0.9;0.0;0.1;0;29.4;0.7;1.4;0.0;0.0;15;0.0;0.4;0.4;0.2;0.0;4.6;0.0;3.2;0.0;0.0;1.9;0.0;0.0;0;0.6;58;-0.79;17;0.0;0;1440
Antonio Verinac;AM (RL), ST (C);23;€140K - €1.4M;Super League;Switzerland;0.2;0.8;38%;0.0;12%;0;0.0;0.3;0.1;69%;4.7;0;0.1;1.1;0.2;1.0;0.3;1.1;0;23.3;0.3;1.9;0.3;0.3;28;0.1;3.0;0.0;0.0;0.3;2.5;0.4;1.4;0.1;0.3;0.6;0.2;0.3;37;0.1;39;-1.16;39;0.4;0;2586
Tim Pfeiffer;GK;23;€1.5K - €16K;Super League;Switzerland;0.0;1.3;0%;0.0;0%;66;-0.1;0.0;0.0;66%;7.5;-4.3;3.8;0.0;0.0;0.0;0.0;0.0;86;25.3;0.0;0.0;0.0;0.0;0;0.0;0.0;0.0;0.0;0.0;4.0;0.0;0.0;0.0;0.0;0.0;0.0;0.0;0;0.0;0;0;0;0.0;49;2964
Furkan Dursun;ST (C);23;€35K - €350K;Super League;Switzerland;0.0;0.0;33%;0.0;7%;0;0.0;0.0;0.0;59%;0.0;0;0.0;0.0;0.0;1.0;0.0;1.1;0;22.0;0.0;0.0;0.0;0.0;13;0.0;3.3;0.0;0.0;0.2;0.0;0.4;0.0;0.1;0.0;0.0;0.1;0.0;0;0.0;0;-2.31;16;0.4;0;1228
Maximilian Ullmann;D/WB (L);31;Not for Sale;Super League;Switzerland;0.6;1.8;35%;0.0;15%;0;0.0;0.1;0.0;76%;3.1;0;0.2;1.3;0.2;1.4;0.0;0.2;0;26.5;1.2;3.1;0.1;0.1;53;0.1;0.5;0.2;0.1;0.1;2.3;0.1;0.6;0.1;0.4;0.3;0.1;0.4;26;0.1;52;-0.48;55;0.1;0;3330
Enoch Owusu;M (R), AM (RL);23;€20K - €200K;Super League;Switzerland;0.7;1.4;38%;0.0;5%;0;0.0;0.9;0.0;80%;10.8;0;0.2;3.2;0.6;0.6;0.3;0.6;0;29.8;1.2;6.8;0.9;1.0;8;0.4;1.5;0.0;0.1;0.1;5.1;0.1;1.6;0.1;2.7;0.5;0.1;2.7;16;0.0;30;-0.41;12;0.1;0;1255
Ethan Brandy;D (RC);23;€20K - €210K;Super League;Switzerland;2.3;7.2;6%;0.1;0%;0;0.0;0.8;0.0;84%;10.9;0;1.0;3.7;1.3;1.5;0.1;0.0;0;43.5;3.9;7.2;0.8;0.4;52;0.2;0.5;0.4;0.4;0.0;7.6;0.1;3.4;0.0;1.5;1.9;0.0;1.5;15;0.3;56;-3.03;57;0.1;0;3067
Alan Rodriguez;M (C), AM (RLC);25;Unknown;Super League;Switzerland;0.8;6.3;23%;0.0;6%;0;0.0;1.2;0.1;87%;13.1;0;0.2;3.3;0.6;0.6;0.3;0.3;0;33.0;1.8;5.6;1.2;0.9;24;0.1;1.3;0.0;0.2;0.1;7.2;0.1;1.7;0.1;0.6;0.4;0.2;0.6;13;0.0;22;-2.42;30;0.1;0;3538
Mitchy Ntelo;ST (C);27;Unknown;Super League;Switzerland;0.4;0.9;39%;0.0;6%;0;0.0;0.6;0.0;79%;10.6;0;0.0;1.1;0.4;0.6;0.5;1.2;0;23.6;0.4;3.4;0.6;0.6;19;0.1;3.1;0.0;0.1;0.2;6.2;0.3;4.8;0.0;0.2;1.5;0.0;0.2;37;0.0;31;-4.29;32;0.3;0;2923
Sekou Diawara;AM (L), ST (C);24;€500 - €3K;Super League;Switzerland;0.1;0.0;42%;0.0;7%;0;0.0;0.2;0.0;63%;2.0;0;0.0;0.3;0.2;1.0;0.2;1.3;0;21.6;0.2;1.0;0.2;0.1;19;0.1;3.0;0.0;0.0;0.2;1.1;0.3;0.7;0.1;0.3;0.4;0.1;0.3;20;0.0;57;-2.36;28;0.3;0;1797
Ayo Akinola;AM (RL), ST (C);28;Unknown;Super League;Switzerland;0.3;0.7;51%;0.0;18%;0;0.0;0.6;0.0;78%;12.8;0;0.1;1.0;0.5;0.6;0.2;1.0;0;24.1;0.5;3.0;0.6;0.3;22;0.1;2.0;0.0;0.0;0.4;5.7;0.2;4.4;0.1;0.3;0.9;0.1;0.3;22;0.1;20;4.5;39;0.2;0;3225
Elias Filet;ST (C);26;Unknown;Super League;Switzerland;0.0;0.0;51%;0.0;12%;0;0.0;0.0;0.0;57%;0.0;0;0.0;0.0;0.0;0.8;0.0;1.5;0;20.6;0.0;0.0;0.0;0.0;23;0.0;3.0;0.0;0.0;0.4;0.0;0.4;0.0;0.1;0.0;0.0;0.1;0.0;0;0.0;0;-1.18;33;0.4;0;2528
Dominik Lechner;AM (C), ST (C);23;€5K - €50K;Super League;Switzerland;0.1;0.8;45%;0.0;2%;0;0.0;0.1;0.0;58%;1.1;0;0.1;0.5;0.0;0.8;0.0;1.5;0;22.6;0.0;0.6;0.1;0.1;12;0.0;3.3;0.0;0.0;0.1;0.8;0.4;0.4;0.2;0.0;0.4;0.2;0.0;0;0.0;100;-5.07;23;0.4;0;1274
Hannes Delcroix;D (LC);29;Unknown;Super League;Switzerland;1.6;9.0;20%;0.2;7%;0;0.0;0.2;0.1;87%;2.7;0;1.0;1.8;0.7;1.1;0.0;0.1;0;35.2;1.6;3.3;0.2;0.0;44;0.0;0.4;0.4;0.7;0.0;6.6;0.1;3.7;0.0;0.1;2.6;0.1;0.1;33;0.5;70;-1.64;48;0.1;0;3453
Luca Mack;D (C), DM, M (C);28;Unknown;Super League;Switzerland;1.6;8.7;10%;0.2;10%;0;0.0;0.4;0.2;86%;4.8;0;0.6;4.0;1.1;1.2;0.1;0.0;0;40.7;2.4;7.0;0.8;0.0;49;0.0;0.3;0.2;0.3;0.0;7.5;0.0;1.3;0.1;0.0;1.0;0.1;0.0;0;0.1;80;0.18;60;0.0;0;3551
Sofian Bahloul;M/AM (RC);28;Unknown;Super League;Switzerland;1.3;3.4;43%;0.0;11%;0;0.0;1.1;0.2;81%;9.3;0;0.1;5.1;1.4;1.5;0.4;0.7;0;31.6;2.1;7.2;1.3;2.3;42;0.3;1.6;0.0;0.1;0.2;6.2;0.2;2.4;0.3;1.9;0.4;0.4;4.1;14;0.0;17;-0.92;54;0.2;0;2565
Gabriele Mulazzi;D/WB (RL), M (R);25;Unknown;Super League;Switzerland;1.9;5.6;27%;0.1;9%;0;0.0;0.3;0.1;83%;5.6;0;0.5;3.9;0.8;1.8;0.1;0.2;0;38.7;3.7;7.4;0.3;0.4;51;0.1;0.8;0.1;0.2;0.1;6.0;0.1;1.9;0.1;0.6;0.8;0.0;0.6;12;0.1;42;-0.1;58;0.1;0;2551
Niklas Lang;D (RC), DM;25;Unknown;Super League;Switzerland;1.7;11.4;11%;0.1;0%;0;0.0;0.0;0.1;83%;2.2;0;0.9;2.0;0.6;0.9;0.2;0.0;0;35.3;1.4;3.5;0.0;0.1;37;0.0;0.4;1.0;0.5;0.0;7.1;0.0;3.9;0.0;0.1;2.6;0.0;0.1;0;0.6;66;-1.4;45;0.0;0;3780
Konrad Faber;D (R), WB (RL), M/AM (R);30;Unknown;Super League;Switzerland;1.1;3.2;39%;0.0;4%;0;0.0;0.6;0.2;78%;4.6;0;0.2;2.9;0.6;1.5;0.1;0.6;0;27.2;1.7;8.0;0.6;0.8;48;0.3;1.5;0.0;0.1;0.1;3.8;0.1;1.0;0.1;2.0;0.4;0.1;2.0;17;0.1;42;-2.14;58;0.1;0;2846
Umar Saho;D/WB/M (R), AM (LC);27;Unknown;Super League;Switzerland;0.7;4.1;32%;0.0;5%;0;0.0;0.3;0.1;77%;9.1;0;0.2;1.1;0.3;0.9;0.1;0.3;0;23.1;1.3;2.1;0.3;0.1;24;0.0;0.9;0.0;0.0;0.0;2.8;0.1;1.2;0.0;0.5;0.4;0.0;0.5;0;0.1;33;-0.74;25;0.1;0;2295
Tom Gaal;D (C);27;Unknown;Super League;Switzerland;0.0;0.0;25%;0.0;13%;0;0.0;0.0;0.0;70%;0.0;0;0.0;0.0;0.0;1.8;0.0;0.1;0;20.0;0.0;0.0;0.0;0.0;62;0.0;0.2;0.0;0.0;0.0;0.0;0.0;0.0;0.0;0.0;0.0;0.1;0.0;0;0.0;0;-0.69;63;0.0;0;3150
Franz-Ethan Meichtry;M/AM (RLC);22;€130K - €1.3M;Super League;Switzerland;0.0;0.0;42%;0.0;3%;0;0.0;0.0;0.0;69%;0.0;0;0.0;0.0;0.0;1.1;0.0;0.8;0;20.5;0.0;0.0;0.0;0.0;40;0.0;1.8;0.0;0.0;0.1;0.0;0.2;0.0;0.1;0.0;0.0;0.1;0.0;0;0.0;0;-6.26;48;0.2;0;3256
Lukas Mühl;D (C), DM;31;Unknown;Super League;Switzerland;0.0;0.6;20%;0.0;7%;0;0.0;0.0;0.0;69%;0.2;0;0.0;0.2;0.0;1.7;0.0;0.1;0;21.0;0.1;0.4;0.0;0.0;57;0.0;0.5;0.0;0.0;0.0;0.4;0.1;0.1;0.0;0.0;0.0;0.0;0.0;0;0.0;25;-1.33;59;0.1;0;2970
Leon Schaffran;GK;29;Unknown;Super League;Switzerland;0.0;1.7;0%;0.0;0%;70;-0.0;0.0;0.0;72%;6.2;-1.62;2.1;0.0;0.0;0.0;0.0;0.0;90;22.6;0.0;0.0;0.0;0.0;0;0.0;0.0;0.0;0.0;0.0;3.4;0.0;0.0;0.0;0.0;0.0;0.0;0.0;0;0.0;0;0;2;0.0;55;3420
Aarón Rey;M (C), AM (RLC);30;Unknown;Super League;Switzerland;0.1;5.5;44%;0.0;10%;0;0.0;0.1;0.1;71%;11.3;0;0.0;0.1;0.0;0.3;0.1;0.5;0;8.8;0.0;0.3;0.1;0.1;9;0.0;1.1;0.0;0.0;0.1;0.4;0.1;0.1;0.1;0.0;0.1;0.1;3.1;22;0.0;40;0.27;11;0.1;0;3103
Matteo Mantini;DM, M (C);20;€250K - €2.5M;Super League;Switzerland;0.9;3.9;0%;0.0;0%;0;0.0;0.4;0.0;81%;3.8;0;0.5;2.7;0.8;1.5;0.1;0.0;0;33.3;1.9;4.5;0.4;0.0;23;0.0;0.4;0.0;0.3;0.0;4.6;0.0;0.4;0.0;0.1;0.3;0.0;0.1;0;0.0;67;-0.43;31;0.0;0;1358
Denis-Will Poha;DM, M (C);31;Unknown;Super League;Switzerland;0.1;0.6;18%;0.0;6%;0;0.0;0.0;0.0;72%;0.2;0;0.0;0.2;0.1;2.0;0.0;0.1;0;22.7;0.3;0.2;0.0;0.0;63;0.0;0.5;0.0;0.0;0.0;0.3;0.1;0.0;0.1;0.0;0.0;0.0;0.0;0;0.0;0;-0.83;75;0.1;0;2814
Michael Heule;D (L);27;Unknown;Super League;Switzerland;0.0;0.0;10%;0.0;3%;0;0.0;0.0;0.0;72%;0.0;0;0.0;0.0;0.0;1.7;0.0;0.1;0;20.0;0.0;0.0;0.0;0.0;66;0.0;0.8;0.0;0.0;0.0;0.0;0.1;0.0;0.0;0.0;0.0;0.1;0.0;0;0.0;0;-2.02;67;0.1;0;3420
Presley Pululu;M (L), AM (RL);25;Unknown;Super League;Switzerland;0.0;0.0;38%;0.0;0%;0;0.0;0.0;0.0;66%;0.2;0;0.0;0.0;0.0;0.9;0.0;0.8;0;20.7;0.0;0.1;0.0;0.0;11;0.0;2.0;0.0;0.0;0.0;0.1;0.2;0.1;0.1;0.0;0.0;0.1;0.0;0;0.0;0;-3.15;13;0.2;0;1147
Stéphane Cueni;DM, M (C);27;Unknown;Super League;Switzerland;0.1;0.2;23%;0.0;12%;0;0.0;0.1;0.0;67%;0.4;0;0.0;0.3;0.0;1.9;0.1;0.2;0;20.7;0.1;0.4;0.1;0.1;67;0.0;0.7;0.0;0.0;0.1;0.3;0.1;0.1;0.1;0.1;0.0;0.1;0.1;33;0.0;25;0.08;89;0.1;0;3150
Niklas Steffen;GK;27;Unknown;Super League;Switzerland;0.0;0.0;0%;0.0;0%;0;0.0;0.0;0.0;61%;0.0;0;0.0;0.0;0.0;0.0;0.0;0.0;0;20.0;0.0;0.0;0.0;0.0;0;0.0;0.0;0.0;0.0;0.0;0.0;0.0;0.0;0.0;0.0;0.0;0.0;0.0;0;0.0;0;0;0;0.0;48;3420
Yoel Bárcenas;WB (R), AM (RLC);34;Unknown;Super League;Switzerland;0.3;0.9;32%;0.0;0%;0;0.0;0.3;0.0;77%;5.6;0;0.0;1.9;0.4;0.7;0.0;0.7;0;26.3;0.5;2.8;0.4;0.5;22;0.1;2.3;0.0;0.0;0.0;2.2;0.2;0.7;0.2;0.9;0.1;0.0;0.9;7;0.1;20;-6.24;33;0.2;0;2699
Joaquín Ardaiz;ST (C);29;Unknown;Super League;Switzerland;0.0;0.0;46%;0.0;11%;0;0.0;0.1;0.0;57%;0.3;0;0.0;0.1;0.1;0.7;0.0;1.4;0;20.1;0.1;0.1;0.1;0.0;12;0.0;3.1;0.0;0.0;0.3;0.2;0.3;0.1;0.1;0.0;0.1;0.2;0.0;0;0.0;50;-0.72;17;0.4;0;1643
Dominik Franke;D (LC), WB (L);29;Unknown;Super League;Switzerland;0.0;0.0;4%;0.0;0%;0;0.0;0.0;0.0;70%;0.0;0;0.0;0.0;0.0;1.5;0.0;0.0;0;20.5;0.0;0.0;0.0;0.0;56;0.0;0.7;0.0;0.0;0.0;0.0;0.1;0.0;0.1;0.0;0.0;0.0;0.0;0;0.0;0;-2.96;58;0.1;0;3338
Hamza Abdallah;D (R);24;€28K - €275K;Super League;Switzerland;0.0;0.0;0%;0.0;0%;0;0.0;0.0;0.0;70%;0.0;0;0.0;0.0;0.0;1.6;0.0;0.0;0;20.5;0.0;0.0;0.0;0.0;57;0.0;0.4;0.0;0.0;0.0;0.0;0.0;0.0;0.0;0.0;0.0;0.1;0.0;0;0.0;0;-1.7;58;0.0;0;3255
Genís Montolio;D (RC), DM;31;Not for Sale;Super League;Switzerland;0.0;0.0;16%;0.0;5%;0;0.0;0.0;0.0;70%;0.0;0;0.0;0.0;0.0;1.8;0.0;0.1;0;20.4;0.0;0.0;0.0;0.0;66;0.0;0.5;0.0;0.0;0.0;0.0;0.0;0.0;0.0;0.0;0.0;0.1;0.0;0;0.0;0;-0.47;67;0.0;0;3355
Yanick Brecher;GK;35;Unknown;Super League;Switzerland;0.0;0.0;0%;0.0;0%;0;0.0;0.0;0.0;59%;0.0;0;0.0;0.0;0.0;0.0;0.0;0.0;0;21.0;0.0;0.0;0.0;0.0;0;0.0;0.0;0.0;0.0;0.0;0.0;0.0;0.0;0.0;0.0;0.0;0.0;0.0;0;0.0;0;0;0;0.0;20;1541
Mahamadou Kanouté;ST (C);24;€9K - €90K;Super League;Switzerland;0.0;0.0;51%;0.0;6%;0;0.0;0.0;0.0;61%;0.7;0;0.0;0.0;0.0;1.1;0.1;1.8;0;20.6;0.0;0.2;0.0;0.0;37;0.0;3.6;0.0;0.0;0.2;0.3;0.4;0.3;0.1;0.0;0.2;0.1;0.0;0;0.0;60;-5.52;53;0.4;0;2928
Sekou Fofana;D/WB (L);25;Unknown;Super League;Switzerland;0.0;0.0;8%;0.0;8%;0;0.0;0.0;0.0;72%;0.0;0;0.0;0.0;0.0;1.6;0.0;0.0;0;20.0;0.0;0.0;0.0;0.0;50;0.0;0.4;0.0;0.0;0.0;0.0;0.0;0.0;0.1;0.0;0.0;0.1;0.0;0;0.0;0;-0.21;51;0.0;0;2880
Landry Nomel;M (RL), AM (RLC);30;Unknown;Super League;Switzerland;1.0;2.1;51%;0.0;12%;0;0.0;0.7;0.0;82%;9.7;0;0.4;4.9;1.3;0.9;0.3;0.8;0;34.5;1.6;7.1;0.7;1.5;24;0.1;1.6;0.0;0.2;0.2;6.1;0.2;2.4;0.0;1.3;0.3;0.1;1.3;11;0.1;11;-0.66;41;0.2;0;2429
Alan Dzabana;AM (RL), ST (C);31;Unknown;Super League;Switzerland;0.1;0.0;34%;0.1;14%;0;0.0;0.1;0.1;67%;5.3;0;0.0;0.2;0.1;0.8;0.3;0.8;0;21.4;0.1;1.0;0.1;0.1;13;0.1;2.2;0.0;0.0;0.3;2.1;0.2;1.9;0.0;0.1;0.2;0.1;0.1;50;0.0;10;1.15;30;0.2;0;1418
Zachary Brault-Guillard;D (RC), WB (R);29;Unknown;Super League;Switzerland;0.5;0.5;13%;0.0;6%;0;0.0;0.1;0.0;72%;2.8;0;0.1;0.7;0.2;1.6;0.0;0.1;0;26.1;0.8;1.7;0.1;0.1;50;0.0;0.5;0.0;0.1;0.0;1.4;0.1;0.5;0.1;0.4;0.3;0.1;0.4;0;0.1;56;-0.85;54;0.1;0;2806
Rayan Kadima;D (C), DM;30;Unknown;Super League;Switzerland;0.0;0.0;7%;0.0;7%;0;0.0;0.0;0.0;69%;0.0;0;0.0;0.0;0.0;1.9;0.0;0.0;0;20.6;0.0;0.0;0.0;0.0;66;0.0;0.4;0.0;0.0;0.0;0.0;0.0;0.0;0.0;0.0;0.0;0.1;0.0;0;0.0;0;-0.7;69;0.0;0;3062
Victor Petit;D (C), DM, M (C);27;Unknown;Super League;Switzerland;0.3;6.8;31%;0.0;25%;0;0.0;0.2;0.2;79%;10.0;0;0.0;0.5;0.2;0.7;0.2;0.1;0;11.7;0.6;1.2;0.2;0.0;29;0.0;0.4;0.0;0.0;0.1;1.3;0.0;0.4;0.1;0.0;0.2;0.0;0.0;0;0.1;50;2.79;32;0.0;0;3482
Maher Darwich;D (C);22;€85K - €850K;Super League;Switzerland;1.8;5.5;38%;0.1;13%;0;0.0;0.2;0.0;83%;1.9;0;0.4;0.9;0.2;1.2;0.1;0.2;0;29.7;0.8;1.6;0.2;0.0;18;0.0;0.5;0.3;0.3;0.1;3.9;0.0;2.6;0.0;0.0;2.0;0.1;0.0;0;0.3;78;0.27;18;0.0;0;1380
Théo Bouchlarhem;M (RL), AM (RLC);27;Unknown;Super League;Switzerland;0.0;0.1;32%;0.0;3%;0;0.0;0.0;0.0;68%;0.7;0;0.0;0.2;0.0;0.8;0.1;0.6;0;20.0;0.1;0.3;0.0;0.1;27;0.0;2.0;0.0;0.0;0.1;0.2;0.2;0.1;0.1;0.0;0.0;0.2;0.0;0;0.0;0;-3.89;33;0.2;0;3103
Melvin Mastil;GK;28;Unknown;Super League;Switzerland;0.0;0.0;0%;0.0;0%;0;0.0;0.0;0.0;62%;0.0;0;0.0;0.0;0.0;0.0;0.0;0.0;0;20.0;0.0;0.0;0.0;0.0;0;0.0;0.0;0.0;0.0;0.0;0.0;0.0;0.0;0.0;0.0;0.0;0.0;0.0;0;0.0;0;0;0;0.0;50;3420
Moussa Cissé;D/WB (L), M (LC);25;Unknown;Super League;Switzerland;1.0;2.5;0%;0.0;0%;0;0.0;0.1;0.1;77%;4.4;0;0.1;1.6;0.8;2.1;0.0;0.0;0;31.0;2.0;3.8;0.1;0.2;36;0.0;0.4;0.1;0.2;0.0;2.8;0.1;0.8;0.1;0.5;0.3;0.2;0.5;0;0.0;38;-1.13;38;0.1;0;1555
Varol Tasar;M (R), AM (RLC), ST (C);31;Unknown;Super League;Switzerland;0.2;0.2;53%;0.0;18%;0;0.0;0.2;0.0;64%;2.3;0;0.1;0.8;0.1;1.0;0.0;1.2;0;22.3;0.3;1.2;0.2;0.4;34;0.1;2.3;0.0;0.0;0.4;1.1;0.3;0.3;0.1;0.4;0.0;0.2;0.4;23;0.0;0;5.6;44;0.3;0;2988
Mamadou Fofana;DM, M/AM (C);27;Unknown;Super League;Switzerland;0.0;0.0;38%;0.0;1%;0;0.0;0.0;0.0;66%;0.0;0;0.0;0.0;0.0;0.9;0.0;0.8;0;20.0;0.0;0.0;0.0;0.0;36;0.0;2.1;0.0;0.0;0.0;0.0;0.2;0.0;0.1;0.0;0.0;0.3;0.0;0;0.0;0;-5.68;40;0.2;0;3420
Yanis Cimignani;M (RL), AM (RLC);26;Unknown;Super League;Switzerland;1.4;2.5;30%;0.0;3%;0;0.0;0.8;0.1;82%;9.6;0;0.4;5.0;1.0;1.1;0.2;0.5;0;29.3;2.3;6.7;0.8;1.8;44;0.4;1.8;0.0;0.0;0.1;6.4;0.2;1.9;0.2;1.3;0.3;0.2;1.9;24;0.0;18;-4.87;57;0.2;0;3453
Yassin Sbai;D/WB (L), M (RL), AM (R);24;€6K - €55K;Super League;Switzerland;0.0;0.0;39%;0.0;0%;0;0.0;0.0;0.0;70%;0.0;0;0.0;0.0;0.0;1.6;0.0;0.6;0;20.0;0.0;0.0;0.0;0.0;32;0.0;1.6;0.0;0.0;0.0;0.0;0.1;0.0;0.1;0.0;0.0;0.1;0.0;0;0.0;0;-2.89;34;0.1;0;1800
Michaël Frey;ST (C);33;€0 - €30K;Super League;Switzerland;0.1;0.4;52%;0.0;8%;0;0.0;0.2;0.1;64%;3.3;0;0.0;0.3;0.1;1.0;0.1;1.8;0;22.9;0.1;0.8;0.2;0.1;34;0.0;3.4;0.0;0.0;0.3;1.5;0.3;1.5;0.1;0.1;0.4;0.1;0.1;33;0.0;29;-1.78;54;0.3;0;2971
Marley Aké;AM (RL);27;Unknown;Super League;Switzerland;0.1;0.2;48%;0.0;5%;0;0.0;0.3;0.0;74%;2.1;0;0.0;0.8;0.3;1.2;0.0;0.8;0;22.7;0.4;1.4;0.3;0.3;43;0.0;1.7;0.0;0.0;0.1;1.2;0.2;0.4;0.0;0.1;0.2;0.2;0.1;0;0.1;46;-3.26;62;0.2;0;3231
Angelo Eisenring;D (C);17;Unknown;Super League;Switzerland;2.8;11.1;17%;0.1;0%;0;0.0;0.1;0.0;80%;5.5;0;1.0;2.7;0.9;0.2;0.1;0.1;0;46.7;2.2;2.5;0.1;0.0;4;0.0;0.3;0.3;0.6;0.0;10.0;0.0;5.8;0.0;0.0;3.8;0.0;0.0;0;1.1;66;-0.57;6;0.0;0;1620
